State_Name,Assembly_No,Constituency_No,Year,month,DelimID,Poll_No,Position,Candidate,Sex,Party,Votes,Age,Candidate_Type,Valid_Votes,Electors,Constituency_Name,Constituency_Type,District_Name,Sub_Region,N_Cand,Turnout_Percentage,Vote_Share_Percentage,Deposit_Lost,Margin,Margin_Percentage,ENOP,pid,Party_Type_TCPD,Party_ID,last_poll,Contested,Last_Party,Last_Party_ID,Last_Constituency_Name,Same_Constituency,Same_Party,No_Terms,Turncoat,Incumbent,Recontest,MyNeta_education,TCPD_Prof_Main,TCPD_Prof_Main_Desc,TCPD_Prof_Second,TCPD_Prof_Second_Desc,Election_Type
Tamil_Nadu,13,1,2026,5,4,0,1,S.VIJAYAKUMAR,,Tamilaga Vettri Kazhagam,94320,0,,232522,254129,GUMMIDIPOONDI,GEN,THIRUVALLUR,,16,91.5,40.56,no,27945,12.02,3.14,,,0,TRUE,1,,0,,,,0,FALSE,FALSE,FALSE,,,,,,State Assembly Election (AE)
Tamil_Nadu,13,1,2026,5,4,0,2,SUDHAKAR.V,,All India Anna Dravida Munnetra Kazhagam,66375,0,,232522,254129,GUMMIDIPOONDI,GEN,THIRUVALLUR,,16,91.5,28.55,no,3883,1.67,3.14,,,0,TRUE,1,,0,,,,0,FALSE,FALSE,FALSE,,,,,,State Assembly Election (AE)
Tamil_Nadu,13,1,2026,5,4,0,3,T.J.GOVINDARAJAN,,Dravida Munnetra Kazhagam,62492,0,,232522,254129,GUMMIDIPOONDI,GEN,THIRUVALLUR,,16,91.5,26.88,no,57736,24.83,3.14,,,0,TRUE,1,,0,,,,0,FALSE,FALSE,FALSE,,,,,,State Assembly Election (AE)
Tamil_Nadu,13,1,2026,5,4,0,4,"R.SRIDAR. B.L.,",,Naam Tamilar Katchi,4756,0,,232522,254129,GUMMIDIPOONDI,GEN,THIRUVALLUR,,16,91.5,2.05,yes,3819,1.64,3.14,,,0,TRUE,1,,0,,,,0,FALSE,FALSE,FALSE,,,,,,State Assembly Election (AE)
Tamil_Nadu,13,1,2026,5,4,0,5,None Of The Above,,None of the Above,937,0,,232522,254129,GUMMIDIPOONDI,GEN,THIRUVALLUR,,16,91.5,0.4,yes,240,0.1,3.14,,,0,TRUE,1,,0,,,,0,FALSE,FALSE,FALSE,,,,,,State Assembly Election (AE)
Tamil_Nadu,13,1,2026,5,4,0,6,M.JAGADEESAN,,Bahujan Samaj Party,697,0,,232522,254129,GUMMIDIPOONDI,GEN,THIRUVALLUR,,16,91.5,0.3,yes,98,0.04,3.14,,,0,TRUE,1,,0,,,,0,FALSE,FALSE,FALSE,,,,,,State Assembly Election (AE)
Tamil_Nadu,13,1,2026,5,4,0,7,SDK SANKAR,,Aanaithinthiya Jananayaka Pathukappu Kazhagam,599,0,,232522,254129,GUMMIDIPOONDI,GEN,THIRUVALLUR,,16,91.5,0.26,yes,96,0.04,3.14,,,0,TRUE,1,,0,,,,0,FALSE,FALSE,FALSE,,,,,,State Assembly Election (AE)
Tamil_Nadu,13,1,2026,5,4,0,8,G.RANJITH B.SC.L.L.B,,Independent,503,0,,232522,254129,GUMMIDIPOONDI,GEN,THIRUVALLUR,,16,91.5,0.22,yes,167,0.07,3.14,,,0,TRUE,1,,0,,,,0,FALSE,FALSE,FALSE,,,,,,State Assembly Election (AE)
Tamil_Nadu,13,1,2026,5,4,0,9,K. CHANDRA SEKAR,,Veerath Thiyagi Viswanathadoss Thozhilalarkal Katchi,336,0,,232522,254129,GUMMIDIPOONDI,GEN,THIRUVALLUR,,16,91.5,0.14,yes,15,0.01,3.14,,,0,TRUE,1,,0,,,,0,FALSE,FALSE,FALSE,,,,,,State Assembly Election (AE)
Tamil_Nadu,13,1,2026,5,4,0,10,D.SUDHAKAR,,Independent,321,0,,232522,254129,GUMMIDIPOONDI,GEN,THIRUVALLUR,,16,91.5,0.14,yes,61,0.03,3.14,,,0,TRUE,1,,0,,,,0,FALSE,FALSE,FALSE,,,,,,State Assembly Election (AE)
Tamil_Nadu,13,1,2026,5,4,0,11,M.KUMARAN,,Independent,260,0,,232522,254129,GUMMIDIPOONDI,GEN,THIRUVALLUR,,16,91.5,0.11,yes,38,0.02,3.14,,,0,TRUE,1,,0,,,,0,FALSE,FALSE,FALSE,,,,,,State Assembly Election (AE)
Tamil_Nadu,13,1,2026,5,4,0,12,D.DINESH,,Independent,222,0,,232522,254129,GUMMIDIPOONDI,GEN,THIRUVALLUR,,16,91.5,0.1,yes,5,0.0,3.14,,,0,TRUE,1,,0,,,,0,FALSE,FALSE,FALSE,,,,,,State Assembly Election (AE)
Tamil_Nadu,13,1,2026,5,4,0,13,V.SUDHAKAR,,Independent,217,0,,232522,254129,GUMMIDIPOONDI,GEN,THIRUVALLUR,,16,91.5,0.09,yes,11,0.0,3.14,,,0,TRUE,1,,0,,,,0,FALSE,FALSE,FALSE,,,,,,State Assembly Election (AE)
Tamil_Nadu,13,1,2026,5,4,0,14,T.GOVINDAN,,Independent,206,0,,232522,254129,GUMMIDIPOONDI,GEN,THIRUVALLUR,,16,91.5,0.09,yes,29,0.01,3.14,,,0,TRUE,1,,0,,,,0,FALSE,FALSE,FALSE,,,,,,State Assembly Election (AE)
Tamil_Nadu,13,1,2026,5,4,0,15,GOPAL.K,,Independent,177,0,,232522,254129,GUMMIDIPOONDI,GEN,THIRUVALLUR,,16,91.5,0.08,yes,73,0.03,3.14,,,0,TRUE,1,,0,,,,0,FALSE,FALSE,FALSE,,,,,,State Assembly Election (AE)
Tamil_Nadu,13,1,2026,5,4,0,16,A.H. SIVA GANESH,,Independent,104,0,,232522,254129,GUMMIDIPOONDI,GEN,THIRUVALLUR,,16,91.5,0.04,yes,104,0.04,3.14,,,0,TRUE,1,,0,,,,0,FALSE,FALSE,FALSE,,,,,,State Assembly Election (AE)
Tamil_Nadu,13,2,2026,5,4,0,1,DR.RAVI.M.S,,Tamilaga Vettri Kazhagam,110439,0,,226819,251397,PONNERI,SC,THIRUVALLUR,,14,90.22,48.69,no,55768,24.59,2.88,,,0,TRUE,1,,0,,,,0,FALSE,FALSE,FALSE,,,,,,State Assembly Election (AE)
Tamil_Nadu,13,2,2026,5,4,0,2,DURAI CHANDRASEKAR,,Indian National Congress,54671,0,,226819,251397,PONNERI,SC,THIRUVALLUR,,14,90.22,24.1,no,3203,1.41,2.88,,,0,TRUE,1,,0,,,,0,FALSE,FALSE,FALSE,,,,,,State Assembly Election (AE)
Tamil_Nadu,13,2,2026,5,4,0,3,BALARAMAN.P,,All India Anna Dravida Munnetra Kazhagam,51468,0,,226819,251397,PONNERI,SC,THIRUVALLUR,,14,90.22,22.69,no,44792,19.75,2.88,,,0,TRUE,1,,0,,,,0,FALSE,FALSE,FALSE,,,,,,State Assembly Election (AE)
Tamil_Nadu,13,2,2026,5,4,0,4,RAJATHI.M,,Naam Tamilar Katchi,6676,0,,226819,251397,PONNERI,SC,THIRUVALLUR,,14,90.22,2.94,yes,5811,2.56,2.88,,,0,TRUE,1,,0,,,,0,FALSE,FALSE,FALSE,,,,,,State Assembly Election (AE)
Tamil_Nadu,13,2,2026,5,4,0,5,None Of The Above,,None of the Above,865,0,,226819,251397,PONNERI,SC,THIRUVALLUR,,14,90.22,0.38,yes,250,0.11,2.88,,,0,TRUE,1,,0,,,,0,FALSE,FALSE,FALSE,,,,,,State Assembly Election (AE)
Tamil_Nadu,13,2,2026,5,4,0,6,SANTHOSHKUMAR.J,,Bahujan Samaj Party,615,0,,226819,251397,PONNERI,SC,THIRUVALLUR,,14,90.22,0.27,yes,244,0.11,2.88,,,0,TRUE,1,,0,,,,0,FALSE,FALSE,FALSE,,,,,,State Assembly Election (AE)
Tamil_Nadu,13,2,2026,5,4,0,7,MALATHI.S,,Tamizhaga Murpokku Makkal Katchi,371,0,,226819,251397,PONNERI,SC,THIRUVALLUR,,14,90.22,0.16,yes,5,0.0,2.88,,,0,TRUE,1,,0,,,,0,FALSE,FALSE,FALSE,,,,,,State Assembly Election (AE)
Tamil_Nadu,13,2,2026,5,4,0,8,ASHOK PRIYADARSHAN,,Desiya Makkal Sakthi Katchi,366,0,,226819,251397,PONNERI,SC,THIRUVALLUR,,14,90.22,0.16,yes,67,0.03,2.88,,,0,TRUE,1,,0,,,,0,FALSE,FALSE,FALSE,,,,,,State Assembly Election (AE)
Tamil_Nadu,13,2,2026,5,4,0,9,RAJA.S,,Vanchit Bahujan Aaghadi,299,0,,226819,251397,PONNERI,SC,THIRUVALLUR,,14,90.22,0.13,yes,10,0.0,2.88,,,0,TRUE,1,,0,,,,0,FALSE,FALSE,FALSE,,,,,,State Assembly Election (AE)
Tamil_Nadu,13,2,2026,5,4,0,10,RAJASEKAR.J,,Independent,289,0,,226819,251397,PONNERI,SC,THIRUVALLUR,,14,90.22,0.13,yes,57,0.03,2.88,,,0,TRUE,1,,0,,,,0,FALSE,FALSE,FALSE,,,,,,State Assembly Election (AE)
Tamil_Nadu,13,2,2026,5,4,0,11,NAGAIYAN.G,,Independent,232,0,,226819,251397,PONNERI,SC,THIRUVALLUR,,14,90.22,0.1,yes,29,0.01,2.88,,,0,TRUE,1,,0,,,,0,FALSE,FALSE,FALSE,,,,,,State Assembly Election (AE)
Tamil_Nadu,13,2,2026,5,4,0,12,VENKATESAN.S,,Independent,203,0,,226819,251397,PONNERI,SC,THIRUVALLUR,,14,90.22,0.09,yes,37,0.02,2.88,,,0,TRUE,1,,0,,,,0,FALSE,FALSE,FALSE,,,,,,State Assembly Election (AE)
Tamil_Nadu,13,2,2026,5,4,0,13,KOTTEESWARAN. K,,Tamizhaga Vaazhvurimai Katchi,166,0,,226819,251397,PONNERI,SC,THIRUVALLUR,,14,90.22,0.07,yes,7,0.0,2.88,,,0,TRUE,1,,0,,,,0,FALSE,FALSE,FALSE,,,,,,State Assembly Election (AE)
Tamil_Nadu,13,2,2026,5,4,0,14,BARATHIRAJA.K,,Independent,159,0,,226819,251397,PONNERI,SC,THIRUVALLUR,,14,90.22,0.07,yes,159,0.07,2.88,,,0,TRUE,1,,0,,,,0,FALSE,FALSE,FALSE,,,,,,State Assembly Election (AE)
Tamil_Nadu,13,3,2026,5,4,0,1,G.HARI,,All India Anna Dravida Munnetra Kazhagam,89169,0,,238798,261857,TIRUTTANI,GEN,THIRUVALLUR,,14,91.19,37.34,no,5793,2.43,3.17,,,0,TRUE,1,,0,,,,0,FALSE,FALSE,FALSE,,,,,,State Assembly Election (AE)
Tamil_Nadu,13,3,2026,5,4,0,2,M.SATHYA KUMAR,,Tamilaga Vettri Kazhagam,83376,0,,238798,261857,TIRUTTANI,GEN,THIRUVALLUR,,14,91.19,34.91,no,28513,11.94,3.17,,,0,TRUE,1,,0,,,,0,FALSE,FALSE,FALSE,,,,,,State Assembly Election (AE)
Tamil_Nadu,13,3,2026,5,4,0,3,D.KRISHNAMURTHY,,Desiya Murpokku Dravida Kazhagam,54863,0,,238798,261857,TIRUTTANI,GEN,THIRUVALLUR,,14,91.19,22.97,no,48159,20.17,3.17,,,0,TRUE,1,,0,,,,0,FALSE,FALSE,FALSE,,,,,,State Assembly Election (AE)
Tamil_Nadu,13,3,2026,5,4,0,4,CHANDRAN .S.S,,Naam Tamilar Katchi,6704,0,,238798,261857,TIRUTTANI,GEN,THIRUVALLUR,,14,91.19,2.81,yes,5494,2.3,3.17,,,0,TRUE,1,,0,,,,0,FALSE,FALSE,FALSE,,,,,,State Assembly Election (AE)
Tamil_Nadu,13,3,2026,5,4,0,5,None Of The Above,,None of the Above,1210,0,,238798,261857,TIRUTTANI,GEN,THIRUVALLUR,,14,91.19,0.51,yes,264,0.11,3.17,,,0,TRUE,1,,0,,,,0,FALSE,FALSE,FALSE,,,,,,State Assembly Election (AE)
Tamil_Nadu,13,3,2026,5,4,0,6,KRISHNAMOORTHY.M,,Independent,946,0,,238798,261857,TIRUTTANI,GEN,THIRUVALLUR,,14,91.19,0.4,yes,318,0.13,3.17,,,0,TRUE,1,,0,,,,0,FALSE,FALSE,FALSE,,,,,,State Assembly Election (AE)
Tamil_Nadu,13,3,2026,5,4,0,7,JAMBU.B,,Independent,628,0,,238798,261857,TIRUTTANI,GEN,THIRUVALLUR,,14,91.19,0.26,yes,158,0.07,3.17,,,0,TRUE,1,,0,,,,0,FALSE,FALSE,FALSE,,,,,,State Assembly Election (AE)
Tamil_Nadu,13,3,2026,5,4,0,8,MUTHURAJ.G,,Bahujan Samaj Party,470,0,,238798,261857,TIRUTTANI,GEN,THIRUVALLUR,,14,91.19,0.2,yes,3,0.0,3.17,,,0,TRUE,1,,0,,,,0,FALSE,FALSE,FALSE,,,,,,State Assembly Election (AE)
Tamil_Nadu,13,3,2026,5,4,0,9,KRISHNAMOORTHY.D,,Independent,467,0,,238798,261857,TIRUTTANI,GEN,THIRUVALLUR,,14,91.19,0.2,yes,195,0.08,3.17,,,0,TRUE,1,,0,,,,0,FALSE,FALSE,FALSE,,,,,,State Assembly Election (AE)
Tamil_Nadu,13,3,2026,5,4,0,10,BALAJI.A,,Thakkam Katchi,272,0,,238798,261857,TIRUTTANI,GEN,THIRUVALLUR,,14,91.19,0.11,yes,62,0.03,3.17,,,0,TRUE,1,,0,,,,0,FALSE,FALSE,FALSE,,,,,,State Assembly Election (AE)
Tamil_Nadu,13,3,2026,5,4,0,11,KRISHNAMOORTHY.K,,Independent,210,0,,238798,261857,TIRUTTANI,GEN,THIRUVALLUR,,14,91.19,0.09,yes,12,0.01,3.17,,,0,TRUE,1,,0,,,,0,FALSE,FALSE,FALSE,,,,,,State Assembly Election (AE)
Tamil_Nadu,13,3,2026,5,4,0,12,DR.A.V.NARENDRAN,,Independent,198,0,,238798,261857,TIRUTTANI,GEN,THIRUVALLUR,,14,91.19,0.08,yes,45,0.02,3.17,,,0,TRUE,1,,0,,,,0,FALSE,FALSE,FALSE,,,,,,State Assembly Election (AE)
Tamil_Nadu,13,3,2026,5,4,0,13,SHETTU.S,,Independent,153,0,,238798,261857,TIRUTTANI,GEN,THIRUVALLUR,,14,91.19,0.06,yes,21,0.01,3.17,,,0,TRUE,1,,0,,,,0,FALSE,FALSE,FALSE,,,,,,State Assembly Election (AE)
Tamil_Nadu,13,3,2026,5,4,0,14,PAVENDHAN.Y.R,,Tamizhaga Vaazhvurimai Katchi,132,0,,238798,261857,TIRUTTANI,GEN,THIRUVALLUR,,14,91.19,0.06,yes,132,0.06,3.17,,,0,TRUE,1,,0,,,,0,FALSE,FALSE,FALSE,,,,,,State Assembly Election (AE)
Tamil_Nadu,13,4,2026,5,4,0,1,DR. T. ARUNKUMAR,,Tamilaga Vettri Kazhagam,92190,0,,226428,251018,THIRUVALLUR,GEN,THIRUVALLUR,,15,90.2,40.71,no,24760,10.94,3.15,,,0,TRUE,1,,0,,,,0,FALSE,FALSE,FALSE,,,,,,State Assembly Election (AE)
Tamil_Nadu,13,4,2026,5,4,0,2,V.G. RAAJENDRAN,,Dravida Munnetra Kazhagam,67430,0,,226428,251018,THIRUVALLUR,GEN,THIRUVALLUR,,15,90.2,29.78,no,10868,4.8,3.15,,,0,TRUE,1,,0,,,,0,FALSE,FALSE,FALSE,,,,,,State Assembly Election (AE)
Tamil_Nadu,13,4,2026,5,4,0,3,BE  VEE RAMANAH,,All India Anna Dravida Munnetra Kazhagam,56562,0,,226428,251018,THIRUVALLUR,GEN,THIRUVALLUR,,15,90.2,24.98,no,51049,22.55,3.15,,,0,TRUE,1,,0,,,,0,FALSE,FALSE,FALSE,,,,,,State Assembly Election (AE)
Tamil_Nadu,13,4,2026,5,4,0,4,K. SENTHILKUMAR,,Naam Tamilar Katchi,5513,0,,226428,251018,THIRUVALLUR,GEN,THIRUVALLUR,,15,90.2,2.43,yes,4381,1.93,3.15,,,0,TRUE,1,,0,,,,0,FALSE,FALSE,FALSE,,,,,,State Assembly Election (AE)
Tamil_Nadu,13,4,2026,5,4,0,5,None Of The Above,,None of the Above,1132,0,,226428,251018,THIRUVALLUR,GEN,THIRUVALLUR,,15,90.2,0.5,yes,264,0.12,3.15,,,0,TRUE,1,,0,,,,0,FALSE,FALSE,FALSE,,,,,,State Assembly Election (AE)
Tamil_Nadu,13,4,2026,5,4,0,6,S. RAJENDRAN,,Independent,868,0,,226428,251018,THIRUVALLUR,GEN,THIRUVALLUR,,15,90.2,0.38,yes,194,0.09,3.15,,,0,TRUE,1,,0,,,,0,FALSE,FALSE,FALSE,,,,,,State Assembly Election (AE)
Tamil_Nadu,13,4,2026,5,4,0,7,B. RAJESH KUMAR,,Bahujan Samaj Party,674,0,,226428,251018,THIRUVALLUR,GEN,THIRUVALLUR,,15,90.2,0.3,yes,21,0.01,3.15,,,0,TRUE,1,,0,,,,0,FALSE,FALSE,FALSE,,,,,,State Assembly Election (AE)
Tamil_Nadu,13,4,2026,5,4,0,8,E. MANI,,Republican Party of India (Athawale),653,0,,226428,251018,THIRUVALLUR,GEN,THIRUVALLUR,,15,90.2,0.29,yes,299,0.13,3.15,,,0,TRUE,1,,0,,,,0,FALSE,FALSE,FALSE,,,,,,State Assembly Election (AE)
Tamil_Nadu,13,4,2026,5,4,0,9,N. VENKATESAN,,Aanaithinthiya Jananayaka Pathukappu Kazhagam,354,0,,226428,251018,THIRUVALLUR,GEN,THIRUVALLUR,,15,90.2,0.16,yes,127,0.06,3.15,,,0,TRUE,1,,0,,,,0,FALSE,FALSE,FALSE,,,,,,State Assembly Election (AE)
Tamil_Nadu,13,4,2026,5,4,0,10,G. RAJENDIRAN,,Independent,227,0,,226428,251018,THIRUVALLUR,GEN,THIRUVALLUR,,15,90.2,0.1,yes,24,0.01,3.15,,,0,TRUE,1,,0,,,,0,FALSE,FALSE,FALSE,,,,,,State Assembly Election (AE)
Tamil_Nadu,13,4,2026,5,4,0,11,E.KOTHANDAN,,Independent,203,0,,226428,251018,THIRUVALLUR,GEN,THIRUVALLUR,,15,90.2,0.09,yes,17,0.01,3.15,,,0,TRUE,1,,0,,,,0,FALSE,FALSE,FALSE,,,,,,State Assembly Election (AE)
Tamil_Nadu,13,4,2026,5,4,0,12,N. BALAKRISHNAN,,Independent,186,0,,226428,251018,THIRUVALLUR,GEN,THIRUVALLUR,,15,90.2,0.08,yes,2,0.0,3.15,,,0,TRUE,1,,0,,,,0,FALSE,FALSE,FALSE,,,,,,State Assembly Election (AE)
Tamil_Nadu,13,4,2026,5,4,0,13,N. NAGENDRABABU,,Independent,184,0,,226428,251018,THIRUVALLUR,GEN,THIRUVALLUR,,15,90.2,0.08,yes,50,0.02,3.15,,,0,TRUE,1,,0,,,,0,FALSE,FALSE,FALSE,,,,,,State Assembly Election (AE)
Tamil_Nadu,13,4,2026,5,4,0,14,E. RAJARATHINAM,,Tamizhaga Vaazhvurimai Katchi,134,0,,226428,251018,THIRUVALLUR,GEN,THIRUVALLUR,,15,90.2,0.06,yes,16,0.01,3.15,,,0,TRUE,1,,0,,,,0,FALSE,FALSE,FALSE,,,,,,State Assembly Election (AE)
Tamil_Nadu,13,4,2026,5,4,0,15,R. RAMANAN,,Independent,118,0,,226428,251018,THIRUVALLUR,GEN,THIRUVALLUR,,15,90.2,0.05,yes,118,0.05,3.15,,,0,TRUE,1,,0,,,,0,FALSE,FALSE,FALSE,,,,,,State Assembly Election (AE)
Tamil_Nadu,13,5,2026,5,4,0,1,PRAKASAM.R,,Tamilaga Vettri Kazhagam,161309,0,,308894,368634,POONAMALLEE,SC,THIRUVALLUR,,12,83.79,52.22,no,72740,23.55,2.66,,,0,TRUE,1,,0,,,,0,FALSE,FALSE,FALSE,,,,,,State Assembly Election (AE)
Tamil_Nadu,13,5,2026,5,4,0,2,KRISHNASWAMY.A,,Dravida Munnetra Kazhagam,88569,0,,308894,368634,POONAMALLEE,SC,THIRUVALLUR,,12,83.79,28.67,no,45289,14.66,2.66,,,0,TRUE,1,,0,,,,0,FALSE,FALSE,FALSE,,,,,,State Assembly Election (AE)
Tamil_Nadu,13,5,2026,5,4,0,3,ELUMALAI.T.A,,Amma Makkal Munnettra Kazagam,43280,0,,308894,368634,POONAMALLEE,SC,THIRUVALLUR,,12,83.79,14.01,yes,31583,10.22,2.66,,,0,TRUE,1,,0,,,,0,FALSE,FALSE,FALSE,,,,,,State Assembly Election (AE)
Tamil_Nadu,13,5,2026,5,4,0,4,MEKALA.J,,Naam Tamilar Katchi,11697,0,,308894,368634,POONAMALLEE,SC,THIRUVALLUR,,12,83.79,3.79,yes,10126,3.28,2.66,,,0,TRUE,1,,0,,,,0,FALSE,FALSE,FALSE,,,,,,State Assembly Election (AE)
Tamil_Nadu,13,5,2026,5,4,0,5,None Of The Above,,None of the Above,1571,0,,308894,368634,POONAMALLEE,SC,THIRUVALLUR,,12,83.79,0.51,yes,711,0.23,2.66,,,0,TRUE,1,,0,,,,0,FALSE,FALSE,FALSE,,,,,,State Assembly Election (AE)
Tamil_Nadu,13,5,2026,5,4,0,6,RAJASEKARAN.K,,Bahujan Samaj Party,860,0,,308894,368634,POONAMALLEE,SC,THIRUVALLUR,,12,83.79,0.28,yes,505,0.16,2.66,,,0,TRUE,1,,0,,,,0,FALSE,FALSE,FALSE,,,,,,State Assembly Election (AE)
Tamil_Nadu,13,5,2026,5,4,0,7,RAVIKUMAR.M,,Independent,355,0,,308894,368634,POONAMALLEE,SC,THIRUVALLUR,,12,83.79,0.11,yes,51,0.02,2.66,,,0,TRUE,1,,0,,,,0,FALSE,FALSE,FALSE,,,,,,State Assembly Election (AE)
Tamil_Nadu,13,5,2026,5,4,0,8,DR.JAYANTHI.R,,Independent,304,0,,308894,368634,POONAMALLEE,SC,THIRUVALLUR,,12,83.79,0.1,yes,7,0.0,2.66,,,0,TRUE,1,,0,,,,0,FALSE,FALSE,FALSE,,,,,,State Assembly Election (AE)
Tamil_Nadu,13,5,2026,5,4,0,9,SIVAKUMAR.S,,Independent,297,0,,308894,368634,POONAMALLEE,SC,THIRUVALLUR,,12,83.79,0.1,yes,33,0.01,2.66,,,0,TRUE,1,,0,,,,0,FALSE,FALSE,FALSE,,,,,,State Assembly Election (AE)
Tamil_Nadu,13,5,2026,5,4,0,10,VELU.S,,Independent,264,0,,308894,368634,POONAMALLEE,SC,THIRUVALLUR,,12,83.79,0.09,yes,9,0.0,2.66,,,0,TRUE,1,,0,,,,0,FALSE,FALSE,FALSE,,,,,,State Assembly Election (AE)
Tamil_Nadu,13,5,2026,5,4,0,11,PURUSHOTHAMAN.B,,Independent,255,0,,308894,368634,POONAMALLEE,SC,THIRUVALLUR,,12,83.79,0.08,yes,122,0.04,2.66,,,0,TRUE,1,,0,,,,0,FALSE,FALSE,FALSE,,,,,,State Assembly Election (AE)
Tamil_Nadu,13,5,2026,5,4,0,12,DHASARATHAN.R,,Independent,133,0,,308894,368634,POONAMALLEE,SC,THIRUVALLUR,,12,83.79,0.04,yes,133,0.04,2.66,,,0,TRUE,1,,0,,,,0,FALSE,FALSE,FALSE,,,,,,State Assembly Election (AE)
Tamil_Nadu,13,6,2026,5,4,0,1,R.RAMESH KUMAR,,Tamilaga Vettri Kazhagam,180384,0,,346005,436177,AVADI,GEN,THIRUVALLUR,,21,79.33,52.13,no,76311,22.05,2.65,,,0,TRUE,1,,0,,,,0,FALSE,FALSE,FALSE,,,,,,State Assembly Election (AE)
Tamil_Nadu,13,6,2026,5,4,0,2,S.M.NASAR,,Dravida Munnetra Kazhagam,104073,0,,346005,436177,AVADI,GEN,THIRUVALLUR,,21,79.33,30.08,no,64468,18.63,2.65,,,0,TRUE,1,,0,,,,0,FALSE,FALSE,FALSE,,,,,,State Assembly Election (AE)
Tamil_Nadu,13,6,2026,5,4,0,3,RAJASIMHA MAHENDRA,,Bharatiya Janata Party,39605,0,,346005,436177,AVADI,GEN,THIRUVALLUR,,21,79.33,11.45,yes,23270,6.73,2.65,,,0,TRUE,1,,0,,,,0,FALSE,FALSE,FALSE,,,,,,State Assembly Election (AE)
Tamil_Nadu,13,6,2026,5,4,0,4,PUNITHA SHANMUGAM,,Naam Tamilar Katchi,16335,0,,346005,436177,AVADI,GEN,THIRUVALLUR,,21,79.33,4.72,yes,14802,4.28,2.65,,,0,TRUE,1,,0,,,,0,FALSE,FALSE,FALSE,,,,,,State Assembly Election (AE)
Tamil_Nadu,13,6,2026,5,4,0,5,None Of The Above,,None of the Above,1533,0,,346005,436177,AVADI,GEN,THIRUVALLUR,,21,79.33,0.44,yes,772,0.22,2.65,,,0,TRUE,1,,0,,,,0,FALSE,FALSE,FALSE,,,,,,State Assembly Election (AE)
Tamil_Nadu,13,6,2026,5,4,0,6,S. CHARLES,,Bahujan Samaj Party,761,0,,346005,436177,AVADI,GEN,THIRUVALLUR,,21,79.33,0.22,yes,134,0.04,2.65,,,0,TRUE,1,,0,,,,0,FALSE,FALSE,FALSE,,,,,,State Assembly Election (AE)
Tamil_Nadu,13,6,2026,5,4,0,7,R. BAKTHAVATCHALAM,,All India Puratchi Thalaivar Makkal Munnettra Kazhagam,627,0,,346005,436177,AVADI,GEN,THIRUVALLUR,,21,79.33,0.18,yes,149,0.04,2.65,,,0,TRUE,1,,0,,,,0,FALSE,FALSE,FALSE,,,,,,State Assembly Election (AE)
Tamil_Nadu,13,6,2026,5,4,0,8,R.Edmund Jayendren,,Tamizhaga Vaazhvurimai Katchi,478,0,,346005,436177,AVADI,GEN,THIRUVALLUR,,21,79.33,0.14,yes,170,0.05,2.65,,,0,TRUE,1,,0,,,,0,FALSE,FALSE,FALSE,,,,,,State Assembly Election (AE)
Tamil_Nadu,13,6,2026,5,4,0,9,R. KUMAR,,Independent,308,0,,346005,436177,AVADI,GEN,THIRUVALLUR,,21,79.33,0.09,yes,53,0.02,2.65,,,0,TRUE,1,,0,,,,0,FALSE,FALSE,FALSE,,,,,,State Assembly Election (AE)
Tamil_Nadu,13,6,2026,5,4,0,10,P. CHELLAPANDIAN,,Independent,255,0,,346005,436177,AVADI,GEN,THIRUVALLUR,,21,79.33,0.07,yes,31,0.01,2.65,,,0,TRUE,1,,0,,,,0,FALSE,FALSE,FALSE,,,,,,State Assembly Election (AE)
Tamil_Nadu,13,6,2026,5,4,0,11,C.S. Karnan,,Anti Corruption Dynamic Party,224,0,,346005,436177,AVADI,GEN,THIRUVALLUR,,21,79.33,0.06,yes,19,0.01,2.65,,,0,TRUE,1,,0,,,,0,FALSE,FALSE,FALSE,,,,,,State Assembly Election (AE)
Tamil_Nadu,13,6,2026,5,4,0,12,G.D. ARUNKUMAR,,Independent,205,0,,346005,436177,AVADI,GEN,THIRUVALLUR,,21,79.33,0.06,yes,10,0.0,2.65,,,0,TRUE,1,,0,,,,0,FALSE,FALSE,FALSE,,,,,,State Assembly Election (AE)
Tamil_Nadu,13,6,2026,5,4,0,13,R. MANIKANDAN,,Independent,195,0,,346005,436177,AVADI,GEN,THIRUVALLUR,,21,79.33,0.06,yes,18,0.01,2.65,,,0,TRUE,1,,0,,,,0,FALSE,FALSE,FALSE,,,,,,State Assembly Election (AE)
Tamil_Nadu,13,6,2026,5,4,0,14,P.JAYAKUMAR,,Samaniya Makkal Nala Katchi,177,0,,346005,436177,AVADI,GEN,THIRUVALLUR,,21,79.33,0.05,yes,10,0.0,2.65,,,0,TRUE,1,,0,,,,0,FALSE,FALSE,FALSE,,,,,,State Assembly Election (AE)
Tamil_Nadu,13,6,2026,5,4,0,15,S. SENTHILKUMAR,,Independent,167,0,,346005,436177,AVADI,GEN,THIRUVALLUR,,21,79.33,0.05,yes,11,0.0,2.65,,,0,TRUE,1,,0,,,,0,FALSE,FALSE,FALSE,,,,,,State Assembly Election (AE)
Tamil_Nadu,13,6,2026,5,4,0,16,SENTHILKUMAR. S,,Anna Puratchi Thalaivar Amma Dravida Munnetra Kazhagam,156,0,,346005,436177,AVADI,GEN,THIRUVALLUR,,21,79.33,0.05,yes,15,0.0,2.65,,,0,TRUE,1,,0,,,,0,FALSE,FALSE,FALSE,,,,,,State Assembly Election (AE)
Tamil_Nadu,13,6,2026,5,4,0,17,K. BALAKRISHNAN,,Independent,141,0,,346005,436177,AVADI,GEN,THIRUVALLUR,,21,79.33,0.04,yes,36,0.01,2.65,,,0,TRUE,1,,0,,,,0,FALSE,FALSE,FALSE,,,,,,State Assembly Election (AE)
Tamil_Nadu,13,6,2026,5,4,0,18,M. ERAJASIMMAN,,Independent,105,0,,346005,436177,AVADI,GEN,THIRUVALLUR,,21,79.33,0.03,yes,0,0.0,2.65,,,0,TRUE,1,,0,,,,0,FALSE,FALSE,FALSE,,,,,,State Assembly Election (AE)
Tamil_Nadu,13,6,2026,5,4,0,19,RAJASEKAR. R,,Independent,105,0,,346005,436177,AVADI,GEN,THIRUVALLUR,,21,79.33,0.03,yes,11,0.0,2.65,,,0,TRUE,1,,0,,,,0,FALSE,FALSE,FALSE,,,,,,State Assembly Election (AE)
Tamil_Nadu,13,6,2026,5,4,0,20,UNIESH RAJ. M,,Independent,94,0,,346005,436177,AVADI,GEN,THIRUVALLUR,,21,79.33,0.03,yes,17,0.0,2.65,,,0,TRUE,1,,0,,,,0,FALSE,FALSE,FALSE,,,,,,State Assembly Election (AE)
Tamil_Nadu,13,6,2026,5,4,0,21,K. ANNAMALAI,,Independent,77,0,,346005,436177,AVADI,GEN,THIRUVALLUR,,21,79.33,0.02,yes,77,0.02,2.65,,,0,TRUE,1,,0,,,,0,FALSE,FALSE,FALSE,,,,,,State Assembly Election (AE)
Tamil_Nadu,13,7,2026,5,4,0,1,RHEVANTH CHARAN,,Tamilaga Vettri Kazhagam,141725,0,,293692,373283,MADHURAVOYAL,GEN,THIRUVALLUR,,22,78.68,48.26,no,61509,20.94,2.91,,,0,TRUE,1,,0,,,,0,FALSE,FALSE,FALSE,,,,,,State Assembly Election (AE)
Tamil_Nadu,13,7,2026,5,4,0,2,GANAPATHY. K,,Dravida Munnetra Kazhagam,80216,0,,293692,373283,MADHURAVOYAL,GEN,THIRUVALLUR,,22,78.68,27.31,no,25511,8.69,2.91,,,0,TRUE,1,,0,,,,0,FALSE,FALSE,FALSE,,,,,,State Assembly Election (AE)
Tamil_Nadu,13,7,2026,5,4,0,3,P. BENJAMIN,,All India Anna Dravida Munnetra Kazhagam,54705,0,,293692,373283,MADHURAVOYAL,GEN,THIRUVALLUR,,22,78.68,18.63,no,41681,14.19,2.91,,,0,TRUE,1,,0,,,,0,FALSE,FALSE,FALSE,,,,,,State Assembly Election (AE)
Tamil_Nadu,13,7,2026,5,4,0,4,REVATHI L,,Naam Tamilar Katchi,13024,0,,293692,373283,MADHURAVOYAL,GEN,THIRUVALLUR,,22,78.68,4.43,yes,11562,3.94,2.91,,,0,TRUE,1,,0,,,,0,FALSE,FALSE,FALSE,,,,,,State Assembly Election (AE)
Tamil_Nadu,13,7,2026,5,4,0,5,None Of The Above,,None of the Above,1462,0,,293692,373283,MADHURAVOYAL,GEN,THIRUVALLUR,,22,78.68,0.5,yes,1140,0.39,2.91,,,0,TRUE,1,,0,,,,0,FALSE,FALSE,FALSE,,,,,,State Assembly Election (AE)
Tamil_Nadu,13,7,2026,5,4,0,6,R. SIVA,,Independent,322,0,,293692,373283,MADHURAVOYAL,GEN,THIRUVALLUR,,22,78.68,0.11,yes,22,0.01,2.91,,,0,TRUE,1,,0,,,,0,FALSE,FALSE,FALSE,,,,,,State Assembly Election (AE)
Tamil_Nadu,13,7,2026,5,4,0,7,MURALI. S,,Naam Indiar Party,300,0,,293692,373283,MADHURAVOYAL,GEN,THIRUVALLUR,,22,78.68,0.1,yes,34,0.01,2.91,,,0,TRUE,1,,0,,,,0,FALSE,FALSE,FALSE,,,,,,State Assembly Election (AE)
Tamil_Nadu,13,7,2026,5,4,0,8,AGNI SELVARAJU. J,,Naadaalum Makkal Katchi,266,0,,293692,373283,MADHURAVOYAL,GEN,THIRUVALLUR,,22,78.68,0.09,yes,33,0.01,2.91,,,0,TRUE,1,,0,,,,0,FALSE,FALSE,FALSE,,,,,,State Assembly Election (AE)
Tamil_Nadu,13,7,2026,5,4,0,9,J. VENKATESAN,,All India Puratchi Thalaivar Makkal Munnettra Kazhagam,233,0,,293692,373283,MADHURAVOYAL,GEN,THIRUVALLUR,,22,78.68,0.08,yes,26,0.01,2.91,,,0,TRUE,1,,0,,,,0,FALSE,FALSE,FALSE,,,,,,State Assembly Election (AE)
Tamil_Nadu,13,7,2026,5,4,0,10,S. BENJAMIN MOSES,,Independent,207,0,,293692,373283,MADHURAVOYAL,GEN,THIRUVALLUR,,22,78.68,0.07,yes,5,0.0,2.91,,,0,TRUE,1,,0,,,,0,FALSE,FALSE,FALSE,,,,,,State Assembly Election (AE)
Tamil_Nadu,13,7,2026,5,4,0,11,PONMUTHU RAMESH,,Independent,202,0,,293692,373283,MADHURAVOYAL,GEN,THIRUVALLUR,,22,78.68,0.07,yes,31,0.01,2.91,,,0,TRUE,1,,0,,,,0,FALSE,FALSE,FALSE,,,,,,State Assembly Election (AE)
Tamil_Nadu,13,7,2026,5,4,0,12,K. VENKATESAN,,Veerath Thiyagi Viswanathadoss Thozhilalarkal Katchi,171,0,,293692,373283,MADHURAVOYAL,GEN,THIRUVALLUR,,22,78.68,0.06,yes,14,0.0,2.91,,,0,TRUE,1,,0,,,,0,FALSE,FALSE,FALSE,,,,,,State Assembly Election (AE)
Tamil_Nadu,13,7,2026,5,4,0,13,N.A. MANI,,Independent,157,0,,293692,373283,MADHURAVOYAL,GEN,THIRUVALLUR,,22,78.68,0.05,yes,38,0.01,2.91,,,0,TRUE,1,,0,,,,0,FALSE,FALSE,FALSE,,,,,,State Assembly Election (AE)
Tamil_Nadu,13,7,2026,5,4,0,14,V. KAMALA KANNAN,,Independent,119,0,,293692,373283,MADHURAVOYAL,GEN,THIRUVALLUR,,22,78.68,0.04,yes,20,0.01,2.91,,,0,TRUE,1,,0,,,,0,FALSE,FALSE,FALSE,,,,,,State Assembly Election (AE)
Tamil_Nadu,13,7,2026,5,4,0,15,K. GANAPATHY,,Independent,99,0,,293692,373283,MADHURAVOYAL,GEN,THIRUVALLUR,,22,78.68,0.03,yes,15,0.01,2.91,,,0,TRUE,1,,0,,,,0,FALSE,FALSE,FALSE,,,,,,State Assembly Election (AE)
Tamil_Nadu,13,7,2026,5,4,0,16,R. YUVARAJ,,Independent,84,0,,293692,373283,MADHURAVOYAL,GEN,THIRUVALLUR,,22,78.68,0.03,yes,1,0.0,2.91,,,0,TRUE,1,,0,,,,0,FALSE,FALSE,FALSE,,,,,,State Assembly Election (AE)
Tamil_Nadu,13,7,2026,5,4,0,17,VIGNESH NANDAGOPAL,,Independent,83,0,,293692,373283,MADHURAVOYAL,GEN,THIRUVALLUR,,22,78.68,0.03,yes,5,0.0,2.91,,,0,TRUE,1,,0,,,,0,FALSE,FALSE,FALSE,,,,,,State Assembly Election (AE)
Tamil_Nadu,13,7,2026,5,4,0,18,SARAVANAN KUMAR,,Independent,78,0,,293692,373283,MADHURAVOYAL,GEN,THIRUVALLUR,,22,78.68,0.03,yes,7,0.0,2.91,,,0,TRUE,1,,0,,,,0,FALSE,FALSE,FALSE,,,,,,State Assembly Election (AE)
Tamil_Nadu,13,7,2026,5,4,0,19,MUTHURAMAN. S,,Anna MGR Dravida Makkal Kalgam,71,0,,293692,373283,MADHURAVOYAL,GEN,THIRUVALLUR,,22,78.68,0.02,yes,4,0.0,2.91,,,0,TRUE,1,,0,,,,0,FALSE,FALSE,FALSE,,,,,,State Assembly Election (AE)
Tamil_Nadu,13,7,2026,5,4,0,20,D. ANANDAN,,Independent,67,0,,293692,373283,MADHURAVOYAL,GEN,THIRUVALLUR,,22,78.68,0.02,yes,0,0.0,2.91,,,0,TRUE,1,,0,,,,0,FALSE,FALSE,FALSE,,,,,,State Assembly Election (AE)
Tamil_Nadu,13,7,2026,5,4,0,21,M. BALASUBRAMANIAN,,Independent,67,0,,293692,373283,MADHURAVOYAL,GEN,THIRUVALLUR,,22,78.68,0.02,yes,33,0.01,2.91,,,0,TRUE,1,,0,,,,0,FALSE,FALSE,FALSE,,,,,,State Assembly Election (AE)
Tamil_Nadu,13,7,2026,5,4,0,22,M. JAMES,,Independent,34,0,,293692,373283,MADHURAVOYAL,GEN,THIRUVALLUR,,22,78.68,0.01,yes,34,0.01,2.91,,,0,TRUE,1,,0,,,,0,FALSE,FALSE,FALSE,,,,,,State Assembly Election (AE)
Tamil_Nadu,13,8,2026,5,4,0,1,BALAMURUGAN.G,,Tamilaga Vettri Kazhagam,133339,0,,259986,337019,AMBATTUR,GEN,THIRUVALLUR,,24,77.14,51.29,no,58781,22.61,2.73,,,0,TRUE,1,,0,,,,0,FALSE,FALSE,FALSE,,,,,,State Assembly Election (AE)
Tamil_Nadu,13,8,2026,5,4,0,2,DR A.P. POORNIMA,,Dravida Munnetra Kazhagam,74558,0,,259986,337019,AMBATTUR,GEN,THIRUVALLUR,,24,77.14,28.68,no,38561,14.83,2.73,,,0,TRUE,1,,0,,,,0,FALSE,FALSE,FALSE,,,,,,State Assembly Election (AE)
Tamil_Nadu,13,8,2026,5,4,0,3,K.N. SEKAR,,Pattali Makkal Katchi,35997,0,,259986,337019,AMBATTUR,GEN,THIRUVALLUR,,24,77.14,13.85,yes,24909,9.58,2.73,,,0,TRUE,1,,0,,,,0,FALSE,FALSE,FALSE,,,,,,State Assembly Election (AE)
Tamil_Nadu,13,8,2026,5,4,0,4,SILAMBARASAN,,Naam Tamilar Katchi,11088,0,,259986,337019,AMBATTUR,GEN,THIRUVALLUR,,24,77.14,4.26,yes,9598,3.69,2.73,,,0,TRUE,1,,0,,,,0,FALSE,FALSE,FALSE,,,,,,State Assembly Election (AE)
Tamil_Nadu,13,8,2026,5,4,0,5,None Of The Above,,None of the Above,1490,0,,259986,337019,AMBATTUR,GEN,THIRUVALLUR,,24,77.14,0.57,yes,902,0.35,2.73,,,0,TRUE,1,,0,,,,0,FALSE,FALSE,FALSE,,,,,,State Assembly Election (AE)
Tamil_Nadu,13,8,2026,5,4,0,6,A.KALYANASUNDARAM,,Nationalist Janshakti Party,588,0,,259986,337019,AMBATTUR,GEN,THIRUVALLUR,,24,77.14,0.23,yes,95,0.04,2.73,,,0,TRUE,1,,0,,,,0,FALSE,FALSE,FALSE,,,,,,State Assembly Election (AE)
Tamil_Nadu,13,8,2026,5,4,0,7,R.BALAMURUGAN,,Independent,493,0,,259986,337019,AMBATTUR,GEN,THIRUVALLUR,,24,77.14,0.19,yes,50,0.02,2.73,,,0,TRUE,1,,0,,,,0,FALSE,FALSE,FALSE,,,,,,State Assembly Election (AE)
Tamil_Nadu,13,8,2026,5,4,0,8,DR. J.SAILAS,,Bahujan Samaj Party,443,0,,259986,337019,AMBATTUR,GEN,THIRUVALLUR,,24,77.14,0.17,yes,135,0.05,2.73,,,0,TRUE,1,,0,,,,0,FALSE,FALSE,FALSE,,,,,,State Assembly Election (AE)
Tamil_Nadu,13,8,2026,5,4,0,9,DR. S.PRAVEEN,,Independent,308,0,,259986,337019,AMBATTUR,GEN,THIRUVALLUR,,24,77.14,0.12,yes,84,0.03,2.73,,,0,TRUE,1,,0,,,,0,FALSE,FALSE,FALSE,,,,,,State Assembly Election (AE)
Tamil_Nadu,13,8,2026,5,4,0,10,V. RAMKUMAR,,India Suyarajya Party,224,0,,259986,337019,AMBATTUR,GEN,THIRUVALLUR,,24,77.14,0.09,yes,45,0.02,2.73,,,0,TRUE,1,,0,,,,0,FALSE,FALSE,FALSE,,,,,,State Assembly Election (AE)
Tamil_Nadu,13,8,2026,5,4,0,11,S. MADHAVAN,,Independent,179,0,,259986,337019,AMBATTUR,GEN,THIRUVALLUR,,24,77.14,0.07,yes,44,0.02,2.73,,,0,TRUE,1,,0,,,,0,FALSE,FALSE,FALSE,,,,,,State Assembly Election (AE)
Tamil_Nadu,13,8,2026,5,4,0,12,M.S. ARUMUGAM,,Independent,135,0,,259986,337019,AMBATTUR,GEN,THIRUVALLUR,,24,77.14,0.05,yes,8,0.0,2.73,,,0,TRUE,1,,0,,,,0,FALSE,FALSE,FALSE,,,,,,State Assembly Election (AE)
Tamil_Nadu,13,8,2026,5,4,0,13,RAJKUMAR,,Tamizhaga Vaazhvurimai Katchi,127,0,,259986,337019,AMBATTUR,GEN,THIRUVALLUR,,24,77.14,0.05,yes,0,0.0,2.73,,,0,TRUE,1,,0,,,,0,FALSE,FALSE,FALSE,,,,,,State Assembly Election (AE)
Tamil_Nadu,13,8,2026,5,4,0,14,K. SEKAR,,Independent,127,0,,259986,337019,AMBATTUR,GEN,THIRUVALLUR,,24,77.14,0.05,yes,1,0.0,2.73,,,0,TRUE,1,,0,,,,0,FALSE,FALSE,FALSE,,,,,,State Assembly Election (AE)
Tamil_Nadu,13,8,2026,5,4,0,15,S. JANARTHANAN,,Independent,126,0,,259986,337019,AMBATTUR,GEN,THIRUVALLUR,,24,77.14,0.05,yes,23,0.01,2.73,,,0,TRUE,1,,0,,,,0,FALSE,FALSE,FALSE,,,,,,State Assembly Election (AE)
Tamil_Nadu,13,8,2026,5,4,0,16,G.P. SEKAR,,Independent,103,0,,259986,337019,AMBATTUR,GEN,THIRUVALLUR,,24,77.14,0.04,yes,0,0.0,2.73,,,0,TRUE,1,,0,,,,0,FALSE,FALSE,FALSE,,,,,,State Assembly Election (AE)
Tamil_Nadu,13,8,2026,5,4,0,17,PALANI,,Independent,103,0,,259986,337019,AMBATTUR,GEN,THIRUVALLUR,,24,77.14,0.04,yes,1,0.0,2.73,,,0,TRUE,1,,0,,,,0,FALSE,FALSE,FALSE,,,,,,State Assembly Election (AE)
Tamil_Nadu,13,8,2026,5,4,0,18,D.K.MESHACK KIRUBAKARAN,,Independent,102,0,,259986,337019,AMBATTUR,GEN,THIRUVALLUR,,24,77.14,0.04,yes,13,0.01,2.73,,,0,TRUE,1,,0,,,,0,FALSE,FALSE,FALSE,,,,,,State Assembly Election (AE)
Tamil_Nadu,13,8,2026,5,4,0,19,JOTHI.M,,Independent,89,0,,259986,337019,AMBATTUR,GEN,THIRUVALLUR,,24,77.14,0.03,yes,6,0.0,2.73,,,0,TRUE,1,,0,,,,0,FALSE,FALSE,FALSE,,,,,,State Assembly Election (AE)
Tamil_Nadu,13,8,2026,5,4,0,20,VINAYAGAMOORTHY.R,,Independent,83,0,,259986,337019,AMBATTUR,GEN,THIRUVALLUR,,24,77.14,0.03,yes,6,0.0,2.73,,,0,TRUE,1,,0,,,,0,FALSE,FALSE,FALSE,,,,,,State Assembly Election (AE)
Tamil_Nadu,13,8,2026,5,4,0,21,P. ARUMUGAM,,Independent,77,0,,259986,337019,AMBATTUR,GEN,THIRUVALLUR,,24,77.14,0.03,yes,5,0.0,2.73,,,0,TRUE,1,,0,,,,0,FALSE,FALSE,FALSE,,,,,,State Assembly Election (AE)
Tamil_Nadu,13,8,2026,5,4,0,22,G. SAMPATH,,Independent,72,0,,259986,337019,AMBATTUR,GEN,THIRUVALLUR,,24,77.14,0.03,yes,4,0.0,2.73,,,0,TRUE,1,,0,,,,0,FALSE,FALSE,FALSE,,,,,,State Assembly Election (AE)
Tamil_Nadu,13,8,2026,5,4,0,23,D. PUSHPA,,Independent,68,0,,259986,337019,AMBATTUR,GEN,THIRUVALLUR,,24,77.14,0.03,yes,1,0.0,2.73,,,0,TRUE,1,,0,,,,0,FALSE,FALSE,FALSE,,,,,,State Assembly Election (AE)
Tamil_Nadu,13,8,2026,5,4,0,24,D. JEYAGANESH,,Naam Indiar Party,67,0,,259986,337019,AMBATTUR,GEN,THIRUVALLUR,,24,77.14,0.03,yes,67,0.03,2.73,,,0,TRUE,1,,0,,,,0,FALSE,FALSE,FALSE,,,,,,State Assembly Election (AE)
Tamil_Nadu,13,9,2026,5,4,0,1,M.L.VIJAYPRABHU,,Tamilaga Vettri Kazhagam,190462,0,,361998,431796,MADAVARAM,GEN,THIRUVALLUR,,16,83.84,52.61,no,94985,26.24,2.67,,,0,TRUE,1,,0,,,,0,FALSE,FALSE,FALSE,,,,,,State Assembly Election (AE)
Tamil_Nadu,13,9,2026,5,4,0,2,S.SUDHARSANAM,,Dravida Munnetra Kazhagam,95477,0,,361998,431796,MADAVARAM,GEN,THIRUVALLUR,,16,83.84,26.38,no,36187,10.0,2.67,,,0,TRUE,1,,0,,,,0,FALSE,FALSE,FALSE,,,,,,State Assembly Election (AE)
Tamil_Nadu,13,9,2026,5,4,0,3,MADHAVARAM V.MOORTHY,,All India Anna Dravida Munnetra Kazhagam,59290,0,,361998,431796,MADAVARAM,GEN,THIRUVALLUR,,16,83.84,16.38,yes,46653,12.89,2.67,,,0,TRUE,1,,0,,,,0,FALSE,FALSE,FALSE,,,,,,State Assembly Election (AE)
Tamil_Nadu,13,9,2026,5,4,0,4,E.KRITHIKA,,Naam Tamilar Katchi,12637,0,,361998,431796,MADAVARAM,GEN,THIRUVALLUR,,16,83.84,3.49,yes,11243,3.11,2.67,,,0,TRUE,1,,0,,,,0,FALSE,FALSE,FALSE,,,,,,State Assembly Election (AE)
Tamil_Nadu,13,9,2026,5,4,0,5,None Of The Above,,None of the Above,1394,0,,361998,431796,MADAVARAM,GEN,THIRUVALLUR,,16,83.84,0.39,yes,718,0.2,2.67,,,0,TRUE,1,,0,,,,0,FALSE,FALSE,FALSE,,,,,,State Assembly Election (AE)
Tamil_Nadu,13,9,2026,5,4,0,6,I.RAFFIK,,Naadaalum Makkal Katchi,676,0,,361998,431796,MADAVARAM,GEN,THIRUVALLUR,,16,83.84,0.19,yes,139,0.04,2.67,,,0,TRUE,1,,0,,,,0,FALSE,FALSE,FALSE,,,,,,State Assembly Election (AE)
Tamil_Nadu,13,9,2026,5,4,0,7,N.JANAKIRAMAN,,Bahujan Samaj Party,537,0,,361998,431796,MADAVARAM,GEN,THIRUVALLUR,,16,83.84,0.15,yes,305,0.08,2.67,,,0,TRUE,1,,0,,,,0,FALSE,FALSE,FALSE,,,,,,State Assembly Election (AE)
Tamil_Nadu,13,9,2026,5,4,0,8,R.KARTHIKEYAN,,Tamizhaga Vaazhvurimai Katchi,232,0,,361998,431796,MADAVARAM,GEN,THIRUVALLUR,,16,83.84,0.06,yes,34,0.01,2.67,,,0,TRUE,1,,0,,,,0,FALSE,FALSE,FALSE,,,,,,State Assembly Election (AE)
Tamil_Nadu,13,9,2026,5,4,0,9,S.SIVAKUMAR,,Independent,198,0,,361998,431796,MADAVARAM,GEN,THIRUVALLUR,,16,83.84,0.05,yes,7,0.0,2.67,,,0,TRUE,1,,0,,,,0,FALSE,FALSE,FALSE,,,,,,State Assembly Election (AE)
Tamil_Nadu,13,9,2026,5,4,0,10,G.PRABU,,Independent,191,0,,361998,431796,MADAVARAM,GEN,THIRUVALLUR,,16,83.84,0.05,yes,3,0.0,2.67,,,0,TRUE,1,,0,,,,0,FALSE,FALSE,FALSE,,,,,,State Assembly Election (AE)
Tamil_Nadu,13,9,2026,5,4,0,11,V.MURTHY,,Independent,188,0,,361998,431796,MADAVARAM,GEN,THIRUVALLUR,,16,83.84,0.05,yes,11,0.0,2.67,,,0,TRUE,1,,0,,,,0,FALSE,FALSE,FALSE,,,,,,State Assembly Election (AE)
Tamil_Nadu,13,9,2026,5,4,0,12,A.NAGARAJAN,,Independent,177,0,,361998,431796,MADAVARAM,GEN,THIRUVALLUR,,16,83.84,0.05,yes,20,0.01,2.67,,,0,TRUE,1,,0,,,,0,FALSE,FALSE,FALSE,,,,,,State Assembly Election (AE)
Tamil_Nadu,13,9,2026,5,4,0,13,SUDARSANAM,,Independent,157,0,,361998,431796,MADAVARAM,GEN,THIRUVALLUR,,16,83.84,0.04,yes,3,0.0,2.67,,,0,TRUE,1,,0,,,,0,FALSE,FALSE,FALSE,,,,,,State Assembly Election (AE)
Tamil_Nadu,13,9,2026,5,4,0,14,C.MOORTHY,,Independent,154,0,,361998,431796,MADAVARAM,GEN,THIRUVALLUR,,16,83.84,0.04,yes,25,0.01,2.67,,,0,TRUE,1,,0,,,,0,FALSE,FALSE,FALSE,,,,,,State Assembly Election (AE)
Tamil_Nadu,13,9,2026,5,4,0,15,A.PONNALAGAN,,Independent,129,0,,361998,431796,MADAVARAM,GEN,THIRUVALLUR,,16,83.84,0.04,yes,30,0.01,2.67,,,0,TRUE,1,,0,,,,0,FALSE,FALSE,FALSE,,,,,,State Assembly Election (AE)
Tamil_Nadu,13,9,2026,5,4,0,16,R.S.BALAJI,,Independent,99,0,,361998,431796,MADAVARAM,GEN,THIRUVALLUR,,16,83.84,0.03,yes,99,0.03,2.67,,,0,TRUE,1,,0,,,,0,FALSE,FALSE,FALSE,,,,,,State Assembly Election (AE)
Tamil_Nadu,13,10,2026,5,4,0,1,SENTHIL KUMAR. N,,Tamilaga Vettri Kazhagam,110067,0,,207088,244903,THIRUVOTTIYUR,GEN,THIRUVALLUR,,16,84.56,53.15,no,53564,25.87,2.65,,,0,TRUE,1,,0,,,,0,FALSE,FALSE,FALSE,,,,,,State Assembly Election (AE)
Tamil_Nadu,13,10,2026,5,4,0,2,SUNDARARAJ. L,,Communist Party of India (Marxist),56503,0,,207088,244903,THIRUVOTTIYUR,GEN,THIRUVALLUR,,16,84.56,27.28,no,28183,13.61,2.65,,,0,TRUE,1,,0,,,,0,FALSE,FALSE,FALSE,,,,,,State Assembly Election (AE)
Tamil_Nadu,13,10,2026,5,4,0,3,KUPPAN. K,,All India Anna Dravida Munnetra Kazhagam,28320,0,,207088,244903,THIRUVOTTIYUR,GEN,THIRUVALLUR,,16,84.56,13.68,yes,19907,9.61,2.65,,,0,TRUE,1,,0,,,,0,FALSE,FALSE,FALSE,,,,,,State Assembly Election (AE)
Tamil_Nadu,13,10,2026,5,4,0,4,SATHYA. B,,Naam Tamilar Katchi,8413,0,,207088,244903,THIRUVOTTIYUR,GEN,THIRUVALLUR,,16,84.56,4.06,yes,7575,3.66,2.65,,,0,TRUE,1,,0,,,,0,FALSE,FALSE,FALSE,,,,,,State Assembly Election (AE)
Tamil_Nadu,13,10,2026,5,4,0,5,MICHAELRAJ. M. A,,Independent,838,0,,207088,244903,THIRUVOTTIYUR,GEN,THIRUVALLUR,,16,84.56,0.4,yes,33,0.02,2.65,,,0,TRUE,1,,0,,,,0,FALSE,FALSE,FALSE,,,,,,State Assembly Election (AE)
Tamil_Nadu,13,10,2026,5,4,0,6,None Of The Above,,None of the Above,805,0,,207088,244903,THIRUVOTTIYUR,GEN,THIRUVALLUR,,16,84.56,0.39,yes,347,0.17,2.65,,,0,TRUE,1,,0,,,,0,FALSE,FALSE,FALSE,,,,,,State Assembly Election (AE)
Tamil_Nadu,13,10,2026,5,4,0,7,MAHENDRA KUMAR. D,,Bahujan Samaj Party,458,0,,207088,244903,THIRUVOTTIYUR,GEN,THIRUVALLUR,,16,84.56,0.22,yes,142,0.07,2.65,,,0,TRUE,1,,0,,,,0,FALSE,FALSE,FALSE,,,,,,State Assembly Election (AE)
Tamil_Nadu,13,10,2026,5,4,0,8,VIJAY. A,,Independent,316,0,,207088,244903,THIRUVOTTIYUR,GEN,THIRUVALLUR,,16,84.56,0.15,yes,9,0.0,2.65,,,0,TRUE,1,,0,,,,0,FALSE,FALSE,FALSE,,,,,,State Assembly Election (AE)
Tamil_Nadu,13,10,2026,5,4,0,9,BALARUBAN,,Independent,307,0,,207088,244903,THIRUVOTTIYUR,GEN,THIRUVALLUR,,16,84.56,0.15,yes,36,0.02,2.65,,,0,TRUE,1,,0,,,,0,FALSE,FALSE,FALSE,,,,,,State Assembly Election (AE)
Tamil_Nadu,13,10,2026,5,4,0,10,SASIREKHA. M,,Veerath Thiyagi Viswanathadoss Thozhilalarkal Katchi,271,0,,207088,244903,THIRUVOTTIYUR,GEN,THIRUVALLUR,,16,84.56,0.13,yes,73,0.04,2.65,,,0,TRUE,1,,0,,,,0,FALSE,FALSE,FALSE,,,,,,State Assembly Election (AE)
Tamil_Nadu,13,10,2026,5,4,0,11,DILLI KUMAR. R,,Democratic National Allegiance,198,0,,207088,244903,THIRUVOTTIYUR,GEN,THIRUVALLUR,,16,84.56,0.1,yes,49,0.02,2.65,,,0,TRUE,1,,0,,,,0,FALSE,FALSE,FALSE,,,,,,State Assembly Election (AE)
Tamil_Nadu,13,10,2026,5,4,0,12,VENKATARAMANAN. J,,Tamizhaga Vaazhvurimai Katchi,149,0,,207088,244903,THIRUVOTTIYUR,GEN,THIRUVALLUR,,16,84.56,0.07,yes,10,0.0,2.65,,,0,TRUE,1,,0,,,,0,FALSE,FALSE,FALSE,,,,,,State Assembly Election (AE)
Tamil_Nadu,13,10,2026,5,4,0,13,THANIKASALAM. B,,Independent,139,0,,207088,244903,THIRUVOTTIYUR,GEN,THIRUVALLUR,,16,84.56,0.07,yes,22,0.01,2.65,,,0,TRUE,1,,0,,,,0,FALSE,FALSE,FALSE,,,,,,State Assembly Election (AE)
Tamil_Nadu,13,10,2026,5,4,0,14,GOPI. K,,Independent,117,0,,207088,244903,THIRUVOTTIYUR,GEN,THIRUVALLUR,,16,84.56,0.06,yes,7,0.0,2.65,,,0,TRUE,1,,0,,,,0,FALSE,FALSE,FALSE,,,,,,State Assembly Election (AE)
Tamil_Nadu,13,10,2026,5,4,0,15,JANAGARAJ,,Independent,110,0,,207088,244903,THIRUVOTTIYUR,GEN,THIRUVALLUR,,16,84.56,0.05,yes,33,0.02,2.65,,,0,TRUE,1,,0,,,,0,FALSE,FALSE,FALSE,,,,,,State Assembly Election (AE)
Tamil_Nadu,13,10,2026,5,4,0,16,ARAVIND. R,,Independent,77,0,,207088,244903,THIRUVOTTIYUR,GEN,THIRUVALLUR,,16,84.56,0.04,yes,77,0.04,2.65,,,0,TRUE,1,,0,,,,0,FALSE,FALSE,FALSE,,,,,,State Assembly Election (AE)
Tamil_Nadu,13,11,2026,5,4,0,1,N. MARIE WILSON,,Tamilaga Vettri Kazhagam,97800,0,,181206,199359,DR.RADHAKRISHNAN NAGAR,GEN,CHENNAI,,39,90.89,53.97,no,49668,27.41,2.6,,,0,TRUE,1,,0,,,,0,FALSE,FALSE,FALSE,,,,,,State Assembly Election (AE)
Tamil_Nadu,13,11,2026,5,4,0,2,J. JOHN EBENEZER,,Dravida Munnetra Kazhagam,48132,0,,181206,199359,DR.RADHAKRISHNAN NAGAR,GEN,CHENNAI,,39,90.89,26.56,no,21240,11.72,2.6,,,0,TRUE,1,,0,,,,0,FALSE,FALSE,FALSE,,,,,,State Assembly Election (AE)
Tamil_Nadu,13,11,2026,5,4,0,3,R.S.RAAJESH,,All India Anna Dravida Munnetra Kazhagam,26892,0,,181206,199359,DR.RADHAKRISHNAN NAGAR,GEN,CHENNAI,,39,90.89,14.84,yes,21528,11.88,2.6,,,0,TRUE,1,,0,,,,0,FALSE,FALSE,FALSE,,,,,,State Assembly Election (AE)
Tamil_Nadu,13,11,2026,5,4,0,4,VENNILA.T,,Naam Tamilar Katchi,5364,0,,181206,199359,DR.RADHAKRISHNAN NAGAR,GEN,CHENNAI,,39,90.89,2.96,yes,4803,2.65,2.6,,,0,TRUE,1,,0,,,,0,FALSE,FALSE,FALSE,,,,,,State Assembly Election (AE)
Tamil_Nadu,13,11,2026,5,4,0,5,None Of The Above,,None of the Above,561,0,,181206,199359,DR.RADHAKRISHNAN NAGAR,GEN,CHENNAI,,39,90.89,0.31,yes,223,0.12,2.6,,,0,TRUE,1,,0,,,,0,FALSE,FALSE,FALSE,,,,,,State Assembly Election (AE)
Tamil_Nadu,13,11,2026,5,4,0,6,B.NAVIN,,Tamizhaga Vaazhvurimai Katchi,338,0,,181206,199359,DR.RADHAKRISHNAN NAGAR,GEN,CHENNAI,,39,90.89,0.19,yes,102,0.06,2.6,,,0,TRUE,1,,0,,,,0,FALSE,FALSE,FALSE,,,,,,State Assembly Election (AE)
Tamil_Nadu,13,11,2026,5,4,0,7,E. RAAMADASAN,,Makkal Nalvaazhvuk Katchi,236,0,,181206,199359,DR.RADHAKRISHNAN NAGAR,GEN,CHENNAI,,39,90.89,0.13,yes,25,0.01,2.6,,,0,TRUE,1,,0,,,,0,FALSE,FALSE,FALSE,,,,,,State Assembly Election (AE)
Tamil_Nadu,13,11,2026,5,4,0,8,D.PRABHU,,Independent,211,0,,181206,199359,DR.RADHAKRISHNAN NAGAR,GEN,CHENNAI,,39,90.89,0.12,yes,32,0.02,2.6,,,0,TRUE,1,,0,,,,0,FALSE,FALSE,FALSE,,,,,,State Assembly Election (AE)
Tamil_Nadu,13,11,2026,5,4,0,9,A.MOHANRAJ,,Socialist Unity Centre Of India (COMMUNIST),179,0,,181206,199359,DR.RADHAKRISHNAN NAGAR,GEN,CHENNAI,,39,90.89,0.1,yes,30,0.02,2.6,,,0,TRUE,1,,0,,,,0,FALSE,FALSE,FALSE,,,,,,State Assembly Election (AE)
Tamil_Nadu,13,11,2026,5,4,0,10,J.SARAVANAKUMAR,,Independent,149,0,,181206,199359,DR.RADHAKRISHNAN NAGAR,GEN,CHENNAI,,39,90.89,0.08,yes,37,0.02,2.6,,,0,TRUE,1,,0,,,,0,FALSE,FALSE,FALSE,,,,,,State Assembly Election (AE)
Tamil_Nadu,13,11,2026,5,4,0,11,M. SATHISH,,Independent,112,0,,181206,199359,DR.RADHAKRISHNAN NAGAR,GEN,CHENNAI,,39,90.89,0.06,yes,21,0.01,2.6,,,0,TRUE,1,,0,,,,0,FALSE,FALSE,FALSE,,,,,,State Assembly Election (AE)
Tamil_Nadu,13,11,2026,5,4,0,12,K. MURALI,,Independent,91,0,,181206,199359,DR.RADHAKRISHNAN NAGAR,GEN,CHENNAI,,39,90.89,0.05,yes,5,0.0,2.6,,,0,TRUE,1,,0,,,,0,FALSE,FALSE,FALSE,,,,,,State Assembly Election (AE)
Tamil_Nadu,13,11,2026,5,4,0,13,V.SUDHAKAR,,Independent,86,0,,181206,199359,DR.RADHAKRISHNAN NAGAR,GEN,CHENNAI,,39,90.89,0.05,yes,15,0.01,2.6,,,0,TRUE,1,,0,,,,0,FALSE,FALSE,FALSE,,,,,,State Assembly Election (AE)
Tamil_Nadu,13,11,2026,5,4,0,14,A.VIJAY,,Independent,71,0,,181206,199359,DR.RADHAKRISHNAN NAGAR,GEN,CHENNAI,,39,90.89,0.04,yes,6,0.0,2.6,,,0,TRUE,1,,0,,,,0,FALSE,FALSE,FALSE,,,,,,State Assembly Election (AE)
Tamil_Nadu,13,11,2026,5,4,0,15,C. RAJAMANICKAM,,Independent,65,0,,181206,199359,DR.RADHAKRISHNAN NAGAR,GEN,CHENNAI,,39,90.89,0.04,yes,7,0.0,2.6,,,0,TRUE,1,,0,,,,0,FALSE,FALSE,FALSE,,,,,,State Assembly Election (AE)
Tamil_Nadu,13,11,2026,5,4,0,16,G. VIJAY,,Independent,58,0,,181206,199359,DR.RADHAKRISHNAN NAGAR,GEN,CHENNAI,,39,90.89,0.03,yes,4,0.0,2.6,,,0,TRUE,1,,0,,,,0,FALSE,FALSE,FALSE,,,,,,State Assembly Election (AE)
Tamil_Nadu,13,11,2026,5,4,0,17,L.SARAVANAN,,Independent,54,0,,181206,199359,DR.RADHAKRISHNAN NAGAR,GEN,CHENNAI,,39,90.89,0.03,yes,0,0.0,2.6,,,0,TRUE,1,,0,,,,0,FALSE,FALSE,FALSE,,,,,,State Assembly Election (AE)
Tamil_Nadu,13,11,2026,5,4,0,18,G. BOTHI RAJAN,,Independent,54,0,,181206,199359,DR.RADHAKRISHNAN NAGAR,GEN,CHENNAI,,39,90.89,0.03,yes,7,0.0,2.6,,,0,TRUE,1,,0,,,,0,FALSE,FALSE,FALSE,,,,,,State Assembly Election (AE)
Tamil_Nadu,13,11,2026,5,4,0,19,CHANDRASEKAR,,Tamizhaga Murpokku Makkal Katchi,47,0,,181206,199359,DR.RADHAKRISHNAN NAGAR,GEN,CHENNAI,,39,90.89,0.03,yes,0,0.0,2.6,,,0,TRUE,1,,0,,,,0,FALSE,FALSE,FALSE,,,,,,State Assembly Election (AE)
Tamil_Nadu,13,11,2026,5,4,0,20,MANIKANDAN.H,,Independent,47,0,,181206,199359,DR.RADHAKRISHNAN NAGAR,GEN,CHENNAI,,39,90.89,0.03,yes,0,0.0,2.6,,,0,TRUE,1,,0,,,,0,FALSE,FALSE,FALSE,,,,,,State Assembly Election (AE)
Tamil_Nadu,13,11,2026,5,4,0,21,J.MURALI KRISHNAN,,Independent,47,0,,181206,199359,DR.RADHAKRISHNAN NAGAR,GEN,CHENNAI,,39,90.89,0.03,yes,3,0.0,2.6,,,0,TRUE,1,,0,,,,0,FALSE,FALSE,FALSE,,,,,,State Assembly Election (AE)
Tamil_Nadu,13,11,2026,5,4,0,22,D.KARTHIKEYAN,,Samata Party,44,0,,181206,199359,DR.RADHAKRISHNAN NAGAR,GEN,CHENNAI,,39,90.89,0.02,yes,0,0.0,2.6,,,0,TRUE,1,,0,,,,0,FALSE,FALSE,FALSE,,,,,,State Assembly Election (AE)
Tamil_Nadu,13,11,2026,5,4,0,23,R.ETHIRAJ,,Independent,44,0,,181206,199359,DR.RADHAKRISHNAN NAGAR,GEN,CHENNAI,,39,90.89,0.02,yes,2,0.0,2.6,,,0,TRUE,1,,0,,,,0,FALSE,FALSE,FALSE,,,,,,State Assembly Election (AE)
Tamil_Nadu,13,11,2026,5,4,0,24,C.JANARTHANAN,,Independent,42,0,,181206,199359,DR.RADHAKRISHNAN NAGAR,GEN,CHENNAI,,39,90.89,0.02,yes,1,0.0,2.6,,,0,TRUE,1,,0,,,,0,FALSE,FALSE,FALSE,,,,,,State Assembly Election (AE)
Tamil_Nadu,13,11,2026,5,4,0,25,A. USHA,,Independent,41,0,,181206,199359,DR.RADHAKRISHNAN NAGAR,GEN,CHENNAI,,39,90.89,0.02,yes,1,0.0,2.6,,,0,TRUE,1,,0,,,,0,FALSE,FALSE,FALSE,,,,,,State Assembly Election (AE)
Tamil_Nadu,13,11,2026,5,4,0,26,V.SHANKAR,,Independent,40,0,,181206,199359,DR.RADHAKRISHNAN NAGAR,GEN,CHENNAI,,39,90.89,0.02,yes,0,0.0,2.6,,,0,TRUE,1,,0,,,,0,FALSE,FALSE,FALSE,,,,,,State Assembly Election (AE)
Tamil_Nadu,13,11,2026,5,4,0,27,R.DEVAKUMAR,,Independent,40,0,,181206,199359,DR.RADHAKRISHNAN NAGAR,GEN,CHENNAI,,39,90.89,0.02,yes,1,0.0,2.6,,,0,TRUE,1,,0,,,,0,FALSE,FALSE,FALSE,,,,,,State Assembly Election (AE)
Tamil_Nadu,13,11,2026,5,4,0,28,R. MUTHU CHELLA BHARATHI,,Independent,39,0,,181206,199359,DR.RADHAKRISHNAN NAGAR,GEN,CHENNAI,,39,90.89,0.02,yes,2,0.0,2.6,,,0,TRUE,1,,0,,,,0,FALSE,FALSE,FALSE,,,,,,State Assembly Election (AE)
Tamil_Nadu,13,11,2026,5,4,0,29,D. JANARTHANAN,,Independent,37,0,,181206,199359,DR.RADHAKRISHNAN NAGAR,GEN,CHENNAI,,39,90.89,0.02,yes,1,0.0,2.6,,,0,TRUE,1,,0,,,,0,FALSE,FALSE,FALSE,,,,,,State Assembly Election (AE)
Tamil_Nadu,13,11,2026,5,4,0,30,R.TAMILARASAN,,Independent,36,0,,181206,199359,DR.RADHAKRISHNAN NAGAR,GEN,CHENNAI,,39,90.89,0.02,yes,1,0.0,2.6,,,0,TRUE,1,,0,,,,0,FALSE,FALSE,FALSE,,,,,,State Assembly Election (AE)
Tamil_Nadu,13,11,2026,5,4,0,31,V. MADHAN MOHAN,,Independent,35,0,,181206,199359,DR.RADHAKRISHNAN NAGAR,GEN,CHENNAI,,39,90.89,0.02,yes,0,0.0,2.6,,,0,TRUE,1,,0,,,,0,FALSE,FALSE,FALSE,,,,,,State Assembly Election (AE)
Tamil_Nadu,13,11,2026,5,4,0,32,P. MARIMUTHU,,Independent,35,0,,181206,199359,DR.RADHAKRISHNAN NAGAR,GEN,CHENNAI,,39,90.89,0.02,yes,3,0.0,2.6,,,0,TRUE,1,,0,,,,0,FALSE,FALSE,FALSE,,,,,,State Assembly Election (AE)
Tamil_Nadu,13,11,2026,5,4,0,33,D. AJITH KUMAR,,Independent,32,0,,181206,199359,DR.RADHAKRISHNAN NAGAR,GEN,CHENNAI,,39,90.89,0.02,yes,2,0.0,2.6,,,0,TRUE,1,,0,,,,0,FALSE,FALSE,FALSE,,,,,,State Assembly Election (AE)
Tamil_Nadu,13,11,2026,5,4,0,34,AMUDHA.N,,Independent,30,0,,181206,199359,DR.RADHAKRISHNAN NAGAR,GEN,CHENNAI,,39,90.89,0.02,yes,4,0.0,2.6,,,0,TRUE,1,,0,,,,0,FALSE,FALSE,FALSE,,,,,,State Assembly Election (AE)
Tamil_Nadu,13,11,2026,5,4,0,35,J.VIJAYAN,,Independent,26,0,,181206,199359,DR.RADHAKRISHNAN NAGAR,GEN,CHENNAI,,39,90.89,0.01,yes,1,0.0,2.6,,,0,TRUE,1,,0,,,,0,FALSE,FALSE,FALSE,,,,,,State Assembly Election (AE)
Tamil_Nadu,13,11,2026,5,4,0,36,K. SUJITH,,Independent,25,0,,181206,199359,DR.RADHAKRISHNAN NAGAR,GEN,CHENNAI,,39,90.89,0.01,yes,0,0.0,2.6,,,0,TRUE,1,,0,,,,0,FALSE,FALSE,FALSE,,,,,,State Assembly Election (AE)
Tamil_Nadu,13,11,2026,5,4,0,37,TAMILSELVAN,,Independent,25,0,,181206,199359,DR.RADHAKRISHNAN NAGAR,GEN,CHENNAI,,39,90.89,0.01,yes,1,0.0,2.6,,,0,TRUE,1,,0,,,,0,FALSE,FALSE,FALSE,,,,,,State Assembly Election (AE)
Tamil_Nadu,13,11,2026,5,4,0,38,S.EMMANUVEL,,Independent,24,0,,181206,199359,DR.RADHAKRISHNAN NAGAR,GEN,CHENNAI,,39,90.89,0.01,yes,7,0.0,2.6,,,0,TRUE,1,,0,,,,0,FALSE,FALSE,FALSE,,,,,,State Assembly Election (AE)
Tamil_Nadu,13,11,2026,5,4,0,39,G. MADHAN KUMAR,,Independent,17,0,,181206,199359,DR.RADHAKRISHNAN NAGAR,GEN,CHENNAI,,39,90.89,0.01,yes,17,0.01,2.6,,,0,TRUE,1,,0,,,,0,FALSE,FALSE,FALSE,,,,,,State Assembly Election (AE)
Tamil_Nadu,13,12,2026,5,4,0,1,C. JOSEPH VIJAY,,Tamilaga Vettri Kazhagam,120365,0,,204384,226296,PERAMBUR,GEN,CHENNAI,,48,90.32,58.89,no,53715,26.28,2.2,,,0,TRUE,1,,0,,,,0,FALSE,FALSE,FALSE,,,,,,State Assembly Election (AE)
Tamil_Nadu,13,12,2026,5,4,0,2,R.D. SHEKAR,,Dravida Munnetra Kazhagam,66650,0,,204384,226296,PERAMBUR,GEN,CHENNAI,,48,90.32,32.61,no,58089,28.42,2.2,,,0,TRUE,1,,0,,,,0,FALSE,FALSE,FALSE,,,,,,State Assembly Election (AE)
Tamil_Nadu,13,12,2026,5,4,0,3,M. THILAGABAMA,,Pattali Makkal Katchi,8561,0,,204384,226296,PERAMBUR,GEN,CHENNAI,,48,90.32,4.19,yes,3447,1.69,2.2,,,0,TRUE,1,,0,,,,0,FALSE,FALSE,FALSE,,,,,,State Assembly Election (AE)
Tamil_Nadu,13,12,2026,5,4,0,4,S. VETRI THAMIZHAN,,Naam Tamilar Katchi,5114,0,,204384,226296,PERAMBUR,GEN,CHENNAI,,48,90.32,2.5,yes,4513,2.21,2.2,,,0,TRUE,1,,0,,,,0,FALSE,FALSE,FALSE,,,,,,State Assembly Election (AE)
Tamil_Nadu,13,12,2026,5,4,0,5,None Of The Above,,None of the Above,601,0,,204384,226296,PERAMBUR,GEN,CHENNAI,,48,90.32,0.29,yes,345,0.17,2.2,,,0,TRUE,1,,0,,,,0,FALSE,FALSE,FALSE,,,,,,State Assembly Election (AE)
Tamil_Nadu,13,12,2026,5,4,0,6,A. RAJARAM,,Republican Party of India (Athawale),256,0,,204384,226296,PERAMBUR,GEN,CHENNAI,,48,90.32,0.13,yes,18,0.01,2.2,,,0,TRUE,1,,0,,,,0,FALSE,FALSE,FALSE,,,,,,State Assembly Election (AE)
Tamil_Nadu,13,12,2026,5,4,0,7,G. RUTHRA KUMAR,,Independent,238,0,,204384,226296,PERAMBUR,GEN,CHENNAI,,48,90.32,0.12,yes,8,0.0,2.2,,,0,TRUE,1,,0,,,,0,FALSE,FALSE,FALSE,,,,,,State Assembly Election (AE)
Tamil_Nadu,13,12,2026,5,4,0,8,AGNI AALVAR,,Independent,230,0,,204384,226296,PERAMBUR,GEN,CHENNAI,,48,90.32,0.11,yes,14,0.01,2.2,,,0,TRUE,1,,0,,,,0,FALSE,FALSE,FALSE,,,,,,State Assembly Election (AE)
Tamil_Nadu,13,12,2026,5,4,0,9,VIJAY,,All India Jananayaka Makkal Kazhagam,216,0,,204384,226296,PERAMBUR,GEN,CHENNAI,,48,90.32,0.11,yes,42,0.02,2.2,,,0,TRUE,1,,0,,,,0,FALSE,FALSE,FALSE,,,,,,State Assembly Election (AE)
Tamil_Nadu,13,12,2026,5,4,0,10,VETRI VEL SELVAM,,Bahujan Samaj Party,174,0,,204384,226296,PERAMBUR,GEN,CHENNAI,,48,90.32,0.09,yes,26,0.01,2.2,,,0,TRUE,1,,0,,,,0,FALSE,FALSE,FALSE,,,,,,State Assembly Election (AE)
Tamil_Nadu,13,12,2026,5,4,0,11,V. RAJI,,Independent,148,0,,204384,226296,PERAMBUR,GEN,CHENNAI,,48,90.32,0.07,yes,30,0.01,2.2,,,0,TRUE,1,,0,,,,0,FALSE,FALSE,FALSE,,,,,,State Assembly Election (AE)
Tamil_Nadu,13,12,2026,5,4,0,12,BOWDHARAJ,,Independent,118,0,,204384,226296,PERAMBUR,GEN,CHENNAI,,48,90.32,0.06,yes,17,0.01,2.2,,,0,TRUE,1,,0,,,,0,FALSE,FALSE,FALSE,,,,,,State Assembly Election (AE)
Tamil_Nadu,13,12,2026,5,4,0,13,J. SEBASTIN,,Socialist Unity Centre Of India (COMMUNIST),101,0,,204384,226296,PERAMBUR,GEN,CHENNAI,,48,90.32,0.05,yes,3,0.0,2.2,,,0,TRUE,1,,0,,,,0,FALSE,FALSE,FALSE,,,,,,State Assembly Election (AE)
Tamil_Nadu,13,12,2026,5,4,0,14,D.V. VENUGOPAL,,Tamizhaga Vaazhvurimai Katchi,98,0,,204384,226296,PERAMBUR,GEN,CHENNAI,,48,90.32,0.05,yes,3,0.0,2.2,,,0,TRUE,1,,0,,,,0,FALSE,FALSE,FALSE,,,,,,State Assembly Election (AE)
Tamil_Nadu,13,12,2026,5,4,0,15,DR.D. MADAN,,Independent,95,0,,204384,226296,PERAMBUR,GEN,CHENNAI,,48,90.32,0.05,yes,1,0.0,2.2,,,0,TRUE,1,,0,,,,0,FALSE,FALSE,FALSE,,,,,,State Assembly Election (AE)
Tamil_Nadu,13,12,2026,5,4,0,16,K.M. DEVAN,,Makkal Murasu Katchi,94,0,,204384,226296,PERAMBUR,GEN,CHENNAI,,48,90.32,0.05,yes,1,0.0,2.2,,,0,TRUE,1,,0,,,,0,FALSE,FALSE,FALSE,,,,,,State Assembly Election (AE)
Tamil_Nadu,13,12,2026,5,4,0,17,B. BALAJI,,Independent,93,0,,204384,226296,PERAMBUR,GEN,CHENNAI,,48,90.32,0.05,yes,3,0.0,2.2,,,0,TRUE,1,,0,,,,0,FALSE,FALSE,FALSE,,,,,,State Assembly Election (AE)
Tamil_Nadu,13,12,2026,5,4,0,18,VIJAY. G,,Independent,90,0,,204384,226296,PERAMBUR,GEN,CHENNAI,,48,90.32,0.04,yes,12,0.01,2.2,,,0,TRUE,1,,0,,,,0,FALSE,FALSE,FALSE,,,,,,State Assembly Election (AE)
Tamil_Nadu,13,12,2026,5,4,0,19,AZARUTHEEN.M,,Independent,78,0,,204384,226296,PERAMBUR,GEN,CHENNAI,,48,90.32,0.04,yes,0,0.0,2.2,,,0,TRUE,1,,0,,,,0,FALSE,FALSE,FALSE,,,,,,State Assembly Election (AE)
Tamil_Nadu,13,12,2026,5,4,0,20,P. THANGAMANI,,Independent,78,0,,204384,226296,PERAMBUR,GEN,CHENNAI,,48,90.32,0.04,yes,1,0.0,2.2,,,0,TRUE,1,,0,,,,0,FALSE,FALSE,FALSE,,,,,,State Assembly Election (AE)
Tamil_Nadu,13,12,2026,5,4,0,21,S. JOSEPH,,Independent,77,0,,204384,226296,PERAMBUR,GEN,CHENNAI,,48,90.32,0.04,yes,6,0.0,2.2,,,0,TRUE,1,,0,,,,0,FALSE,FALSE,FALSE,,,,,,State Assembly Election (AE)
Tamil_Nadu,13,12,2026,5,4,0,22,ASHLIN BELMEN .A.S,,Tamilnadu Mahatma Gandhi Makkal Katchi,71,0,,204384,226296,PERAMBUR,GEN,CHENNAI,,48,90.32,0.03,yes,1,0.0,2.2,,,0,TRUE,1,,0,,,,0,FALSE,FALSE,FALSE,,,,,,State Assembly Election (AE)
Tamil_Nadu,13,12,2026,5,4,0,23,NIVETHA,,Independent,70,0,,204384,226296,PERAMBUR,GEN,CHENNAI,,48,90.32,0.03,yes,7,0.0,2.2,,,0,TRUE,1,,0,,,,0,FALSE,FALSE,FALSE,,,,,,State Assembly Election (AE)
Tamil_Nadu,13,12,2026,5,4,0,24,P. PONRAJ,,Independent,63,0,,204384,226296,PERAMBUR,GEN,CHENNAI,,48,90.32,0.03,yes,10,0.0,2.2,,,0,TRUE,1,,0,,,,0,FALSE,FALSE,FALSE,,,,,,State Assembly Election (AE)
Tamil_Nadu,13,12,2026,5,4,0,25,DR.G. MOORTHY,,Independent,53,0,,204384,226296,PERAMBUR,GEN,CHENNAI,,48,90.32,0.03,yes,2,0.0,2.2,,,0,TRUE,1,,0,,,,0,FALSE,FALSE,FALSE,,,,,,State Assembly Election (AE)
Tamil_Nadu,13,12,2026,5,4,0,26,R. JAYASEELAN,,Independent,51,0,,204384,226296,PERAMBUR,GEN,CHENNAI,,48,90.32,0.02,yes,4,0.0,2.2,,,0,TRUE,1,,0,,,,0,FALSE,FALSE,FALSE,,,,,,State Assembly Election (AE)
Tamil_Nadu,13,12,2026,5,4,0,27,M. GEETA,,Thakkam Katchi,47,0,,204384,226296,PERAMBUR,GEN,CHENNAI,,48,90.32,0.02,yes,1,0.0,2.2,,,0,TRUE,1,,0,,,,0,FALSE,FALSE,FALSE,,,,,,State Assembly Election (AE)
Tamil_Nadu,13,12,2026,5,4,0,28,S. SURESHKUMAR,,Makkalatchi Katchi,46,0,,204384,226296,PERAMBUR,GEN,CHENNAI,,48,90.32,0.02,yes,3,0.0,2.2,,,0,TRUE,1,,0,,,,0,FALSE,FALSE,FALSE,,,,,,State Assembly Election (AE)
Tamil_Nadu,13,12,2026,5,4,0,29,M. JOSEPH,,Independent,43,0,,204384,226296,PERAMBUR,GEN,CHENNAI,,48,90.32,0.02,yes,2,0.0,2.2,,,0,TRUE,1,,0,,,,0,FALSE,FALSE,FALSE,,,,,,State Assembly Election (AE)
Tamil_Nadu,13,12,2026,5,4,0,30,M. KADHIRAVAN,,Independent,41,0,,204384,226296,PERAMBUR,GEN,CHENNAI,,48,90.32,0.02,yes,2,0.0,2.2,,,0,TRUE,1,,0,,,,0,FALSE,FALSE,FALSE,,,,,,State Assembly Election (AE)
Tamil_Nadu,13,12,2026,5,4,0,31,DR.R. SARAVANA PERUMAL,,Makkal Nalvaazhvuk Katchi,39,0,,204384,226296,PERAMBUR,GEN,CHENNAI,,48,90.32,0.02,yes,6,0.0,2.2,,,0,TRUE,1,,0,,,,0,FALSE,FALSE,FALSE,,,,,,State Assembly Election (AE)
Tamil_Nadu,13,12,2026,5,4,0,32,M.I. THAHIRA BANU,,Independent,33,0,,204384,226296,PERAMBUR,GEN,CHENNAI,,48,90.32,0.02,yes,1,0.0,2.2,,,0,TRUE,1,,0,,,,0,FALSE,FALSE,FALSE,,,,,,State Assembly Election (AE)
Tamil_Nadu,13,12,2026,5,4,0,33,S. MALATHI,,Veerath Thiyagi Viswanathadoss Thozhilalarkal Katchi,32,0,,204384,226296,PERAMBUR,GEN,CHENNAI,,48,90.32,0.02,yes,0,0.0,2.2,,,0,TRUE,1,,0,,,,0,FALSE,FALSE,FALSE,,,,,,State Assembly Election (AE)
Tamil_Nadu,13,12,2026,5,4,0,34,AMALA.R,,Independent,32,0,,204384,226296,PERAMBUR,GEN,CHENNAI,,48,90.32,0.02,yes,1,0.0,2.2,,,0,TRUE,1,,0,,,,0,FALSE,FALSE,FALSE,,,,,,State Assembly Election (AE)
Tamil_Nadu,13,12,2026,5,4,0,35,REEGAN PRABHU,,Independent,31,0,,204384,226296,PERAMBUR,GEN,CHENNAI,,48,90.32,0.02,yes,1,0.0,2.2,,,0,TRUE,1,,0,,,,0,FALSE,FALSE,FALSE,,,,,,State Assembly Election (AE)
Tamil_Nadu,13,12,2026,5,4,0,36,SIVAKUMAR.V,,Tamil Telugu National Party,30,0,,204384,226296,PERAMBUR,GEN,CHENNAI,,48,90.32,0.01,yes,2,0.0,2.2,,,0,TRUE,1,,0,,,,0,FALSE,FALSE,FALSE,,,,,,State Assembly Election (AE)
Tamil_Nadu,13,12,2026,5,4,0,37,H. DHANASEKAR,,Independent,28,0,,204384,226296,PERAMBUR,GEN,CHENNAI,,48,90.32,0.01,yes,2,0.0,2.2,,,0,TRUE,1,,0,,,,0,FALSE,FALSE,FALSE,,,,,,State Assembly Election (AE)
Tamil_Nadu,13,12,2026,5,4,0,38,B. VENKATESAN,,Independent,26,0,,204384,226296,PERAMBUR,GEN,CHENNAI,,48,90.32,0.01,yes,2,0.0,2.2,,,0,TRUE,1,,0,,,,0,FALSE,FALSE,FALSE,,,,,,State Assembly Election (AE)
Tamil_Nadu,13,12,2026,5,4,0,39,S. MICHAEL,,Independent,24,0,,204384,226296,PERAMBUR,GEN,CHENNAI,,48,90.32,0.01,yes,3,0.0,2.2,,,0,TRUE,1,,0,,,,0,FALSE,FALSE,FALSE,,,,,,State Assembly Election (AE)
Tamil_Nadu,13,12,2026,5,4,0,40,S. RAJESH KUMAR,,Independent,21,0,,204384,226296,PERAMBUR,GEN,CHENNAI,,48,90.32,0.01,yes,2,0.0,2.2,,,0,TRUE,1,,0,,,,0,FALSE,FALSE,FALSE,,,,,,State Assembly Election (AE)
Tamil_Nadu,13,12,2026,5,4,0,41,B. SATHISH KUMAR,,Independent,19,0,,204384,226296,PERAMBUR,GEN,CHENNAI,,48,90.32,0.01,yes,0,0.0,2.2,,,0,TRUE,1,,0,,,,0,FALSE,FALSE,FALSE,,,,,,State Assembly Election (AE)
Tamil_Nadu,13,12,2026,5,4,0,42,SATHISH.B,,Independent,19,0,,204384,226296,PERAMBUR,GEN,CHENNAI,,48,90.32,0.01,yes,1,0.0,2.2,,,0,TRUE,1,,0,,,,0,FALSE,FALSE,FALSE,,,,,,State Assembly Election (AE)
Tamil_Nadu,13,12,2026,5,4,0,43,P. GUNASEKAR,,Independent,18,0,,204384,226296,PERAMBUR,GEN,CHENNAI,,48,90.32,0.01,yes,1,0.0,2.2,,,0,TRUE,1,,0,,,,0,FALSE,FALSE,FALSE,,,,,,State Assembly Election (AE)
Tamil_Nadu,13,12,2026,5,4,0,44,S. RAMESH,,Independent,17,0,,204384,226296,PERAMBUR,GEN,CHENNAI,,48,90.32,0.01,yes,1,0.0,2.2,,,0,TRUE,1,,0,,,,0,FALSE,FALSE,FALSE,,,,,,State Assembly Election (AE)
Tamil_Nadu,13,12,2026,5,4,0,45,E. UDHAYA KUMAR,,Independent,16,0,,204384,226296,PERAMBUR,GEN,CHENNAI,,48,90.32,0.01,yes,2,0.0,2.2,,,0,TRUE,1,,0,,,,0,FALSE,FALSE,FALSE,,,,,,State Assembly Election (AE)
Tamil_Nadu,13,12,2026,5,4,0,46,P. ESAKKI MUTHU,,Independent,14,0,,204384,226296,PERAMBUR,GEN,CHENNAI,,48,90.32,0.01,yes,1,0.0,2.2,,,0,TRUE,1,,0,,,,0,FALSE,FALSE,FALSE,,,,,,State Assembly Election (AE)
Tamil_Nadu,13,12,2026,5,4,0,47,S. VISHNU VARTHAN,,Independent,13,0,,204384,226296,PERAMBUR,GEN,CHENNAI,,48,90.32,0.01,yes,1,0.0,2.2,,,0,TRUE,1,,0,,,,0,FALSE,FALSE,FALSE,,,,,,State Assembly Election (AE)
Tamil_Nadu,13,12,2026,5,4,0,48,M. TAMILSELVAM,,Independent,12,0,,204384,226296,PERAMBUR,GEN,CHENNAI,,48,90.32,0.01,yes,12,0.01,2.2,,,0,TRUE,1,,0,,,,0,FALSE,FALSE,FALSE,,,,,,State Assembly Election (AE)
Tamil_Nadu,13,13,2026,5,4,0,1,V. S. BABU,,Tamilaga Vettri Kazhagam,82997,0,,184051,211772,KOLATHUR,GEN,CHENNAI,,36,86.91,45.09,no,8795,4.78,2.65,,,0,TRUE,1,,0,,,,0,FALSE,FALSE,FALSE,,,,,,State Assembly Election (AE)
Tamil_Nadu,13,13,2026,5,4,0,2,M. K. STALIN,,Dravida Munnetra Kazhagam,74202,0,,184051,211772,KOLATHUR,GEN,CHENNAI,,36,86.91,40.32,no,55772,30.3,2.65,,,0,TRUE,1,,0,,,,0,FALSE,FALSE,FALSE,,,,,,State Assembly Election (AE)
Tamil_Nadu,13,13,2026,5,4,0,3,P. SANTHANA KRISHNAN,,All India Anna Dravida Munnetra Kazhagam,18430,0,,184051,211772,KOLATHUR,GEN,CHENNAI,,36,86.91,10.01,yes,13384,7.27,2.65,,,0,TRUE,1,,0,,,,0,FALSE,FALSE,FALSE,,,,,,State Assembly Election (AE)
Tamil_Nadu,13,13,2026,5,4,0,4,SOUNDARA PANDIAN LUDER SETH,,Naam Tamilar Katchi,5046,0,,184051,211772,KOLATHUR,GEN,CHENNAI,,36,86.91,2.74,yes,4154,2.26,2.65,,,0,TRUE,1,,0,,,,0,FALSE,FALSE,FALSE,,,,,,State Assembly Election (AE)
Tamil_Nadu,13,13,2026,5,4,0,5,None Of The Above,,None of the Above,892,0,,184051,211772,KOLATHUR,GEN,CHENNAI,,36,86.91,0.48,yes,408,0.22,2.65,,,0,TRUE,1,,0,,,,0,FALSE,FALSE,FALSE,,,,,,State Assembly Election (AE)
Tamil_Nadu,13,13,2026,5,4,0,6,S.Y. SYED YUSUF,,Republican Party of India (Athawale),484,0,,184051,211772,KOLATHUR,GEN,CHENNAI,,36,86.91,0.26,yes,248,0.13,2.65,,,0,TRUE,1,,0,,,,0,FALSE,FALSE,FALSE,,,,,,State Assembly Election (AE)
Tamil_Nadu,13,13,2026,5,4,0,7,SUBASHINI,,Bahujan Samaj Party,236,0,,184051,211772,KOLATHUR,GEN,CHENNAI,,36,86.91,0.13,yes,55,0.03,2.65,,,0,TRUE,1,,0,,,,0,FALSE,FALSE,FALSE,,,,,,State Assembly Election (AE)
Tamil_Nadu,13,13,2026,5,4,0,8,AATHITHYA,,Samata Party,181,0,,184051,211772,KOLATHUR,GEN,CHENNAI,,36,86.91,0.1,yes,28,0.02,2.65,,,0,TRUE,1,,0,,,,0,FALSE,FALSE,FALSE,,,,,,State Assembly Election (AE)
Tamil_Nadu,13,13,2026,5,4,0,9,R. RAJ GURU,,Independent,153,0,,184051,211772,KOLATHUR,GEN,CHENNAI,,36,86.91,0.08,yes,28,0.02,2.65,,,0,TRUE,1,,0,,,,0,FALSE,FALSE,FALSE,,,,,,State Assembly Election (AE)
Tamil_Nadu,13,13,2026,5,4,0,10,R. SENTHIL KUMAR,,Independent,125,0,,184051,211772,KOLATHUR,GEN,CHENNAI,,36,86.91,0.07,yes,3,0.0,2.65,,,0,TRUE,1,,0,,,,0,FALSE,FALSE,FALSE,,,,,,State Assembly Election (AE)
Tamil_Nadu,13,13,2026,5,4,0,11,SELVI STEFFI. V. M,,Independent,122,0,,184051,211772,KOLATHUR,GEN,CHENNAI,,36,86.91,0.07,yes,17,0.01,2.65,,,0,TRUE,1,,0,,,,0,FALSE,FALSE,FALSE,,,,,,State Assembly Election (AE)
Tamil_Nadu,13,13,2026,5,4,0,12,OORMILA,,Tamizhaga Vaazhvurimai Katchi,105,0,,184051,211772,KOLATHUR,GEN,CHENNAI,,36,86.91,0.06,yes,21,0.01,2.65,,,0,TRUE,1,,0,,,,0,FALSE,FALSE,FALSE,,,,,,State Assembly Election (AE)
Tamil_Nadu,13,13,2026,5,4,0,13,J. SURIYA MUTHU,,Independent,84,0,,184051,211772,KOLATHUR,GEN,CHENNAI,,36,86.91,0.05,yes,5,0.0,2.65,,,0,TRUE,1,,0,,,,0,FALSE,FALSE,FALSE,,,,,,State Assembly Election (AE)
Tamil_Nadu,13,13,2026,5,4,0,14,NANDA KUMAR,,Independent,79,0,,184051,211772,KOLATHUR,GEN,CHENNAI,,36,86.91,0.04,yes,5,0.0,2.65,,,0,TRUE,1,,0,,,,0,FALSE,FALSE,FALSE,,,,,,State Assembly Election (AE)
Tamil_Nadu,13,13,2026,5,4,0,15,A. L. NARESH KUMAR,,Independent,74,0,,184051,211772,KOLATHUR,GEN,CHENNAI,,36,86.91,0.04,yes,1,0.0,2.65,,,0,TRUE,1,,0,,,,0,FALSE,FALSE,FALSE,,,,,,State Assembly Election (AE)
Tamil_Nadu,13,13,2026,5,4,0,16,M. RAJESHKUMAR,,Independent,73,0,,184051,211772,KOLATHUR,GEN,CHENNAI,,36,86.91,0.04,yes,9,0.0,2.65,,,0,TRUE,1,,0,,,,0,FALSE,FALSE,FALSE,,,,,,State Assembly Election (AE)
Tamil_Nadu,13,13,2026,5,4,0,17,R. MAHESH,,Independent,64,0,,184051,211772,KOLATHUR,GEN,CHENNAI,,36,86.91,0.03,yes,8,0.0,2.65,,,0,TRUE,1,,0,,,,0,FALSE,FALSE,FALSE,,,,,,State Assembly Election (AE)
Tamil_Nadu,13,13,2026,5,4,0,18,M. POORNIMA,,Independent,56,0,,184051,211772,KOLATHUR,GEN,CHENNAI,,36,86.91,0.03,yes,0,0.0,2.65,,,0,TRUE,1,,0,,,,0,FALSE,FALSE,FALSE,,,,,,State Assembly Election (AE)
Tamil_Nadu,13,13,2026,5,4,0,19,P. MILANY,,Independent,56,0,,184051,211772,KOLATHUR,GEN,CHENNAI,,36,86.91,0.03,yes,1,0.0,2.65,,,0,TRUE,1,,0,,,,0,FALSE,FALSE,FALSE,,,,,,State Assembly Election (AE)
Tamil_Nadu,13,13,2026,5,4,0,20,ARUL DOSS. A.,,Independent,55,0,,184051,211772,KOLATHUR,GEN,CHENNAI,,36,86.91,0.03,yes,2,0.0,2.65,,,0,TRUE,1,,0,,,,0,FALSE,FALSE,FALSE,,,,,,State Assembly Election (AE)
Tamil_Nadu,13,13,2026,5,4,0,21,VIGIRDHAN,,Independent,53,0,,184051,211772,KOLATHUR,GEN,CHENNAI,,36,86.91,0.03,yes,1,0.0,2.65,,,0,TRUE,1,,0,,,,0,FALSE,FALSE,FALSE,,,,,,State Assembly Election (AE)
Tamil_Nadu,13,13,2026,5,4,0,22,V. NARESH BABU,,Independent,52,0,,184051,211772,KOLATHUR,GEN,CHENNAI,,36,86.91,0.03,yes,2,0.0,2.65,,,0,TRUE,1,,0,,,,0,FALSE,FALSE,FALSE,,,,,,State Assembly Election (AE)
Tamil_Nadu,13,13,2026,5,4,0,23,K. PANNEER SELVAM,,Independent,50,0,,184051,211772,KOLATHUR,GEN,CHENNAI,,36,86.91,0.03,yes,1,0.0,2.65,,,0,TRUE,1,,0,,,,0,FALSE,FALSE,FALSE,,,,,,State Assembly Election (AE)
Tamil_Nadu,13,13,2026,5,4,0,24,E. RAAMADASAN,,Makkal Nalvaazhvuk Katchi,49,0,,184051,211772,KOLATHUR,GEN,CHENNAI,,36,86.91,0.03,yes,6,0.0,2.65,,,0,TRUE,1,,0,,,,0,FALSE,FALSE,FALSE,,,,,,State Assembly Election (AE)
Tamil_Nadu,13,13,2026,5,4,0,25,KAJA MAIDEEN,,Independent,43,0,,184051,211772,KOLATHUR,GEN,CHENNAI,,36,86.91,0.02,yes,8,0.0,2.65,,,0,TRUE,1,,0,,,,0,FALSE,FALSE,FALSE,,,,,,State Assembly Election (AE)
Tamil_Nadu,13,13,2026,5,4,0,26,S. SHARAN,,Independent,35,0,,184051,211772,KOLATHUR,GEN,CHENNAI,,36,86.91,0.02,yes,1,0.0,2.65,,,0,TRUE,1,,0,,,,0,FALSE,FALSE,FALSE,,,,,,State Assembly Election (AE)
Tamil_Nadu,13,13,2026,5,4,0,27,R. RAVIKUMAR,,Independent,34,0,,184051,211772,KOLATHUR,GEN,CHENNAI,,36,86.91,0.02,yes,1,0.0,2.65,,,0,TRUE,1,,0,,,,0,FALSE,FALSE,FALSE,,,,,,State Assembly Election (AE)
Tamil_Nadu,13,13,2026,5,4,0,28,M. SURESH,,Independent,33,0,,184051,211772,KOLATHUR,GEN,CHENNAI,,36,86.91,0.02,yes,2,0.0,2.65,,,0,TRUE,1,,0,,,,0,FALSE,FALSE,FALSE,,,,,,State Assembly Election (AE)
Tamil_Nadu,13,13,2026,5,4,0,29,V. A. SUDHAKAR,,Independent,31,0,,184051,211772,KOLATHUR,GEN,CHENNAI,,36,86.91,0.02,yes,3,0.0,2.65,,,0,TRUE,1,,0,,,,0,FALSE,FALSE,FALSE,,,,,,State Assembly Election (AE)
Tamil_Nadu,13,13,2026,5,4,0,30,RAJA. G.,,Independent,28,0,,184051,211772,KOLATHUR,GEN,CHENNAI,,36,86.91,0.02,yes,2,0.0,2.65,,,0,TRUE,1,,0,,,,0,FALSE,FALSE,FALSE,,,,,,State Assembly Election (AE)
Tamil_Nadu,13,13,2026,5,4,0,31,SIVAGNANASAM,,Desiya Makkal Sakthi Katchi,26,0,,184051,211772,KOLATHUR,GEN,CHENNAI,,36,86.91,0.01,yes,2,0.0,2.65,,,0,TRUE,1,,0,,,,0,FALSE,FALSE,FALSE,,,,,,State Assembly Election (AE)
Tamil_Nadu,13,13,2026,5,4,0,32,K. ELUMALAI,,Veerath Thiyagi Viswanathadoss Thozhilalarkal Katchi,24,0,,184051,211772,KOLATHUR,GEN,CHENNAI,,36,86.91,0.01,yes,1,0.0,2.65,,,0,TRUE,1,,0,,,,0,FALSE,FALSE,FALSE,,,,,,State Assembly Election (AE)
Tamil_Nadu,13,13,2026,5,4,0,33,A. RAJI,,Independent,23,0,,184051,211772,KOLATHUR,GEN,CHENNAI,,36,86.91,0.01,yes,1,0.0,2.65,,,0,TRUE,1,,0,,,,0,FALSE,FALSE,FALSE,,,,,,State Assembly Election (AE)
Tamil_Nadu,13,13,2026,5,4,0,34,FARMER JAYARAMAN. S K J.,,Independent,22,0,,184051,211772,KOLATHUR,GEN,CHENNAI,,36,86.91,0.01,yes,1,0.0,2.65,,,0,TRUE,1,,0,,,,0,FALSE,FALSE,FALSE,,,,,,State Assembly Election (AE)
Tamil_Nadu,13,13,2026,5,4,0,35,R. BALAJI,,Independent,21,0,,184051,211772,KOLATHUR,GEN,CHENNAI,,36,86.91,0.01,yes,8,0.0,2.65,,,0,TRUE,1,,0,,,,0,FALSE,FALSE,FALSE,,,,,,State Assembly Election (AE)
Tamil_Nadu,13,13,2026,5,4,0,36,S. BALACHANDAR,,Independent,13,0,,184051,211772,KOLATHUR,GEN,CHENNAI,,36,86.91,0.01,yes,13,0.01,2.65,,,0,TRUE,1,,0,,,,0,FALSE,FALSE,FALSE,,,,,,State Assembly Election (AE)
Tamil_Nadu,13,14,2026,5,4,0,1,AADHAV ARJUNA,,Tamilaga Vettri Kazhagam,66445,0,,141452,163372,VILLIVAKKAM,GEN,CHENNAI,,29,86.58,46.97,no,17302,12.23,2.77,,,0,TRUE,1,,0,,,,0,FALSE,FALSE,FALSE,,,,,,State Assembly Election (AE)
Tamil_Nadu,13,14,2026,5,4,0,2,KARTHIK MOHAN,,Dravida Munnetra Kazhagam,49143,0,,141452,163372,VILLIVAKKAM,GEN,CHENNAI,,29,86.58,34.74,no,29805,21.07,2.77,,,0,TRUE,1,,0,,,,0,FALSE,FALSE,FALSE,,,,,,State Assembly Election (AE)
Tamil_Nadu,13,14,2026,5,4,0,3,VIJAYAKUMAR  S.R,,All India Anna Dravida Munnetra Kazhagam,19338,0,,141452,163372,VILLIVAKKAM,GEN,CHENNAI,,29,86.58,13.67,yes,15028,10.62,2.77,,,0,TRUE,1,,0,,,,0,FALSE,FALSE,FALSE,,,,,,State Assembly Election (AE)
Tamil_Nadu,13,14,2026,5,4,0,4,ROSHINI S,,Naam Tamilar Katchi,4310,0,,141452,163372,VILLIVAKKAM,GEN,CHENNAI,,29,86.58,3.05,yes,3615,2.56,2.77,,,0,TRUE,1,,0,,,,0,FALSE,FALSE,FALSE,,,,,,State Assembly Election (AE)
Tamil_Nadu,13,14,2026,5,4,0,5,None Of The Above,,None of the Above,695,0,,141452,163372,VILLIVAKKAM,GEN,CHENNAI,,29,86.58,0.49,yes,511,0.36,2.77,,,0,TRUE,1,,0,,,,0,FALSE,FALSE,FALSE,,,,,,State Assembly Election (AE)
Tamil_Nadu,13,14,2026,5,4,0,6,DHAYANIDHI D,,Independent,184,0,,141452,163372,VILLIVAKKAM,GEN,CHENNAI,,29,86.58,0.13,yes,37,0.03,2.77,,,0,TRUE,1,,0,,,,0,FALSE,FALSE,FALSE,,,,,,State Assembly Election (AE)
Tamil_Nadu,13,14,2026,5,4,0,7,ABDUL SHABEEK  A,,Tamizhaga Vaazhvurimai Katchi,147,0,,141452,163372,VILLIVAKKAM,GEN,CHENNAI,,29,86.58,0.1,yes,0,0.0,2.77,,,0,TRUE,1,,0,,,,0,FALSE,FALSE,FALSE,,,,,,State Assembly Election (AE)
Tamil_Nadu,13,14,2026,5,4,0,8,AJITHKUMAR A,,Thakkam Katchi,147,0,,141452,163372,VILLIVAKKAM,GEN,CHENNAI,,29,86.58,0.1,yes,40,0.03,2.77,,,0,TRUE,1,,0,,,,0,FALSE,FALSE,FALSE,,,,,,State Assembly Election (AE)
Tamil_Nadu,13,14,2026,5,4,0,9,SHANMUGA D,,Independent,107,0,,141452,163372,VILLIVAKKAM,GEN,CHENNAI,,29,86.58,0.08,yes,8,0.01,2.77,,,0,TRUE,1,,0,,,,0,FALSE,FALSE,FALSE,,,,,,State Assembly Election (AE)
Tamil_Nadu,13,14,2026,5,4,0,10,ASHOK KUMAR C.A,,Independent,99,0,,141452,163372,VILLIVAKKAM,GEN,CHENNAI,,29,86.58,0.07,yes,11,0.01,2.77,,,0,TRUE,1,,0,,,,0,FALSE,FALSE,FALSE,,,,,,State Assembly Election (AE)
Tamil_Nadu,13,14,2026,5,4,0,11,MURALI R,,Independent,88,0,,141452,163372,VILLIVAKKAM,GEN,CHENNAI,,29,86.58,0.06,yes,11,0.01,2.77,,,0,TRUE,1,,0,,,,0,FALSE,FALSE,FALSE,,,,,,State Assembly Election (AE)
Tamil_Nadu,13,14,2026,5,4,0,12,SUBRAMANI K,,Independent,77,0,,141452,163372,VILLIVAKKAM,GEN,CHENNAI,,29,86.58,0.05,yes,6,0.0,2.77,,,0,TRUE,1,,0,,,,0,FALSE,FALSE,FALSE,,,,,,State Assembly Election (AE)
Tamil_Nadu,13,14,2026,5,4,0,13,KARTHICK P,,Independent,71,0,,141452,163372,VILLIVAKKAM,GEN,CHENNAI,,29,86.58,0.05,yes,9,0.01,2.77,,,0,TRUE,1,,0,,,,0,FALSE,FALSE,FALSE,,,,,,State Assembly Election (AE)
Tamil_Nadu,13,14,2026,5,4,0,14,DEVARAJAN G,,Independent,62,0,,141452,163372,VILLIVAKKAM,GEN,CHENNAI,,29,86.58,0.04,yes,4,0.0,2.77,,,0,TRUE,1,,0,,,,0,FALSE,FALSE,FALSE,,,,,,State Assembly Election (AE)
Tamil_Nadu,13,14,2026,5,4,0,15,KANNAN M,,Independent,58,0,,141452,163372,VILLIVAKKAM,GEN,CHENNAI,,29,86.58,0.04,yes,7,0.0,2.77,,,0,TRUE,1,,0,,,,0,FALSE,FALSE,FALSE,,,,,,State Assembly Election (AE)
Tamil_Nadu,13,14,2026,5,4,0,16,SOLOMON  J.R,,Independent,51,0,,141452,163372,VILLIVAKKAM,GEN,CHENNAI,,29,86.58,0.04,yes,1,0.0,2.77,,,0,TRUE,1,,0,,,,0,FALSE,FALSE,FALSE,,,,,,State Assembly Election (AE)
Tamil_Nadu,13,14,2026,5,4,0,17,BALAMURALI G,,Independent,50,0,,141452,163372,VILLIVAKKAM,GEN,CHENNAI,,29,86.58,0.04,yes,2,0.0,2.77,,,0,TRUE,1,,0,,,,0,FALSE,FALSE,FALSE,,,,,,State Assembly Election (AE)
Tamil_Nadu,13,14,2026,5,4,0,18,KARTHICK S,,Independent,48,0,,141452,163372,VILLIVAKKAM,GEN,CHENNAI,,29,86.58,0.03,yes,0,0.0,2.77,,,0,TRUE,1,,0,,,,0,FALSE,FALSE,FALSE,,,,,,State Assembly Election (AE)
Tamil_Nadu,13,14,2026,5,4,0,19,JAYA ZEBA C,,Independent,48,0,,141452,163372,VILLIVAKKAM,GEN,CHENNAI,,29,86.58,0.03,yes,2,0.0,2.77,,,0,TRUE,1,,0,,,,0,FALSE,FALSE,FALSE,,,,,,State Assembly Election (AE)
Tamil_Nadu,13,14,2026,5,4,0,20,VIJAYAKUMAR G,,Independent,46,0,,141452,163372,VILLIVAKKAM,GEN,CHENNAI,,29,86.58,0.03,yes,4,0.0,2.77,,,0,TRUE,1,,0,,,,0,FALSE,FALSE,FALSE,,,,,,State Assembly Election (AE)
Tamil_Nadu,13,14,2026,5,4,0,21,KANDASAMY S,,Independent,42,0,,141452,163372,VILLIVAKKAM,GEN,CHENNAI,,29,86.58,0.03,yes,9,0.01,2.77,,,0,TRUE,1,,0,,,,0,FALSE,FALSE,FALSE,,,,,,State Assembly Election (AE)
Tamil_Nadu,13,14,2026,5,4,0,22,ANBAZHAGAN G,,Independent,33,0,,141452,163372,VILLIVAKKAM,GEN,CHENNAI,,29,86.58,0.02,yes,1,0.0,2.77,,,0,TRUE,1,,0,,,,0,FALSE,FALSE,FALSE,,,,,,State Assembly Election (AE)
Tamil_Nadu,13,14,2026,5,4,0,23,YUVARAJ S,,Independent,32,0,,141452,163372,VILLIVAKKAM,GEN,CHENNAI,,29,86.58,0.02,yes,2,0.0,2.77,,,0,TRUE,1,,0,,,,0,FALSE,FALSE,FALSE,,,,,,State Assembly Election (AE)
Tamil_Nadu,13,14,2026,5,4,0,24,VIJAYAKUMAR  D,,Independent,30,0,,141452,163372,VILLIVAKKAM,GEN,CHENNAI,,29,86.58,0.02,yes,1,0.0,2.77,,,0,TRUE,1,,0,,,,0,FALSE,FALSE,FALSE,,,,,,State Assembly Election (AE)
Tamil_Nadu,13,14,2026,5,4,0,25,CHARAVANAN M.P,,Independent,29,0,,141452,163372,VILLIVAKKAM,GEN,CHENNAI,,29,86.58,0.02,yes,1,0.0,2.77,,,0,TRUE,1,,0,,,,0,FALSE,FALSE,FALSE,,,,,,State Assembly Election (AE)
Tamil_Nadu,13,14,2026,5,4,0,26,MURALI VINODH  M,,Independent,28,0,,141452,163372,VILLIVAKKAM,GEN,CHENNAI,,29,86.58,0.02,yes,3,0.0,2.77,,,0,TRUE,1,,0,,,,0,FALSE,FALSE,FALSE,,,,,,State Assembly Election (AE)
Tamil_Nadu,13,14,2026,5,4,0,27,MANIMARAN P,,Independent,25,0,,141452,163372,VILLIVAKKAM,GEN,CHENNAI,,29,86.58,0.02,yes,15,0.01,2.77,,,0,TRUE,1,,0,,,,0,FALSE,FALSE,FALSE,,,,,,State Assembly Election (AE)
Tamil_Nadu,13,14,2026,5,4,0,28,PURUSHOTHAMAN P,,Independent,10,0,,141452,163372,VILLIVAKKAM,GEN,CHENNAI,,29,86.58,0.01,yes,1,0.0,2.77,,,0,TRUE,1,,0,,,,0,FALSE,FALSE,FALSE,,,,,,State Assembly Election (AE)
Tamil_Nadu,13,14,2026,5,4,0,29,RAJI M,,Independent,9,0,,141452,163372,VILLIVAKKAM,GEN,CHENNAI,,29,86.58,0.01,yes,9,0.01,2.77,,,0,TRUE,1,,0,,,,0,FALSE,FALSE,FALSE,,,,,,State Assembly Election (AE)
Tamil_Nadu,13,15,2026,5,4,0,1,M. R. PALLAVI,,Tamilaga Vettri Kazhagam,69125,0,,143903,181621,THIRU-VI-KA-NAGAR,SC,CHENNAI,,24,79.23,48.04,no,22333,15.52,2.75,,,0,TRUE,1,,0,,,,0,FALSE,FALSE,FALSE,,,,,,State Assembly Election (AE)
Tamil_Nadu,13,15,2026,5,4,0,2,K. S. RAVICHANDRAN,,Dravida Munnetra Kazhagam,46792,0,,143903,181621,THIRU-VI-KA-NAGAR,SC,CHENNAI,,24,79.23,32.52,no,23488,16.32,2.75,,,0,TRUE,1,,0,,,,0,FALSE,FALSE,FALSE,,,,,,State Assembly Election (AE)
Tamil_Nadu,13,15,2026,5,4,0,3,PORKODI ARMSTRONG,,All India Anna Dravida Munnetra Kazhagam,23304,0,,143903,181621,THIRU-VI-KA-NAGAR,SC,CHENNAI,,24,79.23,16.19,yes,20646,14.35,2.75,,,0,TRUE,1,,0,,,,0,FALSE,FALSE,FALSE,,,,,,State Assembly Election (AE)
Tamil_Nadu,13,15,2026,5,4,0,4,JAGADESH CHANDER .M,,Naam Tamilar Katchi,2658,0,,143903,181621,THIRU-VI-KA-NAGAR,SC,CHENNAI,,24,79.23,1.85,yes,2131,1.48,2.75,,,0,TRUE,1,,0,,,,0,FALSE,FALSE,FALSE,,,,,,State Assembly Election (AE)
Tamil_Nadu,13,15,2026,5,4,0,5,None Of The Above,,None of the Above,527,0,,143903,181621,THIRU-VI-KA-NAGAR,SC,CHENNAI,,24,79.23,0.37,yes,177,0.12,2.75,,,0,TRUE,1,,0,,,,0,FALSE,FALSE,FALSE,,,,,,State Assembly Election (AE)
Tamil_Nadu,13,15,2026,5,4,0,6,S JAYAKALPANA,,Republican Party of India (Athawale),350,0,,143903,181621,THIRU-VI-KA-NAGAR,SC,CHENNAI,,24,79.23,0.24,yes,180,0.13,2.75,,,0,TRUE,1,,0,,,,0,FALSE,FALSE,FALSE,,,,,,State Assembly Election (AE)
Tamil_Nadu,13,15,2026,5,4,0,7,A. SELVA KUMAR,,Thakkam Katchi,170,0,,143903,181621,THIRU-VI-KA-NAGAR,SC,CHENNAI,,24,79.23,0.12,yes,36,0.03,2.75,,,0,TRUE,1,,0,,,,0,FALSE,FALSE,FALSE,,,,,,State Assembly Election (AE)
Tamil_Nadu,13,15,2026,5,4,0,8,PRAKASH ARUNACHALAM,,Independent,134,0,,143903,181621,THIRU-VI-KA-NAGAR,SC,CHENNAI,,24,79.23,0.09,yes,0,0.0,2.75,,,0,TRUE,1,,0,,,,0,FALSE,FALSE,FALSE,,,,,,State Assembly Election (AE)
Tamil_Nadu,13,15,2026,5,4,0,9,PRASANTH. D,,Independent,134,0,,143903,181621,THIRU-VI-KA-NAGAR,SC,CHENNAI,,24,79.23,0.09,yes,7,0.0,2.75,,,0,TRUE,1,,0,,,,0,FALSE,FALSE,FALSE,,,,,,State Assembly Election (AE)
Tamil_Nadu,13,15,2026,5,4,0,10,M. LOKESH,,Independent,127,0,,143903,181621,THIRU-VI-KA-NAGAR,SC,CHENNAI,,24,79.23,0.09,yes,33,0.02,2.75,,,0,TRUE,1,,0,,,,0,FALSE,FALSE,FALSE,,,,,,State Assembly Election (AE)
Tamil_Nadu,13,15,2026,5,4,0,11,C. CHRISTY,,All India Puratchi Thalaivar Makkal Munnettra Kazhagam,94,0,,143903,181621,THIRU-VI-KA-NAGAR,SC,CHENNAI,,24,79.23,0.07,yes,17,0.01,2.75,,,0,TRUE,1,,0,,,,0,FALSE,FALSE,FALSE,,,,,,State Assembly Election (AE)
Tamil_Nadu,13,15,2026,5,4,0,12,M. KOLANJI,,Independent,77,0,,143903,181621,THIRU-VI-KA-NAGAR,SC,CHENNAI,,24,79.23,0.05,yes,7,0.0,2.75,,,0,TRUE,1,,0,,,,0,FALSE,FALSE,FALSE,,,,,,State Assembly Election (AE)
Tamil_Nadu,13,15,2026,5,4,0,13,PRAVEEN THIYAGARAJAN,,Independent,70,0,,143903,181621,THIRU-VI-KA-NAGAR,SC,CHENNAI,,24,79.23,0.05,yes,19,0.01,2.75,,,0,TRUE,1,,0,,,,0,FALSE,FALSE,FALSE,,,,,,State Assembly Election (AE)
Tamil_Nadu,13,15,2026,5,4,0,14,C. JAGAN MOHAN,,Independent,51,0,,143903,181621,THIRU-VI-KA-NAGAR,SC,CHENNAI,,24,79.23,0.04,yes,6,0.0,2.75,,,0,TRUE,1,,0,,,,0,FALSE,FALSE,FALSE,,,,,,State Assembly Election (AE)
Tamil_Nadu,13,15,2026,5,4,0,15,S. PARTHIBAN,,Independent,45,0,,143903,181621,THIRU-VI-KA-NAGAR,SC,CHENNAI,,24,79.23,0.03,yes,5,0.0,2.75,,,0,TRUE,1,,0,,,,0,FALSE,FALSE,FALSE,,,,,,State Assembly Election (AE)
Tamil_Nadu,13,15,2026,5,4,0,16,D. SATHISH KUMAR,,Independent,40,0,,143903,181621,THIRU-VI-KA-NAGAR,SC,CHENNAI,,24,79.23,0.03,yes,0,0.0,2.75,,,0,TRUE,1,,0,,,,0,FALSE,FALSE,FALSE,,,,,,State Assembly Election (AE)
Tamil_Nadu,13,15,2026,5,4,0,17,S. RAJENDRAN,,Independent,40,0,,143903,181621,THIRU-VI-KA-NAGAR,SC,CHENNAI,,24,79.23,0.03,yes,8,0.01,2.75,,,0,TRUE,1,,0,,,,0,FALSE,FALSE,FALSE,,,,,,State Assembly Election (AE)
Tamil_Nadu,13,15,2026,5,4,0,18,R. MURUGAN,,Independent,32,0,,143903,181621,THIRU-VI-KA-NAGAR,SC,CHENNAI,,24,79.23,0.02,yes,3,0.0,2.75,,,0,TRUE,1,,0,,,,0,FALSE,FALSE,FALSE,,,,,,State Assembly Election (AE)
Tamil_Nadu,13,15,2026,5,4,0,19,R. ANANDAN,,Independent,29,0,,143903,181621,THIRU-VI-KA-NAGAR,SC,CHENNAI,,24,79.23,0.02,yes,2,0.0,2.75,,,0,TRUE,1,,0,,,,0,FALSE,FALSE,FALSE,,,,,,State Assembly Election (AE)
Tamil_Nadu,13,15,2026,5,4,0,20,G. J. DHARANIRAJ,,Independent,27,0,,143903,181621,THIRU-VI-KA-NAGAR,SC,CHENNAI,,24,79.23,0.02,yes,4,0.0,2.75,,,0,TRUE,1,,0,,,,0,FALSE,FALSE,FALSE,,,,,,State Assembly Election (AE)
Tamil_Nadu,13,15,2026,5,4,0,21,M. KANNADASAN,,Independent,23,0,,143903,181621,THIRU-VI-KA-NAGAR,SC,CHENNAI,,24,79.23,0.02,yes,2,0.0,2.75,,,0,TRUE,1,,0,,,,0,FALSE,FALSE,FALSE,,,,,,State Assembly Election (AE)
Tamil_Nadu,13,15,2026,5,4,0,22,SATHISH,,Independent,21,0,,143903,181621,THIRU-VI-KA-NAGAR,SC,CHENNAI,,24,79.23,0.01,yes,3,0.0,2.75,,,0,TRUE,1,,0,,,,0,FALSE,FALSE,FALSE,,,,,,State Assembly Election (AE)
Tamil_Nadu,13,15,2026,5,4,0,23,S. SENTHAMIZHAN,,Independent,18,0,,143903,181621,THIRU-VI-KA-NAGAR,SC,CHENNAI,,24,79.23,0.01,yes,3,0.0,2.75,,,0,TRUE,1,,0,,,,0,FALSE,FALSE,FALSE,,,,,,State Assembly Election (AE)
Tamil_Nadu,13,15,2026,5,4,0,24,M. MOHAN,,Independent,15,0,,143903,181621,THIRU-VI-KA-NAGAR,SC,CHENNAI,,24,79.23,0.01,yes,15,0.01,2.75,,,0,TRUE,1,,0,,,,0,FALSE,FALSE,FALSE,,,,,,State Assembly Election (AE)
Tamil_Nadu,13,16,2026,5,4,0,1,RAJMOHAN,,Tamilaga Vettri Kazhagam,53901,0,,119738,138775,EGMORE,SC,CHENNAI,,19,86.28,45.02,no,10804,9.02,2.81,,,0,TRUE,1,,0,,,,0,FALSE,FALSE,FALSE,,,,,,State Assembly Election (AE)
Tamil_Nadu,13,16,2026,5,4,0,2,TAMILAN PRASANNA,,Dravida Munnetra Kazhagam,43097,0,,119738,138775,EGMORE,SC,CHENNAI,,19,86.28,35.99,no,24906,20.8,2.81,,,0,TRUE,1,,0,,,,0,FALSE,FALSE,FALSE,,,,,,State Assembly Election (AE)
Tamil_Nadu,13,16,2026,5,4,0,3,ABISHEK. R,,All India Anna Dravida Munnetra Kazhagam,18191,0,,119738,138775,EGMORE,SC,CHENNAI,,19,86.28,15.19,yes,15669,13.09,2.81,,,0,TRUE,1,,0,,,,0,FALSE,FALSE,FALSE,,,,,,State Assembly Election (AE)
Tamil_Nadu,13,16,2026,5,4,0,4,SARANYA IMRAN,,Naam Tamilar Katchi,2522,0,,119738,138775,EGMORE,SC,CHENNAI,,19,86.28,2.11,yes,1827,1.53,2.81,,,0,TRUE,1,,0,,,,0,FALSE,FALSE,FALSE,,,,,,State Assembly Election (AE)
Tamil_Nadu,13,16,2026,5,4,0,5,None Of The Above,,None of the Above,695,0,,119738,138775,EGMORE,SC,CHENNAI,,19,86.28,0.58,yes,486,0.41,2.81,,,0,TRUE,1,,0,,,,0,FALSE,FALSE,FALSE,,,,,,State Assembly Election (AE)
Tamil_Nadu,13,16,2026,5,4,0,6,DR.N. GUNASEKAR,,Republican Party of India (Athawale),209,0,,119738,138775,EGMORE,SC,CHENNAI,,19,86.28,0.17,yes,36,0.03,2.81,,,0,TRUE,1,,0,,,,0,FALSE,FALSE,FALSE,,,,,,State Assembly Election (AE)
Tamil_Nadu,13,16,2026,5,4,0,7,G.R. RAJENDRAN,,National Maha Sabha Party,173,0,,119738,138775,EGMORE,SC,CHENNAI,,19,86.28,0.14,yes,18,0.02,2.81,,,0,TRUE,1,,0,,,,0,FALSE,FALSE,FALSE,,,,,,State Assembly Election (AE)
Tamil_Nadu,13,16,2026,5,4,0,8,S. VINOTH KUMAR,,Independent,155,0,,119738,138775,EGMORE,SC,CHENNAI,,19,86.28,0.13,yes,3,0.0,2.81,,,0,TRUE,1,,0,,,,0,FALSE,FALSE,FALSE,,,,,,State Assembly Election (AE)
Tamil_Nadu,13,16,2026,5,4,0,9,ARUN RAO. N.A,,Naam Indiar Party,152,0,,119738,138775,EGMORE,SC,CHENNAI,,19,86.28,0.13,yes,41,0.03,2.81,,,0,TRUE,1,,0,,,,0,FALSE,FALSE,FALSE,,,,,,State Assembly Election (AE)
Tamil_Nadu,13,16,2026,5,4,0,10,D. THIRUNAVUKKARASAR,,Tamizhaga Vaazhvurimai Katchi,111,0,,119738,138775,EGMORE,SC,CHENNAI,,19,86.28,0.09,yes,12,0.01,2.81,,,0,TRUE,1,,0,,,,0,FALSE,FALSE,FALSE,,,,,,State Assembly Election (AE)
Tamil_Nadu,13,16,2026,5,4,0,11,T. MAGIZHANBAN,,All India Puratchi Thalaivar Makkal Munnettra Kazhagam,99,0,,119738,138775,EGMORE,SC,CHENNAI,,19,86.28,0.08,yes,7,0.01,2.81,,,0,TRUE,1,,0,,,,0,FALSE,FALSE,FALSE,,,,,,State Assembly Election (AE)
Tamil_Nadu,13,16,2026,5,4,0,12,RAJMOHAN,,Independent,92,0,,119738,138775,EGMORE,SC,CHENNAI,,19,86.28,0.08,yes,27,0.02,2.81,,,0,TRUE,1,,0,,,,0,FALSE,FALSE,FALSE,,,,,,State Assembly Election (AE)
Tamil_Nadu,13,16,2026,5,4,0,13,ARAVINDAN,,Independent,65,0,,119738,138775,EGMORE,SC,CHENNAI,,19,86.28,0.05,yes,5,0.0,2.81,,,0,TRUE,1,,0,,,,0,FALSE,FALSE,FALSE,,,,,,State Assembly Election (AE)
Tamil_Nadu,13,16,2026,5,4,0,14,VENKATESH. K,,Independent,60,0,,119738,138775,EGMORE,SC,CHENNAI,,19,86.28,0.05,yes,6,0.01,2.81,,,0,TRUE,1,,0,,,,0,FALSE,FALSE,FALSE,,,,,,State Assembly Election (AE)
Tamil_Nadu,13,16,2026,5,4,0,15,M. NAGARAJAN,,Independent,54,0,,119738,138775,EGMORE,SC,CHENNAI,,19,86.28,0.05,yes,3,0.0,2.81,,,0,TRUE,1,,0,,,,0,FALSE,FALSE,FALSE,,,,,,State Assembly Election (AE)
Tamil_Nadu,13,16,2026,5,4,0,16,S. PICHAMUTHU,,Independent,51,0,,119738,138775,EGMORE,SC,CHENNAI,,19,86.28,0.04,yes,7,0.01,2.81,,,0,TRUE,1,,0,,,,0,FALSE,FALSE,FALSE,,,,,,State Assembly Election (AE)
Tamil_Nadu,13,16,2026,5,4,0,17,RAJKUMAR,,Independent,44,0,,119738,138775,EGMORE,SC,CHENNAI,,19,86.28,0.04,yes,3,0.0,2.81,,,0,TRUE,1,,0,,,,0,FALSE,FALSE,FALSE,,,,,,State Assembly Election (AE)
Tamil_Nadu,13,16,2026,5,4,0,18,R. KUMARAVEL,,Independent,41,0,,119738,138775,EGMORE,SC,CHENNAI,,19,86.28,0.03,yes,15,0.01,2.81,,,0,TRUE,1,,0,,,,0,FALSE,FALSE,FALSE,,,,,,State Assembly Election (AE)
Tamil_Nadu,13,16,2026,5,4,0,19,SRIDHAR. M,,Independent,26,0,,119738,138775,EGMORE,SC,CHENNAI,,19,86.28,0.02,yes,26,0.02,2.81,,,0,TRUE,1,,0,,,,0,FALSE,FALSE,FALSE,,,,,,State Assembly Election (AE)
Tamil_Nadu,13,17,2026,5,4,0,1,K.V. VIJAY DAMU,,Tamilaga Vettri Kazhagam,59091,0,,127356,159654,ROYAPURAM,GEN,CHENNAI,,29,79.77,46.4,no,14249,11.19,2.77,,,0,TRUE,1,,0,,,,0,FALSE,FALSE,FALSE,,,,,,State Assembly Election (AE)
Tamil_Nadu,13,17,2026,5,4,0,2,DR. A. SUBAIR KHAN,,Dravida Munnetra Kazhagam,44842,0,,127356,159654,ROYAPURAM,GEN,CHENNAI,,29,79.77,35.21,no,26422,20.75,2.77,,,0,TRUE,1,,0,,,,0,FALSE,FALSE,FALSE,,,,,,State Assembly Election (AE)
Tamil_Nadu,13,17,2026,5,4,0,3,D. JAYAKUMAR,,All India Anna Dravida Munnetra Kazhagam,18420,0,,127356,159654,ROYAPURAM,GEN,CHENNAI,,29,79.77,14.46,yes,15473,12.15,2.77,,,0,TRUE,1,,0,,,,0,FALSE,FALSE,FALSE,,,,,,State Assembly Election (AE)
Tamil_Nadu,13,17,2026,5,4,0,4,A. BABU MAILAN,,Naam Tamilar Katchi,2947,0,,127356,159654,ROYAPURAM,GEN,CHENNAI,,29,79.77,2.31,yes,2488,1.95,2.77,,,0,TRUE,1,,0,,,,0,FALSE,FALSE,FALSE,,,,,,State Assembly Election (AE)
Tamil_Nadu,13,17,2026,5,4,0,5,None Of The Above,,None of the Above,459,0,,127356,159654,ROYAPURAM,GEN,CHENNAI,,29,79.77,0.36,yes,237,0.19,2.77,,,0,TRUE,1,,0,,,,0,FALSE,FALSE,FALSE,,,,,,State Assembly Election (AE)
Tamil_Nadu,13,17,2026,5,4,0,6,M. JAYARAJKUMAR,,Bahujan Samaj Party,222,0,,127356,159654,ROYAPURAM,GEN,CHENNAI,,29,79.77,0.17,yes,6,0.0,2.77,,,0,TRUE,1,,0,,,,0,FALSE,FALSE,FALSE,,,,,,State Assembly Election (AE)
Tamil_Nadu,13,17,2026,5,4,0,7,M DHINAKARAN,,Independent,216,0,,127356,159654,ROYAPURAM,GEN,CHENNAI,,29,79.77,0.17,yes,67,0.05,2.77,,,0,TRUE,1,,0,,,,0,FALSE,FALSE,FALSE,,,,,,State Assembly Election (AE)
Tamil_Nadu,13,17,2026,5,4,0,8,R. VINOTHKUMAR,,Naam Indiar Party,149,0,,127356,159654,ROYAPURAM,GEN,CHENNAI,,29,79.77,0.12,yes,50,0.04,2.77,,,0,TRUE,1,,0,,,,0,FALSE,FALSE,FALSE,,,,,,State Assembly Election (AE)
Tamil_Nadu,13,17,2026,5,4,0,9,R. RAJKUMAR,,Independent,99,0,,127356,159654,ROYAPURAM,GEN,CHENNAI,,29,79.77,0.08,yes,15,0.01,2.77,,,0,TRUE,1,,0,,,,0,FALSE,FALSE,FALSE,,,,,,State Assembly Election (AE)
Tamil_Nadu,13,17,2026,5,4,0,10,J. SELVAKUMAR,,Independent,84,0,,127356,159654,ROYAPURAM,GEN,CHENNAI,,29,79.77,0.07,yes,1,0.0,2.77,,,0,TRUE,1,,0,,,,0,FALSE,FALSE,FALSE,,,,,,State Assembly Election (AE)
Tamil_Nadu,13,17,2026,5,4,0,11,M. RAJKUMAR,,Tamizhaga Vaazhvurimai Katchi,83,0,,127356,159654,ROYAPURAM,GEN,CHENNAI,,29,79.77,0.07,yes,7,0.01,2.77,,,0,TRUE,1,,0,,,,0,FALSE,FALSE,FALSE,,,,,,State Assembly Election (AE)
Tamil_Nadu,13,17,2026,5,4,0,12,D. JAYAKUMAR,,Independent,76,0,,127356,159654,ROYAPURAM,GEN,CHENNAI,,29,79.77,0.06,yes,12,0.01,2.77,,,0,TRUE,1,,0,,,,0,FALSE,FALSE,FALSE,,,,,,State Assembly Election (AE)
Tamil_Nadu,13,17,2026,5,4,0,13,T. KAVIYARASU,,Independent,64,0,,127356,159654,ROYAPURAM,GEN,CHENNAI,,29,79.77,0.05,yes,1,0.0,2.77,,,0,TRUE,1,,0,,,,0,FALSE,FALSE,FALSE,,,,,,State Assembly Election (AE)
Tamil_Nadu,13,17,2026,5,4,0,14,A. SATHIK KUMAR,,Democratic National Allegiance,63,0,,127356,159654,ROYAPURAM,GEN,CHENNAI,,29,79.77,0.05,yes,1,0.0,2.77,,,0,TRUE,1,,0,,,,0,FALSE,FALSE,FALSE,,,,,,State Assembly Election (AE)
Tamil_Nadu,13,17,2026,5,4,0,15,V. BHAGATH SINGH,,Independent,62,0,,127356,159654,ROYAPURAM,GEN,CHENNAI,,29,79.77,0.05,yes,10,0.01,2.77,,,0,TRUE,1,,0,,,,0,FALSE,FALSE,FALSE,,,,,,State Assembly Election (AE)
Tamil_Nadu,13,17,2026,5,4,0,16,T. RAJESH,,Independent,52,0,,127356,159654,ROYAPURAM,GEN,CHENNAI,,29,79.77,0.04,yes,3,0.0,2.77,,,0,TRUE,1,,0,,,,0,FALSE,FALSE,FALSE,,,,,,State Assembly Election (AE)
Tamil_Nadu,13,17,2026,5,4,0,17,P. SUMATHI,,Independent,49,0,,127356,159654,ROYAPURAM,GEN,CHENNAI,,29,79.77,0.04,yes,9,0.01,2.77,,,0,TRUE,1,,0,,,,0,FALSE,FALSE,FALSE,,,,,,State Assembly Election (AE)
Tamil_Nadu,13,17,2026,5,4,0,18,G. KARTHIKEYAN,,Independent,40,0,,127356,159654,ROYAPURAM,GEN,CHENNAI,,29,79.77,0.03,yes,2,0.0,2.77,,,0,TRUE,1,,0,,,,0,FALSE,FALSE,FALSE,,,,,,State Assembly Election (AE)
Tamil_Nadu,13,17,2026,5,4,0,19,KERTHIVARUNNAN .R,,Independent,38,0,,127356,159654,ROYAPURAM,GEN,CHENNAI,,29,79.77,0.03,yes,1,0.0,2.77,,,0,TRUE,1,,0,,,,0,FALSE,FALSE,FALSE,,,,,,State Assembly Election (AE)
Tamil_Nadu,13,17,2026,5,4,0,20,A. SASIKUMAR,,Independent,37,0,,127356,159654,ROYAPURAM,GEN,CHENNAI,,29,79.77,0.03,yes,0,0.0,2.77,,,0,TRUE,1,,0,,,,0,FALSE,FALSE,FALSE,,,,,,State Assembly Election (AE)
Tamil_Nadu,13,17,2026,5,4,0,21,A. NIZAR AHAMED,,Independent,37,0,,127356,159654,ROYAPURAM,GEN,CHENNAI,,29,79.77,0.03,yes,1,0.0,2.77,,,0,TRUE,1,,0,,,,0,FALSE,FALSE,FALSE,,,,,,State Assembly Election (AE)
Tamil_Nadu,13,17,2026,5,4,0,22,K. PRASATH,,Independent,36,0,,127356,159654,ROYAPURAM,GEN,CHENNAI,,29,79.77,0.03,yes,1,0.0,2.77,,,0,TRUE,1,,0,,,,0,FALSE,FALSE,FALSE,,,,,,State Assembly Election (AE)
Tamil_Nadu,13,17,2026,5,4,0,23,A. JAYAKUMAR,,Independent,35,0,,127356,159654,ROYAPURAM,GEN,CHENNAI,,29,79.77,0.03,yes,1,0.0,2.77,,,0,TRUE,1,,0,,,,0,FALSE,FALSE,FALSE,,,,,,State Assembly Election (AE)
Tamil_Nadu,13,17,2026,5,4,0,24,I JAYAPRAKASH,,Independent,34,0,,127356,159654,ROYAPURAM,GEN,CHENNAI,,29,79.77,0.03,yes,3,0.0,2.77,,,0,TRUE,1,,0,,,,0,FALSE,FALSE,FALSE,,,,,,State Assembly Election (AE)
Tamil_Nadu,13,17,2026,5,4,0,25,K.J. SIVAKUMAR,,Independent,31,0,,127356,159654,ROYAPURAM,GEN,CHENNAI,,29,79.77,0.02,yes,1,0.0,2.77,,,0,TRUE,1,,0,,,,0,FALSE,FALSE,FALSE,,,,,,State Assembly Election (AE)
Tamil_Nadu,13,17,2026,5,4,0,26,M. MAHALAKSHMI,,Independent,30,0,,127356,159654,ROYAPURAM,GEN,CHENNAI,,29,79.77,0.02,yes,3,0.0,2.77,,,0,TRUE,1,,0,,,,0,FALSE,FALSE,FALSE,,,,,,State Assembly Election (AE)
Tamil_Nadu,13,17,2026,5,4,0,27,C. SRIDHAR,,Independent,27,0,,127356,159654,ROYAPURAM,GEN,CHENNAI,,29,79.77,0.02,yes,7,0.01,2.77,,,0,TRUE,1,,0,,,,0,FALSE,FALSE,FALSE,,,,,,State Assembly Election (AE)
Tamil_Nadu,13,17,2026,5,4,0,28,M. SHANMUGAM,,Independent,20,0,,127356,159654,ROYAPURAM,GEN,CHENNAI,,29,79.77,0.02,yes,7,0.01,2.77,,,0,TRUE,1,,0,,,,0,FALSE,FALSE,FALSE,,,,,,State Assembly Election (AE)
Tamil_Nadu,13,17,2026,5,4,0,29,S. RAJU,,Independent,13,0,,127356,159654,ROYAPURAM,GEN,CHENNAI,,29,79.77,0.01,yes,13,0.01,2.77,,,0,TRUE,1,,0,,,,0,FALSE,FALSE,FALSE,,,,,,State Assembly Election (AE)
Tamil_Nadu,13,18,2026,5,4,0,1,P K SEKARBABU,,Dravida Munnetra Kazhagam,45254,0,,99622,120126,HARBOUR,GEN,CHENNAI,,24,82.93,45.43,no,11750,11.79,2.86,,,0,TRUE,1,,0,,,,0,FALSE,FALSE,FALSE,,,,,,State Assembly Election (AE)
Tamil_Nadu,13,18,2026,5,4,0,2,SINORA P S ASHOK,,Tamilaga Vettri Kazhagam,33504,0,,99622,120126,HARBOUR,GEN,CHENNAI,,24,82.93,33.63,no,16248,16.31,2.86,,,0,TRUE,1,,0,,,,0,FALSE,FALSE,FALSE,,,,,,State Assembly Election (AE)
Tamil_Nadu,13,18,2026,5,4,0,3,R MANOHAR,,All India Anna Dravida Munnetra Kazhagam,17256,0,,99622,120126,HARBOUR,GEN,CHENNAI,,24,82.93,17.32,no,15649,15.71,2.86,,,0,TRUE,1,,0,,,,0,FALSE,FALSE,FALSE,,,,,,State Assembly Election (AE)
Tamil_Nadu,13,18,2026,5,4,0,4,R FOUZAN SHARIFF,,Naam Tamilar Katchi,1607,0,,99622,120126,HARBOUR,GEN,CHENNAI,,24,82.93,1.61,yes,1007,1.01,2.86,,,0,TRUE,1,,0,,,,0,FALSE,FALSE,FALSE,,,,,,State Assembly Election (AE)
Tamil_Nadu,13,18,2026,5,4,0,5,None Of The Above,,None of the Above,600,0,,99622,120126,HARBOUR,GEN,CHENNAI,,24,82.93,0.6,yes,309,0.31,2.86,,,0,TRUE,1,,0,,,,0,FALSE,FALSE,FALSE,,,,,,State Assembly Election (AE)
Tamil_Nadu,13,18,2026,5,4,0,6,SIVALINGAM ASHOK,,Independent,291,0,,99622,120126,HARBOUR,GEN,CHENNAI,,24,82.93,0.29,yes,59,0.06,2.86,,,0,TRUE,1,,0,,,,0,FALSE,FALSE,FALSE,,,,,,State Assembly Election (AE)
Tamil_Nadu,13,18,2026,5,4,0,7,M SURESH,,Bahujan Samaj Party,232,0,,99622,120126,HARBOUR,GEN,CHENNAI,,24,82.93,0.23,yes,35,0.04,2.86,,,0,TRUE,1,,0,,,,0,FALSE,FALSE,FALSE,,,,,,State Assembly Election (AE)
Tamil_Nadu,13,18,2026,5,4,0,8,SANKAR A,,Independent,197,0,,99622,120126,HARBOUR,GEN,CHENNAI,,24,82.93,0.2,yes,89,0.09,2.86,,,0,TRUE,1,,0,,,,0,FALSE,FALSE,FALSE,,,,,,State Assembly Election (AE)
Tamil_Nadu,13,18,2026,5,4,0,9,BABU SINGH,,Independent,108,0,,99622,120126,HARBOUR,GEN,CHENNAI,,24,82.93,0.11,yes,32,0.03,2.86,,,0,TRUE,1,,0,,,,0,FALSE,FALSE,FALSE,,,,,,State Assembly Election (AE)
Tamil_Nadu,13,18,2026,5,4,0,10,ASHOK KUMAR,,Independent,76,0,,99622,120126,HARBOUR,GEN,CHENNAI,,24,82.93,0.08,yes,3,0.0,2.86,,,0,TRUE,1,,0,,,,0,FALSE,FALSE,FALSE,,,,,,State Assembly Election (AE)
Tamil_Nadu,13,18,2026,5,4,0,11,G VISU,,Independent,73,0,,99622,120126,HARBOUR,GEN,CHENNAI,,24,82.93,0.07,yes,8,0.01,2.86,,,0,TRUE,1,,0,,,,0,FALSE,FALSE,FALSE,,,,,,State Assembly Election (AE)
Tamil_Nadu,13,18,2026,5,4,0,12,S GANESH,,Independent,65,0,,99622,120126,HARBOUR,GEN,CHENNAI,,24,82.93,0.07,yes,9,0.01,2.86,,,0,TRUE,1,,0,,,,0,FALSE,FALSE,FALSE,,,,,,State Assembly Election (AE)
Tamil_Nadu,13,18,2026,5,4,0,13,K E MANOHAR,,Independent,56,0,,99622,120126,HARBOUR,GEN,CHENNAI,,24,82.93,0.06,yes,3,0.0,2.86,,,0,TRUE,1,,0,,,,0,FALSE,FALSE,FALSE,,,,,,State Assembly Election (AE)
Tamil_Nadu,13,18,2026,5,4,0,14,T VIJAYARAJ,,Independent,53,0,,99622,120126,HARBOUR,GEN,CHENNAI,,24,82.93,0.05,yes,7,0.01,2.86,,,0,TRUE,1,,0,,,,0,FALSE,FALSE,FALSE,,,,,,State Assembly Election (AE)
Tamil_Nadu,13,18,2026,5,4,0,15,P VIJAYAKUMAR,,Independent,46,0,,99622,120126,HARBOUR,GEN,CHENNAI,,24,82.93,0.05,yes,12,0.01,2.86,,,0,TRUE,1,,0,,,,0,FALSE,FALSE,FALSE,,,,,,State Assembly Election (AE)
Tamil_Nadu,13,18,2026,5,4,0,16,J M NIRAIMOZHI,,Independent,34,0,,99622,120126,HARBOUR,GEN,CHENNAI,,24,82.93,0.03,yes,4,0.0,2.86,,,0,TRUE,1,,0,,,,0,FALSE,FALSE,FALSE,,,,,,State Assembly Election (AE)
Tamil_Nadu,13,18,2026,5,4,0,17,A NEPOLIAN,,Independent,30,0,,99622,120126,HARBOUR,GEN,CHENNAI,,24,82.93,0.03,yes,2,0.0,2.86,,,0,TRUE,1,,0,,,,0,FALSE,FALSE,FALSE,,,,,,State Assembly Election (AE)
Tamil_Nadu,13,18,2026,5,4,0,18,J SHANMUGAPRIYAN,,Independent,28,0,,99622,120126,HARBOUR,GEN,CHENNAI,,24,82.93,0.03,yes,2,0.0,2.86,,,0,TRUE,1,,0,,,,0,FALSE,FALSE,FALSE,,,,,,State Assembly Election (AE)
Tamil_Nadu,13,18,2026,5,4,0,19,V JAGADEESAN,,Independent,26,0,,99622,120126,HARBOUR,GEN,CHENNAI,,24,82.93,0.03,yes,4,0.0,2.86,,,0,TRUE,1,,0,,,,0,FALSE,FALSE,FALSE,,,,,,State Assembly Election (AE)
Tamil_Nadu,13,18,2026,5,4,0,20,D KABILAN,,Independent,22,0,,99622,120126,HARBOUR,GEN,CHENNAI,,24,82.93,0.02,yes,2,0.0,2.86,,,0,TRUE,1,,0,,,,0,FALSE,FALSE,FALSE,,,,,,State Assembly Election (AE)
Tamil_Nadu,13,18,2026,5,4,0,21,R DINESH,,Independent,20,0,,99622,120126,HARBOUR,GEN,CHENNAI,,24,82.93,0.02,yes,2,0.0,2.86,,,0,TRUE,1,,0,,,,0,FALSE,FALSE,FALSE,,,,,,State Assembly Election (AE)
Tamil_Nadu,13,18,2026,5,4,0,22,M KALAIVENTHAN,,Independent,18,0,,99622,120126,HARBOUR,GEN,CHENNAI,,24,82.93,0.02,yes,2,0.0,2.86,,,0,TRUE,1,,0,,,,0,FALSE,FALSE,FALSE,,,,,,State Assembly Election (AE)
Tamil_Nadu,13,18,2026,5,4,0,23,S VEERABATHRAN,,Independent,16,0,,99622,120126,HARBOUR,GEN,CHENNAI,,24,82.93,0.02,yes,6,0.01,2.86,,,0,TRUE,1,,0,,,,0,FALSE,FALSE,FALSE,,,,,,State Assembly Election (AE)
Tamil_Nadu,13,18,2026,5,4,0,24,I VINOD,,Independent,10,0,,99622,120126,HARBOUR,GEN,CHENNAI,,24,82.93,0.01,yes,10,0.01,2.86,,,0,TRUE,1,,0,,,,0,FALSE,FALSE,FALSE,,,,,,State Assembly Election (AE)
Tamil_Nadu,13,19,2026,5,4,0,1,UDHAYANIDHI STALIN,,Dravida Munnetra Kazhagam,62992,0,,140741,166023,CHEPAUK-THIRUVALLIKENI,GEN,CHENNAI,,27,84.77,44.76,no,7140,5.07,2.69,,,0,TRUE,1,,0,,,,0,FALSE,FALSE,FALSE,,,,,,State Assembly Election (AE)
Tamil_Nadu,13,19,2026,5,4,0,2,SELVAM. D,,Tamilaga Vettri Kazhagam,55852,0,,140741,166023,CHEPAUK-THIRUVALLIKENI,GEN,CHENNAI,,27,84.77,39.68,no,39345,27.96,2.69,,,0,TRUE,1,,0,,,,0,FALSE,FALSE,FALSE,,,,,,State Assembly Election (AE)
Tamil_Nadu,13,19,2026,5,4,0,3,AADIRAJARAM,,All India Anna Dravida Munnetra Kazhagam,16507,0,,140741,166023,CHEPAUK-THIRUVALLIKENI,GEN,CHENNAI,,27,84.77,11.73,yes,13536,9.62,2.69,,,0,TRUE,1,,0,,,,0,FALSE,FALSE,FALSE,,,,,,State Assembly Election (AE)
Tamil_Nadu,13,19,2026,5,4,0,4,AYSHA,,Naam Tamilar Katchi,2971,0,,140741,166023,CHEPAUK-THIRUVALLIKENI,GEN,CHENNAI,,27,84.77,2.11,yes,2328,1.65,2.69,,,0,TRUE,1,,0,,,,0,FALSE,FALSE,FALSE,,,,,,State Assembly Election (AE)
Tamil_Nadu,13,19,2026,5,4,0,5,None Of The Above,,None of the Above,643,0,,140741,166023,CHEPAUK-THIRUVALLIKENI,GEN,CHENNAI,,27,84.77,0.46,yes,399,0.28,2.69,,,0,TRUE,1,,0,,,,0,FALSE,FALSE,FALSE,,,,,,State Assembly Election (AE)
Tamil_Nadu,13,19,2026,5,4,0,6,MOHAMMED YASSER,,Bahujan Samaj Party,244,0,,140741,166023,CHEPAUK-THIRUVALLIKENI,GEN,CHENNAI,,27,84.77,0.17,yes,1,0.0,2.69,,,0,TRUE,1,,0,,,,0,FALSE,FALSE,FALSE,,,,,,State Assembly Election (AE)
Tamil_Nadu,13,19,2026,5,4,0,7,AGNI AALVAR,,Independent,243,0,,140741,166023,CHEPAUK-THIRUVALLIKENI,GEN,CHENNAI,,27,84.77,0.17,yes,58,0.04,2.69,,,0,TRUE,1,,0,,,,0,FALSE,FALSE,FALSE,,,,,,State Assembly Election (AE)
Tamil_Nadu,13,19,2026,5,4,0,8,MIRZA SAFDER ALI,,Independent,185,0,,140741,166023,CHEPAUK-THIRUVALLIKENI,GEN,CHENNAI,,27,84.77,0.13,yes,31,0.02,2.69,,,0,TRUE,1,,0,,,,0,FALSE,FALSE,FALSE,,,,,,State Assembly Election (AE)
Tamil_Nadu,13,19,2026,5,4,0,9,RAJESHKUMAR. K,,Independent,154,0,,140741,166023,CHEPAUK-THIRUVALLIKENI,GEN,CHENNAI,,27,84.77,0.11,yes,9,0.01,2.69,,,0,TRUE,1,,0,,,,0,FALSE,FALSE,FALSE,,,,,,State Assembly Election (AE)
Tamil_Nadu,13,19,2026,5,4,0,10,IRFAN BASHA,,Tamizhaga Vaazhvurimai Katchi,145,0,,140741,166023,CHEPAUK-THIRUVALLIKENI,GEN,CHENNAI,,27,84.77,0.1,yes,30,0.02,2.69,,,0,TRUE,1,,0,,,,0,FALSE,FALSE,FALSE,,,,,,State Assembly Election (AE)
Tamil_Nadu,13,19,2026,5,4,0,11,RAJASEKAR. S,,Independent,115,0,,140741,166023,CHEPAUK-THIRUVALLIKENI,GEN,CHENNAI,,27,84.77,0.08,yes,32,0.02,2.69,,,0,TRUE,1,,0,,,,0,FALSE,FALSE,FALSE,,,,,,State Assembly Election (AE)
Tamil_Nadu,13,19,2026,5,4,0,12,SYEED LAYAK BHASHA,,Independent,83,0,,140741,166023,CHEPAUK-THIRUVALLIKENI,GEN,CHENNAI,,27,84.77,0.06,yes,11,0.01,2.69,,,0,TRUE,1,,0,,,,0,FALSE,FALSE,FALSE,,,,,,State Assembly Election (AE)
Tamil_Nadu,13,19,2026,5,4,0,13,AYISHA,,Independent,72,0,,140741,166023,CHEPAUK-THIRUVALLIKENI,GEN,CHENNAI,,27,84.77,0.05,yes,3,0.0,2.69,,,0,TRUE,1,,0,,,,0,FALSE,FALSE,FALSE,,,,,,State Assembly Election (AE)
Tamil_Nadu,13,19,2026,5,4,0,14,BHARATHKUMAR. G,,Independent,69,0,,140741,166023,CHEPAUK-THIRUVALLIKENI,GEN,CHENNAI,,27,84.77,0.05,yes,1,0.0,2.69,,,0,TRUE,1,,0,,,,0,FALSE,FALSE,FALSE,,,,,,State Assembly Election (AE)
Tamil_Nadu,13,19,2026,5,4,0,15,MOHAMED MEERA. A,,Independent,68,0,,140741,166023,CHEPAUK-THIRUVALLIKENI,GEN,CHENNAI,,27,84.77,0.05,yes,25,0.02,2.69,,,0,TRUE,1,,0,,,,0,FALSE,FALSE,FALSE,,,,,,State Assembly Election (AE)
Tamil_Nadu,13,19,2026,5,4,0,16,SELVAM. K,,Independent,43,0,,140741,166023,CHEPAUK-THIRUVALLIKENI,GEN,CHENNAI,,27,84.77,0.03,yes,3,0.0,2.69,,,0,TRUE,1,,0,,,,0,FALSE,FALSE,FALSE,,,,,,State Assembly Election (AE)
Tamil_Nadu,13,19,2026,5,4,0,17,SAAMY. S.K. DR,,Independent,40,0,,140741,166023,CHEPAUK-THIRUVALLIKENI,GEN,CHENNAI,,27,84.77,0.03,yes,2,0.0,2.69,,,0,TRUE,1,,0,,,,0,FALSE,FALSE,FALSE,,,,,,State Assembly Election (AE)
Tamil_Nadu,13,19,2026,5,4,0,18,MOHAMED DHARIK. I,,Independent,38,0,,140741,166023,CHEPAUK-THIRUVALLIKENI,GEN,CHENNAI,,27,84.77,0.03,yes,1,0.0,2.69,,,0,TRUE,1,,0,,,,0,FALSE,FALSE,FALSE,,,,,,State Assembly Election (AE)
Tamil_Nadu,13,19,2026,5,4,0,19,SELVAM. K,,Independent,37,0,,140741,166023,CHEPAUK-THIRUVALLIKENI,GEN,CHENNAI,,27,84.77,0.03,yes,3,0.0,2.69,,,0,TRUE,1,,0,,,,0,FALSE,FALSE,FALSE,,,,,,State Assembly Election (AE)
Tamil_Nadu,13,19,2026,5,4,0,20,VIJAYA KUMAR. B,,Independent,34,0,,140741,166023,CHEPAUK-THIRUVALLIKENI,GEN,CHENNAI,,27,84.77,0.02,yes,1,0.0,2.69,,,0,TRUE,1,,0,,,,0,FALSE,FALSE,FALSE,,,,,,State Assembly Election (AE)
Tamil_Nadu,13,19,2026,5,4,0,21,KUMAR. M,,Independent,33,0,,140741,166023,CHEPAUK-THIRUVALLIKENI,GEN,CHENNAI,,27,84.77,0.02,yes,0,0.0,2.69,,,0,TRUE,1,,0,,,,0,FALSE,FALSE,FALSE,,,,,,State Assembly Election (AE)
Tamil_Nadu,13,19,2026,5,4,0,22,SELVAM ( ALIAS ) HARINARAYANAN,,Independent,33,0,,140741,166023,CHEPAUK-THIRUVALLIKENI,GEN,CHENNAI,,27,84.77,0.02,yes,3,0.0,2.69,,,0,TRUE,1,,0,,,,0,FALSE,FALSE,FALSE,,,,,,State Assembly Election (AE)
Tamil_Nadu,13,19,2026,5,4,0,23,ATHIMULAM,,Independent,30,0,,140741,166023,CHEPAUK-THIRUVALLIKENI,GEN,CHENNAI,,27,84.77,0.02,yes,0,0.0,2.69,,,0,TRUE,1,,0,,,,0,FALSE,FALSE,FALSE,,,,,,State Assembly Election (AE)
Tamil_Nadu,13,19,2026,5,4,0,24,MILANY. P,,Independent,30,0,,140741,166023,CHEPAUK-THIRUVALLIKENI,GEN,CHENNAI,,27,84.77,0.02,yes,1,0.0,2.69,,,0,TRUE,1,,0,,,,0,FALSE,FALSE,FALSE,,,,,,State Assembly Election (AE)
Tamil_Nadu,13,19,2026,5,4,0,25,SEENIVASAN. L,,Independent,29,0,,140741,166023,CHEPAUK-THIRUVALLIKENI,GEN,CHENNAI,,27,84.77,0.02,yes,3,0.0,2.69,,,0,TRUE,1,,0,,,,0,FALSE,FALSE,FALSE,,,,,,State Assembly Election (AE)
Tamil_Nadu,13,19,2026,5,4,0,26,SELVAM ( ALIAS ) VENKATESH,,Independent,26,0,,140741,166023,CHEPAUK-THIRUVALLIKENI,GEN,CHENNAI,,27,84.77,0.02,yes,1,0.0,2.69,,,0,TRUE,1,,0,,,,0,FALSE,FALSE,FALSE,,,,,,State Assembly Election (AE)
Tamil_Nadu,13,19,2026,5,4,0,27,ARUMUGAM. C,,Independent,25,0,,140741,166023,CHEPAUK-THIRUVALLIKENI,GEN,CHENNAI,,27,84.77,0.02,yes,25,0.02,2.69,,,0,TRUE,1,,0,,,,0,FALSE,FALSE,FALSE,,,,,,State Assembly Election (AE)
Tamil_Nadu,13,20,2026,5,4,0,1,PRABHAKAR.J.C.D,,Tamilaga Vettri Kazhagam,58965,0,,131824,157529,THOUSAND LIGHTS,GEN,CHENNAI,,19,83.68,44.73,no,15141,11.49,2.92,,,0,TRUE,1,,0,,,,0,FALSE,FALSE,FALSE,,,,,,State Assembly Election (AE)
Tamil_Nadu,13,20,2026,5,4,0,2,EZHILAN NAGANATHAN,,Dravida Munnetra Kazhagam,43824,0,,131824,157529,THOUSAND LIGHTS,GEN,CHENNAI,,19,83.68,33.24,no,20504,15.55,2.92,,,0,TRUE,1,,0,,,,0,FALSE,FALSE,FALSE,,,,,,State Assembly Election (AE)
Tamil_Nadu,13,20,2026,5,4,0,3,VALARMATHI.B,,All India Anna Dravida Munnetra Kazhagam,23320,0,,131824,157529,THOUSAND LIGHTS,GEN,CHENNAI,,19,83.68,17.69,no,19603,14.87,2.92,,,0,TRUE,1,,0,,,,0,FALSE,FALSE,FALSE,,,,,,State Assembly Election (AE)
Tamil_Nadu,13,20,2026,5,4,0,4,KALANCHIYAM.MU,,Naam Tamilar Katchi,3717,0,,131824,157529,THOUSAND LIGHTS,GEN,CHENNAI,,19,83.68,2.82,yes,2902,2.2,2.92,,,0,TRUE,1,,0,,,,0,FALSE,FALSE,FALSE,,,,,,State Assembly Election (AE)
Tamil_Nadu,13,20,2026,5,4,0,5,None Of The Above,,None of the Above,815,0,,131824,157529,THOUSAND LIGHTS,GEN,CHENNAI,,19,83.68,0.62,yes,570,0.43,2.92,,,0,TRUE,1,,0,,,,0,FALSE,FALSE,FALSE,,,,,,State Assembly Election (AE)
Tamil_Nadu,13,20,2026,5,4,0,6,VALARMATHI.E,,Independent,245,0,,131824,157529,THOUSAND LIGHTS,GEN,CHENNAI,,19,83.68,0.19,yes,42,0.03,2.92,,,0,TRUE,1,,0,,,,0,FALSE,FALSE,FALSE,,,,,,State Assembly Election (AE)
Tamil_Nadu,13,20,2026,5,4,0,7,MOHAMED GHOUSE.H,,Tamizhaga Vaazhvurimai Katchi,203,0,,131824,157529,THOUSAND LIGHTS,GEN,CHENNAI,,19,83.68,0.15,yes,38,0.03,2.92,,,0,TRUE,1,,0,,,,0,FALSE,FALSE,FALSE,,,,,,State Assembly Election (AE)
Tamil_Nadu,13,20,2026,5,4,0,8,SATHYA.A,,Independent,165,0,,131824,157529,THOUSAND LIGHTS,GEN,CHENNAI,,19,83.68,0.13,yes,63,0.05,2.92,,,0,TRUE,1,,0,,,,0,FALSE,FALSE,FALSE,,,,,,State Assembly Election (AE)
Tamil_Nadu,13,20,2026,5,4,0,9,VALARMATHY.D,,Independent,102,0,,131824,157529,THOUSAND LIGHTS,GEN,CHENNAI,,19,83.68,0.08,yes,19,0.01,2.92,,,0,TRUE,1,,0,,,,0,FALSE,FALSE,FALSE,,,,,,State Assembly Election (AE)
Tamil_Nadu,13,20,2026,5,4,0,10,VIJAY.D,,Independent,83,0,,131824,157529,THOUSAND LIGHTS,GEN,CHENNAI,,19,83.68,0.06,yes,19,0.01,2.92,,,0,TRUE,1,,0,,,,0,FALSE,FALSE,FALSE,,,,,,State Assembly Election (AE)
Tamil_Nadu,13,20,2026,5,4,0,11,PRABHAKARAN.B,,Independent,64,0,,131824,157529,THOUSAND LIGHTS,GEN,CHENNAI,,19,83.68,0.05,yes,1,0.0,2.92,,,0,TRUE,1,,0,,,,0,FALSE,FALSE,FALSE,,,,,,State Assembly Election (AE)
Tamil_Nadu,13,20,2026,5,4,0,12,PRABHAKARAN.V,,Independent,63,0,,131824,157529,THOUSAND LIGHTS,GEN,CHENNAI,,19,83.68,0.05,yes,2,0.0,2.92,,,0,TRUE,1,,0,,,,0,FALSE,FALSE,FALSE,,,,,,State Assembly Election (AE)
Tamil_Nadu,13,20,2026,5,4,0,13,KARTHIKEYAN.S,,Independent,61,0,,131824,157529,THOUSAND LIGHTS,GEN,CHENNAI,,19,83.68,0.05,yes,13,0.01,2.92,,,0,TRUE,1,,0,,,,0,FALSE,FALSE,FALSE,,,,,,State Assembly Election (AE)
Tamil_Nadu,13,20,2026,5,4,0,14,SUNDARA RAJU.A,,Independent,48,0,,131824,157529,THOUSAND LIGHTS,GEN,CHENNAI,,19,83.68,0.04,yes,6,0.0,2.92,,,0,TRUE,1,,0,,,,0,FALSE,FALSE,FALSE,,,,,,State Assembly Election (AE)
Tamil_Nadu,13,20,2026,5,4,0,15,SHANKAR.V,,Independent,42,0,,131824,157529,THOUSAND LIGHTS,GEN,CHENNAI,,19,83.68,0.03,yes,6,0.0,2.92,,,0,TRUE,1,,0,,,,0,FALSE,FALSE,FALSE,,,,,,State Assembly Election (AE)
Tamil_Nadu,13,20,2026,5,4,0,16,PRABHAKARAN.T,,Independent,36,0,,131824,157529,THOUSAND LIGHTS,GEN,CHENNAI,,19,83.68,0.03,yes,8,0.01,2.92,,,0,TRUE,1,,0,,,,0,FALSE,FALSE,FALSE,,,,,,State Assembly Election (AE)
Tamil_Nadu,13,20,2026,5,4,0,17,MUNIYAN.E,,Independent,28,0,,131824,157529,THOUSAND LIGHTS,GEN,CHENNAI,,19,83.68,0.02,yes,5,0.0,2.92,,,0,TRUE,1,,0,,,,0,FALSE,FALSE,FALSE,,,,,,State Assembly Election (AE)
Tamil_Nadu,13,20,2026,5,4,0,18,DHANASEKARAN.V,,Independent,23,0,,131824,157529,THOUSAND LIGHTS,GEN,CHENNAI,,19,83.68,0.02,yes,3,0.0,2.92,,,0,TRUE,1,,0,,,,0,FALSE,FALSE,FALSE,,,,,,State Assembly Election (AE)
Tamil_Nadu,13,20,2026,5,4,0,19,PACHAIYAPPAN.E,,Independent,20,0,,131824,157529,THOUSAND LIGHTS,GEN,CHENNAI,,19,83.68,0.02,yes,20,0.02,2.92,,,0,TRUE,1,,0,,,,0,FALSE,FALSE,FALSE,,,,,,State Assembly Election (AE)
Tamil_Nadu,13,21,2026,5,4,0,1,V.K.RAMKUMAR,,Tamilaga Vettri Kazhagam,71375,0,,163339,188861,ANNA NAGAR,GEN,CHENNAI,,25,86.49,43.7,no,21363,13.08,3.03,,,0,TRUE,1,,0,,,,0,FALSE,FALSE,FALSE,,,,,,State Assembly Election (AE)
Tamil_Nadu,13,21,2026,5,4,0,2,N.CHITRARASU,,Dravida Munnetra Kazhagam,50012,0,,163339,188861,ANNA NAGAR,GEN,CHENNAI,,25,86.49,30.62,no,15630,9.57,3.03,,,0,TRUE,1,,0,,,,0,FALSE,FALSE,FALSE,,,,,,State Assembly Election (AE)
Tamil_Nadu,13,21,2026,5,4,0,3,S.GOKULA INDIRA,,All India Anna Dravida Munnetra Kazhagam,34382,0,,163339,188861,ANNA NAGAR,GEN,CHENNAI,,25,86.49,21.05,no,29543,18.09,3.03,,,0,TRUE,1,,0,,,,0,FALSE,FALSE,FALSE,,,,,,State Assembly Election (AE)
Tamil_Nadu,13,21,2026,5,4,0,4,S.SHANKAR,,Naam Tamilar Katchi,4839,0,,163339,188861,ANNA NAGAR,GEN,CHENNAI,,25,86.49,2.96,yes,3876,2.37,3.03,,,0,TRUE,1,,0,,,,0,FALSE,FALSE,FALSE,,,,,,State Assembly Election (AE)
Tamil_Nadu,13,21,2026,5,4,0,5,None Of The Above,,None of the Above,963,0,,163339,188861,ANNA NAGAR,GEN,CHENNAI,,25,86.49,0.59,yes,674,0.41,3.03,,,0,TRUE,1,,0,,,,0,FALSE,FALSE,FALSE,,,,,,State Assembly Election (AE)
Tamil_Nadu,13,21,2026,5,4,0,6,S VINESH KUMAR,,Independent,289,0,,163339,188861,ANNA NAGAR,GEN,CHENNAI,,25,86.49,0.18,yes,103,0.06,3.03,,,0,TRUE,1,,0,,,,0,FALSE,FALSE,FALSE,,,,,,State Assembly Election (AE)
Tamil_Nadu,13,21,2026,5,4,0,7,S.DHAYALAN,,Thamizhaga Munnetra Congress,186,0,,163339,188861,ANNA NAGAR,GEN,CHENNAI,,25,86.49,0.11,yes,52,0.03,3.03,,,0,TRUE,1,,0,,,,0,FALSE,FALSE,FALSE,,,,,,State Assembly Election (AE)
Tamil_Nadu,13,21,2026,5,4,0,8,E.V.S.RAJAKUMAR NAIDU,,Tamil Telugu National Party,134,0,,163339,188861,ANNA NAGAR,GEN,CHENNAI,,25,86.49,0.08,yes,3,0.0,3.03,,,0,TRUE,1,,0,,,,0,FALSE,FALSE,FALSE,,,,,,State Assembly Election (AE)
Tamil_Nadu,13,21,2026,5,4,0,9,T S HABEEB MOHAMMAD,,Independent,131,0,,163339,188861,ANNA NAGAR,GEN,CHENNAI,,25,86.49,0.08,yes,2,0.0,3.03,,,0,TRUE,1,,0,,,,0,FALSE,FALSE,FALSE,,,,,,State Assembly Election (AE)
Tamil_Nadu,13,21,2026,5,4,0,10,L NARENDRAN,,Independent,129,0,,163339,188861,ANNA NAGAR,GEN,CHENNAI,,25,86.49,0.08,yes,2,0.0,3.03,,,0,TRUE,1,,0,,,,0,FALSE,FALSE,FALSE,,,,,,State Assembly Election (AE)
Tamil_Nadu,13,21,2026,5,4,0,11,B.ANAND,,Thakkam Katchi,127,0,,163339,188861,ANNA NAGAR,GEN,CHENNAI,,25,86.49,0.08,yes,1,0.0,3.03,,,0,TRUE,1,,0,,,,0,FALSE,FALSE,FALSE,,,,,,State Assembly Election (AE)
Tamil_Nadu,13,21,2026,5,4,0,12,J NAGARAJ,,Independent,126,0,,163339,188861,ANNA NAGAR,GEN,CHENNAI,,25,86.49,0.08,yes,25,0.02,3.03,,,0,TRUE,1,,0,,,,0,FALSE,FALSE,FALSE,,,,,,State Assembly Election (AE)
Tamil_Nadu,13,21,2026,5,4,0,13,MOHAMMED BILAL FATHICK,,Independent,101,0,,163339,188861,ANNA NAGAR,GEN,CHENNAI,,25,86.49,0.06,yes,30,0.02,3.03,,,0,TRUE,1,,0,,,,0,FALSE,FALSE,FALSE,,,,,,State Assembly Election (AE)
Tamil_Nadu,13,21,2026,5,4,0,14,JANARTHANAN P,,Independent,71,0,,163339,188861,ANNA NAGAR,GEN,CHENNAI,,25,86.49,0.04,yes,1,0.0,3.03,,,0,TRUE,1,,0,,,,0,FALSE,FALSE,FALSE,,,,,,State Assembly Election (AE)
Tamil_Nadu,13,21,2026,5,4,0,15,RAJENDIRAN NAIDU,,Independent,70,0,,163339,188861,ANNA NAGAR,GEN,CHENNAI,,25,86.49,0.04,yes,12,0.01,3.03,,,0,TRUE,1,,0,,,,0,FALSE,FALSE,FALSE,,,,,,State Assembly Election (AE)
Tamil_Nadu,13,21,2026,5,4,0,16,G.SIVA KUMAR,,Independent,58,0,,163339,188861,ANNA NAGAR,GEN,CHENNAI,,25,86.49,0.04,yes,1,0.0,3.03,,,0,TRUE,1,,0,,,,0,FALSE,FALSE,FALSE,,,,,,State Assembly Election (AE)
Tamil_Nadu,13,21,2026,5,4,0,17,M HARISHANKAR,,Independent,57,0,,163339,188861,ANNA NAGAR,GEN,CHENNAI,,25,86.49,0.03,yes,7,0.0,3.03,,,0,TRUE,1,,0,,,,0,FALSE,FALSE,FALSE,,,,,,State Assembly Election (AE)
Tamil_Nadu,13,21,2026,5,4,0,18,L KASINATHAN,,Independent,50,0,,163339,188861,ANNA NAGAR,GEN,CHENNAI,,25,86.49,0.03,yes,0,0.0,3.03,,,0,TRUE,1,,0,,,,0,FALSE,FALSE,FALSE,,,,,,State Assembly Election (AE)
Tamil_Nadu,13,21,2026,5,4,0,19,S SATHISH KUMAR,,Independent,50,0,,163339,188861,ANNA NAGAR,GEN,CHENNAI,,25,86.49,0.03,yes,9,0.01,3.03,,,0,TRUE,1,,0,,,,0,FALSE,FALSE,FALSE,,,,,,State Assembly Election (AE)
Tamil_Nadu,13,21,2026,5,4,0,20,G OMPRAKASH,,Independent,41,0,,163339,188861,ANNA NAGAR,GEN,CHENNAI,,25,86.49,0.03,yes,5,0.0,3.03,,,0,TRUE,1,,0,,,,0,FALSE,FALSE,FALSE,,,,,,State Assembly Election (AE)
Tamil_Nadu,13,21,2026,5,4,0,21,M SELVAMUTHUKUMAR,,Independent,36,0,,163339,188861,ANNA NAGAR,GEN,CHENNAI,,25,86.49,0.02,yes,1,0.0,3.03,,,0,TRUE,1,,0,,,,0,FALSE,FALSE,FALSE,,,,,,State Assembly Election (AE)
Tamil_Nadu,13,21,2026,5,4,0,22,RAMAMOORTHY E,,Independent,35,0,,163339,188861,ANNA NAGAR,GEN,CHENNAI,,25,86.49,0.02,yes,8,0.0,3.03,,,0,TRUE,1,,0,,,,0,FALSE,FALSE,FALSE,,,,,,State Assembly Election (AE)
Tamil_Nadu,13,21,2026,5,4,0,23,S ANSAR ALI,,Independent,27,0,,163339,188861,ANNA NAGAR,GEN,CHENNAI,,25,86.49,0.02,yes,0,0.0,3.03,,,0,TRUE,1,,0,,,,0,FALSE,FALSE,FALSE,,,,,,State Assembly Election (AE)
Tamil_Nadu,13,21,2026,5,4,0,24,M MANOHARAN,,Independent,27,0,,163339,188861,ANNA NAGAR,GEN,CHENNAI,,25,86.49,0.02,yes,4,0.0,3.03,,,0,TRUE,1,,0,,,,0,FALSE,FALSE,FALSE,,,,,,State Assembly Election (AE)
Tamil_Nadu,13,21,2026,5,4,0,25,N.P.RAJHA,,Naam Indiar Party,23,0,,163339,188861,ANNA NAGAR,GEN,CHENNAI,,25,86.49,0.01,yes,23,0.01,3.03,,,0,TRUE,1,,0,,,,0,FALSE,FALSE,FALSE,,,,,,State Assembly Election (AE)
Tamil_Nadu,13,22,2026,5,4,0,1,SABARINATHAN.R,,Tamilaga Vettri Kazhagam,76092,0,,172831,200578,VIRUGAMPAKKAM,GEN,CHENNAI,,25,86.17,44.03,no,27086,15.67,3.07,,,0,TRUE,1,,0,,,,0,FALSE,FALSE,FALSE,,,,,,State Assembly Election (AE)
Tamil_Nadu,13,22,2026,5,4,0,2,PRABHAKARA RAJA.A.M.V,,Dravida Munnetra Kazhagam,49006,0,,172831,200578,VIRUGAMPAKKAM,GEN,CHENNAI,,25,86.17,28.35,no,10239,5.92,3.07,,,0,TRUE,1,,0,,,,0,FALSE,FALSE,FALSE,,,,,,State Assembly Election (AE)
Tamil_Nadu,13,22,2026,5,4,0,3,VIRUGAI V.N.RAVI,,All India Anna Dravida Munnetra Kazhagam,38767,0,,172831,200578,VIRUGAMPAKKAM,GEN,CHENNAI,,25,86.17,22.43,no,32711,18.93,3.07,,,0,TRUE,1,,0,,,,0,FALSE,FALSE,FALSE,,,,,,State Assembly Election (AE)
Tamil_Nadu,13,22,2026,5,4,0,4,SANTHOSH,,Naam Tamilar Katchi,6056,0,,172831,200578,VIRUGAMPAKKAM,GEN,CHENNAI,,25,86.17,3.5,yes,5026,2.91,3.07,,,0,TRUE,1,,0,,,,0,FALSE,FALSE,FALSE,,,,,,State Assembly Election (AE)
Tamil_Nadu,13,22,2026,5,4,0,5,None Of The Above,,None of the Above,1030,0,,172831,200578,VIRUGAMPAKKAM,GEN,CHENNAI,,25,86.17,0.6,yes,568,0.33,3.07,,,0,TRUE,1,,0,,,,0,FALSE,FALSE,FALSE,,,,,,State Assembly Election (AE)
Tamil_Nadu,13,22,2026,5,4,0,6,JAGADISH.S,,Republican Party of India (Athawale),462,0,,172831,200578,VIRUGAMPAKKAM,GEN,CHENNAI,,25,86.17,0.27,yes,307,0.18,3.07,,,0,TRUE,1,,0,,,,0,FALSE,FALSE,FALSE,,,,,,State Assembly Election (AE)
Tamil_Nadu,13,22,2026,5,4,0,7,SURESHBABU.T.M,,Tamil Telugu National Party,155,0,,172831,200578,VIRUGAMPAKKAM,GEN,CHENNAI,,25,86.17,0.09,yes,31,0.02,3.07,,,0,TRUE,1,,0,,,,0,FALSE,FALSE,FALSE,,,,,,State Assembly Election (AE)
Tamil_Nadu,13,22,2026,5,4,0,8,SABARINATHAN.P,,Independent,124,0,,172831,200578,VIRUGAMPAKKAM,GEN,CHENNAI,,25,86.17,0.07,yes,2,0.0,3.07,,,0,TRUE,1,,0,,,,0,FALSE,FALSE,FALSE,,,,,,State Assembly Election (AE)
Tamil_Nadu,13,22,2026,5,4,0,9,DINESHKUMAR.N,,Independent,122,0,,172831,200578,VIRUGAMPAKKAM,GEN,CHENNAI,,25,86.17,0.07,yes,15,0.01,3.07,,,0,TRUE,1,,0,,,,0,FALSE,FALSE,FALSE,,,,,,State Assembly Election (AE)
Tamil_Nadu,13,22,2026,5,4,0,10,RAVIKUMAR,,Independent,107,0,,172831,200578,VIRUGAMPAKKAM,GEN,CHENNAI,,25,86.17,0.06,yes,6,0.0,3.07,,,0,TRUE,1,,0,,,,0,FALSE,FALSE,FALSE,,,,,,State Assembly Election (AE)
Tamil_Nadu,13,22,2026,5,4,0,11,MUTHURAJ.T,,Tamizhaga Vaazhvurimai Katchi,101,0,,172831,200578,VIRUGAMPAKKAM,GEN,CHENNAI,,25,86.17,0.06,yes,0,0.0,3.07,,,0,TRUE,1,,0,,,,0,FALSE,FALSE,FALSE,,,,,,State Assembly Election (AE)
Tamil_Nadu,13,22,2026,5,4,0,12,SRINIVASAN.M,,Independent,101,0,,172831,200578,VIRUGAMPAKKAM,GEN,CHENNAI,,25,86.17,0.06,yes,10,0.01,3.07,,,0,TRUE,1,,0,,,,0,FALSE,FALSE,FALSE,,,,,,State Assembly Election (AE)
Tamil_Nadu,13,22,2026,5,4,0,13,RANGARAJ.G,,Independent,91,0,,172831,200578,VIRUGAMPAKKAM,GEN,CHENNAI,,25,86.17,0.05,yes,3,0.0,3.07,,,0,TRUE,1,,0,,,,0,FALSE,FALSE,FALSE,,,,,,State Assembly Election (AE)
Tamil_Nadu,13,22,2026,5,4,0,14,CHANDRA SEKAR.K,,Independent,88,0,,172831,200578,VIRUGAMPAKKAM,GEN,CHENNAI,,25,86.17,0.05,yes,6,0.0,3.07,,,0,TRUE,1,,0,,,,0,FALSE,FALSE,FALSE,,,,,,State Assembly Election (AE)
Tamil_Nadu,13,22,2026,5,4,0,15,GOPINATH.G,,Independent,82,0,,172831,200578,VIRUGAMPAKKAM,GEN,CHENNAI,,25,86.17,0.05,yes,16,0.01,3.07,,,0,TRUE,1,,0,,,,0,FALSE,FALSE,FALSE,,,,,,State Assembly Election (AE)
Tamil_Nadu,13,22,2026,5,4,0,16,SANKAR.E,,Independent,66,0,,172831,200578,VIRUGAMPAKKAM,GEN,CHENNAI,,25,86.17,0.04,yes,3,0.0,3.07,,,0,TRUE,1,,0,,,,0,FALSE,FALSE,FALSE,,,,,,State Assembly Election (AE)
Tamil_Nadu,13,22,2026,5,4,0,17,KUMAR.S,,Independent,63,0,,172831,200578,VIRUGAMPAKKAM,GEN,CHENNAI,,25,86.17,0.04,yes,11,0.01,3.07,,,0,TRUE,1,,0,,,,0,FALSE,FALSE,FALSE,,,,,,State Assembly Election (AE)
Tamil_Nadu,13,22,2026,5,4,0,18,EZHILRAJ.D,,Independent,52,0,,172831,200578,VIRUGAMPAKKAM,GEN,CHENNAI,,25,86.17,0.03,yes,2,0.0,3.07,,,0,TRUE,1,,0,,,,0,FALSE,FALSE,FALSE,,,,,,State Assembly Election (AE)
Tamil_Nadu,13,22,2026,5,4,0,19,LUKMANBABU.S,,Independent,50,0,,172831,200578,VIRUGAMPAKKAM,GEN,CHENNAI,,25,86.17,0.03,yes,7,0.0,3.07,,,0,TRUE,1,,0,,,,0,FALSE,FALSE,FALSE,,,,,,State Assembly Election (AE)
Tamil_Nadu,13,22,2026,5,4,0,20,ROY GEORGE,,Anna Puratchi Thalaivar Amma Dravida Munnetra Kazhagam,43,0,,172831,200578,VIRUGAMPAKKAM,GEN,CHENNAI,,25,86.17,0.02,yes,2,0.0,3.07,,,0,TRUE,1,,0,,,,0,FALSE,FALSE,FALSE,,,,,,State Assembly Election (AE)
Tamil_Nadu,13,22,2026,5,4,0,21,KARTHICK.M,,Independent,41,0,,172831,200578,VIRUGAMPAKKAM,GEN,CHENNAI,,25,86.17,0.02,yes,1,0.0,3.07,,,0,TRUE,1,,0,,,,0,FALSE,FALSE,FALSE,,,,,,State Assembly Election (AE)
Tamil_Nadu,13,22,2026,5,4,0,22,BALAMURUGAN.P,,Naam Indiar Party,40,0,,172831,200578,VIRUGAMPAKKAM,GEN,CHENNAI,,25,86.17,0.02,yes,4,0.0,3.07,,,0,TRUE,1,,0,,,,0,FALSE,FALSE,FALSE,,,,,,State Assembly Election (AE)
Tamil_Nadu,13,22,2026,5,4,0,23,ALEX PANDIAN.K,,Independent,36,0,,172831,200578,VIRUGAMPAKKAM,GEN,CHENNAI,,25,86.17,0.02,yes,0,0.0,3.07,,,0,TRUE,1,,0,,,,0,FALSE,FALSE,FALSE,,,,,,State Assembly Election (AE)
Tamil_Nadu,13,22,2026,5,4,0,24,ESAKKIMUTHUNADAR.P,,Independent,36,0,,172831,200578,VIRUGAMPAKKAM,GEN,CHENNAI,,25,86.17,0.02,yes,16,0.01,3.07,,,0,TRUE,1,,0,,,,0,FALSE,FALSE,FALSE,,,,,,State Assembly Election (AE)
Tamil_Nadu,13,22,2026,5,4,0,25,VENKATESAN.C,,Independent,20,0,,172831,200578,VIRUGAMPAKKAM,GEN,CHENNAI,,25,86.17,0.01,yes,20,0.01,3.07,,,0,TRUE,1,,0,,,,0,FALSE,FALSE,FALSE,,,,,,State Assembly Election (AE)
Tamil_Nadu,13,23,2026,5,4,0,1,ARUL PRAKASAM. M,,Tamilaga Vettri Kazhagam,81205,0,,160401,204146,SAIDAPET,GEN,CHENNAI,,16,78.57,50.63,no,28514,17.78,2.65,,,0,TRUE,1,,0,,,,0,FALSE,FALSE,FALSE,,,,,,State Assembly Election (AE)
Tamil_Nadu,13,23,2026,5,4,0,2,SUBRAMANIAN. MA,,Dravida Munnetra Kazhagam,52691,0,,160401,204146,SAIDAPET,GEN,CHENNAI,,16,78.57,32.85,no,34852,21.73,2.65,,,0,TRUE,1,,0,,,,0,FALSE,FALSE,FALSE,,,,,,State Assembly Election (AE)
Tamil_Nadu,13,23,2026,5,4,0,3,SENTHAMIZHAN. G,,Amma Makkal Munnettra Kazagam,17839,0,,160401,204146,SAIDAPET,GEN,CHENNAI,,16,78.57,11.12,yes,11921,7.43,2.65,,,0,TRUE,1,,0,,,,0,FALSE,FALSE,FALSE,,,,,,State Assembly Election (AE)
Tamil_Nadu,13,23,2026,5,4,0,4,SRIVIDYA. G,,Naam Tamilar Katchi,5918,0,,160401,204146,SAIDAPET,GEN,CHENNAI,,16,78.57,3.69,yes,4994,3.11,2.65,,,0,TRUE,1,,0,,,,0,FALSE,FALSE,FALSE,,,,,,State Assembly Election (AE)
Tamil_Nadu,13,23,2026,5,4,0,5,None Of The Above,,None of the Above,924,0,,160401,204146,SAIDAPET,GEN,CHENNAI,,16,78.57,0.58,yes,353,0.22,2.65,,,0,TRUE,1,,0,,,,0,FALSE,FALSE,FALSE,,,,,,State Assembly Election (AE)
Tamil_Nadu,13,23,2026,5,4,0,6,KUMARAN. G.P,,Bahujan Samaj Party,571,0,,160401,204146,SAIDAPET,GEN,CHENNAI,,16,78.57,0.36,yes,313,0.2,2.65,,,0,TRUE,1,,0,,,,0,FALSE,FALSE,FALSE,,,,,,State Assembly Election (AE)
Tamil_Nadu,13,23,2026,5,4,0,7,RAJA. R,,Independent,258,0,,160401,204146,SAIDAPET,GEN,CHENNAI,,16,78.57,0.16,yes,100,0.06,2.65,,,0,TRUE,1,,0,,,,0,FALSE,FALSE,FALSE,,,,,,State Assembly Election (AE)
Tamil_Nadu,13,23,2026,5,4,0,8,YOGAPRAKASH. B,,Independent,158,0,,160401,204146,SAIDAPET,GEN,CHENNAI,,16,78.57,0.1,yes,19,0.01,2.65,,,0,TRUE,1,,0,,,,0,FALSE,FALSE,FALSE,,,,,,State Assembly Election (AE)
Tamil_Nadu,13,23,2026,5,4,0,9,VALARMATHI. P,,Independent,139,0,,160401,204146,SAIDAPET,GEN,CHENNAI,,16,78.57,0.09,yes,7,0.0,2.65,,,0,TRUE,1,,0,,,,0,FALSE,FALSE,FALSE,,,,,,State Assembly Election (AE)
Tamil_Nadu,13,23,2026,5,4,0,10,SOUNDARARAJAN. N,,Naam Indiar Party,132,0,,160401,204146,SAIDAPET,GEN,CHENNAI,,16,78.57,0.08,yes,1,0.0,2.65,,,0,TRUE,1,,0,,,,0,FALSE,FALSE,FALSE,,,,,,State Assembly Election (AE)
Tamil_Nadu,13,23,2026,5,4,0,11,PARTHIBAN. S,,MGR Makkal Katchi,131,0,,160401,204146,SAIDAPET,GEN,CHENNAI,,16,78.57,0.08,yes,12,0.01,2.65,,,0,TRUE,1,,0,,,,0,FALSE,FALSE,FALSE,,,,,,State Assembly Election (AE)
Tamil_Nadu,13,23,2026,5,4,0,12,GINGSTON. M,,Independent,119,0,,160401,204146,SAIDAPET,GEN,CHENNAI,,16,78.57,0.07,yes,26,0.02,2.65,,,0,TRUE,1,,0,,,,0,FALSE,FALSE,FALSE,,,,,,State Assembly Election (AE)
Tamil_Nadu,13,23,2026,5,4,0,13,PRASAD. N,,Independent,93,0,,160401,204146,SAIDAPET,GEN,CHENNAI,,16,78.57,0.06,yes,0,0.0,2.65,,,0,TRUE,1,,0,,,,0,FALSE,FALSE,FALSE,,,,,,State Assembly Election (AE)
Tamil_Nadu,13,23,2026,5,4,0,14,PRITHVIRAJ. A,,Independent,93,0,,160401,204146,SAIDAPET,GEN,CHENNAI,,16,78.57,0.06,yes,27,0.02,2.65,,,0,TRUE,1,,0,,,,0,FALSE,FALSE,FALSE,,,,,,State Assembly Election (AE)
Tamil_Nadu,13,23,2026,5,4,0,15,ANAND. S,,Independent,66,0,,160401,204146,SAIDAPET,GEN,CHENNAI,,16,78.57,0.04,yes,2,0.0,2.65,,,0,TRUE,1,,0,,,,0,FALSE,FALSE,FALSE,,,,,,State Assembly Election (AE)
Tamil_Nadu,13,23,2026,5,4,0,16,KANDHASAMY. R (ALIAS) BABU,,Independent,64,0,,160401,204146,SAIDAPET,GEN,CHENNAI,,16,78.57,0.04,yes,64,0.04,2.65,,,0,TRUE,1,,0,,,,0,FALSE,FALSE,FALSE,,,,,,State Assembly Election (AE)
Tamil_Nadu,13,24,2026,5,4,0,1,ANAND N,,Tamilaga Vettri Kazhagam,51632,0,,133928,158757,THIYAGARAYANAGAR,GEN,CHENNAI,,27,84.36,38.55,no,13027,9.73,3.23,,,0,TRUE,1,,0,,,,0,FALSE,FALSE,FALSE,,,,,,State Assembly Election (AE)
Tamil_Nadu,13,24,2026,5,4,0,2,SATHIYANARAYANAN B,,All India Anna Dravida Munnetra Kazhagam,38605,0,,133928,158757,THIYAGARAYANAGAR,GEN,CHENNAI,,27,84.36,28.83,no,1588,1.19,3.23,,,0,TRUE,1,,0,,,,0,FALSE,FALSE,FALSE,,,,,,State Assembly Election (AE)
Tamil_Nadu,13,24,2026,5,4,0,3,RAJA ANBAZHAGAN,,Dravida Munnetra Kazhagam,37017,0,,133928,158757,THIYAGARAYANAGAR,GEN,CHENNAI,,27,84.36,27.64,no,32463,24.24,3.23,,,0,TRUE,1,,0,,,,0,FALSE,FALSE,FALSE,,,,,,State Assembly Election (AE)
Tamil_Nadu,13,24,2026,5,4,0,4,ANUSHA V,,Naam Tamilar Katchi,4554,0,,133928,158757,THIYAGARAYANAGAR,GEN,CHENNAI,,27,84.36,3.4,yes,3676,2.74,3.23,,,0,TRUE,1,,0,,,,0,FALSE,FALSE,FALSE,,,,,,State Assembly Election (AE)
Tamil_Nadu,13,24,2026,5,4,0,5,None Of The Above,,None of the Above,878,0,,133928,158757,THIYAGARAYANAGAR,GEN,CHENNAI,,27,84.36,0.66,yes,754,0.56,3.23,,,0,TRUE,1,,0,,,,0,FALSE,FALSE,FALSE,,,,,,State Assembly Election (AE)
Tamil_Nadu,13,24,2026,5,4,0,6,PADMINI NARASIMHAN,,Independent,124,0,,133928,158757,THIYAGARAYANAGAR,GEN,CHENNAI,,27,84.36,0.09,yes,1,0.0,3.23,,,0,TRUE,1,,0,,,,0,FALSE,FALSE,FALSE,,,,,,State Assembly Election (AE)
Tamil_Nadu,13,24,2026,5,4,0,7,ABUKITHER M,,Independent,123,0,,133928,158757,THIYAGARAYANAGAR,GEN,CHENNAI,,27,84.36,0.09,yes,15,0.01,3.23,,,0,TRUE,1,,0,,,,0,FALSE,FALSE,FALSE,,,,,,State Assembly Election (AE)
Tamil_Nadu,13,24,2026,5,4,0,8,RAVI M L,,Desiya Makkal Sakthi Katchi,108,0,,133928,158757,THIYAGARAYANAGAR,GEN,CHENNAI,,27,84.36,0.08,yes,22,0.02,3.23,,,0,TRUE,1,,0,,,,0,FALSE,FALSE,FALSE,,,,,,State Assembly Election (AE)
Tamil_Nadu,13,24,2026,5,4,0,9,MYTHILI C,,Independent,86,0,,133928,158757,THIYAGARAYANAGAR,GEN,CHENNAI,,27,84.36,0.06,yes,7,0.01,3.23,,,0,TRUE,1,,0,,,,0,FALSE,FALSE,FALSE,,,,,,State Assembly Election (AE)
Tamil_Nadu,13,24,2026,5,4,0,10,BADRI S,,Independent,79,0,,133928,158757,THIYAGARAYANAGAR,GEN,CHENNAI,,27,84.36,0.06,yes,0,0.0,3.23,,,0,TRUE,1,,0,,,,0,FALSE,FALSE,FALSE,,,,,,State Assembly Election (AE)
Tamil_Nadu,13,24,2026,5,4,0,11,MANIKANDAN N,,Independent,79,0,,133928,158757,THIYAGARAYANAGAR,GEN,CHENNAI,,27,84.36,0.06,yes,5,0.0,3.23,,,0,TRUE,1,,0,,,,0,FALSE,FALSE,FALSE,,,,,,State Assembly Election (AE)
Tamil_Nadu,13,24,2026,5,4,0,12,RAMACHANDRAN O N,,Independent,74,0,,133928,158757,THIYAGARAYANAGAR,GEN,CHENNAI,,27,84.36,0.06,yes,6,0.0,3.23,,,0,TRUE,1,,0,,,,0,FALSE,FALSE,FALSE,,,,,,State Assembly Election (AE)
Tamil_Nadu,13,24,2026,5,4,0,13,VETRIVEL K,,Independent,68,0,,133928,158757,THIYAGARAYANAGAR,GEN,CHENNAI,,27,84.36,0.05,yes,1,0.0,3.23,,,0,TRUE,1,,0,,,,0,FALSE,FALSE,FALSE,,,,,,State Assembly Election (AE)
Tamil_Nadu,13,24,2026,5,4,0,14,RAJESH E,,Independent,67,0,,133928,158757,THIYAGARAYANAGAR,GEN,CHENNAI,,27,84.36,0.05,yes,3,0.0,3.23,,,0,TRUE,1,,0,,,,0,FALSE,FALSE,FALSE,,,,,,State Assembly Election (AE)
Tamil_Nadu,13,24,2026,5,4,0,15,MOORTHY N,,Independent,64,0,,133928,158757,THIYAGARAYANAGAR,GEN,CHENNAI,,27,84.36,0.05,yes,19,0.01,3.23,,,0,TRUE,1,,0,,,,0,FALSE,FALSE,FALSE,,,,,,State Assembly Election (AE)
Tamil_Nadu,13,24,2026,5,4,0,16,PRASATH D,,Independent,45,0,,133928,158757,THIYAGARAYANAGAR,GEN,CHENNAI,,27,84.36,0.03,yes,1,0.0,3.23,,,0,TRUE,1,,0,,,,0,FALSE,FALSE,FALSE,,,,,,State Assembly Election (AE)
Tamil_Nadu,13,24,2026,5,4,0,17,GNANASEKARAN G,,Independent,44,0,,133928,158757,THIYAGARAYANAGAR,GEN,CHENNAI,,27,84.36,0.03,yes,3,0.0,3.23,,,0,TRUE,1,,0,,,,0,FALSE,FALSE,FALSE,,,,,,State Assembly Election (AE)
Tamil_Nadu,13,24,2026,5,4,0,18,EASAN NATARAJAN T,,Independent,41,0,,133928,158757,THIYAGARAYANAGAR,GEN,CHENNAI,,27,84.36,0.03,yes,5,0.0,3.23,,,0,TRUE,1,,0,,,,0,FALSE,FALSE,FALSE,,,,,,State Assembly Election (AE)
Tamil_Nadu,13,24,2026,5,4,0,19,MANIKANDAN T,,Independent,36,0,,133928,158757,THIYAGARAYANAGAR,GEN,CHENNAI,,27,84.36,0.03,yes,5,0.0,3.23,,,0,TRUE,1,,0,,,,0,FALSE,FALSE,FALSE,,,,,,State Assembly Election (AE)
Tamil_Nadu,13,24,2026,5,4,0,20,SATHISH KUMAR B,,Independent,31,0,,133928,158757,THIYAGARAYANAGAR,GEN,CHENNAI,,27,84.36,0.02,yes,0,0.0,3.23,,,0,TRUE,1,,0,,,,0,FALSE,FALSE,FALSE,,,,,,State Assembly Election (AE)
Tamil_Nadu,13,24,2026,5,4,0,21,RAMKUMAR L,,Independent,31,0,,133928,158757,THIYAGARAYANAGAR,GEN,CHENNAI,,27,84.36,0.02,yes,1,0.0,3.23,,,0,TRUE,1,,0,,,,0,FALSE,FALSE,FALSE,,,,,,State Assembly Election (AE)
Tamil_Nadu,13,24,2026,5,4,0,22,ARAVIND GOSH Y T,,Independent,30,0,,133928,158757,THIYAGARAYANAGAR,GEN,CHENNAI,,27,84.36,0.02,yes,1,0.0,3.23,,,0,TRUE,1,,0,,,,0,FALSE,FALSE,FALSE,,,,,,State Assembly Election (AE)
Tamil_Nadu,13,24,2026,5,4,0,23,BALAJI S,,Independent,29,0,,133928,158757,THIYAGARAYANAGAR,GEN,CHENNAI,,27,84.36,0.02,yes,6,0.0,3.23,,,0,TRUE,1,,0,,,,0,FALSE,FALSE,FALSE,,,,,,State Assembly Election (AE)
Tamil_Nadu,13,24,2026,5,4,0,24,JAYAVEL,,Independent,23,0,,133928,158757,THIYAGARAYANAGAR,GEN,CHENNAI,,27,84.36,0.02,yes,1,0.0,3.23,,,0,TRUE,1,,0,,,,0,FALSE,FALSE,FALSE,,,,,,State Assembly Election (AE)
Tamil_Nadu,13,24,2026,5,4,0,25,KUMAR SRI SRI B,,Independent,22,0,,133928,158757,THIYAGARAYANAGAR,GEN,CHENNAI,,27,84.36,0.02,yes,1,0.0,3.23,,,0,TRUE,1,,0,,,,0,FALSE,FALSE,FALSE,,,,,,State Assembly Election (AE)
Tamil_Nadu,13,24,2026,5,4,0,26,JOTHIRAJ G M,,Independent,21,0,,133928,158757,THIYAGARAYANAGAR,GEN,CHENNAI,,27,84.36,0.02,yes,4,0.0,3.23,,,0,TRUE,1,,0,,,,0,FALSE,FALSE,FALSE,,,,,,State Assembly Election (AE)
Tamil_Nadu,13,24,2026,5,4,0,27,THENNARASU P,,Independent,17,0,,133928,158757,THIYAGARAYANAGAR,GEN,CHENNAI,,27,84.36,0.01,yes,17,0.01,3.23,,,0,TRUE,1,,0,,,,0,FALSE,FALSE,FALSE,,,,,,State Assembly Election (AE)
Tamil_Nadu,13,25,2026,5,4,0,1,VENKATARAMANAN. P,,Tamilaga Vettri Kazhagam,70070,0,,150594,199465,MYLAPORE,GEN,CHENNAI,,20,75.5,46.53,no,28972,19.24,2.96,,,0,TRUE,1,,0,,,,0,FALSE,FALSE,FALSE,,,,,,State Assembly Election (AE)
Tamil_Nadu,13,25,2026,5,4,0,2,VELU. DHA,,Dravida Munnetra Kazhagam,41098,0,,150594,199465,MYLAPORE,GEN,CHENNAI,,20,75.5,27.29,no,8770,5.82,2.96,,,0,TRUE,1,,0,,,,0,FALSE,FALSE,FALSE,,,,,,State Assembly Election (AE)
Tamil_Nadu,13,25,2026,5,4,0,3,DR. TAMILISAI SOUNDARARAJAN,,Bharatiya Janata Party,32328,0,,150594,199465,MYLAPORE,GEN,CHENNAI,,20,75.5,21.47,no,27829,18.48,2.96,,,0,TRUE,1,,0,,,,0,FALSE,FALSE,FALSE,,,,,,State Assembly Election (AE)
Tamil_Nadu,13,25,2026,5,4,0,4,ARUN. R.L,,Naam Tamilar Katchi,4499,0,,150594,199465,MYLAPORE,GEN,CHENNAI,,20,75.5,2.99,yes,3729,2.48,2.96,,,0,TRUE,1,,0,,,,0,FALSE,FALSE,FALSE,,,,,,State Assembly Election (AE)
Tamil_Nadu,13,25,2026,5,4,0,5,None Of The Above,,None of the Above,770,0,,150594,199465,MYLAPORE,GEN,CHENNAI,,20,75.5,0.51,yes,503,0.33,2.96,,,0,TRUE,1,,0,,,,0,FALSE,FALSE,FALSE,,,,,,State Assembly Election (AE)
Tamil_Nadu,13,25,2026,5,4,0,6,BALAJI. V,,Bahujan Samaj Party,267,0,,150594,199465,MYLAPORE,GEN,CHENNAI,,20,75.5,0.18,yes,2,0.0,2.96,,,0,TRUE,1,,0,,,,0,FALSE,FALSE,FALSE,,,,,,State Assembly Election (AE)
Tamil_Nadu,13,25,2026,5,4,0,7,MOHANRAJ. J,,Jebamani Janata,265,0,,150594,199465,MYLAPORE,GEN,CHENNAI,,20,75.5,0.18,yes,38,0.03,2.96,,,0,TRUE,1,,0,,,,0,FALSE,FALSE,FALSE,,,,,,State Assembly Election (AE)
Tamil_Nadu,13,25,2026,5,4,0,8,VIJAYALAKSHMI. P,,Independent,227,0,,150594,199465,MYLAPORE,GEN,CHENNAI,,20,75.5,0.15,yes,82,0.05,2.96,,,0,TRUE,1,,0,,,,0,FALSE,FALSE,FALSE,,,,,,State Assembly Election (AE)
Tamil_Nadu,13,25,2026,5,4,0,9,DEVENDRAN. R,,Tamizhaga Murpokku Makkal Katchi,145,0,,150594,199465,MYLAPORE,GEN,CHENNAI,,20,75.5,0.1,yes,3,0.0,2.96,,,0,TRUE,1,,0,,,,0,FALSE,FALSE,FALSE,,,,,,State Assembly Election (AE)
Tamil_Nadu,13,25,2026,5,4,0,10,VIJAYA KRISHNA. V,,Independent,142,0,,150594,199465,MYLAPORE,GEN,CHENNAI,,20,75.5,0.09,yes,22,0.01,2.96,,,0,TRUE,1,,0,,,,0,FALSE,FALSE,FALSE,,,,,,State Assembly Election (AE)
Tamil_Nadu,13,25,2026,5,4,0,11,MOORTHY. S,,Thamizhaga Dravidar Katchi,120,0,,150594,199465,MYLAPORE,GEN,CHENNAI,,20,75.5,0.08,yes,11,0.01,2.96,,,0,TRUE,1,,0,,,,0,FALSE,FALSE,FALSE,,,,,,State Assembly Election (AE)
Tamil_Nadu,13,25,2026,5,4,0,12,VINU PRADHA. A,,Independent,109,0,,150594,199465,MYLAPORE,GEN,CHENNAI,,20,75.5,0.07,yes,2,0.0,2.96,,,0,TRUE,1,,0,,,,0,FALSE,FALSE,FALSE,,,,,,State Assembly Election (AE)
Tamil_Nadu,13,25,2026,5,4,0,13,VENKATARAMAN. B,,Independent,107,0,,150594,199465,MYLAPORE,GEN,CHENNAI,,20,75.5,0.07,yes,19,0.01,2.96,,,0,TRUE,1,,0,,,,0,FALSE,FALSE,FALSE,,,,,,State Assembly Election (AE)
Tamil_Nadu,13,25,2026,5,4,0,14,NAGARAJAN. S,,All India Jananayaka Makkal Kazhagam,88,0,,150594,199465,MYLAPORE,GEN,CHENNAI,,20,75.5,0.06,yes,9,0.01,2.96,,,0,TRUE,1,,0,,,,0,FALSE,FALSE,FALSE,,,,,,State Assembly Election (AE)
Tamil_Nadu,13,25,2026,5,4,0,15,SELVAMUTHU. S,,Independent,79,0,,150594,199465,MYLAPORE,GEN,CHENNAI,,20,75.5,0.05,yes,5,0.0,2.96,,,0,TRUE,1,,0,,,,0,FALSE,FALSE,FALSE,,,,,,State Assembly Election (AE)
Tamil_Nadu,13,25,2026,5,4,0,16,ROMANRAJ. A,,Independent,74,0,,150594,199465,MYLAPORE,GEN,CHENNAI,,20,75.5,0.05,yes,10,0.01,2.96,,,0,TRUE,1,,0,,,,0,FALSE,FALSE,FALSE,,,,,,State Assembly Election (AE)
Tamil_Nadu,13,25,2026,5,4,0,17,PARTHIPAN. G,,Independent,64,0,,150594,199465,MYLAPORE,GEN,CHENNAI,,20,75.5,0.04,yes,12,0.01,2.96,,,0,TRUE,1,,0,,,,0,FALSE,FALSE,FALSE,,,,,,State Assembly Election (AE)
Tamil_Nadu,13,25,2026,5,4,0,18,JAYAGOPI. M,,Independent,52,0,,150594,199465,MYLAPORE,GEN,CHENNAI,,20,75.5,0.03,yes,2,0.0,2.96,,,0,TRUE,1,,0,,,,0,FALSE,FALSE,FALSE,,,,,,State Assembly Election (AE)
Tamil_Nadu,13,25,2026,5,4,0,19,VELU. K,,Independent,50,0,,150594,199465,MYLAPORE,GEN,CHENNAI,,20,75.5,0.03,yes,10,0.01,2.96,,,0,TRUE,1,,0,,,,0,FALSE,FALSE,FALSE,,,,,,State Assembly Election (AE)
Tamil_Nadu,13,25,2026,5,4,0,20,RADHAKRISHNAN. G,,Independent,40,0,,150594,199465,MYLAPORE,GEN,CHENNAI,,20,75.5,0.03,yes,40,0.03,2.96,,,0,TRUE,1,,0,,,,0,FALSE,FALSE,FALSE,,,,,,State Assembly Election (AE)
Tamil_Nadu,13,26,2026,5,4,0,1,KUMAR. R,,Tamilaga Vettri Kazhagam,80430,0,,184815,217171,VELACHERY,GEN,CHENNAI,,28,85.1,43.52,no,33305,18.02,3.15,,,0,TRUE,1,,0,,,,0,FALSE,FALSE,FALSE,,,,,,State Assembly Election (AE)
Tamil_Nadu,13,26,2026,5,4,0,2,ASHOK. M.K,,All India Anna Dravida Munnetra Kazhagam,47125,0,,184815,217171,VELACHERY,GEN,CHENNAI,,28,85.1,25.5,no,1197,0.65,3.15,,,0,TRUE,1,,0,,,,0,FALSE,FALSE,FALSE,,,,,,State Assembly Election (AE)
Tamil_Nadu,13,26,2026,5,4,0,3,AASSAN MAULAANA J.M.H,,Indian National Congress,45928,0,,184815,217171,VELACHERY,GEN,CHENNAI,,28,85.1,24.85,no,38231,20.69,3.15,,,0,TRUE,1,,0,,,,0,FALSE,FALSE,FALSE,,,,,,State Assembly Election (AE)
Tamil_Nadu,13,26,2026,5,4,0,4,KEERTHANA. M,,Naam Tamilar Katchi,7697,0,,184815,217171,VELACHERY,GEN,CHENNAI,,28,85.1,4.16,yes,6361,3.44,3.15,,,0,TRUE,1,,0,,,,0,FALSE,FALSE,FALSE,,,,,,State Assembly Election (AE)
Tamil_Nadu,13,26,2026,5,4,0,5,None Of The Above,,None of the Above,1336,0,,184815,217171,VELACHERY,GEN,CHENNAI,,28,85.1,0.72,yes,1097,0.59,3.15,,,0,TRUE,1,,0,,,,0,FALSE,FALSE,FALSE,,,,,,State Assembly Election (AE)
Tamil_Nadu,13,26,2026,5,4,0,6,MOHANRAJ. K,,Bahujan Samaj Party,239,0,,184815,217171,VELACHERY,GEN,CHENNAI,,28,85.1,0.13,yes,6,0.0,3.15,,,0,TRUE,1,,0,,,,0,FALSE,FALSE,FALSE,,,,,,State Assembly Election (AE)
Tamil_Nadu,13,26,2026,5,4,0,7,KALA PETHACHI,,Independent,233,0,,184815,217171,VELACHERY,GEN,CHENNAI,,28,85.1,0.13,yes,28,0.02,3.15,,,0,TRUE,1,,0,,,,0,FALSE,FALSE,FALSE,,,,,,State Assembly Election (AE)
Tamil_Nadu,13,26,2026,5,4,0,8,KANCHANA. R,,Tamizhaga Murpokku Makkal Katchi,205,0,,184815,217171,VELACHERY,GEN,CHENNAI,,28,85.1,0.11,yes,62,0.03,3.15,,,0,TRUE,1,,0,,,,0,FALSE,FALSE,FALSE,,,,,,State Assembly Election (AE)
Tamil_Nadu,13,26,2026,5,4,0,9,RADHAKRISHNAN. D.R,,Independent,143,0,,184815,217171,VELACHERY,GEN,CHENNAI,,28,85.1,0.08,yes,6,0.0,3.15,,,0,TRUE,1,,0,,,,0,FALSE,FALSE,FALSE,,,,,,State Assembly Election (AE)
Tamil_Nadu,13,26,2026,5,4,0,10,SURESH K,,Independent,137,0,,184815,217171,VELACHERY,GEN,CHENNAI,,28,85.1,0.07,yes,4,0.0,3.15,,,0,TRUE,1,,0,,,,0,FALSE,FALSE,FALSE,,,,,,State Assembly Election (AE)
Tamil_Nadu,13,26,2026,5,4,0,11,MANI. M,,Veerath Thiyagi Viswanathadoss Thozhilalarkal Katchi,133,0,,184815,217171,VELACHERY,GEN,CHENNAI,,28,85.1,0.07,yes,3,0.0,3.15,,,0,TRUE,1,,0,,,,0,FALSE,FALSE,FALSE,,,,,,State Assembly Election (AE)
Tamil_Nadu,13,26,2026,5,4,0,12,POYYAMOZHI. M,,Proutist Sarva Samaj,130,0,,184815,217171,VELACHERY,GEN,CHENNAI,,28,85.1,0.07,yes,0,0.0,3.15,,,0,TRUE,1,,0,,,,0,FALSE,FALSE,FALSE,,,,,,State Assembly Election (AE)
Tamil_Nadu,13,26,2026,5,4,0,13,DIWAKAR. R,,Independent,130,0,,184815,217171,VELACHERY,GEN,CHENNAI,,28,85.1,0.07,yes,1,0.0,3.15,,,0,TRUE,1,,0,,,,0,FALSE,FALSE,FALSE,,,,,,State Assembly Election (AE)
Tamil_Nadu,13,26,2026,5,4,0,14,SARABESHWAR SISU. P,,Independent,129,0,,184815,217171,VELACHERY,GEN,CHENNAI,,28,85.1,0.07,yes,12,0.01,3.15,,,0,TRUE,1,,0,,,,0,FALSE,FALSE,FALSE,,,,,,State Assembly Election (AE)
Tamil_Nadu,13,26,2026,5,4,0,15,ROKESH KUMAR. V,,Tamizhaga Vaazhvurimai Katchi,117,0,,184815,217171,VELACHERY,GEN,CHENNAI,,28,85.1,0.06,yes,29,0.02,3.15,,,0,TRUE,1,,0,,,,0,FALSE,FALSE,FALSE,,,,,,State Assembly Election (AE)
Tamil_Nadu,13,26,2026,5,4,0,16,ASHOK. M,,Independent,88,0,,184815,217171,VELACHERY,GEN,CHENNAI,,28,85.1,0.05,yes,3,0.0,3.15,,,0,TRUE,1,,0,,,,0,FALSE,FALSE,FALSE,,,,,,State Assembly Election (AE)
Tamil_Nadu,13,26,2026,5,4,0,17,KANNAN. K,,Independent,85,0,,184815,217171,VELACHERY,GEN,CHENNAI,,28,85.1,0.05,yes,8,0.0,3.15,,,0,TRUE,1,,0,,,,0,FALSE,FALSE,FALSE,,,,,,State Assembly Election (AE)
Tamil_Nadu,13,26,2026,5,4,0,18,JANAGARAJ RAVI GUNASEELAN,,Independent,77,0,,184815,217171,VELACHERY,GEN,CHENNAI,,28,85.1,0.04,yes,7,0.0,3.15,,,0,TRUE,1,,0,,,,0,FALSE,FALSE,FALSE,,,,,,State Assembly Election (AE)
Tamil_Nadu,13,26,2026,5,4,0,19,VIGNESH. M,,Independent,70,0,,184815,217171,VELACHERY,GEN,CHENNAI,,28,85.1,0.04,yes,4,0.0,3.15,,,0,TRUE,1,,0,,,,0,FALSE,FALSE,FALSE,,,,,,State Assembly Election (AE)
Tamil_Nadu,13,26,2026,5,4,0,20,VIGNESH. R,,Independent,66,0,,184815,217171,VELACHERY,GEN,CHENNAI,,28,85.1,0.04,yes,3,0.0,3.15,,,0,TRUE,1,,0,,,,0,FALSE,FALSE,FALSE,,,,,,State Assembly Election (AE)
Tamil_Nadu,13,26,2026,5,4,0,21,AZARUTHEEN. M,,Independent,63,0,,184815,217171,VELACHERY,GEN,CHENNAI,,28,85.1,0.03,yes,2,0.0,3.15,,,0,TRUE,1,,0,,,,0,FALSE,FALSE,FALSE,,,,,,State Assembly Election (AE)
Tamil_Nadu,13,26,2026,5,4,0,22,RAJASEKAR. S,,Independent,61,0,,184815,217171,VELACHERY,GEN,CHENNAI,,28,85.1,0.03,yes,10,0.01,3.15,,,0,TRUE,1,,0,,,,0,FALSE,FALSE,FALSE,,,,,,State Assembly Election (AE)
Tamil_Nadu,13,26,2026,5,4,0,23,MOHAMED YASEEN. I,,Thakkam Katchi,51,0,,184815,217171,VELACHERY,GEN,CHENNAI,,28,85.1,0.03,yes,4,0.0,3.15,,,0,TRUE,1,,0,,,,0,FALSE,FALSE,FALSE,,,,,,State Assembly Election (AE)
Tamil_Nadu,13,26,2026,5,4,0,24,BHASKAR. G,,Independent,47,0,,184815,217171,VELACHERY,GEN,CHENNAI,,28,85.1,0.03,yes,15,0.01,3.15,,,0,TRUE,1,,0,,,,0,FALSE,FALSE,FALSE,,,,,,State Assembly Election (AE)
Tamil_Nadu,13,26,2026,5,4,0,25,MOHAN. R,,Independent,32,0,,184815,217171,VELACHERY,GEN,CHENNAI,,28,85.1,0.02,yes,5,0.0,3.15,,,0,TRUE,1,,0,,,,0,FALSE,FALSE,FALSE,,,,,,State Assembly Election (AE)
Tamil_Nadu,13,26,2026,5,4,0,26,DEEPAK RAVI,,Independent,27,0,,184815,217171,VELACHERY,GEN,CHENNAI,,28,85.1,0.01,yes,3,0.0,3.15,,,0,TRUE,1,,0,,,,0,FALSE,FALSE,FALSE,,,,,,State Assembly Election (AE)
Tamil_Nadu,13,26,2026,5,4,0,27,AHAMMED NAZEER KHAN,,Independent,24,0,,184815,217171,VELACHERY,GEN,CHENNAI,,28,85.1,0.01,yes,12,0.01,3.15,,,0,TRUE,1,,0,,,,0,FALSE,FALSE,FALSE,,,,,,State Assembly Election (AE)
Tamil_Nadu,13,26,2026,5,4,0,28,RITISH,,Independent,12,0,,184815,217171,VELACHERY,GEN,CHENNAI,,28,85.1,0.01,yes,12,0.01,3.15,,,0,TRUE,1,,0,,,,0,FALSE,FALSE,FALSE,,,,,,State Assembly Election (AE)
Tamil_Nadu,13,27,2026,5,4,0,1,ECR P SARAVANAN,,Tamilaga Vettri Kazhagam,220382,0,,447295,553905,SHOZHINGANALLUR,GEN,CHENGALPATTU,,28,80.75,49.27,no,96780,21.64,2.87,,,0,TRUE,1,,0,,,,0,FALSE,FALSE,FALSE,,,,,,State Assembly Election (AE)
Tamil_Nadu,13,27,2026,5,4,0,2,S. ARAVIND RAMESH,,Dravida Munnetra Kazhagam,123602,0,,447295,553905,SHOZHINGANALLUR,GEN,CHENGALPATTU,,28,80.75,27.63,no,49490,11.06,2.87,,,0,TRUE,1,,0,,,,0,FALSE,FALSE,FALSE,,,,,,State Assembly Election (AE)
Tamil_Nadu,13,27,2026,5,4,0,3,K.P.KANDAN,,All India Anna Dravida Munnetra Kazhagam,74112,0,,447295,553905,SHOZHINGANALLUR,GEN,CHENGALPATTU,,28,80.75,16.57,yes,52193,11.67,2.87,,,0,TRUE,1,,0,,,,0,FALSE,FALSE,FALSE,,,,,,State Assembly Election (AE)
Tamil_Nadu,13,27,2026,5,4,0,4,R JAYALAKSHMI,,Naam Tamilar Katchi,21919,0,,447295,553905,SHOZHINGANALLUR,GEN,CHENGALPATTU,,28,80.75,4.9,yes,19840,4.44,2.87,,,0,TRUE,1,,0,,,,0,FALSE,FALSE,FALSE,,,,,,State Assembly Election (AE)
Tamil_Nadu,13,27,2026,5,4,0,5,None Of The Above,,None of the Above,2079,0,,447295,553905,SHOZHINGANALLUR,GEN,CHENGALPATTU,,28,80.75,0.46,yes,1552,0.35,2.87,,,0,TRUE,1,,0,,,,0,FALSE,FALSE,FALSE,,,,,,State Assembly Election (AE)
Tamil_Nadu,13,27,2026,5,4,0,6,N.PRASHANTHA RAO,,Independent,527,0,,447295,553905,SHOZHINGANALLUR,GEN,CHENGALPATTU,,28,80.75,0.12,yes,3,0.0,2.87,,,0,TRUE,1,,0,,,,0,FALSE,FALSE,FALSE,,,,,,State Assembly Election (AE)
Tamil_Nadu,13,27,2026,5,4,0,7,S.PUSHNA KUMAR,,Bahujan Samaj Party,524,0,,447295,553905,SHOZHINGANALLUR,GEN,CHENGALPATTU,,28,80.75,0.12,yes,38,0.01,2.87,,,0,TRUE,1,,0,,,,0,FALSE,FALSE,FALSE,,,,,,State Assembly Election (AE)
Tamil_Nadu,13,27,2026,5,4,0,8,M. CHRISTHU DASS,,Dravida Jananayaga Makkal Katchi,486,0,,447295,553905,SHOZHINGANALLUR,GEN,CHENGALPATTU,,28,80.75,0.11,yes,72,0.02,2.87,,,0,TRUE,1,,0,,,,0,FALSE,FALSE,FALSE,,,,,,State Assembly Election (AE)
Tamil_Nadu,13,27,2026,5,4,0,9,G SURESH KUMAR,,Independent,414,0,,447295,553905,SHOZHINGANALLUR,GEN,CHENGALPATTU,,28,80.75,0.09,yes,93,0.02,2.87,,,0,TRUE,1,,0,,,,0,FALSE,FALSE,FALSE,,,,,,State Assembly Election (AE)
Tamil_Nadu,13,27,2026,5,4,0,10,M.G.RAMU,,Jebamani Janata,321,0,,447295,553905,SHOZHINGANALLUR,GEN,CHENGALPATTU,,28,80.75,0.07,yes,58,0.01,2.87,,,0,TRUE,1,,0,,,,0,FALSE,FALSE,FALSE,,,,,,State Assembly Election (AE)
Tamil_Nadu,13,27,2026,5,4,0,11,RAMANATHAN M,,Independent,263,0,,447295,553905,SHOZHINGANALLUR,GEN,CHENGALPATTU,,28,80.75,0.06,yes,6,0.0,2.87,,,0,TRUE,1,,0,,,,0,FALSE,FALSE,FALSE,,,,,,State Assembly Election (AE)
Tamil_Nadu,13,27,2026,5,4,0,12,E. VIJAY,,Independent,257,0,,447295,553905,SHOZHINGANALLUR,GEN,CHENGALPATTU,,28,80.75,0.06,yes,3,0.0,2.87,,,0,TRUE,1,,0,,,,0,FALSE,FALSE,FALSE,,,,,,State Assembly Election (AE)
Tamil_Nadu,13,27,2026,5,4,0,13,D. SRINIVASAN,,Independent,254,0,,447295,553905,SHOZHINGANALLUR,GEN,CHENGALPATTU,,28,80.75,0.06,yes,3,0.0,2.87,,,0,TRUE,1,,0,,,,0,FALSE,FALSE,FALSE,,,,,,State Assembly Election (AE)
Tamil_Nadu,13,27,2026,5,4,0,14,K. VISHWANATHAN,,All India Puratchi Thalaivar Makkal Munnettra Kazhagam,251,0,,447295,553905,SHOZHINGANALLUR,GEN,CHENGALPATTU,,28,80.75,0.06,yes,37,0.01,2.87,,,0,TRUE,1,,0,,,,0,FALSE,FALSE,FALSE,,,,,,State Assembly Election (AE)
Tamil_Nadu,13,27,2026,5,4,0,15,S. KARTHIK,,Independent,214,0,,447295,553905,SHOZHINGANALLUR,GEN,CHENGALPATTU,,28,80.75,0.05,yes,25,0.01,2.87,,,0,TRUE,1,,0,,,,0,FALSE,FALSE,FALSE,,,,,,State Assembly Election (AE)
Tamil_Nadu,13,27,2026,5,4,0,16,R RAVICHANDRAN,,Independent,189,0,,447295,553905,SHOZHINGANALLUR,GEN,CHENGALPATTU,,28,80.75,0.04,yes,12,0.0,2.87,,,0,TRUE,1,,0,,,,0,FALSE,FALSE,FALSE,,,,,,State Assembly Election (AE)
Tamil_Nadu,13,27,2026,5,4,0,17,CHANDRASEKARAN,,Independent,177,0,,447295,553905,SHOZHINGANALLUR,GEN,CHENGALPATTU,,28,80.75,0.04,yes,17,0.0,2.87,,,0,TRUE,1,,0,,,,0,FALSE,FALSE,FALSE,,,,,,State Assembly Election (AE)
Tamil_Nadu,13,27,2026,5,4,0,18,RAJESH,,Independent,160,0,,447295,553905,SHOZHINGANALLUR,GEN,CHENGALPATTU,,28,80.75,0.04,yes,4,0.0,2.87,,,0,TRUE,1,,0,,,,0,FALSE,FALSE,FALSE,,,,,,State Assembly Election (AE)
Tamil_Nadu,13,27,2026,5,4,0,19,E. MURALI B.A,,Independent,156,0,,447295,553905,SHOZHINGANALLUR,GEN,CHENGALPATTU,,28,80.75,0.03,yes,7,0.0,2.87,,,0,TRUE,1,,0,,,,0,FALSE,FALSE,FALSE,,,,,,State Assembly Election (AE)
Tamil_Nadu,13,27,2026,5,4,0,20,S.GOVINDHAN,,Independent,149,0,,447295,553905,SHOZHINGANALLUR,GEN,CHENGALPATTU,,28,80.75,0.03,yes,26,0.01,2.87,,,0,TRUE,1,,0,,,,0,FALSE,FALSE,FALSE,,,,,,State Assembly Election (AE)
Tamil_Nadu,13,27,2026,5,4,0,21,M. ALEXANDAR,,Naam Indiar Party,123,0,,447295,553905,SHOZHINGANALLUR,GEN,CHENGALPATTU,,28,80.75,0.03,yes,0,0.0,2.87,,,0,TRUE,1,,0,,,,0,FALSE,FALSE,FALSE,,,,,,State Assembly Election (AE)
Tamil_Nadu,13,27,2026,5,4,0,22,JAIKUMAR BALACHANDRAN,,Independent,123,0,,447295,553905,SHOZHINGANALLUR,GEN,CHENGALPATTU,,28,80.75,0.03,yes,8,0.0,2.87,,,0,TRUE,1,,0,,,,0,FALSE,FALSE,FALSE,,,,,,State Assembly Election (AE)
Tamil_Nadu,13,27,2026,5,4,0,23,P.CHANDRA KANTH,,Independent,115,0,,447295,553905,SHOZHINGANALLUR,GEN,CHENGALPATTU,,28,80.75,0.03,yes,0,0.0,2.87,,,0,TRUE,1,,0,,,,0,FALSE,FALSE,FALSE,,,,,,State Assembly Election (AE)
Tamil_Nadu,13,27,2026,5,4,0,24,R.YOGESHWARAN,,Independent,115,0,,447295,553905,SHOZHINGANALLUR,GEN,CHENGALPATTU,,28,80.75,0.03,yes,0,0.0,2.87,,,0,TRUE,1,,0,,,,0,FALSE,FALSE,FALSE,,,,,,State Assembly Election (AE)
Tamil_Nadu,13,27,2026,5,4,0,25,FARMER JAYARAMAN S K J,,Independent,115,0,,447295,553905,SHOZHINGANALLUR,GEN,CHENGALPATTU,,28,80.75,0.03,yes,12,0.0,2.87,,,0,TRUE,1,,0,,,,0,FALSE,FALSE,FALSE,,,,,,State Assembly Election (AE)
Tamil_Nadu,13,27,2026,5,4,0,26,V. KANDHAN,,Independent,103,0,,447295,553905,SHOZHINGANALLUR,GEN,CHENGALPATTU,,28,80.75,0.02,yes,5,0.0,2.87,,,0,TRUE,1,,0,,,,0,FALSE,FALSE,FALSE,,,,,,State Assembly Election (AE)
Tamil_Nadu,13,27,2026,5,4,0,27,A.MOHAMMED GANI,,Independent,98,0,,447295,553905,SHOZHINGANALLUR,GEN,CHENGALPATTU,,28,80.75,0.02,yes,31,0.01,2.87,,,0,TRUE,1,,0,,,,0,FALSE,FALSE,FALSE,,,,,,State Assembly Election (AE)
Tamil_Nadu,13,27,2026,5,4,0,28,MUTHARASAN,,Independent,67,0,,447295,553905,SHOZHINGANALLUR,GEN,CHENGALPATTU,,28,80.75,0.01,yes,67,0.01,2.87,,,0,TRUE,1,,0,,,,0,FALSE,FALSE,FALSE,,,,,,State Assembly Election (AE)
Tamil_Nadu,13,28,2026,5,4,0,1,M.HARISH,,Tamilaga Vettri Kazhagam,112205,0,,261570,301055,ALANDUR,GEN,KANCHEEPURAM,,24,86.88,42.9,no,29609,11.32,3.07,,,0,TRUE,1,,0,,,,0,FALSE,FALSE,FALSE,,,,,,State Assembly Election (AE)
Tamil_Nadu,13,28,2026,5,4,0,2,T.M.ANBARASAN,,Dravida Munnetra Kazhagam,82596,0,,261570,301055,ALANDUR,GEN,KANCHEEPURAM,,24,86.88,31.58,no,30353,11.6,3.07,,,0,TRUE,1,,0,,,,0,FALSE,FALSE,FALSE,,,,,,State Assembly Election (AE)
Tamil_Nadu,13,28,2026,5,4,0,3,S.SARAVANAN,,All India Anna Dravida Munnetra Kazhagam,52243,0,,261570,301055,ALANDUR,GEN,KANCHEEPURAM,,24,86.88,19.97,no,41838,15.99,3.07,,,0,TRUE,1,,0,,,,0,FALSE,FALSE,FALSE,,,,,,State Assembly Election (AE)
Tamil_Nadu,13,28,2026,5,4,0,4,Y.G.MAHALAKSHMI,,Naam Tamilar Katchi,10405,0,,261570,301055,ALANDUR,GEN,KANCHEEPURAM,,24,86.88,3.98,yes,9142,3.5,3.07,,,0,TRUE,1,,0,,,,0,FALSE,FALSE,FALSE,,,,,,State Assembly Election (AE)
Tamil_Nadu,13,28,2026,5,4,0,5,None Of The Above,,None of the Above,1263,0,,261570,301055,ALANDUR,GEN,KANCHEEPURAM,,24,86.88,0.48,yes,410,0.16,3.07,,,0,TRUE,1,,0,,,,0,FALSE,FALSE,FALSE,,,,,,State Assembly Election (AE)
Tamil_Nadu,13,28,2026,5,4,0,6,M.HARISH,,Independent,853,0,,261570,301055,ALANDUR,GEN,KANCHEEPURAM,,24,86.88,0.33,yes,536,0.2,3.07,,,0,TRUE,1,,0,,,,0,FALSE,FALSE,FALSE,,,,,,State Assembly Election (AE)
Tamil_Nadu,13,28,2026,5,4,0,7,N.HARI KRISHNAN,,All India Puratchi Thalaivar Makkal Munnettra Kazhagam,317,0,,261570,301055,ALANDUR,GEN,KANCHEEPURAM,,24,86.88,0.12,yes,84,0.03,3.07,,,0,TRUE,1,,0,,,,0,FALSE,FALSE,FALSE,,,,,,State Assembly Election (AE)
Tamil_Nadu,13,28,2026,5,4,0,8,J.AGNI SELVARASU,,Naadaalum Makkal Katchi,233,0,,261570,301055,ALANDUR,GEN,KANCHEEPURAM,,24,86.88,0.09,yes,0,0.0,3.07,,,0,TRUE,1,,0,,,,0,FALSE,FALSE,FALSE,,,,,,State Assembly Election (AE)
Tamil_Nadu,13,28,2026,5,4,0,9,SENKODI VIJAYALAKSHMI,,Independent,233,0,,261570,301055,ALANDUR,GEN,KANCHEEPURAM,,24,86.88,0.09,yes,65,0.02,3.07,,,0,TRUE,1,,0,,,,0,FALSE,FALSE,FALSE,,,,,,State Assembly Election (AE)
Tamil_Nadu,13,28,2026,5,4,0,10,R.SURESH,,Independent,168,0,,261570,301055,ALANDUR,GEN,KANCHEEPURAM,,24,86.88,0.06,yes,18,0.01,3.07,,,0,TRUE,1,,0,,,,0,FALSE,FALSE,FALSE,,,,,,State Assembly Election (AE)
Tamil_Nadu,13,28,2026,5,4,0,11,R.SARAVANAN,,Independent,150,0,,261570,301055,ALANDUR,GEN,KANCHEEPURAM,,24,86.88,0.06,yes,30,0.01,3.07,,,0,TRUE,1,,0,,,,0,FALSE,FALSE,FALSE,,,,,,State Assembly Election (AE)
Tamil_Nadu,13,28,2026,5,4,0,12,V.ANBARASAN,,Independent,120,0,,261570,301055,ALANDUR,GEN,KANCHEEPURAM,,24,86.88,0.05,yes,15,0.01,3.07,,,0,TRUE,1,,0,,,,0,FALSE,FALSE,FALSE,,,,,,State Assembly Election (AE)
Tamil_Nadu,13,28,2026,5,4,0,13,MAHESH KUMAR,,Independent,105,0,,261570,301055,ALANDUR,GEN,KANCHEEPURAM,,24,86.88,0.04,yes,12,0.0,3.07,,,0,TRUE,1,,0,,,,0,FALSE,FALSE,FALSE,,,,,,State Assembly Election (AE)
Tamil_Nadu,13,28,2026,5,4,0,14,A.VELUSAMY,,Puthiya Tamilagam,93,0,,261570,301055,ALANDUR,GEN,KANCHEEPURAM,,24,86.88,0.04,yes,4,0.0,3.07,,,0,TRUE,1,,0,,,,0,FALSE,FALSE,FALSE,,,,,,State Assembly Election (AE)
Tamil_Nadu,13,28,2026,5,4,0,15,S.ROYAPPAN,,Tamizhaga Vaazhvurimai Katchi,89,0,,261570,301055,ALANDUR,GEN,KANCHEEPURAM,,24,86.88,0.03,yes,11,0.0,3.07,,,0,TRUE,1,,0,,,,0,FALSE,FALSE,FALSE,,,,,,State Assembly Election (AE)
Tamil_Nadu,13,28,2026,5,4,0,16,A.SARAVANAN,,Independent,78,0,,261570,301055,ALANDUR,GEN,KANCHEEPURAM,,24,86.88,0.03,yes,1,0.0,3.07,,,0,TRUE,1,,0,,,,0,FALSE,FALSE,FALSE,,,,,,State Assembly Election (AE)
Tamil_Nadu,13,28,2026,5,4,0,17,ARAVIND CHANDRASEKAR,,Indhu Dravida Makkal Katchi,77,0,,261570,301055,ALANDUR,GEN,KANCHEEPURAM,,24,86.88,0.03,yes,1,0.0,3.07,,,0,TRUE,1,,0,,,,0,FALSE,FALSE,FALSE,,,,,,State Assembly Election (AE)
Tamil_Nadu,13,28,2026,5,4,0,18,S.SARAVANAN,,Independent,76,0,,261570,301055,ALANDUR,GEN,KANCHEEPURAM,,24,86.88,0.03,yes,7,0.0,3.07,,,0,TRUE,1,,0,,,,0,FALSE,FALSE,FALSE,,,,,,State Assembly Election (AE)
Tamil_Nadu,13,28,2026,5,4,0,19,R.SELVAKUMAR,,Independent,69,0,,261570,301055,ALANDUR,GEN,KANCHEEPURAM,,24,86.88,0.03,yes,9,0.0,3.07,,,0,TRUE,1,,0,,,,0,FALSE,FALSE,FALSE,,,,,,State Assembly Election (AE)
Tamil_Nadu,13,28,2026,5,4,0,20,B. KALYANARAMKUMAR,,Naam Indiar Party,60,0,,261570,301055,ALANDUR,GEN,KANCHEEPURAM,,24,86.88,0.02,yes,9,0.0,3.07,,,0,TRUE,1,,0,,,,0,FALSE,FALSE,FALSE,,,,,,State Assembly Election (AE)
Tamil_Nadu,13,28,2026,5,4,0,21,K.VELAYUDHAM,,Independent,51,0,,261570,301055,ALANDUR,GEN,KANCHEEPURAM,,24,86.88,0.02,yes,1,0.0,3.07,,,0,TRUE,1,,0,,,,0,FALSE,FALSE,FALSE,,,,,,State Assembly Election (AE)
Tamil_Nadu,13,28,2026,5,4,0,22,D.SARAVANAN,,Independent,50,0,,261570,301055,ALANDUR,GEN,KANCHEEPURAM,,24,86.88,0.02,yes,31,0.01,3.07,,,0,TRUE,1,,0,,,,0,FALSE,FALSE,FALSE,,,,,,State Assembly Election (AE)
Tamil_Nadu,13,28,2026,5,4,0,23,G.DANIEL ANTONYRAJ,,Independent,19,0,,261570,301055,ALANDUR,GEN,KANCHEEPURAM,,24,86.88,0.01,yes,2,0.0,3.07,,,0,TRUE,1,,0,,,,0,FALSE,FALSE,FALSE,,,,,,State Assembly Election (AE)
Tamil_Nadu,13,28,2026,5,4,0,24,G.RAMANAN,,Independent,17,0,,261570,301055,ALANDUR,GEN,KANCHEEPURAM,,24,86.88,0.01,yes,17,0.01,3.07,,,0,TRUE,1,,0,,,,0,FALSE,FALSE,FALSE,,,,,,State Assembly Election (AE)
Tamil_Nadu,13,29,2026,5,4,0,1,THENNARASU.K,,Tamilaga Vettri Kazhagam,147611,0,,331088,381750,SRIPERUMBUDUR,SC,KANCHEEPURAM,,14,86.73,44.58,no,54246,16.38,3.04,,,0,TRUE,1,,0,,,,0,FALSE,FALSE,FALSE,,,,,,State Assembly Election (AE)
Tamil_Nadu,13,29,2026,5,4,0,2,K. SELVAPERUNTHAGAI,,Indian National Congress,93365,0,,331088,381750,SRIPERUMBUDUR,SC,KANCHEEPURAM,,14,86.73,28.2,no,20183,6.1,3.04,,,0,TRUE,1,,0,,,,0,FALSE,FALSE,FALSE,,,,,,State Assembly Election (AE)
Tamil_Nadu,13,29,2026,5,4,0,3,K. PALANI,,All India Anna Dravida Munnetra Kazhagam,73182,0,,331088,381750,SRIPERUMBUDUR,SC,KANCHEEPURAM,,14,86.73,22.1,no,60032,18.13,3.04,,,0,TRUE,1,,0,,,,0,FALSE,FALSE,FALSE,,,,,,State Assembly Election (AE)
Tamil_Nadu,13,29,2026,5,4,0,4,M. SINDHU EZHILARASAN,,Naam Tamilar Katchi,13150,0,,331088,381750,SRIPERUMBUDUR,SC,KANCHEEPURAM,,14,86.73,3.97,yes,11989,3.62,3.04,,,0,TRUE,1,,0,,,,0,FALSE,FALSE,FALSE,,,,,,State Assembly Election (AE)
Tamil_Nadu,13,29,2026,5,4,0,5,None Of The Above,,None of the Above,1161,0,,331088,381750,SRIPERUMBUDUR,SC,KANCHEEPURAM,,14,86.73,0.35,yes,650,0.2,3.04,,,0,TRUE,1,,0,,,,0,FALSE,FALSE,FALSE,,,,,,State Assembly Election (AE)
Tamil_Nadu,13,29,2026,5,4,0,6,M.TAMILARASAN,,Communist Party of India (Marxist-Leninist) (Liberation),511,0,,331088,381750,SRIPERUMBUDUR,SC,KANCHEEPURAM,,14,86.73,0.15,yes,22,0.01,3.04,,,0,TRUE,1,,0,,,,0,FALSE,FALSE,FALSE,,,,,,State Assembly Election (AE)
Tamil_Nadu,13,29,2026,5,4,0,7,D.PURUSHOTHAMAN,,All India Puratchi Thalaivar Makkal Munnettra Kazhagam,489,0,,331088,381750,SRIPERUMBUDUR,SC,KANCHEEPURAM,,14,86.73,0.15,yes,10,0.0,3.04,,,0,TRUE,1,,0,,,,0,FALSE,FALSE,FALSE,,,,,,State Assembly Election (AE)
Tamil_Nadu,13,29,2026,5,4,0,8,A. GURUANANDHAN,,Anaithinthiya Anna Dravida Makkal Seyal katchi,479,0,,331088,381750,SRIPERUMBUDUR,SC,KANCHEEPURAM,,14,86.73,0.14,yes,208,0.06,3.04,,,0,TRUE,1,,0,,,,0,FALSE,FALSE,FALSE,,,,,,State Assembly Election (AE)
Tamil_Nadu,13,29,2026,5,4,0,9,A.GNANASEKARAN,,Tamizhaga Vaazhvurimai Katchi,271,0,,331088,381750,SRIPERUMBUDUR,SC,KANCHEEPURAM,,14,86.73,0.08,yes,13,0.0,3.04,,,0,TRUE,1,,0,,,,0,FALSE,FALSE,FALSE,,,,,,State Assembly Election (AE)
Tamil_Nadu,13,29,2026,5,4,0,10,P. VEDHAGIRI,,Independent,258,0,,331088,381750,SRIPERUMBUDUR,SC,KANCHEEPURAM,,14,86.73,0.08,yes,47,0.01,3.04,,,0,TRUE,1,,0,,,,0,FALSE,FALSE,FALSE,,,,,,State Assembly Election (AE)
Tamil_Nadu,13,29,2026,5,4,0,11,G. RAJATHI,,Independent,211,0,,331088,381750,SRIPERUMBUDUR,SC,KANCHEEPURAM,,14,86.73,0.06,yes,35,0.01,3.04,,,0,TRUE,1,,0,,,,0,FALSE,FALSE,FALSE,,,,,,State Assembly Election (AE)
Tamil_Nadu,13,29,2026,5,4,0,12,J. NITHYA,,Independent,176,0,,331088,381750,SRIPERUMBUDUR,SC,KANCHEEPURAM,,14,86.73,0.05,yes,64,0.02,3.04,,,0,TRUE,1,,0,,,,0,FALSE,FALSE,FALSE,,,,,,State Assembly Election (AE)
Tamil_Nadu,13,29,2026,5,4,0,13,ELANGOVAN SIVAKUMAR,,Independent,112,0,,331088,381750,SRIPERUMBUDUR,SC,KANCHEEPURAM,,14,86.73,0.03,yes,0,0.0,3.04,,,0,TRUE,1,,0,,,,0,FALSE,FALSE,FALSE,,,,,,State Assembly Election (AE)
Tamil_Nadu,13,29,2026,5,4,0,14,E. MURUGAN,,Independent,112,0,,331088,381750,SRIPERUMBUDUR,SC,KANCHEEPURAM,,14,86.73,0.03,yes,112,0.03,3.04,,,0,TRUE,1,,0,,,,0,FALSE,FALSE,FALSE,,,,,,State Assembly Election (AE)
Tamil_Nadu,13,30,2026,5,4,0,1,J.KAMATCHI,,Tamilaga Vettri Kazhagam,133611,0,,283677,336963,PALLAVARAM,GEN,CHENGALPATTU,,24,84.19,47.1,no,54693,19.28,3.02,,,0,TRUE,1,,0,,,,0,FALSE,FALSE,FALSE,,,,,,State Assembly Election (AE)
Tamil_Nadu,13,30,2026,5,4,0,2,D.MURUGESAN,,Desiya Murpokku Dravida Kazhagam,78918,0,,283677,336963,PALLAVARAM,GEN,CHENGALPATTU,,24,84.19,27.82,no,29997,10.57,3.02,,,0,TRUE,1,,0,,,,0,FALSE,FALSE,FALSE,,,,,,State Assembly Election (AE)
Tamil_Nadu,13,30,2026,5,4,0,3,V.VENKATESAN,,All India Anna Dravida Munnetra Kazhagam,48921,0,,283677,336963,PALLAVARAM,GEN,CHENGALPATTU,,24,84.19,17.25,no,34856,12.29,3.02,,,0,TRUE,1,,0,,,,0,FALSE,FALSE,FALSE,,,,,,State Assembly Election (AE)
Tamil_Nadu,13,30,2026,5,4,0,4,DR.R.KARTHIKEYAN,,Naam Tamilar Katchi,14065,0,,283677,336963,PALLAVARAM,GEN,CHENGALPATTU,,24,84.19,4.96,yes,12463,4.39,3.02,,,0,TRUE,1,,0,,,,0,FALSE,FALSE,FALSE,,,,,,State Assembly Election (AE)
Tamil_Nadu,13,30,2026,5,4,0,5,None Of The Above,,None of the Above,1602,0,,283677,336963,PALLAVARAM,GEN,CHENGALPATTU,,24,84.19,0.56,yes,325,0.11,3.02,,,0,TRUE,1,,0,,,,0,FALSE,FALSE,FALSE,,,,,,State Assembly Election (AE)
Tamil_Nadu,13,30,2026,5,4,0,6,RAJESH T R,,Independent,1277,0,,283677,336963,PALLAVARAM,GEN,CHENGALPATTU,,24,84.19,0.45,yes,715,0.25,3.02,,,0,TRUE,1,,0,,,,0,FALSE,FALSE,FALSE,,,,,,State Assembly Election (AE)
Tamil_Nadu,13,30,2026,5,4,0,7,N.BHARATHI,,Bahujan Samaj Party,562,0,,283677,336963,PALLAVARAM,GEN,CHENGALPATTU,,24,84.19,0.2,yes,7,0.0,3.02,,,0,TRUE,1,,0,,,,0,FALSE,FALSE,FALSE,,,,,,State Assembly Election (AE)
Tamil_Nadu,13,30,2026,5,4,0,8,A.THANGARAJ,,Puthiya Tamilagam,555,0,,283677,336963,PALLAVARAM,GEN,CHENGALPATTU,,24,84.19,0.2,yes,112,0.04,3.02,,,0,TRUE,1,,0,,,,0,FALSE,FALSE,FALSE,,,,,,State Assembly Election (AE)
Tamil_Nadu,13,30,2026,5,4,0,9,B.RAJESWARI,,Naadaalum Makkal Katchi,443,0,,283677,336963,PALLAVARAM,GEN,CHENGALPATTU,,24,84.19,0.16,yes,14,0.0,3.02,,,0,TRUE,1,,0,,,,0,FALSE,FALSE,FALSE,,,,,,State Assembly Election (AE)
Tamil_Nadu,13,30,2026,5,4,0,10,N.RAMKUMAR,,Independent,429,0,,283677,336963,PALLAVARAM,GEN,CHENGALPATTU,,24,84.19,0.15,yes,52,0.02,3.02,,,0,TRUE,1,,0,,,,0,FALSE,FALSE,FALSE,,,,,,State Assembly Election (AE)
Tamil_Nadu,13,30,2026,5,4,0,11,M.L.RAVI,,Desiya Makkal Sakthi Katchi,377,0,,283677,336963,PALLAVARAM,GEN,CHENGALPATTU,,24,84.19,0.13,yes,28,0.01,3.02,,,0,TRUE,1,,0,,,,0,FALSE,FALSE,FALSE,,,,,,State Assembly Election (AE)
Tamil_Nadu,13,30,2026,5,4,0,12,T.AMIRTHA KANTHAN,,Naam Indiar Party,349,0,,283677,336963,PALLAVARAM,GEN,CHENGALPATTU,,24,84.19,0.12,yes,27,0.01,3.02,,,0,TRUE,1,,0,,,,0,FALSE,FALSE,FALSE,,,,,,State Assembly Election (AE)
Tamil_Nadu,13,30,2026,5,4,0,13,M.SIVAKUMAR,,Independent,322,0,,283677,336963,PALLAVARAM,GEN,CHENGALPATTU,,24,84.19,0.11,yes,24,0.01,3.02,,,0,TRUE,1,,0,,,,0,FALSE,FALSE,FALSE,,,,,,State Assembly Election (AE)
Tamil_Nadu,13,30,2026,5,4,0,14,R.MUTHUKUMAR,,Independent,298,0,,283677,336963,PALLAVARAM,GEN,CHENGALPATTU,,24,84.19,0.11,yes,4,0.0,3.02,,,0,TRUE,1,,0,,,,0,FALSE,FALSE,FALSE,,,,,,State Assembly Election (AE)
Tamil_Nadu,13,30,2026,5,4,0,15,S.RAHAMATHULLA,,Tamizhaga Vaazhvurimai Katchi,294,0,,283677,336963,PALLAVARAM,GEN,CHENGALPATTU,,24,84.19,0.1,yes,11,0.0,3.02,,,0,TRUE,1,,0,,,,0,FALSE,FALSE,FALSE,,,,,,State Assembly Election (AE)
Tamil_Nadu,13,30,2026,5,4,0,16,G.RAMESHBABU,,Indhu Dravida Makkal Katchi,283,0,,283677,336963,PALLAVARAM,GEN,CHENGALPATTU,,24,84.19,0.1,yes,48,0.02,3.02,,,0,TRUE,1,,0,,,,0,FALSE,FALSE,FALSE,,,,,,State Assembly Election (AE)
Tamil_Nadu,13,30,2026,5,4,0,17,S.SATHIYARAJ,,Independent,235,0,,283677,336963,PALLAVARAM,GEN,CHENGALPATTU,,24,84.19,0.08,yes,2,0.0,3.02,,,0,TRUE,1,,0,,,,0,FALSE,FALSE,FALSE,,,,,,State Assembly Election (AE)
Tamil_Nadu,13,30,2026,5,4,0,18,R.JAWAHAR,,Independent,233,0,,283677,336963,PALLAVARAM,GEN,CHENGALPATTU,,24,84.19,0.08,yes,2,0.0,3.02,,,0,TRUE,1,,0,,,,0,FALSE,FALSE,FALSE,,,,,,State Assembly Election (AE)
Tamil_Nadu,13,30,2026,5,4,0,19,R.RAJKUMAR,,All India Puratchi Thalaivar Makkal Munnettra Kazhagam,231,0,,283677,336963,PALLAVARAM,GEN,CHENGALPATTU,,24,84.19,0.08,yes,19,0.01,3.02,,,0,TRUE,1,,0,,,,0,FALSE,FALSE,FALSE,,,,,,State Assembly Election (AE)
Tamil_Nadu,13,30,2026,5,4,0,20,G.JOHN PANDIAN,,Independent,212,0,,283677,336963,PALLAVARAM,GEN,CHENGALPATTU,,24,84.19,0.07,yes,32,0.01,3.02,,,0,TRUE,1,,0,,,,0,FALSE,FALSE,FALSE,,,,,,State Assembly Election (AE)
Tamil_Nadu,13,30,2026,5,4,0,21,S.SUNDARAMOORTHY PANDIYAR,,Independent,180,0,,283677,336963,PALLAVARAM,GEN,CHENGALPATTU,,24,84.19,0.06,yes,77,0.03,3.02,,,0,TRUE,1,,0,,,,0,FALSE,FALSE,FALSE,,,,,,State Assembly Election (AE)
Tamil_Nadu,13,30,2026,5,4,0,22,P.RAVICHANDRAN,,Independent,103,0,,283677,336963,PALLAVARAM,GEN,CHENGALPATTU,,24,84.19,0.04,yes,4,0.0,3.02,,,0,TRUE,1,,0,,,,0,FALSE,FALSE,FALSE,,,,,,State Assembly Election (AE)
Tamil_Nadu,13,30,2026,5,4,0,23,S.VETRI VEL,,Independent,99,0,,283677,336963,PALLAVARAM,GEN,CHENGALPATTU,,24,84.19,0.03,yes,21,0.01,3.02,,,0,TRUE,1,,0,,,,0,FALSE,FALSE,FALSE,,,,,,State Assembly Election (AE)
Tamil_Nadu,13,30,2026,5,4,0,24,M.SANKAR,,Independent,78,0,,283677,336963,PALLAVARAM,GEN,CHENGALPATTU,,24,84.19,0.03,yes,78,0.03,3.02,,,0,TRUE,1,,0,,,,0,FALSE,FALSE,FALSE,,,,,,State Assembly Election (AE)
Tamil_Nadu,13,31,2026,5,4,0,1,D.SARATHKUMAR,,Tamilaga Vettri Kazhagam,118967,0,,278809,330060,TAMBARAM,GEN,CHENGALPATTU,,16,84.47,42.67,no,35621,12.78,3.1,,,0,TRUE,1,,0,,,,0,FALSE,FALSE,FALSE,,,,,,State Assembly Election (AE)
Tamil_Nadu,13,31,2026,5,4,0,2,R.S.KIRUTHIKA DEVI,,Dravida Munnetra Kazhagam,83346,0,,278809,330060,TAMBARAM,GEN,CHENGALPATTU,,16,84.47,29.89,no,21355,7.66,3.1,,,0,TRUE,1,,0,,,,0,FALSE,FALSE,FALSE,,,,,,State Assembly Election (AE)
Tamil_Nadu,13,31,2026,5,4,0,3,C.RAJENDRAN,,All India Anna Dravida Munnetra Kazhagam,61991,0,,278809,330060,TAMBARAM,GEN,CHENGALPATTU,,16,84.47,22.23,no,50364,18.06,3.1,,,0,TRUE,1,,0,,,,0,FALSE,FALSE,FALSE,,,,,,State Assembly Election (AE)
Tamil_Nadu,13,31,2026,5,4,0,4,S.TAMILCHELVI,,Naam Tamilar Katchi,11627,0,,278809,330060,TAMBARAM,GEN,CHENGALPATTU,,16,84.47,4.17,yes,10115,3.63,3.1,,,0,TRUE,1,,0,,,,0,FALSE,FALSE,FALSE,,,,,,State Assembly Election (AE)
Tamil_Nadu,13,31,2026,5,4,0,5,None Of The Above,,None of the Above,1512,0,,278809,330060,TAMBARAM,GEN,CHENGALPATTU,,16,84.47,0.54,yes,1222,0.44,3.1,,,0,TRUE,1,,0,,,,0,FALSE,FALSE,FALSE,,,,,,State Assembly Election (AE)
Tamil_Nadu,13,31,2026,5,4,0,6,M.RAJA,,Bahujan Samaj Party,290,0,,278809,330060,TAMBARAM,GEN,CHENGALPATTU,,16,84.47,0.1,yes,110,0.04,3.1,,,0,TRUE,1,,0,,,,0,FALSE,FALSE,FALSE,,,,,,State Assembly Election (AE)
Tamil_Nadu,13,31,2026,5,4,0,7,M. JACOB,,Independent,180,0,,278809,330060,TAMBARAM,GEN,CHENGALPATTU,,16,84.47,0.06,yes,18,0.01,3.1,,,0,TRUE,1,,0,,,,0,FALSE,FALSE,FALSE,,,,,,State Assembly Election (AE)
Tamil_Nadu,13,31,2026,5,4,0,8,SARATHKUMAR. R,,Independent,162,0,,278809,330060,TAMBARAM,GEN,CHENGALPATTU,,16,84.47,0.06,yes,4,0.0,3.1,,,0,TRUE,1,,0,,,,0,FALSE,FALSE,FALSE,,,,,,State Assembly Election (AE)
Tamil_Nadu,13,31,2026,5,4,0,9,SIVARAMAN.S,,Veerath Thiyagi Viswanathadoss Thozhilalarkal Katchi,158,0,,278809,330060,TAMBARAM,GEN,CHENGALPATTU,,16,84.47,0.06,yes,43,0.02,3.1,,,0,TRUE,1,,0,,,,0,FALSE,FALSE,FALSE,,,,,,State Assembly Election (AE)
Tamil_Nadu,13,31,2026,5,4,0,10,S.KARTHIK,,Independent,115,0,,278809,330060,TAMBARAM,GEN,CHENGALPATTU,,16,84.47,0.04,yes,17,0.01,3.1,,,0,TRUE,1,,0,,,,0,FALSE,FALSE,FALSE,,,,,,State Assembly Election (AE)
Tamil_Nadu,13,31,2026,5,4,0,11,T.DHIVAKARAN,,Independent,98,0,,278809,330060,TAMBARAM,GEN,CHENGALPATTU,,16,84.47,0.04,yes,4,0.0,3.1,,,0,TRUE,1,,0,,,,0,FALSE,FALSE,FALSE,,,,,,State Assembly Election (AE)
Tamil_Nadu,13,31,2026,5,4,0,12,R.RAVIKUMAR,,Independent,94,0,,278809,330060,TAMBARAM,GEN,CHENGALPATTU,,16,84.47,0.03,yes,6,0.0,3.1,,,0,TRUE,1,,0,,,,0,FALSE,FALSE,FALSE,,,,,,State Assembly Election (AE)
Tamil_Nadu,13,31,2026,5,4,0,13,P.PON RAJA,,Tamizhaga Vaazhvurimai Katchi,88,0,,278809,330060,TAMBARAM,GEN,CHENGALPATTU,,16,84.47,0.03,yes,19,0.01,3.1,,,0,TRUE,1,,0,,,,0,FALSE,FALSE,FALSE,,,,,,State Assembly Election (AE)
Tamil_Nadu,13,31,2026,5,4,0,14,THAMBIRAJ.E,,Naam Indiar Party,69,0,,278809,330060,TAMBARAM,GEN,CHENGALPATTU,,16,84.47,0.02,yes,7,0.0,3.1,,,0,TRUE,1,,0,,,,0,FALSE,FALSE,FALSE,,,,,,State Assembly Election (AE)
Tamil_Nadu,13,31,2026,5,4,0,15,S.BALASUBRAMANIAN,,Independent,62,0,,278809,330060,TAMBARAM,GEN,CHENGALPATTU,,16,84.47,0.02,yes,12,0.0,3.1,,,0,TRUE,1,,0,,,,0,FALSE,FALSE,FALSE,,,,,,State Assembly Election (AE)
Tamil_Nadu,13,31,2026,5,4,0,16,S.PARTHIBAN,,Democratic National Allegiance,50,0,,278809,330060,TAMBARAM,GEN,CHENGALPATTU,,16,84.47,0.02,yes,50,0.02,3.1,,,0,TRUE,1,,0,,,,0,FALSE,FALSE,FALSE,,,,,,State Assembly Election (AE)
Tamil_Nadu,13,32,2026,5,4,0,1,S. THIYAGARAJAN,,Tamilaga Vettri Kazhagam,137136,0,,324010,372839,CHENGALPATTU,GEN,CHENGALPATTU,,16,86.9,42.32,no,35641,11.0,3.08,,,0,TRUE,1,,0,,,,0,FALSE,FALSE,FALSE,,,,,,State Assembly Election (AE)
Tamil_Nadu,13,32,2026,5,4,0,2,KARTHIKDHANDAPANI,,Dravida Munnetra Kazhagam,101495,0,,324010,372839,CHENGALPATTU,GEN,CHENGALPATTU,,16,86.9,31.32,no,31732,9.79,3.08,,,0,TRUE,1,,0,,,,0,FALSE,FALSE,FALSE,,,,,,State Assembly Election (AE)
Tamil_Nadu,13,32,2026,5,4,0,3,M.GAJENDRAN,,All India Anna Dravida Munnetra Kazhagam,69763,0,,324010,372839,CHENGALPATTU,GEN,CHENGALPATTU,,16,86.9,21.53,no,57731,17.82,3.08,,,0,TRUE,1,,0,,,,0,FALSE,FALSE,FALSE,,,,,,State Assembly Election (AE)
Tamil_Nadu,13,32,2026,5,4,0,4,AMUTHA.N,,Naam Tamilar Katchi,12032,0,,324010,372839,CHENGALPATTU,GEN,CHENGALPATTU,,16,86.9,3.71,yes,10637,3.28,3.08,,,0,TRUE,1,,0,,,,0,FALSE,FALSE,FALSE,,,,,,State Assembly Election (AE)
Tamil_Nadu,13,32,2026,5,4,0,5,None Of The Above,,None of the Above,1395,0,,324010,372839,CHENGALPATTU,GEN,CHENGALPATTU,,16,86.9,0.43,yes,1014,0.31,3.08,,,0,TRUE,1,,0,,,,0,FALSE,FALSE,FALSE,,,,,,State Assembly Election (AE)
Tamil_Nadu,13,32,2026,5,4,0,6,S.SELVAM (A) CHELLA,,Tamizhaga Vaazhvurimai Katchi,381,0,,324010,372839,CHENGALPATTU,GEN,CHENGALPATTU,,16,86.9,0.12,yes,7,0.0,3.08,,,0,TRUE,1,,0,,,,0,FALSE,FALSE,FALSE,,,,,,State Assembly Election (AE)
Tamil_Nadu,13,32,2026,5,4,0,7,S. SARAVANAN,,Bahujan Samaj Party,374,0,,324010,372839,CHENGALPATTU,GEN,CHENGALPATTU,,16,86.9,0.12,yes,75,0.02,3.08,,,0,TRUE,1,,0,,,,0,FALSE,FALSE,FALSE,,,,,,State Assembly Election (AE)
Tamil_Nadu,13,32,2026,5,4,0,8,M.ANANDAN,,Independent,299,0,,324010,372839,CHENGALPATTU,GEN,CHENGALPATTU,,16,86.9,0.09,yes,9,0.0,3.08,,,0,TRUE,1,,0,,,,0,FALSE,FALSE,FALSE,,,,,,State Assembly Election (AE)
Tamil_Nadu,13,32,2026,5,4,0,9,C.VIMALRAJ,,Independent,290,0,,324010,372839,CHENGALPATTU,GEN,CHENGALPATTU,,16,86.9,0.09,yes,106,0.03,3.08,,,0,TRUE,1,,0,,,,0,FALSE,FALSE,FALSE,,,,,,State Assembly Election (AE)
Tamil_Nadu,13,32,2026,5,4,0,10,P.GEORGE DEVADOSS,,Independent,184,0,,324010,372839,CHENGALPATTU,GEN,CHENGALPATTU,,16,86.9,0.06,yes,18,0.01,3.08,,,0,TRUE,1,,0,,,,0,FALSE,FALSE,FALSE,,,,,,State Assembly Election (AE)
Tamil_Nadu,13,32,2026,5,4,0,11,V. RAMAKRISHNAN,,Independent,166,0,,324010,372839,CHENGALPATTU,GEN,CHENGALPATTU,,16,86.9,0.05,yes,39,0.01,3.08,,,0,TRUE,1,,0,,,,0,FALSE,FALSE,FALSE,,,,,,State Assembly Election (AE)
Tamil_Nadu,13,32,2026,5,4,0,12,S.DELHI BABU,,Independent,127,0,,324010,372839,CHENGALPATTU,GEN,CHENGALPATTU,,16,86.9,0.04,yes,5,0.0,3.08,,,0,TRUE,1,,0,,,,0,FALSE,FALSE,FALSE,,,,,,State Assembly Election (AE)
Tamil_Nadu,13,32,2026,5,4,0,13,A.ESAKKIAPPAN,,Independent,122,0,,324010,372839,CHENGALPATTU,GEN,CHENGALPATTU,,16,86.9,0.04,yes,15,0.0,3.08,,,0,TRUE,1,,0,,,,0,FALSE,FALSE,FALSE,,,,,,State Assembly Election (AE)
Tamil_Nadu,13,32,2026,5,4,0,14,KARTHICK.A,,Independent,107,0,,324010,372839,CHENGALPATTU,GEN,CHENGALPATTU,,16,86.9,0.03,yes,36,0.01,3.08,,,0,TRUE,1,,0,,,,0,FALSE,FALSE,FALSE,,,,,,State Assembly Election (AE)
Tamil_Nadu,13,32,2026,5,4,0,15,T. PREM BALAJI,,Independent,71,0,,324010,372839,CHENGALPATTU,GEN,CHENGALPATTU,,16,86.9,0.02,yes,3,0.0,3.08,,,0,TRUE,1,,0,,,,0,FALSE,FALSE,FALSE,,,,,,State Assembly Election (AE)
Tamil_Nadu,13,32,2026,5,4,0,16,G. CHRISTOPHER,,Independent,68,0,,324010,372839,CHENGALPATTU,GEN,CHENGALPATTU,,16,86.9,0.02,yes,68,0.02,3.08,,,0,TRUE,1,,0,,,,0,FALSE,FALSE,FALSE,,,,,,State Assembly Election (AE)
Tamil_Nadu,13,33,2026,5,4,0,1,B.VIJAYARAJ,,Tamilaga Vettri Kazhagam,110095,0,,262409,294410,THIRUPORUR,GEN,CHENGALPATTU,,12,89.13,41.96,no,39351,15.0,3.16,,,0,TRUE,1,,0,,,,0,FALSE,FALSE,FALSE,,,,,,State Assembly Election (AE)
Tamil_Nadu,13,33,2026,5,4,0,2,R. PANNEERDOSS,,Viduthalai Chiruthaigal Katchi,70744,0,,262409,294410,THIRUPORUR,GEN,CHENGALPATTU,,12,89.13,26.96,no,3352,1.28,3.16,,,0,TRUE,1,,0,,,,0,FALSE,FALSE,FALSE,,,,,,State Assembly Election (AE)
Tamil_Nadu,13,33,2026,5,4,0,3,K. BALU,,Pattali Makkal Katchi,67392,0,,262409,294410,THIRUPORUR,GEN,CHENGALPATTU,,12,89.13,25.68,no,57776,22.02,3.16,,,0,TRUE,1,,0,,,,0,FALSE,FALSE,FALSE,,,,,,State Assembly Election (AE)
Tamil_Nadu,13,33,2026,5,4,0,4,AMBETH RAJAN,,Naam Tamilar Katchi,9616,0,,262409,294410,THIRUPORUR,GEN,CHENGALPATTU,,12,89.13,3.66,yes,8368,3.19,3.16,,,0,TRUE,1,,0,,,,0,FALSE,FALSE,FALSE,,,,,,State Assembly Election (AE)
Tamil_Nadu,13,33,2026,5,4,0,5,None Of The Above,,None of the Above,1248,0,,262409,294410,THIRUPORUR,GEN,CHENGALPATTU,,12,89.13,0.48,yes,464,0.18,3.16,,,0,TRUE,1,,0,,,,0,FALSE,FALSE,FALSE,,,,,,State Assembly Election (AE)
Tamil_Nadu,13,33,2026,5,4,0,6,D. PANNEERSELVAM,,Independent,784,0,,262409,294410,THIRUPORUR,GEN,CHENGALPATTU,,12,89.13,0.3,yes,152,0.06,3.16,,,0,TRUE,1,,0,,,,0,FALSE,FALSE,FALSE,,,,,,State Assembly Election (AE)
Tamil_Nadu,13,33,2026,5,4,0,7,S. MESHAK,,Independent,632,0,,262409,294410,THIRUPORUR,GEN,CHENGALPATTU,,12,89.13,0.24,yes,97,0.04,3.16,,,0,TRUE,1,,0,,,,0,FALSE,FALSE,FALSE,,,,,,State Assembly Election (AE)
Tamil_Nadu,13,33,2026,5,4,0,8,Dr.D.VINOTH KUMAR,,Bahujan Samaj Party,535,0,,262409,294410,THIRUPORUR,GEN,CHENGALPATTU,,12,89.13,0.2,yes,11,0.0,3.16,,,0,TRUE,1,,0,,,,0,FALSE,FALSE,FALSE,,,,,,State Assembly Election (AE)
Tamil_Nadu,13,33,2026,5,4,0,9,A.SELVARAJ,,Mannin Maithargal Kazhagam,524,0,,262409,294410,THIRUPORUR,GEN,CHENGALPATTU,,12,89.13,0.2,yes,198,0.08,3.16,,,0,TRUE,1,,0,,,,0,FALSE,FALSE,FALSE,,,,,,State Assembly Election (AE)
Tamil_Nadu,13,33,2026,5,4,0,10,V M CHANDIRAN,,Independent,326,0,,262409,294410,THIRUPORUR,GEN,CHENGALPATTU,,12,89.13,0.12,yes,18,0.01,3.16,,,0,TRUE,1,,0,,,,0,FALSE,FALSE,FALSE,,,,,,State Assembly Election (AE)
Tamil_Nadu,13,33,2026,5,4,0,11,V. DESAPPAN,,Samata Party,308,0,,262409,294410,THIRUPORUR,GEN,CHENGALPATTU,,12,89.13,0.12,yes,103,0.04,3.16,,,0,TRUE,1,,0,,,,0,FALSE,FALSE,FALSE,,,,,,State Assembly Election (AE)
Tamil_Nadu,13,33,2026,5,4,0,12,S. GNANASEKARAN,,Independent,205,0,,262409,294410,THIRUPORUR,GEN,CHENGALPATTU,,12,89.13,0.08,yes,205,0.08,3.16,,,0,TRUE,1,,0,,,,0,FALSE,FALSE,FALSE,,,,,,State Assembly Election (AE)
Tamil_Nadu,13,34,2026,5,4,0,1,RAJASEKAR. E,,All India Anna Dravida Munnetra Kazhagam,63809,0,,187584,203998,CHEYYUR,SC,CHENGALPATTU,,14,91.95,34.02,no,5668,3.02,3.25,,,0,TRUE,1,,0,,,,0,FALSE,FALSE,FALSE,,,,,,State Assembly Election (AE)
Tamil_Nadu,13,34,2026,5,4,0,2,MOHAN RAJA.M.G.K,,Tamilaga Vettri Kazhagam,58141,0,,187584,203998,CHEYYUR,SC,CHENGALPATTU,,14,91.95,30.99,no,232,0.12,3.25,,,0,TRUE,1,,0,,,,0,FALSE,FALSE,FALSE,,,,,,State Assembly Election (AE)
Tamil_Nadu,13,34,2026,5,4,0,3,SINTHANAI SELVAN,,Viduthalai Chiruthaigal Katchi,57909,0,,187584,203998,CHEYYUR,SC,CHENGALPATTU,,14,91.95,30.87,no,53056,28.28,3.25,,,0,TRUE,1,,0,,,,0,FALSE,FALSE,FALSE,,,,,,State Assembly Election (AE)
Tamil_Nadu,13,34,2026,5,4,0,4,SWATHILAKSHMI SEKAR,,Naam Tamilar Katchi,4853,0,,187584,203998,CHEYYUR,SC,CHENGALPATTU,,14,91.95,2.59,yes,4070,2.17,3.25,,,0,TRUE,1,,0,,,,0,FALSE,FALSE,FALSE,,,,,,State Assembly Election (AE)
Tamil_Nadu,13,34,2026,5,4,0,5,None Of The Above,,None of the Above,783,0,,187584,203998,CHEYYUR,SC,CHENGALPATTU,,14,91.95,0.42,yes,375,0.2,3.25,,,0,TRUE,1,,0,,,,0,FALSE,FALSE,FALSE,,,,,,State Assembly Election (AE)
Tamil_Nadu,13,34,2026,5,4,0,6,MURUGAVEL. A,,All India Puratchi Thalaivar Makkal Munnettra Kazhagam,408,0,,187584,203998,CHEYYUR,SC,CHENGALPATTU,,14,91.95,0.22,yes,33,0.02,3.25,,,0,TRUE,1,,0,,,,0,FALSE,FALSE,FALSE,,,,,,State Assembly Election (AE)
Tamil_Nadu,13,34,2026,5,4,0,7,GANGADURAI. K,,Tamizhaga Vaazhvurimai Katchi,375,0,,187584,203998,CHEYYUR,SC,CHENGALPATTU,,14,91.95,0.2,yes,30,0.02,3.25,,,0,TRUE,1,,0,,,,0,FALSE,FALSE,FALSE,,,,,,State Assembly Election (AE)
Tamil_Nadu,13,34,2026,5,4,0,8,RAJA. K,,Independent,345,0,,187584,203998,CHEYYUR,SC,CHENGALPATTU,,14,91.95,0.18,yes,26,0.01,3.25,,,0,TRUE,1,,0,,,,0,FALSE,FALSE,FALSE,,,,,,State Assembly Election (AE)
Tamil_Nadu,13,34,2026,5,4,0,9,AMBETHKAR. S,,Independent,319,0,,187584,203998,CHEYYUR,SC,CHENGALPATTU,,14,91.95,0.17,yes,151,0.08,3.25,,,0,TRUE,1,,0,,,,0,FALSE,FALSE,FALSE,,,,,,State Assembly Election (AE)
Tamil_Nadu,13,34,2026,5,4,0,10,GOPIKRISHNA. D,,Independent,168,0,,187584,203998,CHEYYUR,SC,CHENGALPATTU,,14,91.95,0.09,yes,11,0.01,3.25,,,0,TRUE,1,,0,,,,0,FALSE,FALSE,FALSE,,,,,,State Assembly Election (AE)
Tamil_Nadu,13,34,2026,5,4,0,11,JEGAN. M,,Independent,157,0,,187584,203998,CHEYYUR,SC,CHENGALPATTU,,14,91.95,0.08,yes,22,0.01,3.25,,,0,TRUE,1,,0,,,,0,FALSE,FALSE,FALSE,,,,,,State Assembly Election (AE)
Tamil_Nadu,13,34,2026,5,4,0,12,EZHIL. E,,Independent,135,0,,187584,203998,CHEYYUR,SC,CHENGALPATTU,,14,91.95,0.07,yes,32,0.02,3.25,,,0,TRUE,1,,0,,,,0,FALSE,FALSE,FALSE,,,,,,State Assembly Election (AE)
Tamil_Nadu,13,34,2026,5,4,0,13,KRISHNAKANTH. E,,Independent,103,0,,187584,203998,CHEYYUR,SC,CHENGALPATTU,,14,91.95,0.05,yes,24,0.01,3.25,,,0,TRUE,1,,0,,,,0,FALSE,FALSE,FALSE,,,,,,State Assembly Election (AE)
Tamil_Nadu,13,34,2026,5,4,0,14,ARUN. C,,Independent,79,0,,187584,203998,CHEYYUR,SC,CHENGALPATTU,,14,91.95,0.04,yes,79,0.04,3.25,,,0,TRUE,1,,0,,,,0,FALSE,FALSE,FALSE,,,,,,State Assembly Election (AE)
Tamil_Nadu,13,35,2026,5,4,0,1,MARAGATHAM KUMARAVEL.K,,All India Anna Dravida Munnetra Kazhagam,69284,0,,198251,212639,MADURANTAKAM,SC,CHENGALPATTU,,10,93.23,34.95,no,7194,3.63,3.21,,,0,TRUE,1,,0,,,,0,FALSE,FALSE,FALSE,,,,,,State Assembly Election (AE)
Tamil_Nadu,13,35,2026,5,4,0,2,EZHIL KATHARINE EZHILMALAI,,Tamilaga Vettri Kazhagam,62090,0,,198251,212639,MADURANTAKAM,SC,CHENGALPATTU,,10,93.23,31.32,no,2252,1.14,3.21,,,0,TRUE,1,,0,,,,0,FALSE,FALSE,FALSE,,,,,,State Assembly Election (AE)
Tamil_Nadu,13,35,2026,5,4,0,3,S.AMULU PONMALAR,,Dravida Munnetra Kazhagam,59838,0,,198251,212639,MADURANTAKAM,SC,CHENGALPATTU,,10,93.23,30.18,no,54888,27.69,3.21,,,0,TRUE,1,,0,,,,0,FALSE,FALSE,FALSE,,,,,,State Assembly Election (AE)
Tamil_Nadu,13,35,2026,5,4,0,4,G.JANAKIRAMAN,,Naam Tamilar Katchi,4950,0,,198251,212639,MADURANTAKAM,SC,CHENGALPATTU,,10,93.23,2.5,yes,4153,2.09,3.21,,,0,TRUE,1,,0,,,,0,FALSE,FALSE,FALSE,,,,,,State Assembly Election (AE)
Tamil_Nadu,13,35,2026,5,4,0,5,None Of The Above,,None of the Above,797,0,,198251,212639,MADURANTAKAM,SC,CHENGALPATTU,,10,93.23,0.4,yes,423,0.21,3.21,,,0,TRUE,1,,0,,,,0,FALSE,FALSE,FALSE,,,,,,State Assembly Election (AE)
Tamil_Nadu,13,35,2026,5,4,0,6,NEELAM E.RAMKUMAR,,Bahujan Samaj Party,374,0,,198251,212639,MADURANTAKAM,SC,CHENGALPATTU,,10,93.23,0.19,yes,17,0.01,3.21,,,0,TRUE,1,,0,,,,0,FALSE,FALSE,FALSE,,,,,,State Assembly Election (AE)
Tamil_Nadu,13,35,2026,5,4,0,7,RANJITHAM.M,,Independent,357,0,,198251,212639,MADURANTAKAM,SC,CHENGALPATTU,,10,93.23,0.18,yes,120,0.06,3.21,,,0,TRUE,1,,0,,,,0,FALSE,FALSE,FALSE,,,,,,State Assembly Election (AE)
Tamil_Nadu,13,35,2026,5,4,0,8,R.SUGAN,,All India Puratchi Thalaivar Makkal Munnettra Kazhagam,237,0,,198251,212639,MADURANTAKAM,SC,CHENGALPATTU,,10,93.23,0.12,yes,31,0.02,3.21,,,0,TRUE,1,,0,,,,0,FALSE,FALSE,FALSE,,,,,,State Assembly Election (AE)
Tamil_Nadu,13,35,2026,5,4,0,9,S.PUNNIYAKOTTI,,Tamizhaga Vaazhvurimai Katchi,206,0,,198251,212639,MADURANTAKAM,SC,CHENGALPATTU,,10,93.23,0.1,yes,88,0.04,3.21,,,0,TRUE,1,,0,,,,0,FALSE,FALSE,FALSE,,,,,,State Assembly Election (AE)
Tamil_Nadu,13,35,2026,5,4,0,10,M.KADIRVEL,,Independent,118,0,,198251,212639,MADURANTAKAM,SC,CHENGALPATTU,,10,93.23,0.06,yes,118,0.06,3.21,,,0,TRUE,1,,0,,,,0,FALSE,FALSE,FALSE,,,,,,State Assembly Election (AE)
Tamil_Nadu,13,36,2026,5,4,0,1,MUNIRATHINAM.J,,Tamilaga Vettri Kazhagam,84917,0,,227765,246177,UTHIRAMERUR,GEN,KANCHEEPURAM,,15,92.52,37.28,no,14223,6.24,3.2,,,0,TRUE,1,,0,,,,0,FALSE,FALSE,FALSE,,,,,,State Assembly Election (AE)
Tamil_Nadu,13,36,2026,5,4,0,2,SUNDAR.K,,Dravida Munnetra Kazhagam,70694,0,,227765,246177,UTHIRAMERUR,GEN,KANCHEEPURAM,,15,92.52,31.04,no,7885,3.46,3.2,,,0,TRUE,1,,0,,,,0,FALSE,FALSE,FALSE,,,,,,State Assembly Election (AE)
Tamil_Nadu,13,36,2026,5,4,0,3,MAGESHKUMAR.P,,Pattali Makkal Katchi,62809,0,,227765,246177,UTHIRAMERUR,GEN,KANCHEEPURAM,,15,92.52,27.58,no,57026,25.04,3.2,,,0,TRUE,1,,0,,,,0,FALSE,FALSE,FALSE,,,,,,State Assembly Election (AE)
Tamil_Nadu,13,36,2026,5,4,0,4,MARAM MASILAMANI.B.S,,Naam Tamilar Katchi,5783,0,,227765,246177,UTHIRAMERUR,GEN,KANCHEEPURAM,,15,92.52,2.54,yes,4669,2.05,3.2,,,0,TRUE,1,,0,,,,0,FALSE,FALSE,FALSE,,,,,,State Assembly Election (AE)
Tamil_Nadu,13,36,2026,5,4,0,5,None Of The Above,,None of the Above,1114,0,,227765,246177,UTHIRAMERUR,GEN,KANCHEEPURAM,,15,92.52,0.49,yes,563,0.25,3.2,,,0,TRUE,1,,0,,,,0,FALSE,FALSE,FALSE,,,,,,State Assembly Election (AE)
Tamil_Nadu,13,36,2026,5,4,0,6,DEVARAJAN.C,,Independent,551,0,,227765,246177,UTHIRAMERUR,GEN,KANCHEEPURAM,,15,92.52,0.24,yes,161,0.07,3.2,,,0,TRUE,1,,0,,,,0,FALSE,FALSE,FALSE,,,,,,State Assembly Election (AE)
Tamil_Nadu,13,36,2026,5,4,0,7,DEVENTHIRAMOORTHY.S,,Independent,390,0,,227765,246177,UTHIRAMERUR,GEN,KANCHEEPURAM,,15,92.52,0.17,yes,48,0.02,3.2,,,0,TRUE,1,,0,,,,0,FALSE,FALSE,FALSE,,,,,,State Assembly Election (AE)
Tamil_Nadu,13,36,2026,5,4,0,8,SIVAKUMAR.A,,Desiya Makkal Sakthi Katchi,342,0,,227765,246177,UTHIRAMERUR,GEN,KANCHEEPURAM,,15,92.52,0.15,yes,107,0.05,3.2,,,0,TRUE,1,,0,,,,0,FALSE,FALSE,FALSE,,,,,,State Assembly Election (AE)
Tamil_Nadu,13,36,2026,5,4,0,9,JAKIRUSAN.D,,Tamizhaga Vaazhvurimai Katchi,235,0,,227765,246177,UTHIRAMERUR,GEN,KANCHEEPURAM,,15,92.52,0.1,yes,14,0.01,3.2,,,0,TRUE,1,,0,,,,0,FALSE,FALSE,FALSE,,,,,,State Assembly Election (AE)
Tamil_Nadu,13,36,2026,5,4,0,10,ANBU.V,,Independent,221,0,,227765,246177,UTHIRAMERUR,GEN,KANCHEEPURAM,,15,92.52,0.1,yes,9,0.0,3.2,,,0,TRUE,1,,0,,,,0,FALSE,FALSE,FALSE,,,,,,State Assembly Election (AE)
Tamil_Nadu,13,36,2026,5,4,0,11,MAHESWARI.J,,Independent,212,0,,227765,246177,UTHIRAMERUR,GEN,KANCHEEPURAM,,15,92.52,0.09,yes,5,0.0,3.2,,,0,TRUE,1,,0,,,,0,FALSE,FALSE,FALSE,,,,,,State Assembly Election (AE)
Tamil_Nadu,13,36,2026,5,4,0,12,MAGESH KUMAR.T,,Independent,207,0,,227765,246177,UTHIRAMERUR,GEN,KANCHEEPURAM,,15,92.52,0.09,yes,82,0.04,3.2,,,0,TRUE,1,,0,,,,0,FALSE,FALSE,FALSE,,,,,,State Assembly Election (AE)
Tamil_Nadu,13,36,2026,5,4,0,13,GUNASEKAR.V,,Independent,125,0,,227765,246177,UTHIRAMERUR,GEN,KANCHEEPURAM,,15,92.52,0.05,yes,30,0.01,3.2,,,0,TRUE,1,,0,,,,0,FALSE,FALSE,FALSE,,,,,,State Assembly Election (AE)
Tamil_Nadu,13,36,2026,5,4,0,14,CITTIBABU.R,,Independent,95,0,,227765,246177,UTHIRAMERUR,GEN,KANCHEEPURAM,,15,92.52,0.04,yes,25,0.01,3.2,,,0,TRUE,1,,0,,,,0,FALSE,FALSE,FALSE,,,,,,State Assembly Election (AE)
Tamil_Nadu,13,36,2026,5,4,0,15,KAMALAKANNAN.K,,Independent,70,0,,227765,246177,UTHIRAMERUR,GEN,KANCHEEPURAM,,15,92.52,0.03,yes,70,0.03,3.2,,,0,TRUE,1,,0,,,,0,FALSE,FALSE,FALSE,,,,,,State Assembly Election (AE)
Tamil_Nadu,13,37,2026,5,4,0,1,R.V. RANJITHKUMAR,,Tamilaga Vettri Kazhagam,91350,0,,246317,278775,KANCHEEPURAM,GEN,KANCHEEPURAM,,16,88.36,37.09,no,15488,6.29,3.2,,,0,TRUE,1,,0,,,,0,FALSE,FALSE,FALSE,,,,,,State Assembly Election (AE)
Tamil_Nadu,13,37,2026,5,4,0,2,V. SOMASUNDARAM,,All India Anna Dravida Munnetra Kazhagam,75862,0,,246317,278775,KANCHEEPURAM,GEN,KANCHEEPURAM,,16,88.36,30.8,no,6518,2.65,3.2,,,0,TRUE,1,,0,,,,0,FALSE,FALSE,FALSE,,,,,,State Assembly Election (AE)
Tamil_Nadu,13,37,2026,5,4,0,3,NITHYA SUGUMAR,,Dravida Munnetra Kazhagam,69344,0,,246317,278775,KANCHEEPURAM,GEN,KANCHEEPURAM,,16,88.36,28.15,no,62394,25.33,3.2,,,0,TRUE,1,,0,,,,0,FALSE,FALSE,FALSE,,,,,,State Assembly Election (AE)
Tamil_Nadu,13,37,2026,5,4,0,4,VETRISELVI,,Naam Tamilar Katchi,6950,0,,246317,278775,KANCHEEPURAM,GEN,KANCHEEPURAM,,16,88.36,2.82,yes,5872,2.38,3.2,,,0,TRUE,1,,0,,,,0,FALSE,FALSE,FALSE,,,,,,State Assembly Election (AE)
Tamil_Nadu,13,37,2026,5,4,0,5,None Of The Above,,None of the Above,1078,0,,246317,278775,KANCHEEPURAM,GEN,KANCHEEPURAM,,16,88.36,0.44,yes,714,0.29,3.2,,,0,TRUE,1,,0,,,,0,FALSE,FALSE,FALSE,,,,,,State Assembly Election (AE)
Tamil_Nadu,13,37,2026,5,4,0,6,G. BABU,,Independent,364,0,,246317,278775,KANCHEEPURAM,GEN,KANCHEEPURAM,,16,88.36,0.15,yes,78,0.03,3.2,,,0,TRUE,1,,0,,,,0,FALSE,FALSE,FALSE,,,,,,State Assembly Election (AE)
Tamil_Nadu,13,37,2026,5,4,0,7,M. MEGANATHAN,,Independent,286,0,,246317,278775,KANCHEEPURAM,GEN,KANCHEEPURAM,,16,88.36,0.12,yes,69,0.03,3.2,,,0,TRUE,1,,0,,,,0,FALSE,FALSE,FALSE,,,,,,State Assembly Election (AE)
Tamil_Nadu,13,37,2026,5,4,0,8,M. NANDHAKUMAR,,Anti Corruption Dynamic Party,217,0,,246317,278775,KANCHEEPURAM,GEN,KANCHEEPURAM,,16,88.36,0.09,yes,39,0.02,3.2,,,0,TRUE,1,,0,,,,0,FALSE,FALSE,FALSE,,,,,,State Assembly Election (AE)
Tamil_Nadu,13,37,2026,5,4,0,9,V. NARESH,,Tamizhaga Vaazhvurimai Katchi,178,0,,246317,278775,KANCHEEPURAM,GEN,KANCHEEPURAM,,16,88.36,0.07,yes,0,0.0,3.2,,,0,TRUE,1,,0,,,,0,FALSE,FALSE,FALSE,,,,,,State Assembly Election (AE)
Tamil_Nadu,13,37,2026,5,4,0,10,E. DHAKSHNAMOORTHY,,Independent,178,0,,246317,278775,KANCHEEPURAM,GEN,KANCHEEPURAM,,16,88.36,0.07,yes,40,0.02,3.2,,,0,TRUE,1,,0,,,,0,FALSE,FALSE,FALSE,,,,,,State Assembly Election (AE)
Tamil_Nadu,13,37,2026,5,4,0,11,M. BALAJI,,Independent,138,0,,246317,278775,KANCHEEPURAM,GEN,KANCHEEPURAM,,16,88.36,0.06,yes,28,0.01,3.2,,,0,TRUE,1,,0,,,,0,FALSE,FALSE,FALSE,,,,,,State Assembly Election (AE)
Tamil_Nadu,13,37,2026,5,4,0,12,P. VENKATESAN,,All India Puratchi Thalaivar Makkal Munnettra Kazhagam,110,0,,246317,278775,KANCHEEPURAM,GEN,KANCHEEPURAM,,16,88.36,0.04,yes,32,0.01,3.2,,,0,TRUE,1,,0,,,,0,FALSE,FALSE,FALSE,,,,,,State Assembly Election (AE)
Tamil_Nadu,13,37,2026,5,4,0,13,V. SOMASUNDARAM,,Independent,78,0,,246317,278775,KANCHEEPURAM,GEN,KANCHEEPURAM,,16,88.36,0.03,yes,4,0.0,3.2,,,0,TRUE,1,,0,,,,0,FALSE,FALSE,FALSE,,,,,,State Assembly Election (AE)
Tamil_Nadu,13,37,2026,5,4,0,14,GNANAMOORTHY,,Independent,74,0,,246317,278775,KANCHEEPURAM,GEN,KANCHEEPURAM,,16,88.36,0.03,yes,6,0.0,3.2,,,0,TRUE,1,,0,,,,0,FALSE,FALSE,FALSE,,,,,,State Assembly Election (AE)
Tamil_Nadu,13,37,2026,5,4,0,15,M. SOMASUNDARAM,,Independent,68,0,,246317,278775,KANCHEEPURAM,GEN,KANCHEEPURAM,,16,88.36,0.03,yes,26,0.01,3.2,,,0,TRUE,1,,0,,,,0,FALSE,FALSE,FALSE,,,,,,State Assembly Election (AE)
Tamil_Nadu,13,37,2026,5,4,0,16,C. DILLIBABU,,Independent,42,0,,246317,278775,KANCHEEPURAM,GEN,KANCHEEPURAM,,16,88.36,0.02,yes,42,0.02,3.2,,,0,TRUE,1,,0,,,,0,FALSE,FALSE,FALSE,,,,,,State Assembly Election (AE)
Tamil_Nadu,13,38,2026,5,4,0,1,V. GANDHIRAJ,,Tamilaga Vettri Kazhagam,73776,0,,182340,200773,ARAKKONAM,SC,RANIPET,,14,90.82,40.46,no,23121,12.68,3.15,,,0,TRUE,1,,0,,,,0,FALSE,FALSE,FALSE,,,,,,State Assembly Election (AE)
Tamil_Nadu,13,38,2026,5,4,0,2,EZHIL CAROLINE,,Viduthalai Chiruthaigal Katchi,50655,0,,182340,200773,ARAKKONAM,SC,RANIPET,,14,90.82,27.78,no,603,0.33,3.15,,,0,TRUE,1,,0,,,,0,FALSE,FALSE,FALSE,,,,,,State Assembly Election (AE)
Tamil_Nadu,13,38,2026,5,4,0,3,S. RAVI,,All India Anna Dravida Munnetra Kazhagam,50052,0,,182340,200773,ARAKKONAM,SC,RANIPET,,14,90.82,27.45,no,44861,24.6,3.15,,,0,TRUE,1,,0,,,,0,FALSE,FALSE,FALSE,,,,,,State Assembly Election (AE)
Tamil_Nadu,13,38,2026,5,4,0,4,K. RAJKUMAR,,Naam Tamilar Katchi,5191,0,,182340,200773,ARAKKONAM,SC,RANIPET,,14,90.82,2.85,yes,4292,2.35,3.15,,,0,TRUE,1,,0,,,,0,FALSE,FALSE,FALSE,,,,,,State Assembly Election (AE)
Tamil_Nadu,13,38,2026,5,4,0,5,None Of The Above,,None of the Above,899,0,,182340,200773,ARAKKONAM,SC,RANIPET,,14,90.82,0.49,yes,448,0.25,3.15,,,0,TRUE,1,,0,,,,0,FALSE,FALSE,FALSE,,,,,,State Assembly Election (AE)
Tamil_Nadu,13,38,2026,5,4,0,6,P. SUDHAKAR,,Bahujan Samaj Party,451,0,,182340,200773,ARAKKONAM,SC,RANIPET,,14,90.82,0.25,yes,200,0.11,3.15,,,0,TRUE,1,,0,,,,0,FALSE,FALSE,FALSE,,,,,,State Assembly Election (AE)
Tamil_Nadu,13,38,2026,5,4,0,7,VETRIVEL. M,,Aanaithinthiya Jananayaka Pathukappu Kazhagam,251,0,,182340,200773,ARAKKONAM,SC,RANIPET,,14,90.82,0.14,yes,13,0.01,3.15,,,0,TRUE,1,,0,,,,0,FALSE,FALSE,FALSE,,,,,,State Assembly Election (AE)
Tamil_Nadu,13,38,2026,5,4,0,8,N. PRAVEENKUMAR,,Independent,238,0,,182340,200773,ARAKKONAM,SC,RANIPET,,14,90.82,0.13,yes,9,0.0,3.15,,,0,TRUE,1,,0,,,,0,FALSE,FALSE,FALSE,,,,,,State Assembly Election (AE)
Tamil_Nadu,13,38,2026,5,4,0,9,N. LAKSHMIPATHY,,Tamizhaga Vaazhvurimai Katchi,229,0,,182340,200773,ARAKKONAM,SC,RANIPET,,14,90.82,0.13,yes,32,0.02,3.15,,,0,TRUE,1,,0,,,,0,FALSE,FALSE,FALSE,,,,,,State Assembly Election (AE)
Tamil_Nadu,13,38,2026,5,4,0,10,T. MURALIDHARAN,,Independent,197,0,,182340,200773,ARAKKONAM,SC,RANIPET,,14,90.82,0.11,yes,47,0.03,3.15,,,0,TRUE,1,,0,,,,0,FALSE,FALSE,FALSE,,,,,,State Assembly Election (AE)
Tamil_Nadu,13,38,2026,5,4,0,11,M. SANTHANAM,,Independent,150,0,,182340,200773,ARAKKONAM,SC,RANIPET,,14,90.82,0.08,yes,44,0.02,3.15,,,0,TRUE,1,,0,,,,0,FALSE,FALSE,FALSE,,,,,,State Assembly Election (AE)
Tamil_Nadu,13,38,2026,5,4,0,12,G. MOHAN,,Independent,106,0,,182340,200773,ARAKKONAM,SC,RANIPET,,14,90.82,0.06,yes,31,0.02,3.15,,,0,TRUE,1,,0,,,,0,FALSE,FALSE,FALSE,,,,,,State Assembly Election (AE)
Tamil_Nadu,13,38,2026,5,4,0,13,M. MANIKANDAN,,Independent,75,0,,182340,200773,ARAKKONAM,SC,RANIPET,,14,90.82,0.04,yes,5,0.0,3.15,,,0,TRUE,1,,0,,,,0,FALSE,FALSE,FALSE,,,,,,State Assembly Election (AE)
Tamil_Nadu,13,38,2026,5,4,0,14,P. GOVINDARAJ,,Independent,70,0,,182340,200773,ARAKKONAM,SC,RANIPET,,14,90.82,0.04,yes,70,0.04,3.15,,,0,TRUE,1,,0,,,,0,FALSE,FALSE,FALSE,,,,,,State Assembly Election (AE)
Tamil_Nadu,13,39,2026,5,4,0,1,G.KAPIL,,Tamilaga Vettri Kazhagam,84506,0,,233684,257522,SHOLINGUR,GEN,RANIPET,,24,90.74,36.16,no,5686,2.43,3.26,,,0,TRUE,1,,0,,,,0,FALSE,FALSE,FALSE,,,,,,State Assembly Election (AE)
Tamil_Nadu,13,39,2026,5,4,0,2,K.SARAVANAN,,Pattali Makkal Katchi,78820,0,,233684,257522,SHOLINGUR,GEN,RANIPET,,24,90.74,33.73,no,20823,8.91,3.26,,,0,TRUE,1,,0,,,,0,FALSE,FALSE,FALSE,,,,,,State Assembly Election (AE)
Tamil_Nadu,13,39,2026,5,4,0,3,A.M.MUNIRATHINAM,,Indian National Congress,57997,0,,233684,257522,SHOLINGUR,GEN,RANIPET,,24,90.74,24.82,no,51529,22.05,3.26,,,0,TRUE,1,,0,,,,0,FALSE,FALSE,FALSE,,,,,,State Assembly Election (AE)
Tamil_Nadu,13,39,2026,5,4,0,4,A.ASHOK KUMAR,,Naam Tamilar Katchi,6468,0,,233684,257522,SHOLINGUR,GEN,RANIPET,,24,90.74,2.77,yes,5896,2.52,3.26,,,0,TRUE,1,,0,,,,0,FALSE,FALSE,FALSE,,,,,,State Assembly Election (AE)
Tamil_Nadu,13,39,2026,5,4,0,5,None Of The Above,,None of the Above,572,0,,233684,257522,SHOLINGUR,GEN,RANIPET,,24,90.74,0.24,yes,24,0.01,3.26,,,0,TRUE,1,,0,,,,0,FALSE,FALSE,FALSE,,,,,,State Assembly Election (AE)
Tamil_Nadu,13,39,2026,5,4,0,6,M.VIJAYAN,,Independent,548,0,,233684,257522,SHOLINGUR,GEN,RANIPET,,24,90.74,0.23,yes,16,0.01,3.26,,,0,TRUE,1,,0,,,,0,FALSE,FALSE,FALSE,,,,,,State Assembly Election (AE)
Tamil_Nadu,13,39,2026,5,4,0,7,K.MUNISAMY,,Independent,532,0,,233684,257522,SHOLINGUR,GEN,RANIPET,,24,90.74,0.23,yes,42,0.02,3.26,,,0,TRUE,1,,0,,,,0,FALSE,FALSE,FALSE,,,,,,State Assembly Election (AE)
Tamil_Nadu,13,39,2026,5,4,0,8,SUDHAKAR.K,,Tamizhaga Vaazhvurimai Katchi,490,0,,233684,257522,SHOLINGUR,GEN,RANIPET,,24,90.74,0.21,yes,112,0.05,3.26,,,0,TRUE,1,,0,,,,0,FALSE,FALSE,FALSE,,,,,,State Assembly Election (AE)
Tamil_Nadu,13,39,2026,5,4,0,9,M.GIRIDHARAN,,Bahujan Samaj Party,378,0,,233684,257522,SHOLINGUR,GEN,RANIPET,,24,90.74,0.16,yes,29,0.01,3.26,,,0,TRUE,1,,0,,,,0,FALSE,FALSE,FALSE,,,,,,State Assembly Election (AE)
Tamil_Nadu,13,39,2026,5,4,0,10,M.DINESH,,Independent,349,0,,233684,257522,SHOLINGUR,GEN,RANIPET,,24,90.74,0.15,yes,4,0.0,3.26,,,0,TRUE,1,,0,,,,0,FALSE,FALSE,FALSE,,,,,,State Assembly Election (AE)
Tamil_Nadu,13,39,2026,5,4,0,11,V.MUNIRATHINAM,,Independent,345,0,,233684,257522,SHOLINGUR,GEN,RANIPET,,24,90.74,0.15,yes,29,0.01,3.26,,,0,TRUE,1,,0,,,,0,FALSE,FALSE,FALSE,,,,,,State Assembly Election (AE)
Tamil_Nadu,13,39,2026,5,4,0,12,T.RAJENDRAN,,Independent,316,0,,233684,257522,SHOLINGUR,GEN,RANIPET,,24,90.74,0.14,yes,6,0.0,3.26,,,0,TRUE,1,,0,,,,0,FALSE,FALSE,FALSE,,,,,,State Assembly Election (AE)
Tamil_Nadu,13,39,2026,5,4,0,13,N.GOPALAKRISHNAN,,Independent,310,0,,233684,257522,SHOLINGUR,GEN,RANIPET,,24,90.74,0.13,yes,26,0.01,3.26,,,0,TRUE,1,,0,,,,0,FALSE,FALSE,FALSE,,,,,,State Assembly Election (AE)
Tamil_Nadu,13,39,2026,5,4,0,14,N.MANI,,Independent,284,0,,233684,257522,SHOLINGUR,GEN,RANIPET,,24,90.74,0.12,yes,7,0.0,3.26,,,0,TRUE,1,,0,,,,0,FALSE,FALSE,FALSE,,,,,,State Assembly Election (AE)
Tamil_Nadu,13,39,2026,5,4,0,15,SANTHANAM.R,,Independent,277,0,,233684,257522,SHOLINGUR,GEN,RANIPET,,24,90.74,0.12,yes,28,0.01,3.26,,,0,TRUE,1,,0,,,,0,FALSE,FALSE,FALSE,,,,,,State Assembly Election (AE)
Tamil_Nadu,13,39,2026,5,4,0,16,KAVIYARASAN.SUBIRAMANI,,Independent,249,0,,233684,257522,SHOLINGUR,GEN,RANIPET,,24,90.74,0.11,yes,15,0.01,3.26,,,0,TRUE,1,,0,,,,0,FALSE,FALSE,FALSE,,,,,,State Assembly Election (AE)
Tamil_Nadu,13,39,2026,5,4,0,17,V.SADHASIVAM,,Independent,234,0,,233684,257522,SHOLINGUR,GEN,RANIPET,,24,90.74,0.1,yes,37,0.02,3.26,,,0,TRUE,1,,0,,,,0,FALSE,FALSE,FALSE,,,,,,State Assembly Election (AE)
Tamil_Nadu,13,39,2026,5,4,0,18,S.SENTHILKUMAR,,Vanchit Bahujan Aaghadi,197,0,,233684,257522,SHOLINGUR,GEN,RANIPET,,24,90.74,0.08,yes,14,0.01,3.26,,,0,TRUE,1,,0,,,,0,FALSE,FALSE,FALSE,,,,,,State Assembly Election (AE)
Tamil_Nadu,13,39,2026,5,4,0,19,A.PALANI,,Independent,183,0,,233684,257522,SHOLINGUR,GEN,RANIPET,,24,90.74,0.08,yes,47,0.02,3.26,,,0,TRUE,1,,0,,,,0,FALSE,FALSE,FALSE,,,,,,State Assembly Election (AE)
Tamil_Nadu,13,39,2026,5,4,0,20,V.HEMACHANDIRAN,,Independent,136,0,,233684,257522,SHOLINGUR,GEN,RANIPET,,24,90.74,0.06,yes,3,0.0,3.26,,,0,TRUE,1,,0,,,,0,FALSE,FALSE,FALSE,,,,,,State Assembly Election (AE)
Tamil_Nadu,13,39,2026,5,4,0,21,R.VINOTH,,Veerath Thiyagi Viswanathadoss Thozhilalarkal Katchi,133,0,,233684,257522,SHOLINGUR,GEN,RANIPET,,24,90.74,0.06,yes,0,0.0,3.26,,,0,TRUE,1,,0,,,,0,FALSE,FALSE,FALSE,,,,,,State Assembly Election (AE)
Tamil_Nadu,13,39,2026,5,4,0,22,A.ANANDAN,,Independent,133,0,,233684,257522,SHOLINGUR,GEN,RANIPET,,24,90.74,0.06,yes,9,0.0,3.26,,,0,TRUE,1,,0,,,,0,FALSE,FALSE,FALSE,,,,,,State Assembly Election (AE)
Tamil_Nadu,13,39,2026,5,4,0,23,S.ILAYARAJA,,Independent,124,0,,233684,257522,SHOLINGUR,GEN,RANIPET,,24,90.74,0.05,yes,21,0.01,3.26,,,0,TRUE,1,,0,,,,0,FALSE,FALSE,FALSE,,,,,,State Assembly Election (AE)
Tamil_Nadu,13,39,2026,5,4,0,24,R.SETHUPATHI,,Independent,103,0,,233684,257522,SHOLINGUR,GEN,RANIPET,,24,90.74,0.04,yes,103,0.04,3.26,,,0,TRUE,1,,0,,,,0,FALSE,FALSE,FALSE,,,,,,State Assembly Election (AE)
Tamil_Nadu,13,40,2026,5,4,0,1,DR M SUDHAKAR,,Tamilaga Vettri Kazhagam,69868,0,,203497,228736,KATPADI,GEN,VELLORE,,16,88.97,34.33,no,5870,2.88,3.22,,,0,TRUE,1,,0,,,,0,FALSE,FALSE,FALSE,,,,,,State Assembly Election (AE)
Tamil_Nadu,13,40,2026,5,4,0,2,V. RAMU,,All India Anna Dravida Munnetra Kazhagam,63998,0,,203497,228736,KATPADI,GEN,VELLORE,,16,88.97,31.45,no,1773,0.87,3.22,,,0,TRUE,1,,0,,,,0,FALSE,FALSE,FALSE,,,,,,State Assembly Election (AE)
Tamil_Nadu,13,40,2026,5,4,0,3,DURAIMURUGAN,,Dravida Munnetra Kazhagam,62225,0,,203497,228736,KATPADI,GEN,VELLORE,,16,88.97,30.58,no,57600,28.31,3.22,,,0,TRUE,1,,0,,,,0,FALSE,FALSE,FALSE,,,,,,State Assembly Election (AE)
Tamil_Nadu,13,40,2026,5,4,0,4,S. THIRUKKUMARAN,,Naam Tamilar Katchi,4625,0,,203497,228736,KATPADI,GEN,VELLORE,,16,88.97,2.27,yes,3880,1.91,3.22,,,0,TRUE,1,,0,,,,0,FALSE,FALSE,FALSE,,,,,,State Assembly Election (AE)
Tamil_Nadu,13,40,2026,5,4,0,5,None Of The Above,,None of the Above,745,0,,203497,228736,KATPADI,GEN,VELLORE,,16,88.97,0.37,yes,338,0.17,3.22,,,0,TRUE,1,,0,,,,0,FALSE,FALSE,FALSE,,,,,,State Assembly Election (AE)
Tamil_Nadu,13,40,2026,5,4,0,6,J. RAMESH,,Bahujan Samaj Party,407,0,,203497,228736,KATPADI,GEN,VELLORE,,16,88.97,0.2,yes,84,0.04,3.22,,,0,TRUE,1,,0,,,,0,FALSE,FALSE,FALSE,,,,,,State Assembly Election (AE)
Tamil_Nadu,13,40,2026,5,4,0,7,D. RAMU,,Independent,323,0,,203497,228736,KATPADI,GEN,VELLORE,,16,88.97,0.16,yes,4,0.0,3.22,,,0,TRUE,1,,0,,,,0,FALSE,FALSE,FALSE,,,,,,State Assembly Election (AE)
Tamil_Nadu,13,40,2026,5,4,0,8,INDU .W,,Tamil Manila Murpokku Dravida Kazhagam,319,0,,203497,228736,KATPADI,GEN,VELLORE,,16,88.97,0.16,yes,104,0.05,3.22,,,0,TRUE,1,,0,,,,0,FALSE,FALSE,FALSE,,,,,,State Assembly Election (AE)
Tamil_Nadu,13,40,2026,5,4,0,9,DHANANCHEZHIYAN,,Independent,215,0,,203497,228736,KATPADI,GEN,VELLORE,,16,88.97,0.11,yes,28,0.01,3.22,,,0,TRUE,1,,0,,,,0,FALSE,FALSE,FALSE,,,,,,State Assembly Election (AE)
Tamil_Nadu,13,40,2026,5,4,0,10,V. CHANDRAN,,All India Puratchi Thalaivar Makkal Munnettra Kazhagam,187,0,,203497,228736,KATPADI,GEN,VELLORE,,16,88.97,0.09,yes,42,0.02,3.22,,,0,TRUE,1,,0,,,,0,FALSE,FALSE,FALSE,,,,,,State Assembly Election (AE)
Tamil_Nadu,13,40,2026,5,4,0,11,M. SUTHAKAR,,Independent,145,0,,203497,228736,KATPADI,GEN,VELLORE,,16,88.97,0.07,yes,5,0.0,3.22,,,0,TRUE,1,,0,,,,0,FALSE,FALSE,FALSE,,,,,,State Assembly Election (AE)
Tamil_Nadu,13,40,2026,5,4,0,12,S. BALAJI,,Tamil Nadu Ilangyar Katchi,140,0,,203497,228736,KATPADI,GEN,VELLORE,,16,88.97,0.07,yes,18,0.01,3.22,,,0,TRUE,1,,0,,,,0,FALSE,FALSE,FALSE,,,,,,State Assembly Election (AE)
Tamil_Nadu,13,40,2026,5,4,0,13,DHANASEKAR,,Independent,122,0,,203497,228736,KATPADI,GEN,VELLORE,,16,88.97,0.06,yes,43,0.02,3.22,,,0,TRUE,1,,0,,,,0,FALSE,FALSE,FALSE,,,,,,State Assembly Election (AE)
Tamil_Nadu,13,40,2026,5,4,0,14,GANESAN .P,,Indhu Dravida Makkal Katchi,79,0,,203497,228736,KATPADI,GEN,VELLORE,,16,88.97,0.04,yes,25,0.01,3.22,,,0,TRUE,1,,0,,,,0,FALSE,FALSE,FALSE,,,,,,State Assembly Election (AE)
Tamil_Nadu,13,40,2026,5,4,0,15,SARAVANAN .D,,Independent,54,0,,203497,228736,KATPADI,GEN,VELLORE,,16,88.97,0.03,yes,9,0.0,3.22,,,0,TRUE,1,,0,,,,0,FALSE,FALSE,FALSE,,,,,,State Assembly Election (AE)
Tamil_Nadu,13,40,2026,5,4,0,16,S. RAMAN,,Independent,45,0,,203497,228736,KATPADI,GEN,VELLORE,,16,88.97,0.02,yes,45,0.02,3.22,,,0,TRUE,1,,0,,,,0,FALSE,FALSE,FALSE,,,,,,State Assembly Election (AE)
Tamil_Nadu,13,41,2026,5,4,0,1,THAHIRA,,Tamilaga Vettri Kazhagam,91149,0,,221038,248244,RANIPET,GEN,RANIPET,,16,89.04,41.24,no,5787,2.62,2.93,,,0,TRUE,1,,0,,,,0,FALSE,FALSE,FALSE,,,,,,State Assembly Election (AE)
Tamil_Nadu,13,41,2026,5,4,0,2,R. GANDHI,,Dravida Munnetra Kazhagam,85362,0,,221038,248244,RANIPET,GEN,RANIPET,,16,89.04,38.62,no,53302,24.11,2.93,,,0,TRUE,1,,0,,,,0,FALSE,FALSE,FALSE,,,,,,State Assembly Election (AE)
Tamil_Nadu,13,41,2026,5,4,0,3,V.M. KARTHIKEYAN,,Bharatiya Janata Party,32060,0,,221038,248244,RANIPET,GEN,RANIPET,,16,89.04,14.5,yes,24824,11.23,2.93,,,0,TRUE,1,,0,,,,0,FALSE,FALSE,FALSE,,,,,,State Assembly Election (AE)
Tamil_Nadu,13,41,2026,5,4,0,4,THAARIKHA SALMAN,,Naam Tamilar Katchi,7236,0,,221038,248244,RANIPET,GEN,RANIPET,,16,89.04,3.27,yes,6027,2.73,2.93,,,0,TRUE,1,,0,,,,0,FALSE,FALSE,FALSE,,,,,,State Assembly Election (AE)
Tamil_Nadu,13,41,2026,5,4,0,5,None Of The Above,,None of the Above,1209,0,,221038,248244,RANIPET,GEN,RANIPET,,16,89.04,0.55,yes,455,0.21,2.93,,,0,TRUE,1,,0,,,,0,FALSE,FALSE,FALSE,,,,,,State Assembly Election (AE)
Tamil_Nadu,13,41,2026,5,4,0,6,A. NARESHKUMAR,,Independent,754,0,,221038,248244,RANIPET,GEN,RANIPET,,16,89.04,0.34,yes,134,0.06,2.93,,,0,TRUE,1,,0,,,,0,FALSE,FALSE,FALSE,,,,,,State Assembly Election (AE)
Tamil_Nadu,13,41,2026,5,4,0,7,J.JENIFERJANET,,Bahujan Samaj Party,620,0,,221038,248244,RANIPET,GEN,RANIPET,,16,89.04,0.28,yes,87,0.04,2.93,,,0,TRUE,1,,0,,,,0,FALSE,FALSE,FALSE,,,,,,State Assembly Election (AE)
Tamil_Nadu,13,41,2026,5,4,0,8,K. SAKTHIVEL NATHAN,,Independent,533,0,,221038,248244,RANIPET,GEN,RANIPET,,16,89.04,0.24,yes,16,0.01,2.93,,,0,TRUE,1,,0,,,,0,FALSE,FALSE,FALSE,,,,,,State Assembly Election (AE)
Tamil_Nadu,13,41,2026,5,4,0,9,J. HASSAIN,,Independent,517,0,,221038,248244,RANIPET,GEN,RANIPET,,16,89.04,0.23,yes,147,0.07,2.93,,,0,TRUE,1,,0,,,,0,FALSE,FALSE,FALSE,,,,,,State Assembly Election (AE)
Tamil_Nadu,13,41,2026,5,4,0,10,N.VISWANATHAN,,Tamizhaga Vaazhvurimai Katchi,370,0,,221038,248244,RANIPET,GEN,RANIPET,,16,89.04,0.17,yes,14,0.01,2.93,,,0,TRUE,1,,0,,,,0,FALSE,FALSE,FALSE,,,,,,State Assembly Election (AE)
Tamil_Nadu,13,41,2026,5,4,0,11,V. DHARMENDIRAN,,Independent,356,0,,221038,248244,RANIPET,GEN,RANIPET,,16,89.04,0.16,yes,127,0.06,2.93,,,0,TRUE,1,,0,,,,0,FALSE,FALSE,FALSE,,,,,,State Assembly Election (AE)
Tamil_Nadu,13,41,2026,5,4,0,12,S.MUNISAMY,,Anti Corruption Dynamic Party,229,0,,221038,248244,RANIPET,GEN,RANIPET,,16,89.04,0.1,yes,1,0.0,2.93,,,0,TRUE,1,,0,,,,0,FALSE,FALSE,FALSE,,,,,,State Assembly Election (AE)
Tamil_Nadu,13,41,2026,5,4,0,13,S.JAYAPRAKASH,,Independent,228,0,,221038,248244,RANIPET,GEN,RANIPET,,16,89.04,0.1,yes,62,0.03,2.93,,,0,TRUE,1,,0,,,,0,FALSE,FALSE,FALSE,,,,,,State Assembly Election (AE)
Tamil_Nadu,13,41,2026,5,4,0,14,V. SURESH,,Independent,166,0,,221038,248244,RANIPET,GEN,RANIPET,,16,89.04,0.08,yes,11,0.0,2.93,,,0,TRUE,1,,0,,,,0,FALSE,FALSE,FALSE,,,,,,State Assembly Election (AE)
Tamil_Nadu,13,41,2026,5,4,0,15,J. MOHAN,,Independent,155,0,,221038,248244,RANIPET,GEN,RANIPET,,16,89.04,0.07,yes,61,0.03,2.93,,,0,TRUE,1,,0,,,,0,FALSE,FALSE,FALSE,,,,,,State Assembly Election (AE)
Tamil_Nadu,13,41,2026,5,4,0,16,N. SUGUMAR,,Independent,94,0,,221038,248244,RANIPET,GEN,RANIPET,,16,89.04,0.04,yes,94,0.04,2.93,,,0,TRUE,1,,0,,,,0,FALSE,FALSE,FALSE,,,,,,State Assembly Election (AE)
Tamil_Nadu,13,42,2026,5,4,0,1,S.M.SUKUMAR,,All India Anna Dravida Munnetra Kazhagam,105608,0,,225786,245319,ARCOT,GEN,RANIPET,,15,92.04,46.77,no,42720,18.92,2.91,,,0,TRUE,1,,0,,,,0,FALSE,FALSE,FALSE,,,,,,State Assembly Election (AE)
Tamil_Nadu,13,42,2026,5,4,0,2,G.VIJAY MOHAN,,Tamilaga Vettri Kazhagam,62888,0,,225786,245319,ARCOT,GEN,RANIPET,,15,92.04,27.85,no,14048,6.22,2.91,,,0,TRUE,1,,0,,,,0,FALSE,FALSE,FALSE,,,,,,State Assembly Election (AE)
Tamil_Nadu,13,42,2026,5,4,0,3,J.L.ESWARAPPAN,,Dravida Munnetra Kazhagam,48840,0,,225786,245319,ARCOT,GEN,RANIPET,,15,92.04,21.63,no,43322,19.19,2.91,,,0,TRUE,1,,0,,,,0,FALSE,FALSE,FALSE,,,,,,State Assembly Election (AE)
Tamil_Nadu,13,42,2026,5,4,0,4,ARCHANA NARASIMMAN,,Naam Tamilar Katchi,5518,0,,225786,245319,ARCOT,GEN,RANIPET,,15,92.04,2.44,yes,4862,2.15,2.91,,,0,TRUE,1,,0,,,,0,FALSE,FALSE,FALSE,,,,,,State Assembly Election (AE)
Tamil_Nadu,13,42,2026,5,4,0,5,None Of The Above,,None of the Above,656,0,,225786,245319,ARCOT,GEN,RANIPET,,15,92.04,0.29,yes,188,0.08,2.91,,,0,TRUE,1,,0,,,,0,FALSE,FALSE,FALSE,,,,,,State Assembly Election (AE)
Tamil_Nadu,13,42,2026,5,4,0,6,M.VASANTHAKUMAR,,Bahujan Samaj Party,468,0,,225786,245319,ARCOT,GEN,RANIPET,,15,92.04,0.21,yes,71,0.03,2.91,,,0,TRUE,1,,0,,,,0,FALSE,FALSE,FALSE,,,,,,State Assembly Election (AE)
Tamil_Nadu,13,42,2026,5,4,0,7,K.MANIKANDAN,,Independent,397,0,,225786,245319,ARCOT,GEN,RANIPET,,15,92.04,0.18,yes,28,0.01,2.91,,,0,TRUE,1,,0,,,,0,FALSE,FALSE,FALSE,,,,,,State Assembly Election (AE)
Tamil_Nadu,13,42,2026,5,4,0,8,A.VIJAY,,Independent,369,0,,225786,245319,ARCOT,GEN,RANIPET,,15,92.04,0.16,yes,117,0.05,2.91,,,0,TRUE,1,,0,,,,0,FALSE,FALSE,FALSE,,,,,,State Assembly Election (AE)
Tamil_Nadu,13,42,2026,5,4,0,9,S.P.SHANMUGAM,,Aanaithinthiya Jananayaka Pathukappu Kazhagam,252,0,,225786,245319,ARCOT,GEN,RANIPET,,15,92.04,0.11,yes,55,0.02,2.91,,,0,TRUE,1,,0,,,,0,FALSE,FALSE,FALSE,,,,,,State Assembly Election (AE)
Tamil_Nadu,13,42,2026,5,4,0,10,V.GANDHI,,Vanchit Bahujan Aaghadi,197,0,,225786,245319,ARCOT,GEN,RANIPET,,15,92.04,0.09,yes,29,0.01,2.91,,,0,TRUE,1,,0,,,,0,FALSE,FALSE,FALSE,,,,,,State Assembly Election (AE)
Tamil_Nadu,13,42,2026,5,4,0,11,V.SEETHARAMAN,,Anti Corruption Dynamic Party,168,0,,225786,245319,ARCOT,GEN,RANIPET,,15,92.04,0.07,yes,17,0.01,2.91,,,0,TRUE,1,,0,,,,0,FALSE,FALSE,FALSE,,,,,,State Assembly Election (AE)
Tamil_Nadu,13,42,2026,5,4,0,12,P.VENKATESAN,,Tamizhaga Vaazhvurimai Katchi,151,0,,225786,245319,ARCOT,GEN,RANIPET,,15,92.04,0.07,yes,38,0.02,2.91,,,0,TRUE,1,,0,,,,0,FALSE,FALSE,FALSE,,,,,,State Assembly Election (AE)
Tamil_Nadu,13,42,2026,5,4,0,13,V.SHANTHI,,Independent,113,0,,225786,245319,ARCOT,GEN,RANIPET,,15,92.04,0.05,yes,10,0.0,2.91,,,0,TRUE,1,,0,,,,0,FALSE,FALSE,FALSE,,,,,,State Assembly Election (AE)
Tamil_Nadu,13,42,2026,5,4,0,14,ESWARAPPAN.M,,Independent,103,0,,225786,245319,ARCOT,GEN,RANIPET,,15,92.04,0.05,yes,45,0.02,2.91,,,0,TRUE,1,,0,,,,0,FALSE,FALSE,FALSE,,,,,,State Assembly Election (AE)
Tamil_Nadu,13,42,2026,5,4,0,15,R.INDHUMATHI,,Independent,58,0,,225786,245319,ARCOT,GEN,RANIPET,,15,92.04,0.03,yes,58,0.03,2.91,,,0,TRUE,1,,0,,,,0,FALSE,FALSE,FALSE,,,,,,State Assembly Election (AE)
Tamil_Nadu,13,43,2026,5,4,0,1,M.M.VINOTH KANNAN,,Tamilaga Vettri Kazhagam,73032,0,,190527,214504,VELLORE,GEN,VELLORE,,16,88.82,38.33,no,6777,3.56,3.08,,,0,TRUE,1,,0,,,,0,FALSE,FALSE,FALSE,,,,,,State Assembly Election (AE)
Tamil_Nadu,13,43,2026,5,4,0,2,P.KARTHIKEYAN,,Dravida Munnetra Kazhagam,66255,0,,190527,214504,VELLORE,GEN,VELLORE,,16,88.82,34.77,no,20797,10.92,3.08,,,0,TRUE,1,,0,,,,0,FALSE,FALSE,FALSE,,,,,,State Assembly Election (AE)
Tamil_Nadu,13,43,2026,5,4,0,3,S R K APPU,,All India Anna Dravida Munnetra Kazhagam,45458,0,,190527,214504,VELLORE,GEN,VELLORE,,16,88.82,23.86,no,41665,21.87,3.08,,,0,TRUE,1,,0,,,,0,FALSE,FALSE,FALSE,,,,,,State Assembly Election (AE)
Tamil_Nadu,13,43,2026,5,4,0,4,A.SONIYA,,Naam Tamilar Katchi,3793,0,,190527,214504,VELLORE,GEN,VELLORE,,16,88.82,1.99,yes,3036,1.59,3.08,,,0,TRUE,1,,0,,,,0,FALSE,FALSE,FALSE,,,,,,State Assembly Election (AE)
Tamil_Nadu,13,43,2026,5,4,0,5,None Of The Above,,None of the Above,757,0,,190527,214504,VELLORE,GEN,VELLORE,,16,88.82,0.4,yes,562,0.29,3.08,,,0,TRUE,1,,0,,,,0,FALSE,FALSE,FALSE,,,,,,State Assembly Election (AE)
Tamil_Nadu,13,43,2026,5,4,0,6,K.VIMALA,,Naam Indiar Party,195,0,,190527,214504,VELLORE,GEN,VELLORE,,16,88.82,0.1,yes,4,0.0,3.08,,,0,TRUE,1,,0,,,,0,FALSE,FALSE,FALSE,,,,,,State Assembly Election (AE)
Tamil_Nadu,13,43,2026,5,4,0,7,U.VIJAYA KUMAR,,Independent,191,0,,190527,214504,VELLORE,GEN,VELLORE,,16,88.82,0.1,yes,56,0.03,3.08,,,0,TRUE,1,,0,,,,0,FALSE,FALSE,FALSE,,,,,,State Assembly Election (AE)
Tamil_Nadu,13,43,2026,5,4,0,8,S.M.IRSHAD,,Tamizhaga Vaazhvurimai Katchi,135,0,,190527,214504,VELLORE,GEN,VELLORE,,16,88.82,0.07,yes,4,0.0,3.08,,,0,TRUE,1,,0,,,,0,FALSE,FALSE,FALSE,,,,,,State Assembly Election (AE)
Tamil_Nadu,13,43,2026,5,4,0,9,M.VINOTHKUMAR,,Anna MGR Dravida Makkal Kalgam,131,0,,190527,214504,VELLORE,GEN,VELLORE,,16,88.82,0.07,yes,8,0.0,3.08,,,0,TRUE,1,,0,,,,0,FALSE,FALSE,FALSE,,,,,,State Assembly Election (AE)
Tamil_Nadu,13,43,2026,5,4,0,10,S.MADHAN KUMAR,,Independent,123,0,,190527,214504,VELLORE,GEN,VELLORE,,16,88.82,0.06,yes,20,0.01,3.08,,,0,TRUE,1,,0,,,,0,FALSE,FALSE,FALSE,,,,,,State Assembly Election (AE)
Tamil_Nadu,13,43,2026,5,4,0,11,S.GIRIDHARA PRASAD,,Party for the Rights of Other backward Classes,103,0,,190527,214504,VELLORE,GEN,VELLORE,,16,88.82,0.05,yes,0,0.0,3.08,,,0,TRUE,1,,0,,,,0,FALSE,FALSE,FALSE,,,,,,State Assembly Election (AE)
Tamil_Nadu,13,43,2026,5,4,0,12,S.APPU,,Independent,103,0,,190527,214504,VELLORE,GEN,VELLORE,,16,88.82,0.05,yes,15,0.01,3.08,,,0,TRUE,1,,0,,,,0,FALSE,FALSE,FALSE,,,,,,State Assembly Election (AE)
Tamil_Nadu,13,43,2026,5,4,0,13,K.M.VINAAYAGAM,,Viro Ke Vir Indian Party,88,0,,190527,214504,VELLORE,GEN,VELLORE,,16,88.82,0.05,yes,29,0.02,3.08,,,0,TRUE,1,,0,,,,0,FALSE,FALSE,FALSE,,,,,,State Assembly Election (AE)
Tamil_Nadu,13,43,2026,5,4,0,14,M.LOGANATHAN,,Independent,59,0,,190527,214504,VELLORE,GEN,VELLORE,,16,88.82,0.03,yes,4,0.0,3.08,,,0,TRUE,1,,0,,,,0,FALSE,FALSE,FALSE,,,,,,State Assembly Election (AE)
Tamil_Nadu,13,43,2026,5,4,0,15,K.MUNIYAPPAN,,ALL PENSIONER'S PARTY,55,0,,190527,214504,VELLORE,GEN,VELLORE,,16,88.82,0.03,yes,6,0.0,3.08,,,0,TRUE,1,,0,,,,0,FALSE,FALSE,FALSE,,,,,,State Assembly Election (AE)
Tamil_Nadu,13,43,2026,5,4,0,16,S.RAJKAMAL,,Independent,49,0,,190527,214504,VELLORE,GEN,VELLORE,,16,88.82,0.03,yes,49,0.03,3.08,,,0,TRUE,1,,0,,,,0,FALSE,FALSE,FALSE,,,,,,State Assembly Election (AE)
Tamil_Nadu,13,44,2026,5,4,0,1,D.VELAZHAGAN,,All India Anna Dravida Munnetra Kazhagam,76302,0,,216318,238715,ANAIKATTU,GEN,VELLORE,,14,90.62,35.27,no,7081,3.27,3.2,,,0,TRUE,1,,0,,,,0,FALSE,FALSE,FALSE,,,,,,State Assembly Election (AE)
Tamil_Nadu,13,44,2026,5,4,0,2,A.P.NANDAKUMAR,,Dravida Munnetra Kazhagam,69221,0,,216318,238715,ANAIKATTU,GEN,VELLORE,,14,90.62,32.0,no,5934,2.74,3.2,,,0,TRUE,1,,0,,,,0,FALSE,FALSE,FALSE,,,,,,State Assembly Election (AE)
Tamil_Nadu,13,44,2026,5,4,0,3,R.VELMURUGAN,,Tamilaga Vettri Kazhagam,63287,0,,216318,238715,ANAIKATTU,GEN,VELLORE,,14,90.62,29.26,no,58541,27.06,3.2,,,0,TRUE,1,,0,,,,0,FALSE,FALSE,FALSE,,,,,,State Assembly Election (AE)
Tamil_Nadu,13,44,2026,5,4,0,4,M.RAVIKUMAR,,Naam Tamilar Katchi,4746,0,,216318,238715,ANAIKATTU,GEN,VELLORE,,14,90.62,2.19,yes,3643,1.68,3.2,,,0,TRUE,1,,0,,,,0,FALSE,FALSE,FALSE,,,,,,State Assembly Election (AE)
Tamil_Nadu,13,44,2026,5,4,0,5,None Of The Above,,None of the Above,1103,0,,216318,238715,ANAIKATTU,GEN,VELLORE,,14,90.62,0.51,yes,752,0.35,3.2,,,0,TRUE,1,,0,,,,0,FALSE,FALSE,FALSE,,,,,,State Assembly Election (AE)
Tamil_Nadu,13,44,2026,5,4,0,6,R.SARAVANAN,,Namadhu Makkal Katchi,351,0,,216318,238715,ANAIKATTU,GEN,VELLORE,,14,90.62,0.16,yes,32,0.01,3.2,,,0,TRUE,1,,0,,,,0,FALSE,FALSE,FALSE,,,,,,State Assembly Election (AE)
Tamil_Nadu,13,44,2026,5,4,0,7,K.MANOHARAN,,Independent,319,0,,216318,238715,ANAIKATTU,GEN,VELLORE,,14,90.62,0.15,yes,102,0.05,3.2,,,0,TRUE,1,,0,,,,0,FALSE,FALSE,FALSE,,,,,,State Assembly Election (AE)
Tamil_Nadu,13,44,2026,5,4,0,8,V.S.VENKATESH,,Aanaithinthiya Jananayaka Pathukappu Kazhagam,217,0,,216318,238715,ANAIKATTU,GEN,VELLORE,,14,90.62,0.1,yes,25,0.01,3.2,,,0,TRUE,1,,0,,,,0,FALSE,FALSE,FALSE,,,,,,State Assembly Election (AE)
Tamil_Nadu,13,44,2026,5,4,0,9,V.VINOTHKANNA,,Tamizhaga Vaazhvurimai Katchi,192,0,,216318,238715,ANAIKATTU,GEN,VELLORE,,14,90.62,0.09,yes,26,0.01,3.2,,,0,TRUE,1,,0,,,,0,FALSE,FALSE,FALSE,,,,,,State Assembly Election (AE)
Tamil_Nadu,13,44,2026,5,4,0,10,P.JAYASEELAN,,Puthiya Tamilagam,166,0,,216318,238715,ANAIKATTU,GEN,VELLORE,,14,90.62,0.08,yes,14,0.01,3.2,,,0,TRUE,1,,0,,,,0,FALSE,FALSE,FALSE,,,,,,State Assembly Election (AE)
Tamil_Nadu,13,44,2026,5,4,0,11,R.RAMESH,,Independent,152,0,,216318,238715,ANAIKATTU,GEN,VELLORE,,14,90.62,0.07,yes,57,0.03,3.2,,,0,TRUE,1,,0,,,,0,FALSE,FALSE,FALSE,,,,,,State Assembly Election (AE)
Tamil_Nadu,13,44,2026,5,4,0,12,M.NANDHA KUMAR,,Independent,95,0,,216318,238715,ANAIKATTU,GEN,VELLORE,,14,90.62,0.04,yes,5,0.0,3.2,,,0,TRUE,1,,0,,,,0,FALSE,FALSE,FALSE,,,,,,State Assembly Election (AE)
Tamil_Nadu,13,44,2026,5,4,0,13,S.SELVAMOORTHY,,Independent,90,0,,216318,238715,ANAIKATTU,GEN,VELLORE,,14,90.62,0.04,yes,13,0.01,3.2,,,0,TRUE,1,,0,,,,0,FALSE,FALSE,FALSE,,,,,,State Assembly Election (AE)
Tamil_Nadu,13,44,2026,5,4,0,14,E.SURESH,,Independent,77,0,,216318,238715,ANAIKATTU,GEN,VELLORE,,14,90.62,0.04,yes,77,0.04,3.2,,,0,TRUE,1,,0,,,,0,FALSE,FALSE,FALSE,,,,,,State Assembly Election (AE)
Tamil_Nadu,13,45,2026,5,4,0,1,THENRAL KUMAR. E,,Tamilaga Vettri Kazhagam,74305,0,,189892,215304,KILVAITHINANKUPPAM,SC,VELLORE,,12,88.2,39.13,no,20255,10.67,3.17,,,0,TRUE,1,,0,,,,0,FALSE,FALSE,FALSE,,,,,,State Assembly Election (AE)
Tamil_Nadu,13,45,2026,5,4,0,2,JEGAN MOORTHY. M,,All India Anna Dravida Munnetra Kazhagam,54050,0,,189892,215304,KILVAITHINANKUPPAM,SC,VELLORE,,12,88.2,28.46,no,152,0.08,3.17,,,0,TRUE,1,,0,,,,0,FALSE,FALSE,FALSE,,,,,,State Assembly Election (AE)
Tamil_Nadu,13,45,2026,5,4,0,3,DR. RAJESWARI. R,,Dravida Munnetra Kazhagam,53898,0,,189892,215304,KILVAITHINANKUPPAM,SC,VELLORE,,12,88.2,28.38,no,48715,25.65,3.17,,,0,TRUE,1,,0,,,,0,FALSE,FALSE,FALSE,,,,,,State Assembly Election (AE)
Tamil_Nadu,13,45,2026,5,4,0,4,KALAIYENTHIRI. R,,Naam Tamilar Katchi,5183,0,,189892,215304,KILVAITHINANKUPPAM,SC,VELLORE,,12,88.2,2.73,yes,4211,2.22,3.17,,,0,TRUE,1,,0,,,,0,FALSE,FALSE,FALSE,,,,,,State Assembly Election (AE)
Tamil_Nadu,13,45,2026,5,4,0,5,None Of The Above,,None of the Above,972,0,,189892,215304,KILVAITHINANKUPPAM,SC,VELLORE,,12,88.2,0.51,yes,490,0.26,3.17,,,0,TRUE,1,,0,,,,0,FALSE,FALSE,FALSE,,,,,,State Assembly Election (AE)
Tamil_Nadu,13,45,2026,5,4,0,6,ANANDALAI THANGARAJ. M,,All India Puratchi Thalaivar Makkal Munnettra Kazhagam,482,0,,189892,215304,KILVAITHINANKUPPAM,SC,VELLORE,,12,88.2,0.25,yes,255,0.13,3.17,,,0,TRUE,1,,0,,,,0,FALSE,FALSE,FALSE,,,,,,State Assembly Election (AE)
Tamil_Nadu,13,45,2026,5,4,0,7,JAYASHANKAR. J,,Independent,227,0,,189892,215304,KILVAITHINANKUPPAM,SC,VELLORE,,12,88.2,0.12,yes,25,0.01,3.17,,,0,TRUE,1,,0,,,,0,FALSE,FALSE,FALSE,,,,,,State Assembly Election (AE)
Tamil_Nadu,13,45,2026,5,4,0,8,RAJA. M,,Tamizhaga Vaazhvurimai Katchi,202,0,,189892,215304,KILVAITHINANKUPPAM,SC,VELLORE,,12,88.2,0.11,yes,45,0.02,3.17,,,0,TRUE,1,,0,,,,0,FALSE,FALSE,FALSE,,,,,,State Assembly Election (AE)
Tamil_Nadu,13,45,2026,5,4,0,9,SATHISH. A,,Independent,157,0,,189892,215304,KILVAITHINANKUPPAM,SC,VELLORE,,12,88.2,0.08,yes,0,0.0,3.17,,,0,TRUE,1,,0,,,,0,FALSE,FALSE,FALSE,,,,,,State Assembly Election (AE)
Tamil_Nadu,13,45,2026,5,4,0,10,JAYA BHARATH. J,,Independent,157,0,,189892,215304,KILVAITHINANKUPPAM,SC,VELLORE,,12,88.2,0.08,yes,11,0.01,3.17,,,0,TRUE,1,,0,,,,0,FALSE,FALSE,FALSE,,,,,,State Assembly Election (AE)
Tamil_Nadu,13,45,2026,5,4,0,11,MURUGAN. K.P,,Independent,146,0,,189892,215304,KILVAITHINANKUPPAM,SC,VELLORE,,12,88.2,0.08,yes,33,0.02,3.17,,,0,TRUE,1,,0,,,,0,FALSE,FALSE,FALSE,,,,,,State Assembly Election (AE)
Tamil_Nadu,13,45,2026,5,4,0,12,KUMARESAN. L,,Independent,113,0,,189892,215304,KILVAITHINANKUPPAM,SC,VELLORE,,12,88.2,0.06,yes,113,0.06,3.17,,,0,TRUE,1,,0,,,,0,FALSE,FALSE,FALSE,,,,,,State Assembly Election (AE)
Tamil_Nadu,13,46,2026,5,4,0,1,K.SINDU,,Tamilaga Vettri Kazhagam,82858,0,,229076,251588,GUDIYATTAM,SC,VELLORE,,12,91.05,36.17,no,10097,4.41,3.22,,,0,TRUE,1,,0,,,,0,FALSE,FALSE,FALSE,,,,,,State Assembly Election (AE)
Tamil_Nadu,13,46,2026,5,4,0,2,K.B.PRADAP,,Desiya Murpokku Dravida Kazhagam,72761,0,,229076,251588,GUDIYATTAM,SC,VELLORE,,12,91.05,31.76,no,8639,3.77,3.22,,,0,TRUE,1,,0,,,,0,FALSE,FALSE,FALSE,,,,,,State Assembly Election (AE)
Tamil_Nadu,13,46,2026,5,4,0,3,PARITHA PURUSHOTHAMAN.G,,All India Anna Dravida Munnetra Kazhagam,64122,0,,229076,251588,GUDIYATTAM,SC,VELLORE,,12,91.05,27.99,no,58320,25.46,3.22,,,0,TRUE,1,,0,,,,0,FALSE,FALSE,FALSE,,,,,,State Assembly Election (AE)
Tamil_Nadu,13,46,2026,5,4,0,4,J.EMALAN,,Naam Tamilar Katchi,5802,0,,229076,251588,GUDIYATTAM,SC,VELLORE,,12,91.05,2.53,yes,5003,2.18,3.22,,,0,TRUE,1,,0,,,,0,FALSE,FALSE,FALSE,,,,,,State Assembly Election (AE)
Tamil_Nadu,13,46,2026,5,4,0,5,None Of The Above,,None of the Above,799,0,,229076,251588,GUDIYATTAM,SC,VELLORE,,12,91.05,0.35,yes,102,0.04,3.22,,,0,TRUE,1,,0,,,,0,FALSE,FALSE,FALSE,,,,,,State Assembly Election (AE)
Tamil_Nadu,13,46,2026,5,4,0,6,T.POOVARASAN,,Bahujan Samaj Party,697,0,,229076,251588,GUDIYATTAM,SC,VELLORE,,12,91.05,0.3,yes,178,0.08,3.22,,,0,TRUE,1,,0,,,,0,FALSE,FALSE,FALSE,,,,,,State Assembly Election (AE)
Tamil_Nadu,13,46,2026,5,4,0,7,SUBAKARAN.A,,Independent,519,0,,229076,251588,GUDIYATTAM,SC,VELLORE,,12,91.05,0.23,yes,119,0.05,3.22,,,0,TRUE,1,,0,,,,0,FALSE,FALSE,FALSE,,,,,,State Assembly Election (AE)
Tamil_Nadu,13,46,2026,5,4,0,8,BHARATH  MATHIRUBAN,,Independent,400,0,,229076,251588,GUDIYATTAM,SC,VELLORE,,12,91.05,0.17,yes,17,0.01,3.22,,,0,TRUE,1,,0,,,,0,FALSE,FALSE,FALSE,,,,,,State Assembly Election (AE)
Tamil_Nadu,13,46,2026,5,4,0,9,K.ASHA,,Puthiya Tamilagam,383,0,,229076,251588,GUDIYATTAM,SC,VELLORE,,12,91.05,0.17,yes,32,0.01,3.22,,,0,TRUE,1,,0,,,,0,FALSE,FALSE,FALSE,,,,,,State Assembly Election (AE)
Tamil_Nadu,13,46,2026,5,4,0,10,K.THABITHAL,,All India Puratchi Thalaivar Makkal Munnettra Kazhagam,351,0,,229076,251588,GUDIYATTAM,SC,VELLORE,,12,91.05,0.15,yes,124,0.05,3.22,,,0,TRUE,1,,0,,,,0,FALSE,FALSE,FALSE,,,,,,State Assembly Election (AE)
Tamil_Nadu,13,46,2026,5,4,0,11,A.RAJESH,,Independent,227,0,,229076,251588,GUDIYATTAM,SC,VELLORE,,12,91.05,0.1,yes,70,0.03,3.22,,,0,TRUE,1,,0,,,,0,FALSE,FALSE,FALSE,,,,,,State Assembly Election (AE)
Tamil_Nadu,13,46,2026,5,4,0,12,M.SUMATHI,,Independent,157,0,,229076,251588,GUDIYATTAM,SC,VELLORE,,12,91.05,0.07,yes,157,0.07,3.22,,,0,TRUE,1,,0,,,,0,FALSE,FALSE,FALSE,,,,,,State Assembly Election (AE)
Tamil_Nadu,13,47,2026,5,4,0,1,SYED FAROOQ BASHA SSB,,Indian Union Muslim League,73181,0,,212534,242540,VANIYAMBADI,GEN,TIRUPATHUR,,16,87.63,34.43,no,2982,1.4,3.22,,,0,TRUE,1,,0,,,,0,FALSE,FALSE,FALSE,,,,,,State Assembly Election (AE)
Tamil_Nadu,13,47,2026,5,4,0,2,SYED BHURHANUDEEN,,Tamilaga Vettri Kazhagam,70199,0,,212534,242540,VANIYAMBADI,GEN,TIRUPATHUR,,16,87.63,33.03,no,9144,4.3,3.22,,,0,TRUE,1,,0,,,,0,FALSE,FALSE,FALSE,,,,,,State Assembly Election (AE)
Tamil_Nadu,13,47,2026,5,4,0,3,SENDHIL KUMAR.G,,All India Anna Dravida Munnetra Kazhagam,61055,0,,212534,242540,VANIYAMBADI,GEN,TIRUPATHUR,,16,87.63,28.73,no,56206,26.45,3.22,,,0,TRUE,1,,0,,,,0,FALSE,FALSE,FALSE,,,,,,State Assembly Election (AE)
Tamil_Nadu,13,47,2026,5,4,0,4,MURUGESAN.G,,Naam Tamilar Katchi,4849,0,,212534,242540,VANIYAMBADI,GEN,TIRUPATHUR,,16,87.63,2.28,yes,4225,1.99,3.22,,,0,TRUE,1,,0,,,,0,FALSE,FALSE,FALSE,,,,,,State Assembly Election (AE)
Tamil_Nadu,13,47,2026,5,4,0,5,None Of The Above,,None of the Above,624,0,,212534,242540,VANIYAMBADI,GEN,TIRUPATHUR,,16,87.63,0.29,yes,15,0.01,3.22,,,0,TRUE,1,,0,,,,0,FALSE,FALSE,FALSE,,,,,,State Assembly Election (AE)
Tamil_Nadu,13,47,2026,5,4,0,6,SUBRAMANI.P,,Bahujan Samaj Party,609,0,,212534,242540,VANIYAMBADI,GEN,TIRUPATHUR,,16,87.63,0.29,yes,65,0.03,3.22,,,0,TRUE,1,,0,,,,0,FALSE,FALSE,FALSE,,,,,,State Assembly Election (AE)
Tamil_Nadu,13,47,2026,5,4,0,7,SUNDARAMMAL,,Makkal Arasial Katchi,544,0,,212534,242540,VANIYAMBADI,GEN,TIRUPATHUR,,16,87.63,0.26,yes,313,0.15,3.22,,,0,TRUE,1,,0,,,,0,FALSE,FALSE,FALSE,,,,,,State Assembly Election (AE)
Tamil_Nadu,13,47,2026,5,4,0,8,ANBARASU.P,,Aanaithinthiya Jananayaka Pathukappu Kazhagam,231,0,,212534,242540,VANIYAMBADI,GEN,TIRUPATHUR,,16,87.63,0.11,yes,18,0.01,3.22,,,0,TRUE,1,,0,,,,0,FALSE,FALSE,FALSE,,,,,,State Assembly Election (AE)
Tamil_Nadu,13,47,2026,5,4,0,9,RAJESH.T,,Independent,213,0,,212534,242540,VANIYAMBADI,GEN,TIRUPATHUR,,16,87.63,0.1,yes,18,0.01,3.22,,,0,TRUE,1,,0,,,,0,FALSE,FALSE,FALSE,,,,,,State Assembly Election (AE)
Tamil_Nadu,13,47,2026,5,4,0,10,DEVENDRAN.J,,Tamizhaga Vaazhvurimai Katchi,195,0,,212534,242540,VANIYAMBADI,GEN,TIRUPATHUR,,16,87.63,0.09,yes,29,0.01,3.22,,,0,TRUE,1,,0,,,,0,FALSE,FALSE,FALSE,,,,,,State Assembly Election (AE)
Tamil_Nadu,13,47,2026,5,4,0,11,MANOJ.S,,Independent,166,0,,212534,242540,VANIYAMBADI,GEN,TIRUPATHUR,,16,87.63,0.08,yes,7,0.0,3.22,,,0,TRUE,1,,0,,,,0,FALSE,FALSE,FALSE,,,,,,State Assembly Election (AE)
Tamil_Nadu,13,47,2026,5,4,0,12,NAVEEN.R,,Independent,159,0,,212534,242540,VANIYAMBADI,GEN,TIRUPATHUR,,16,87.63,0.07,yes,1,0.0,3.22,,,0,TRUE,1,,0,,,,0,FALSE,FALSE,FALSE,,,,,,State Assembly Election (AE)
Tamil_Nadu,13,47,2026,5,4,0,13,SRINIVASAN.A,,Independent,158,0,,212534,242540,VANIYAMBADI,GEN,TIRUPATHUR,,16,87.63,0.07,yes,18,0.01,3.22,,,0,TRUE,1,,0,,,,0,FALSE,FALSE,FALSE,,,,,,State Assembly Election (AE)
Tamil_Nadu,13,47,2026,5,4,0,14,MANJUNATH.K,,Independent,140,0,,212534,242540,VANIYAMBADI,GEN,TIRUPATHUR,,16,87.63,0.07,yes,31,0.01,3.22,,,0,TRUE,1,,0,,,,0,FALSE,FALSE,FALSE,,,,,,State Assembly Election (AE)
Tamil_Nadu,13,47,2026,5,4,0,15,ABDUL WAHID.A,,Independent,109,0,,212534,242540,VANIYAMBADI,GEN,TIRUPATHUR,,16,87.63,0.05,yes,7,0.0,3.22,,,0,TRUE,1,,0,,,,0,FALSE,FALSE,FALSE,,,,,,State Assembly Election (AE)
Tamil_Nadu,13,47,2026,5,4,0,16,SELVARAJ.M,,Independent,102,0,,212534,242540,VANIYAMBADI,GEN,TIRUPATHUR,,16,87.63,0.05,yes,102,0.05,3.22,,,0,TRUE,1,,0,,,,0,FALSE,FALSE,FALSE,,,,,,State Assembly Election (AE)
Tamil_Nadu,13,48,2026,5,4,0,1,VILWANATHAN. A.C.,,Dravida Munnetra Kazhagam,74102,0,,195584,214469,AMBUR,GEN,TIRUPATHUR,,17,91.19,37.89,no,7131,3.65,3.13,,,0,TRUE,1,,0,,,,0,FALSE,FALSE,FALSE,,,,,,State Assembly Election (AE)
Tamil_Nadu,13,48,2026,5,4,0,2,IMTHIYAZ PANDARATTUDU ABDU,,Tamilaga Vettri Kazhagam,66971,0,,195584,214469,AMBUR,GEN,TIRUPATHUR,,17,91.19,34.24,no,19871,10.16,3.13,,,0,TRUE,1,,0,,,,0,FALSE,FALSE,FALSE,,,,,,State Assembly Election (AE)
Tamil_Nadu,13,48,2026,5,4,0,3,VENKATESAN. R,,All India Anna Dravida Munnetra Kazhagam,47100,0,,195584,214469,AMBUR,GEN,TIRUPATHUR,,17,91.19,24.08,no,42915,21.94,3.13,,,0,TRUE,1,,0,,,,0,FALSE,FALSE,FALSE,,,,,,State Assembly Election (AE)
Tamil_Nadu,13,48,2026,5,4,0,4,AFSHIA NASRIN. S,,Naam Tamilar Katchi,4185,0,,195584,214469,AMBUR,GEN,TIRUPATHUR,,17,91.19,2.14,yes,3695,1.89,3.13,,,0,TRUE,1,,0,,,,0,FALSE,FALSE,FALSE,,,,,,State Assembly Election (AE)
Tamil_Nadu,13,48,2026,5,4,0,5,VISWANATHAN. J,,Independent,490,0,,195584,214469,AMBUR,GEN,TIRUPATHUR,,17,91.19,0.25,yes,22,0.01,3.13,,,0,TRUE,1,,0,,,,0,FALSE,FALSE,FALSE,,,,,,State Assembly Election (AE)
Tamil_Nadu,13,48,2026,5,4,0,6,None Of The Above,,None of the Above,468,0,,195584,214469,AMBUR,GEN,TIRUPATHUR,,17,91.19,0.24,yes,11,0.01,3.13,,,0,TRUE,1,,0,,,,0,FALSE,FALSE,FALSE,,,,,,State Assembly Election (AE)
Tamil_Nadu,13,48,2026,5,4,0,7,ASADULLAH. B,,Indian National League,457,0,,195584,214469,AMBUR,GEN,TIRUPATHUR,,17,91.19,0.23,yes,73,0.04,3.13,,,0,TRUE,1,,0,,,,0,FALSE,FALSE,FALSE,,,,,,State Assembly Election (AE)
Tamil_Nadu,13,48,2026,5,4,0,8,WAZEER AHMED. J,,Bahujan Samaj Party,384,0,,195584,214469,AMBUR,GEN,TIRUPATHUR,,17,91.19,0.2,yes,153,0.08,3.13,,,0,TRUE,1,,0,,,,0,FALSE,FALSE,FALSE,,,,,,State Assembly Election (AE)
Tamil_Nadu,13,48,2026,5,4,0,9,SRINATH,,Independent,231,0,,195584,214469,AMBUR,GEN,TIRUPATHUR,,17,91.19,0.12,yes,37,0.02,3.13,,,0,TRUE,1,,0,,,,0,FALSE,FALSE,FALSE,,,,,,State Assembly Election (AE)
Tamil_Nadu,13,48,2026,5,4,0,10,SASI REKA. Y,,Makkal Arasial Katchi,194,0,,195584,214469,AMBUR,GEN,TIRUPATHUR,,17,91.19,0.1,yes,1,0.0,3.13,,,0,TRUE,1,,0,,,,0,FALSE,FALSE,FALSE,,,,,,State Assembly Election (AE)
Tamil_Nadu,13,48,2026,5,4,0,11,KUMARAVEL. P,,Independent,193,0,,195584,214469,AMBUR,GEN,TIRUPATHUR,,17,91.19,0.1,yes,11,0.01,3.13,,,0,TRUE,1,,0,,,,0,FALSE,FALSE,FALSE,,,,,,State Assembly Election (AE)
Tamil_Nadu,13,48,2026,5,4,0,12,VENKATESAN. M,,Independent,182,0,,195584,214469,AMBUR,GEN,TIRUPATHUR,,17,91.19,0.09,yes,14,0.01,3.13,,,0,TRUE,1,,0,,,,0,FALSE,FALSE,FALSE,,,,,,State Assembly Election (AE)
Tamil_Nadu,13,48,2026,5,4,0,13,KAREEM BASHA. A,,All India Majlis-E-Inquilab-E-Millat,168,0,,195584,214469,AMBUR,GEN,TIRUPATHUR,,17,91.19,0.09,yes,17,0.01,3.13,,,0,TRUE,1,,0,,,,0,FALSE,FALSE,FALSE,,,,,,State Assembly Election (AE)
Tamil_Nadu,13,48,2026,5,4,0,14,MUSHTAQ AHMED KUTLAPPAI,,Independent,151,0,,195584,214469,AMBUR,GEN,TIRUPATHUR,,17,91.19,0.08,yes,21,0.01,3.13,,,0,TRUE,1,,0,,,,0,FALSE,FALSE,FALSE,,,,,,State Assembly Election (AE)
Tamil_Nadu,13,48,2026,5,4,0,15,FIRDOSE AHMED. M,,Independent,130,0,,195584,214469,AMBUR,GEN,TIRUPATHUR,,17,91.19,0.07,yes,37,0.02,3.13,,,0,TRUE,1,,0,,,,0,FALSE,FALSE,FALSE,,,,,,State Assembly Election (AE)
Tamil_Nadu,13,48,2026,5,4,0,16,HAROON RASHEED BADU,,All India Puratchi Thalaivar Makkal Munnettra Kazhagam,93,0,,195584,214469,AMBUR,GEN,TIRUPATHUR,,17,91.19,0.05,yes,8,0.0,3.13,,,0,TRUE,1,,0,,,,0,FALSE,FALSE,FALSE,,,,,,State Assembly Election (AE)
Tamil_Nadu,13,48,2026,5,4,0,17,GOVINDHAN. A,,All India Youth Development Party,85,0,,195584,214469,AMBUR,GEN,TIRUPATHUR,,17,91.19,0.04,yes,85,0.04,3.13,,,0,TRUE,1,,0,,,,0,FALSE,FALSE,FALSE,,,,,,State Assembly Election (AE)
Tamil_Nadu,13,49,2026,5,4,0,1,VEERAMANI K.C.,,All India Anna Dravida Munnetra Kazhagam,78633,0,,213042,236127,JOLARPET,GEN,TIRUPATHUR,,20,90.22,36.91,no,16083,7.55,3.25,,,0,TRUE,1,,0,,,,0,FALSE,FALSE,FALSE,,,,,,State Assembly Election (AE)
Tamil_Nadu,13,49,2026,5,4,0,2,MUNISAMY C,,Tamilaga Vettri Kazhagam,62550,0,,213042,236127,JOLARPET,GEN,TIRUPATHUR,,20,90.22,29.36,no,573,0.27,3.25,,,0,TRUE,1,,0,,,,0,FALSE,FALSE,FALSE,,,,,,State Assembly Election (AE)
Tamil_Nadu,13,49,2026,5,4,0,3,KAVITHADHANDAPANI,,Dravida Munnetra Kazhagam,61977,0,,213042,236127,JOLARPET,GEN,TIRUPATHUR,,20,90.22,29.09,no,56003,26.29,3.25,,,0,TRUE,1,,0,,,,0,FALSE,FALSE,FALSE,,,,,,State Assembly Election (AE)
Tamil_Nadu,13,49,2026,5,4,0,4,SASIREKHA K,,Naam Tamilar Katchi,5974,0,,213042,236127,JOLARPET,GEN,TIRUPATHUR,,20,90.22,2.8,yes,5279,2.48,3.25,,,0,TRUE,1,,0,,,,0,FALSE,FALSE,FALSE,,,,,,State Assembly Election (AE)
Tamil_Nadu,13,49,2026,5,4,0,5,None Of The Above,,None of the Above,695,0,,213042,236127,JOLARPET,GEN,TIRUPATHUR,,20,90.22,0.33,yes,241,0.11,3.25,,,0,TRUE,1,,0,,,,0,FALSE,FALSE,FALSE,,,,,,State Assembly Election (AE)
Tamil_Nadu,13,49,2026,5,4,0,6,PRIYA K,,Independent,454,0,,213042,236127,JOLARPET,GEN,TIRUPATHUR,,20,90.22,0.21,yes,84,0.04,3.25,,,0,TRUE,1,,0,,,,0,FALSE,FALSE,FALSE,,,,,,State Assembly Election (AE)
Tamil_Nadu,13,49,2026,5,4,0,7,KALASTHIRI S,,All India Uzhavargal Uzhaippalargal Katchi,370,0,,213042,236127,JOLARPET,GEN,TIRUPATHUR,,20,90.22,0.17,yes,7,0.0,3.25,,,0,TRUE,1,,0,,,,0,FALSE,FALSE,FALSE,,,,,,State Assembly Election (AE)
Tamil_Nadu,13,49,2026,5,4,0,8,SENTHAMILSELVAN M,,Naadaalum Makkal Katchi,363,0,,213042,236127,JOLARPET,GEN,TIRUPATHUR,,20,90.22,0.17,yes,5,0.0,3.25,,,0,TRUE,1,,0,,,,0,FALSE,FALSE,FALSE,,,,,,State Assembly Election (AE)
Tamil_Nadu,13,49,2026,5,4,0,9,THANGARAJ P,,Independent,358,0,,213042,236127,JOLARPET,GEN,TIRUPATHUR,,20,90.22,0.17,yes,42,0.02,3.25,,,0,TRUE,1,,0,,,,0,FALSE,FALSE,FALSE,,,,,,State Assembly Election (AE)
Tamil_Nadu,13,49,2026,5,4,0,10,SIVAKUMAR V C,,Bahujan Samaj Party,316,0,,213042,236127,JOLARPET,GEN,TIRUPATHUR,,20,90.22,0.15,yes,46,0.02,3.25,,,0,TRUE,1,,0,,,,0,FALSE,FALSE,FALSE,,,,,,State Assembly Election (AE)
Tamil_Nadu,13,49,2026,5,4,0,11,SASI REKA Y,,Makkal Arasial Katchi,270,0,,213042,236127,JOLARPET,GEN,TIRUPATHUR,,20,90.22,0.13,yes,54,0.03,3.25,,,0,TRUE,1,,0,,,,0,FALSE,FALSE,FALSE,,,,,,State Assembly Election (AE)
Tamil_Nadu,13,49,2026,5,4,0,12,CHENNA KESAVAN C,,Independent,216,0,,213042,236127,JOLARPET,GEN,TIRUPATHUR,,20,90.22,0.1,yes,61,0.03,3.25,,,0,TRUE,1,,0,,,,0,FALSE,FALSE,FALSE,,,,,,State Assembly Election (AE)
Tamil_Nadu,13,49,2026,5,4,0,13,KAVITHA C,,Independent,155,0,,213042,236127,JOLARPET,GEN,TIRUPATHUR,,20,90.22,0.07,yes,6,0.0,3.25,,,0,TRUE,1,,0,,,,0,FALSE,FALSE,FALSE,,,,,,State Assembly Election (AE)
Tamil_Nadu,13,49,2026,5,4,0,14,KRISHNAMOORTHY D,,Makkal Nala Kazhagam,149,0,,213042,236127,JOLARPET,GEN,TIRUPATHUR,,20,90.22,0.07,yes,21,0.01,3.25,,,0,TRUE,1,,0,,,,0,FALSE,FALSE,FALSE,,,,,,State Assembly Election (AE)
Tamil_Nadu,13,49,2026,5,4,0,15,KAMATCHI S,,Independent,128,0,,213042,236127,JOLARPET,GEN,TIRUPATHUR,,20,90.22,0.06,yes,24,0.01,3.25,,,0,TRUE,1,,0,,,,0,FALSE,FALSE,FALSE,,,,,,State Assembly Election (AE)
Tamil_Nadu,13,49,2026,5,4,0,16,SANKAR T.K,,Tamizhaga Vaazhvurimai Katchi,104,0,,213042,236127,JOLARPET,GEN,TIRUPATHUR,,20,90.22,0.05,yes,5,0.0,3.25,,,0,TRUE,1,,0,,,,0,FALSE,FALSE,FALSE,,,,,,State Assembly Election (AE)
Tamil_Nadu,13,49,2026,5,4,0,17,CHENRAYAN A,,Independent,99,0,,213042,236127,JOLARPET,GEN,TIRUPATHUR,,20,90.22,0.05,yes,13,0.01,3.25,,,0,TRUE,1,,0,,,,0,FALSE,FALSE,FALSE,,,,,,State Assembly Election (AE)
Tamil_Nadu,13,49,2026,5,4,0,18,VEERAMANI H,,Independent,86,0,,213042,236127,JOLARPET,GEN,TIRUPATHUR,,20,90.22,0.04,yes,10,0.0,3.25,,,0,TRUE,1,,0,,,,0,FALSE,FALSE,FALSE,,,,,,State Assembly Election (AE)
Tamil_Nadu,13,49,2026,5,4,0,19,KAVITHA T,,Independent,76,0,,213042,236127,JOLARPET,GEN,TIRUPATHUR,,20,90.22,0.04,yes,7,0.0,3.25,,,0,TRUE,1,,0,,,,0,FALSE,FALSE,FALSE,,,,,,State Assembly Election (AE)
Tamil_Nadu,13,49,2026,5,4,0,20,MOHANRAJ R,,Independent,69,0,,213042,236127,JOLARPET,GEN,TIRUPATHUR,,20,90.22,0.03,yes,69,0.03,3.25,,,0,TRUE,1,,0,,,,0,FALSE,FALSE,FALSE,,,,,,State Assembly Election (AE)
Tamil_Nadu,13,50,2026,5,4,0,1,DR.THIRUPATHI. N,,Tamilaga Vettri Kazhagam,105098,0,,202925,226691,tirupattur,GEN,TIRUPATHUR,,25,89.52,51.79,no,48263,23.78,2.71,,,0,TRUE,1,,0,,,,0,FALSE,FALSE,FALSE,,,,,,State Assembly Election (AE)
Tamil_Nadu,13,50,2026,5,4,0,2,NALLATHAMBI. A,,Dravida Munnetra Kazhagam,56835,0,,202925,226691,tirupattur,GEN,TIRUPATHUR,,25,89.52,28.01,no,26832,13.22,2.71,,,0,TRUE,1,,0,,,,0,FALSE,FALSE,FALSE,,,,,,State Assembly Election (AE)
Tamil_Nadu,13,50,2026,5,4,0,3,GNANASEKAR. A,,Amma Makkal Munnettra Kazagam,30003,0,,202925,226691,tirupattur,GEN,TIRUPATHUR,,25,89.52,14.79,yes,24521,12.08,2.71,,,0,TRUE,1,,0,,,,0,FALSE,FALSE,FALSE,,,,,,State Assembly Election (AE)
Tamil_Nadu,13,50,2026,5,4,0,4,ARUMUGAM. V,,Naam Tamilar Katchi,5482,0,,202925,226691,tirupattur,GEN,TIRUPATHUR,,25,89.52,2.7,yes,4996,2.46,2.71,,,0,TRUE,1,,0,,,,0,FALSE,FALSE,FALSE,,,,,,State Assembly Election (AE)
Tamil_Nadu,13,50,2026,5,4,0,5,RAJESH. S,,Tamizhaga Vaazhvurimai Katchi,486,0,,202925,226691,tirupattur,GEN,TIRUPATHUR,,25,89.52,0.24,yes,22,0.01,2.71,,,0,TRUE,1,,0,,,,0,FALSE,FALSE,FALSE,,,,,,State Assembly Election (AE)
Tamil_Nadu,13,50,2026,5,4,0,6,None Of The Above,,None of the Above,464,0,,202925,226691,tirupattur,GEN,TIRUPATHUR,,25,89.52,0.23,yes,17,0.01,2.71,,,0,TRUE,1,,0,,,,0,FALSE,FALSE,FALSE,,,,,,State Assembly Election (AE)
Tamil_Nadu,13,50,2026,5,4,0,7,THIRUPATHI. N,,Independent,447,0,,202925,226691,tirupattur,GEN,TIRUPATHUR,,25,89.52,0.22,yes,39,0.02,2.71,,,0,TRUE,1,,0,,,,0,FALSE,FALSE,FALSE,,,,,,State Assembly Election (AE)
Tamil_Nadu,13,50,2026,5,4,0,8,VENKATESAN. K,,Independent,408,0,,202925,226691,tirupattur,GEN,TIRUPATHUR,,25,89.52,0.2,yes,21,0.01,2.71,,,0,TRUE,1,,0,,,,0,FALSE,FALSE,FALSE,,,,,,State Assembly Election (AE)
Tamil_Nadu,13,50,2026,5,4,0,9,SEKAR. N,,All India Youth Development Party,387,0,,202925,226691,tirupattur,GEN,TIRUPATHUR,,25,89.52,0.19,yes,26,0.01,2.71,,,0,TRUE,1,,0,,,,0,FALSE,FALSE,FALSE,,,,,,State Assembly Election (AE)
Tamil_Nadu,13,50,2026,5,4,0,10,RAJIV GANDHI. S,,Bahujan Samaj Party,361,0,,202925,226691,tirupattur,GEN,TIRUPATHUR,,25,89.52,0.18,yes,6,0.0,2.71,,,0,TRUE,1,,0,,,,0,FALSE,FALSE,FALSE,,,,,,State Assembly Election (AE)
Tamil_Nadu,13,50,2026,5,4,0,11,THIRUPATHI. C,,Independent,355,0,,202925,226691,tirupattur,GEN,TIRUPATHUR,,25,89.52,0.17,yes,10,0.0,2.71,,,0,TRUE,1,,0,,,,0,FALSE,FALSE,FALSE,,,,,,State Assembly Election (AE)
Tamil_Nadu,13,50,2026,5,4,0,12,VIJAYAKUMAR. G,,Aanaithinthiya Jananayaka Pathukappu Kazhagam,345,0,,202925,226691,tirupattur,GEN,TIRUPATHUR,,25,89.52,0.17,yes,6,0.0,2.71,,,0,TRUE,1,,0,,,,0,FALSE,FALSE,FALSE,,,,,,State Assembly Election (AE)
Tamil_Nadu,13,50,2026,5,4,0,13,THIRUPATHI. S,,Independent,339,0,,202925,226691,tirupattur,GEN,TIRUPATHUR,,25,89.52,0.17,yes,31,0.02,2.71,,,0,TRUE,1,,0,,,,0,FALSE,FALSE,FALSE,,,,,,State Assembly Election (AE)
Tamil_Nadu,13,50,2026,5,4,0,14,RAGUJOSEPH. J,,Independent,308,0,,202925,226691,tirupattur,GEN,TIRUPATHUR,,25,89.52,0.15,yes,100,0.05,2.71,,,0,TRUE,1,,0,,,,0,FALSE,FALSE,FALSE,,,,,,State Assembly Election (AE)
Tamil_Nadu,13,50,2026,5,4,0,15,KALASTHIRI. S,,All India Uzhavargal Uzhaippalargal Katchi,208,0,,202925,226691,tirupattur,GEN,TIRUPATHUR,,25,89.52,0.1,yes,2,0.0,2.71,,,0,TRUE,1,,0,,,,0,FALSE,FALSE,FALSE,,,,,,State Assembly Election (AE)
Tamil_Nadu,13,50,2026,5,4,0,16,GNANASEKARAN. R,,Independent,206,0,,202925,226691,tirupattur,GEN,TIRUPATHUR,,25,89.52,0.1,yes,14,0.01,2.71,,,0,TRUE,1,,0,,,,0,FALSE,FALSE,FALSE,,,,,,State Assembly Election (AE)
Tamil_Nadu,13,50,2026,5,4,0,17,NALLATHAMBI. R,,Independent,192,0,,202925,226691,tirupattur,GEN,TIRUPATHUR,,25,89.52,0.09,yes,10,0.0,2.71,,,0,TRUE,1,,0,,,,0,FALSE,FALSE,FALSE,,,,,,State Assembly Election (AE)
Tamil_Nadu,13,50,2026,5,4,0,18,SANKAR. S,,Independent,182,0,,202925,226691,tirupattur,GEN,TIRUPATHUR,,25,89.52,0.09,yes,43,0.02,2.71,,,0,TRUE,1,,0,,,,0,FALSE,FALSE,FALSE,,,,,,State Assembly Election (AE)
Tamil_Nadu,13,50,2026,5,4,0,19,DR.POOVALAGI. P,,Independent,139,0,,202925,226691,tirupattur,GEN,TIRUPATHUR,,25,89.52,0.07,yes,3,0.0,2.71,,,0,TRUE,1,,0,,,,0,FALSE,FALSE,FALSE,,,,,,State Assembly Election (AE)
Tamil_Nadu,13,50,2026,5,4,0,20,SATHIYAMOORTHY. S,,Makkal Nala Kazhagam,136,0,,202925,226691,tirupattur,GEN,TIRUPATHUR,,25,89.52,0.07,yes,8,0.0,2.71,,,0,TRUE,1,,0,,,,0,FALSE,FALSE,FALSE,,,,,,State Assembly Election (AE)
Tamil_Nadu,13,50,2026,5,4,0,21,BALABHARATHI. S.V,,Independent,128,0,,202925,226691,tirupattur,GEN,TIRUPATHUR,,25,89.52,0.06,yes,1,0.0,2.71,,,0,TRUE,1,,0,,,,0,FALSE,FALSE,FALSE,,,,,,State Assembly Election (AE)
Tamil_Nadu,13,50,2026,5,4,0,22,GNANASEKARAN. M,,Independent,127,0,,202925,226691,tirupattur,GEN,TIRUPATHUR,,25,89.52,0.06,yes,8,0.0,2.71,,,0,TRUE,1,,0,,,,0,FALSE,FALSE,FALSE,,,,,,State Assembly Election (AE)
Tamil_Nadu,13,50,2026,5,4,0,23,MOHAN RAJ. R,,Independent,119,0,,202925,226691,tirupattur,GEN,TIRUPATHUR,,25,89.52,0.06,yes,4,0.0,2.71,,,0,TRUE,1,,0,,,,0,FALSE,FALSE,FALSE,,,,,,State Assembly Election (AE)
Tamil_Nadu,13,50,2026,5,4,0,24,ANJALI. M,,Independent,115,0,,202925,226691,tirupattur,GEN,TIRUPATHUR,,25,89.52,0.06,yes,60,0.03,2.71,,,0,TRUE,1,,0,,,,0,FALSE,FALSE,FALSE,,,,,,State Assembly Election (AE)
Tamil_Nadu,13,50,2026,5,4,0,25,GOVIND. T.G,,Independent,55,0,,202925,226691,tirupattur,GEN,TIRUPATHUR,,25,89.52,0.03,yes,55,0.03,2.71,,,0,TRUE,1,,0,,,,0,FALSE,FALSE,FALSE,,,,,,State Assembly Election (AE)
Tamil_Nadu,13,51,2026,5,4,0,1,N ELAIYARAJA,,Tamilaga Vettri Kazhagam,70201,0,,205530,235451,UTHANGARAI,SC,KRISHNAGIRI,,14,87.29,34.16,no,5198,2.53,3.27,,,0,TRUE,1,,0,,,,0,FALSE,FALSE,FALSE,,,,,,State Assembly Election (AE)
Tamil_Nadu,13,51,2026,5,4,0,2,T M  TAMILSELVAM,,All India Anna Dravida Munnetra Kazhagam,65003,0,,205530,235451,UTHANGARAI,SC,KRISHNAGIRI,,14,87.29,31.63,no,4010,1.95,3.27,,,0,TRUE,1,,0,,,,0,FALSE,FALSE,FALSE,,,,,,State Assembly Election (AE)
Tamil_Nadu,13,51,2026,5,4,0,3,R KUPPUSAMY,,Indian National Congress,60993,0,,205530,235451,UTHANGARAI,SC,KRISHNAGIRI,,14,87.29,29.68,no,54364,26.45,3.27,,,0,TRUE,1,,0,,,,0,FALSE,FALSE,FALSE,,,,,,State Assembly Election (AE)
Tamil_Nadu,13,51,2026,5,4,0,4,MEKALA,,Naam Tamilar Katchi,6629,0,,205530,235451,UTHANGARAI,SC,KRISHNAGIRI,,14,87.29,3.23,yes,5748,2.8,3.27,,,0,TRUE,1,,0,,,,0,FALSE,FALSE,FALSE,,,,,,State Assembly Election (AE)
Tamil_Nadu,13,51,2026,5,4,0,5,None Of The Above,,None of the Above,881,0,,205530,235451,UTHANGARAI,SC,KRISHNAGIRI,,14,87.29,0.43,yes,590,0.29,3.27,,,0,TRUE,1,,0,,,,0,FALSE,FALSE,FALSE,,,,,,State Assembly Election (AE)
Tamil_Nadu,13,51,2026,5,4,0,6,K THAVARAJ,,Tamizhaga Vaazhvurimai Katchi,291,0,,205530,235451,UTHANGARAI,SC,KRISHNAGIRI,,14,87.29,0.14,yes,34,0.02,3.27,,,0,TRUE,1,,0,,,,0,FALSE,FALSE,FALSE,,,,,,State Assembly Election (AE)
Tamil_Nadu,13,51,2026,5,4,0,7,MUNIRAJ,,Independent,257,0,,205530,235451,UTHANGARAI,SC,KRISHNAGIRI,,14,87.29,0.13,yes,10,0.0,3.27,,,0,TRUE,1,,0,,,,0,FALSE,FALSE,FALSE,,,,,,State Assembly Election (AE)
Tamil_Nadu,13,51,2026,5,4,0,8,KUMARAVEL,,Independent,247,0,,205530,235451,UTHANGARAI,SC,KRISHNAGIRI,,14,87.29,0.12,yes,6,0.0,3.27,,,0,TRUE,1,,0,,,,0,FALSE,FALSE,FALSE,,,,,,State Assembly Election (AE)
Tamil_Nadu,13,51,2026,5,4,0,9,TAMILMANI,,Independent,241,0,,205530,235451,UTHANGARAI,SC,KRISHNAGIRI,,14,87.29,0.12,yes,35,0.02,3.27,,,0,TRUE,1,,0,,,,0,FALSE,FALSE,FALSE,,,,,,State Assembly Election (AE)
Tamil_Nadu,13,51,2026,5,4,0,10,VIJIYAL,,Aanaithinthiya Jananayaka Pathukappu Kazhagam,206,0,,205530,235451,UTHANGARAI,SC,KRISHNAGIRI,,14,87.29,0.1,yes,30,0.01,3.27,,,0,TRUE,1,,0,,,,0,FALSE,FALSE,FALSE,,,,,,State Assembly Election (AE)
Tamil_Nadu,13,51,2026,5,4,0,11,BAKKIYARAJ R,,Independent,176,0,,205530,235451,UTHANGARAI,SC,KRISHNAGIRI,,14,87.29,0.09,yes,21,0.01,3.27,,,0,TRUE,1,,0,,,,0,FALSE,FALSE,FALSE,,,,,,State Assembly Election (AE)
Tamil_Nadu,13,51,2026,5,4,0,12,A SAMRAJ,,Independent,155,0,,205530,235451,UTHANGARAI,SC,KRISHNAGIRI,,14,87.29,0.08,yes,20,0.01,3.27,,,0,TRUE,1,,0,,,,0,FALSE,FALSE,FALSE,,,,,,State Assembly Election (AE)
Tamil_Nadu,13,51,2026,5,4,0,13,PALANI R,,Thakkam Katchi,135,0,,205530,235451,UTHANGARAI,SC,KRISHNAGIRI,,14,87.29,0.07,yes,20,0.01,3.27,,,0,TRUE,1,,0,,,,0,FALSE,FALSE,FALSE,,,,,,State Assembly Election (AE)
Tamil_Nadu,13,51,2026,5,4,0,14,RAMESHWARI,,Bharat Jan Chikitsa Party,115,0,,205530,235451,UTHANGARAI,SC,KRISHNAGIRI,,14,87.29,0.06,yes,115,0.06,3.27,,,0,TRUE,1,,0,,,,0,FALSE,FALSE,FALSE,,,,,,State Assembly Election (AE)
Tamil_Nadu,13,52,2026,5,4,0,1,E.C. GOVINDARASAN,,All India Anna Dravida Munnetra Kazhagam,71240,0,,213960,239318,BARGUR,GEN,KRISHNAGIRI,,16,89.4,33.3,no,4241,1.98,3.31,,,0,TRUE,1,,0,,,,0,FALSE,FALSE,FALSE,,,,,,State Assembly Election (AE)
Tamil_Nadu,13,52,2026,5,4,0,2,E. MURALIDHARAN,,Tamilaga Vettri Kazhagam,66999,0,,213960,239318,BARGUR,GEN,KRISHNAGIRI,,16,89.4,31.31,no,1771,0.83,3.31,,,0,TRUE,1,,0,,,,0,FALSE,FALSE,FALSE,,,,,,State Assembly Election (AE)
Tamil_Nadu,13,52,2026,5,4,0,3,D. MATHIAZHAGAN,,Dravida Munnetra Kazhagam,65228,0,,213960,239318,BARGUR,GEN,KRISHNAGIRI,,16,89.4,30.49,no,59766,27.93,3.31,,,0,TRUE,1,,0,,,,0,FALSE,FALSE,FALSE,,,,,,State Assembly Election (AE)
Tamil_Nadu,13,52,2026,5,4,0,4,KAVINKUMAR. S,,Naam Tamilar Katchi,5462,0,,213960,239318,BARGUR,GEN,KRISHNAGIRI,,16,89.4,2.55,yes,4754,2.22,3.31,,,0,TRUE,1,,0,,,,0,FALSE,FALSE,FALSE,,,,,,State Assembly Election (AE)
Tamil_Nadu,13,52,2026,5,4,0,5,D. SIVASANKARAN,,Bahujan Samaj Party,708,0,,213960,239318,BARGUR,GEN,KRISHNAGIRI,,16,89.4,0.33,yes,10,0.0,3.31,,,0,TRUE,1,,0,,,,0,FALSE,FALSE,FALSE,,,,,,State Assembly Election (AE)
Tamil_Nadu,13,52,2026,5,4,0,6,A. SUDHAKAR,,Republican Party of India (Athawale),698,0,,213960,239318,BARGUR,GEN,KRISHNAGIRI,,16,89.4,0.33,yes,67,0.03,3.31,,,0,TRUE,1,,0,,,,0,FALSE,FALSE,FALSE,,,,,,State Assembly Election (AE)
Tamil_Nadu,13,52,2026,5,4,0,7,None Of The Above,,None of the Above,631,0,,213960,239318,BARGUR,GEN,KRISHNAGIRI,,16,89.4,0.29,yes,24,0.01,3.31,,,0,TRUE,1,,0,,,,0,FALSE,FALSE,FALSE,,,,,,State Assembly Election (AE)
Tamil_Nadu,13,52,2026,5,4,0,8,S. ALBERT FRANCIS XAVIER,,Tamizhaga Vaazhvurimai Katchi,607,0,,213960,239318,BARGUR,GEN,KRISHNAGIRI,,16,89.4,0.28,yes,83,0.04,3.31,,,0,TRUE,1,,0,,,,0,FALSE,FALSE,FALSE,,,,,,State Assembly Election (AE)
Tamil_Nadu,13,52,2026,5,4,0,9,MANI. K,,All India Youth Development Party,524,0,,213960,239318,BARGUR,GEN,KRISHNAGIRI,,16,89.4,0.24,yes,47,0.02,3.31,,,0,TRUE,1,,0,,,,0,FALSE,FALSE,FALSE,,,,,,State Assembly Election (AE)
Tamil_Nadu,13,52,2026,5,4,0,10,MATHESH. R,,Independent,477,0,,213960,239318,BARGUR,GEN,KRISHNAGIRI,,16,89.4,0.22,yes,132,0.06,3.31,,,0,TRUE,1,,0,,,,0,FALSE,FALSE,FALSE,,,,,,State Assembly Election (AE)
Tamil_Nadu,13,52,2026,5,4,0,11,E.C. GOVINDARAJE,,Independent,345,0,,213960,239318,BARGUR,GEN,KRISHNAGIRI,,16,89.4,0.16,yes,71,0.03,3.31,,,0,TRUE,1,,0,,,,0,FALSE,FALSE,FALSE,,,,,,State Assembly Election (AE)
Tamil_Nadu,13,52,2026,5,4,0,12,M. NEDUNCHEZLIAN,,Periyar Ambedkar Munnetra Kazhagam (PAMK),274,0,,213960,239318,BARGUR,GEN,KRISHNAGIRI,,16,89.4,0.13,yes,19,0.01,3.31,,,0,TRUE,1,,0,,,,0,FALSE,FALSE,FALSE,,,,,,State Assembly Election (AE)
Tamil_Nadu,13,52,2026,5,4,0,13,S. SASIKUMAR,,Independent,255,0,,213960,239318,BARGUR,GEN,KRISHNAGIRI,,16,89.4,0.12,yes,45,0.02,3.31,,,0,TRUE,1,,0,,,,0,FALSE,FALSE,FALSE,,,,,,State Assembly Election (AE)
Tamil_Nadu,13,52,2026,5,4,0,14,D. GOVINDARAJAN,,Independent,210,0,,213960,239318,BARGUR,GEN,KRISHNAGIRI,,16,89.4,0.1,yes,51,0.02,3.31,,,0,TRUE,1,,0,,,,0,FALSE,FALSE,FALSE,,,,,,State Assembly Election (AE)
Tamil_Nadu,13,52,2026,5,4,0,15,K. ANNADURAI,,Independent,159,0,,213960,239318,BARGUR,GEN,KRISHNAGIRI,,16,89.4,0.07,yes,16,0.01,3.31,,,0,TRUE,1,,0,,,,0,FALSE,FALSE,FALSE,,,,,,State Assembly Election (AE)
Tamil_Nadu,13,52,2026,5,4,0,16,ANITHA MAYAPERUMAL,,Independent,143,0,,213960,239318,BARGUR,GEN,KRISHNAGIRI,,16,89.4,0.07,yes,143,0.07,3.31,,,0,TRUE,1,,0,,,,0,FALSE,FALSE,FALSE,,,,,,State Assembly Election (AE)
Tamil_Nadu,13,53,2026,5,4,0,1,MUKUNDHAN.P,,Tamilaga Vettri Kazhagam,89374,0,,230181,267366,KRISHNAGIRI,GEN,KRISHNAGIRI,,16,86.09,38.83,no,18844,8.19,3.2,,,0,TRUE,1,,0,,,,0,FALSE,FALSE,FALSE,,,,,,State Assembly Election (AE)
Tamil_Nadu,13,53,2026,5,4,0,2,ASHOKKUMAR.K,,All India Anna Dravida Munnetra Kazhagam,70530,0,,230181,267366,KRISHNAGIRI,GEN,KRISHNAGIRI,,16,86.09,30.64,no,10933,4.75,3.2,,,0,TRUE,1,,0,,,,0,FALSE,FALSE,FALSE,,,,,,State Assembly Election (AE)
Tamil_Nadu,13,53,2026,5,4,0,3,CHELLAKUMAR.A,,Indian National Congress,59597,0,,230181,267366,KRISHNAGIRI,GEN,KRISHNAGIRI,,16,86.09,25.89,no,53199,23.11,3.2,,,0,TRUE,1,,0,,,,0,FALSE,FALSE,FALSE,,,,,,State Assembly Election (AE)
Tamil_Nadu,13,53,2026,5,4,0,4,SUGANTHI,,Naam Tamilar Katchi,6398,0,,230181,267366,KRISHNAGIRI,GEN,KRISHNAGIRI,,16,86.09,2.78,yes,5262,2.29,3.2,,,0,TRUE,1,,0,,,,0,FALSE,FALSE,FALSE,,,,,,State Assembly Election (AE)
Tamil_Nadu,13,53,2026,5,4,0,5,None Of The Above,,None of the Above,1136,0,,230181,267366,KRISHNAGIRI,GEN,KRISHNAGIRI,,16,86.09,0.49,yes,528,0.23,3.2,,,0,TRUE,1,,0,,,,0,FALSE,FALSE,FALSE,,,,,,State Assembly Election (AE)
Tamil_Nadu,13,53,2026,5,4,0,6,SIVAKUMAR.S,,Bahujan Samaj Party,608,0,,230181,267366,KRISHNAGIRI,GEN,KRISHNAGIRI,,16,86.09,0.26,yes,73,0.03,3.2,,,0,TRUE,1,,0,,,,0,FALSE,FALSE,FALSE,,,,,,State Assembly Election (AE)
Tamil_Nadu,13,53,2026,5,4,0,7,SINGARAVELAN VISWANATHAN,,Vishwa Tamil Kazhagam,535,0,,230181,267366,KRISHNAGIRI,GEN,KRISHNAGIRI,,16,86.09,0.23,yes,169,0.07,3.2,,,0,TRUE,1,,0,,,,0,FALSE,FALSE,FALSE,,,,,,State Assembly Election (AE)
Tamil_Nadu,13,53,2026,5,4,0,8,MUTHULAKSHMI VEERAPPAN,,Tamizhaga Vaazhvurimai Katchi,366,0,,230181,267366,KRISHNAGIRI,GEN,KRISHNAGIRI,,16,86.09,0.16,yes,30,0.01,3.2,,,0,TRUE,1,,0,,,,0,FALSE,FALSE,FALSE,,,,,,State Assembly Election (AE)
Tamil_Nadu,13,53,2026,5,4,0,9,MANGAMMAL,,Tamilar Makkal Katchi,336,0,,230181,267366,KRISHNAGIRI,GEN,KRISHNAGIRI,,16,86.09,0.15,yes,51,0.02,3.2,,,0,TRUE,1,,0,,,,0,FALSE,FALSE,FALSE,,,,,,State Assembly Election (AE)
Tamil_Nadu,13,53,2026,5,4,0,10,SIVAN.C,,Independent,285,0,,230181,267366,KRISHNAGIRI,GEN,KRISHNAGIRI,,16,86.09,0.12,yes,54,0.02,3.2,,,0,TRUE,1,,0,,,,0,FALSE,FALSE,FALSE,,,,,,State Assembly Election (AE)
Tamil_Nadu,13,53,2026,5,4,0,11,SRINIVASAN.K,,Independent,231,0,,230181,267366,KRISHNAGIRI,GEN,KRISHNAGIRI,,16,86.09,0.1,yes,63,0.03,3.2,,,0,TRUE,1,,0,,,,0,FALSE,FALSE,FALSE,,,,,,State Assembly Election (AE)
Tamil_Nadu,13,53,2026,5,4,0,12,VENKATESHRAJA.E,,Independent,168,0,,230181,267366,KRISHNAGIRI,GEN,KRISHNAGIRI,,16,86.09,0.07,yes,9,0.0,3.2,,,0,TRUE,1,,0,,,,0,FALSE,FALSE,FALSE,,,,,,State Assembly Election (AE)
Tamil_Nadu,13,53,2026,5,4,0,13,ADVOCATE.MUTHAIAH.S.,,Thakkam Katchi,159,0,,230181,267366,KRISHNAGIRI,GEN,KRISHNAGIRI,,16,86.09,0.07,yes,5,0.0,3.2,,,0,TRUE,1,,0,,,,0,FALSE,FALSE,FALSE,,,,,,State Assembly Election (AE)
Tamil_Nadu,13,53,2026,5,4,0,14,KUMARESAN.M,,Independent,154,0,,230181,267366,KRISHNAGIRI,GEN,KRISHNAGIRI,,16,86.09,0.07,yes,0,0.0,3.2,,,0,TRUE,1,,0,,,,0,FALSE,FALSE,FALSE,,,,,,State Assembly Election (AE)
Tamil_Nadu,13,53,2026,5,4,0,15,CHANDRAMOHAN.K.M.,,Independent,154,0,,230181,267366,KRISHNAGIRI,GEN,KRISHNAGIRI,,16,86.09,0.07,yes,4,0.0,3.2,,,0,TRUE,1,,0,,,,0,FALSE,FALSE,FALSE,,,,,,State Assembly Election (AE)
Tamil_Nadu,13,53,2026,5,4,0,16,NANJUNDAN.M,,Independent,150,0,,230181,267366,KRISHNAGIRI,GEN,KRISHNAGIRI,,16,86.09,0.07,yes,150,0.07,3.2,,,0,TRUE,1,,0,,,,0,FALSE,FALSE,FALSE,,,,,,State Assembly Election (AE)
Tamil_Nadu,13,54,2026,5,4,0,1,SRINIVASAN.P.S,,Dravida Munnetra Kazhagam,74691,0,,222608,246093,VEPPANAHALLI,GEN,KRISHNAGIRI,,14,90.46,33.55,no,138,0.06,3.25,,,0,TRUE,1,,0,,,,0,FALSE,FALSE,FALSE,,,,,,State Assembly Election (AE)
Tamil_Nadu,13,54,2026,5,4,0,2,MUNUSAMY.K.P,,All India Anna Dravida Munnetra Kazhagam,74553,0,,222608,246093,VEPPANAHALLI,GEN,KRISHNAGIRI,,14,90.46,33.49,no,10646,4.78,3.25,,,0,TRUE,1,,0,,,,0,FALSE,FALSE,FALSE,,,,,,State Assembly Election (AE)
Tamil_Nadu,13,54,2026,5,4,0,3,SAMPANGI.S.R,,Tamilaga Vettri Kazhagam,63907,0,,222608,246093,VEPPANAHALLI,GEN,KRISHNAGIRI,,14,90.46,28.71,no,59388,26.68,3.25,,,0,TRUE,1,,0,,,,0,FALSE,FALSE,FALSE,,,,,,State Assembly Election (AE)
Tamil_Nadu,13,54,2026,5,4,0,4,NAGARAJ.R,,Naam Tamilar Katchi,4519,0,,222608,246093,VEPPANAHALLI,GEN,KRISHNAGIRI,,14,90.46,2.03,yes,2949,1.32,3.25,,,0,TRUE,1,,0,,,,0,FALSE,FALSE,FALSE,,,,,,State Assembly Election (AE)
Tamil_Nadu,13,54,2026,5,4,0,5,None Of The Above,,None of the Above,1570,0,,222608,246093,VEPPANAHALLI,GEN,KRISHNAGIRI,,14,90.46,0.71,yes,699,0.31,3.25,,,0,TRUE,1,,0,,,,0,FALSE,FALSE,FALSE,,,,,,State Assembly Election (AE)
Tamil_Nadu,13,54,2026,5,4,0,6,IYAPPAN.L,,Tamizhaga Vaazhvurimai Katchi,871,0,,222608,246093,VEPPANAHALLI,GEN,KRISHNAGIRI,,14,90.46,0.39,yes,179,0.08,3.25,,,0,TRUE,1,,0,,,,0,FALSE,FALSE,FALSE,,,,,,State Assembly Election (AE)
Tamil_Nadu,13,54,2026,5,4,0,7,VENKATESAN.C,,Independent,692,0,,222608,246093,VEPPANAHALLI,GEN,KRISHNAGIRI,,14,90.46,0.31,yes,205,0.09,3.25,,,0,TRUE,1,,0,,,,0,FALSE,FALSE,FALSE,,,,,,State Assembly Election (AE)
Tamil_Nadu,13,54,2026,5,4,0,8,RAMASAMY.G.C,,Independent,487,0,,222608,246093,VEPPANAHALLI,GEN,KRISHNAGIRI,,14,90.46,0.22,yes,142,0.06,3.25,,,0,TRUE,1,,0,,,,0,FALSE,FALSE,FALSE,,,,,,State Assembly Election (AE)
Tamil_Nadu,13,54,2026,5,4,0,9,MANOHARAN.K.A,,Independent,345,0,,222608,246093,VEPPANAHALLI,GEN,KRISHNAGIRI,,14,90.46,0.15,yes,80,0.04,3.25,,,0,TRUE,1,,0,,,,0,FALSE,FALSE,FALSE,,,,,,State Assembly Election (AE)
Tamil_Nadu,13,54,2026,5,4,0,10,YUVARAJ.K.P.U,,Independent,265,0,,222608,246093,VEPPANAHALLI,GEN,KRISHNAGIRI,,14,90.46,0.12,yes,50,0.02,3.25,,,0,TRUE,1,,0,,,,0,FALSE,FALSE,FALSE,,,,,,State Assembly Election (AE)
Tamil_Nadu,13,54,2026,5,4,0,11,SENTHILKUMAR.R,,Tamil Nadu Ilangyar Katchi,215,0,,222608,246093,VEPPANAHALLI,GEN,KRISHNAGIRI,,14,90.46,0.1,yes,30,0.01,3.25,,,0,TRUE,1,,0,,,,0,FALSE,FALSE,FALSE,,,,,,State Assembly Election (AE)
Tamil_Nadu,13,54,2026,5,4,0,12,GOVINDARAJ.G.J,,Independent,185,0,,222608,246093,VEPPANAHALLI,GEN,KRISHNAGIRI,,14,90.46,0.08,yes,29,0.01,3.25,,,0,TRUE,1,,0,,,,0,FALSE,FALSE,FALSE,,,,,,State Assembly Election (AE)
Tamil_Nadu,13,54,2026,5,4,0,13,PRAJAPATHI VIJAY.C,,Tamilar Makkal Katchi,156,0,,222608,246093,VEPPANAHALLI,GEN,KRISHNAGIRI,,14,90.46,0.07,yes,4,0.0,3.25,,,0,TRUE,1,,0,,,,0,FALSE,FALSE,FALSE,,,,,,State Assembly Election (AE)
Tamil_Nadu,13,54,2026,5,4,0,14,ESHWARAN.C,,Independent,152,0,,222608,246093,VEPPANAHALLI,GEN,KRISHNAGIRI,,14,90.46,0.07,yes,152,0.07,3.25,,,0,TRUE,1,,0,,,,0,FALSE,FALSE,FALSE,,,,,,State Assembly Election (AE)
Tamil_Nadu,13,55,2026,5,4,0,1,BALAKRISHNAREDDY. P,,All India Anna Dravida Munnetra Kazhagam,109867,0,,277770,342989,HOSUR,GEN,KRISHNAGIRI,,14,80.99,39.55,no,27803,10.01,3.17,,,0,TRUE,1,,0,,,,0,FALSE,FALSE,FALSE,,,,,,State Assembly Election (AE)
Tamil_Nadu,13,55,2026,5,4,0,2,VENDARKARASAN.S,,Tamilaga Vettri Kazhagam,82064,0,,277770,342989,HOSUR,GEN,KRISHNAGIRI,,14,80.99,29.54,no,8291,2.98,3.17,,,0,TRUE,1,,0,,,,0,FALSE,FALSE,FALSE,,,,,,State Assembly Election (AE)
Tamil_Nadu,13,55,2026,5,4,0,3,SATHYA.S.A.,,Dravida Munnetra Kazhagam,73773,0,,277770,342989,HOSUR,GEN,KRISHNAGIRI,,14,80.99,26.56,no,66141,23.81,3.17,,,0,TRUE,1,,0,,,,0,FALSE,FALSE,FALSE,,,,,,State Assembly Election (AE)
Tamil_Nadu,13,55,2026,5,4,0,4,STALIN.R,,Naam Tamilar Katchi,7632,0,,277770,342989,HOSUR,GEN,KRISHNAGIRI,,14,80.99,2.75,yes,6018,2.17,3.17,,,0,TRUE,1,,0,,,,0,FALSE,FALSE,FALSE,,,,,,State Assembly Election (AE)
Tamil_Nadu,13,55,2026,5,4,0,5,None Of The Above,,None of the Above,1614,0,,277770,342989,HOSUR,GEN,KRISHNAGIRI,,14,80.99,0.58,yes,439,0.16,3.17,,,0,TRUE,1,,0,,,,0,FALSE,FALSE,FALSE,,,,,,State Assembly Election (AE)
Tamil_Nadu,13,55,2026,5,4,0,6,SURYA. Y,,Republican Party of India (Athawale),1175,0,,277770,342989,HOSUR,GEN,KRISHNAGIRI,,14,80.99,0.42,yes,883,0.32,3.17,,,0,TRUE,1,,0,,,,0,FALSE,FALSE,FALSE,,,,,,State Assembly Election (AE)
Tamil_Nadu,13,55,2026,5,4,0,7,MASOOD.S,,Independent,292,0,,277770,342989,HOSUR,GEN,KRISHNAGIRI,,14,80.99,0.11,yes,21,0.01,3.17,,,0,TRUE,1,,0,,,,0,FALSE,FALSE,FALSE,,,,,,State Assembly Election (AE)
Tamil_Nadu,13,55,2026,5,4,0,8,RAJENDRAN.P,,Independent,271,0,,277770,342989,HOSUR,GEN,KRISHNAGIRI,,14,80.99,0.1,yes,31,0.01,3.17,,,0,TRUE,1,,0,,,,0,FALSE,FALSE,FALSE,,,,,,State Assembly Election (AE)
Tamil_Nadu,13,55,2026,5,4,0,9,PONNUMANI.R,,Tamilar Makkal Katchi,240,0,,277770,342989,HOSUR,GEN,KRISHNAGIRI,,14,80.99,0.09,yes,2,0.0,3.17,,,0,TRUE,1,,0,,,,0,FALSE,FALSE,FALSE,,,,,,State Assembly Election (AE)
Tamil_Nadu,13,55,2026,5,4,0,10,MARIYA FRANCIS.S,,Independent,238,0,,277770,342989,HOSUR,GEN,KRISHNAGIRI,,14,80.99,0.09,yes,48,0.02,3.17,,,0,TRUE,1,,0,,,,0,FALSE,FALSE,FALSE,,,,,,State Assembly Election (AE)
Tamil_Nadu,13,55,2026,5,4,0,11,GANESH.M,,Independent,190,0,,277770,342989,HOSUR,GEN,KRISHNAGIRI,,14,80.99,0.07,yes,14,0.01,3.17,,,0,TRUE,1,,0,,,,0,FALSE,FALSE,FALSE,,,,,,State Assembly Election (AE)
Tamil_Nadu,13,55,2026,5,4,0,12,PATTABIRAMA. C,,Independent,176,0,,277770,342989,HOSUR,GEN,KRISHNAGIRI,,14,80.99,0.06,yes,41,0.01,3.17,,,0,TRUE,1,,0,,,,0,FALSE,FALSE,FALSE,,,,,,State Assembly Election (AE)
Tamil_Nadu,13,55,2026,5,4,0,13,DEVAPPA.Y,,Independent,135,0,,277770,342989,HOSUR,GEN,KRISHNAGIRI,,14,80.99,0.05,yes,32,0.01,3.17,,,0,TRUE,1,,0,,,,0,FALSE,FALSE,FALSE,,,,,,State Assembly Election (AE)
Tamil_Nadu,13,55,2026,5,4,0,14,DR.SHANMUGAM.A.R.,,Independent,103,0,,277770,342989,HOSUR,GEN,KRISHNAGIRI,,14,80.99,0.04,yes,103,0.04,3.17,,,0,TRUE,1,,0,,,,0,FALSE,FALSE,FALSE,,,,,,State Assembly Election (AE)
Tamil_Nadu,13,56,2026,5,4,0,1,RAMACHANDRAN. T,,Communist Party of India,78283,0,,205878,237924,THALLI,GEN,KRISHNAGIRI,,11,86.53,38.02,no,5240,2.55,3.13,,,0,TRUE,1,,0,,,,0,FALSE,FALSE,FALSE,,,,,,State Assembly Election (AE)
Tamil_Nadu,13,56,2026,5,4,0,2,DR.NAGESH KUMAR. C,,Bharatiya Janata Party,73043,0,,205878,237924,THALLI,GEN,KRISHNAGIRI,,11,86.53,35.48,no,27798,13.5,3.13,,,0,TRUE,1,,0,,,,0,FALSE,FALSE,FALSE,,,,,,State Assembly Election (AE)
Tamil_Nadu,13,56,2026,5,4,0,3,SURESH. G,,Tamilaga Vettri Kazhagam,45245,0,,205878,237924,THALLI,GEN,KRISHNAGIRI,,11,86.53,21.98,no,41138,19.98,3.13,,,0,TRUE,1,,0,,,,0,FALSE,FALSE,FALSE,,,,,,State Assembly Election (AE)
Tamil_Nadu,13,56,2026,5,4,0,4,NARASIMMA REDDY ALIAS NARASIMMAN. R,,Naam Tamilar Katchi,4107,0,,205878,237924,THALLI,GEN,KRISHNAGIRI,,11,86.53,1.99,yes,2557,1.24,3.13,,,0,TRUE,1,,0,,,,0,FALSE,FALSE,FALSE,,,,,,State Assembly Election (AE)
Tamil_Nadu,13,56,2026,5,4,0,5,None Of The Above,,None of the Above,1550,0,,205878,237924,THALLI,GEN,KRISHNAGIRI,,11,86.53,0.75,yes,533,0.26,3.13,,,0,TRUE,1,,0,,,,0,FALSE,FALSE,FALSE,,,,,,State Assembly Election (AE)
Tamil_Nadu,13,56,2026,5,4,0,6,AJITH. G,,Tamizhaga Vaazhvurimai Katchi,1017,0,,205878,237924,THALLI,GEN,KRISHNAGIRI,,11,86.53,0.49,yes,316,0.15,3.13,,,0,TRUE,1,,0,,,,0,FALSE,FALSE,FALSE,,,,,,State Assembly Election (AE)
Tamil_Nadu,13,56,2026,5,4,0,7,ASANRAJA. K,,Independent,701,0,,205878,237924,THALLI,GEN,KRISHNAGIRI,,11,86.53,0.34,yes,79,0.04,3.13,,,0,TRUE,1,,0,,,,0,FALSE,FALSE,FALSE,,,,,,State Assembly Election (AE)
Tamil_Nadu,13,56,2026,5,4,0,8,JAGAN. M,,Independent,622,0,,205878,237924,THALLI,GEN,KRISHNAGIRI,,11,86.53,0.3,yes,116,0.06,3.13,,,0,TRUE,1,,0,,,,0,FALSE,FALSE,FALSE,,,,,,State Assembly Election (AE)
Tamil_Nadu,13,56,2026,5,4,0,9,DEVAPPA. Y,,Independent,506,0,,205878,237924,THALLI,GEN,KRISHNAGIRI,,11,86.53,0.25,yes,82,0.04,3.13,,,0,TRUE,1,,0,,,,0,FALSE,FALSE,FALSE,,,,,,State Assembly Election (AE)
Tamil_Nadu,13,56,2026,5,4,0,10,JAYARAM. N,,Anna Makkal Katchi,424,0,,205878,237924,THALLI,GEN,KRISHNAGIRI,,11,86.53,0.21,yes,44,0.02,3.13,,,0,TRUE,1,,0,,,,0,FALSE,FALSE,FALSE,,,,,,State Assembly Election (AE)
Tamil_Nadu,13,56,2026,5,4,0,11,KUMAR. D.J,,Independent,380,0,,205878,237924,THALLI,GEN,KRISHNAGIRI,,11,86.53,0.18,yes,380,0.18,3.13,,,0,TRUE,1,,0,,,,0,FALSE,FALSE,FALSE,,,,,,State Assembly Election (AE)
Tamil_Nadu,13,57,2026,5,4,0,1,ANBALAGAN. K.P.,,All India Anna Dravida Munnetra Kazhagam,102807,0,,225257,240322,PALACODU,GEN,DHARMAPURI,,15,93.73,45.64,no,39042,17.33,2.95,,,0,TRUE,1,,0,,,,0,FALSE,FALSE,FALSE,,,,,,State Assembly Election (AE)
Tamil_Nadu,13,57,2026,5,4,0,2,GOPI. R.,,Tamilaga Vettri Kazhagam,63765,0,,225257,240322,PALACODU,GEN,DHARMAPURI,,15,93.73,28.31,no,13722,6.09,2.95,,,0,TRUE,1,,0,,,,0,FALSE,FALSE,FALSE,,,,,,State Assembly Election (AE)
Tamil_Nadu,13,57,2026,5,4,0,3,DR. DNV SENTHILKUMAR. S.,,Dravida Munnetra Kazhagam,50043,0,,225257,240322,PALACODU,GEN,DHARMAPURI,,15,93.73,22.22,no,44445,19.73,2.95,,,0,TRUE,1,,0,,,,0,FALSE,FALSE,FALSE,,,,,,State Assembly Election (AE)
Tamil_Nadu,13,57,2026,5,4,0,4,BOOPATHI. R.,,Naam Tamilar Katchi,5598,0,,225257,240322,PALACODU,GEN,DHARMAPURI,,15,93.73,2.49,yes,4306,1.91,2.95,,,0,TRUE,1,,0,,,,0,FALSE,FALSE,FALSE,,,,,,State Assembly Election (AE)
Tamil_Nadu,13,57,2026,5,4,0,5,None Of The Above,,None of the Above,1292,0,,225257,240322,PALACODU,GEN,DHARMAPURI,,15,93.73,0.57,yes,934,0.41,2.95,,,0,TRUE,1,,0,,,,0,FALSE,FALSE,FALSE,,,,,,State Assembly Election (AE)
Tamil_Nadu,13,57,2026,5,4,0,6,RAMAN. M.,,Independent,358,0,,225257,240322,PALACODU,GEN,DHARMAPURI,,15,93.73,0.16,yes,75,0.03,2.95,,,0,TRUE,1,,0,,,,0,FALSE,FALSE,FALSE,,,,,,State Assembly Election (AE)
Tamil_Nadu,13,57,2026,5,4,0,7,MADHAPPAN. P.,,Independent,283,0,,225257,240322,PALACODU,GEN,DHARMAPURI,,15,93.73,0.13,yes,60,0.03,2.95,,,0,TRUE,1,,0,,,,0,FALSE,FALSE,FALSE,,,,,,State Assembly Election (AE)
Tamil_Nadu,13,57,2026,5,4,0,8,PERUMAL MUNUSAMY. M.,,Independent,223,0,,225257,240322,PALACODU,GEN,DHARMAPURI,,15,93.73,0.1,yes,44,0.02,2.95,,,0,TRUE,1,,0,,,,0,FALSE,FALSE,FALSE,,,,,,State Assembly Election (AE)
Tamil_Nadu,13,57,2026,5,4,0,9,RAMESH. P.,,Naadaalum Makkal Katchi,179,0,,225257,240322,PALACODU,GEN,DHARMAPURI,,15,93.73,0.08,yes,24,0.01,2.95,,,0,TRUE,1,,0,,,,0,FALSE,FALSE,FALSE,,,,,,State Assembly Election (AE)
Tamil_Nadu,13,57,2026,5,4,0,10,PALANIYAMMAL. M.,,Tamilar Makkal Katchi,155,0,,225257,240322,PALACODU,GEN,DHARMAPURI,,15,93.73,0.07,yes,10,0.0,2.95,,,0,TRUE,1,,0,,,,0,FALSE,FALSE,FALSE,,,,,,State Assembly Election (AE)
Tamil_Nadu,13,57,2026,5,4,0,11,SENTHILKUMAR. G.,,Independent,145,0,,225257,240322,PALACODU,GEN,DHARMAPURI,,15,93.73,0.06,yes,27,0.01,2.95,,,0,TRUE,1,,0,,,,0,FALSE,FALSE,FALSE,,,,,,State Assembly Election (AE)
Tamil_Nadu,13,57,2026,5,4,0,12,JAYARAMAN PERUMAL. P.,,Tamizhaga Vaazhvurimai Katchi,118,0,,225257,240322,PALACODU,GEN,DHARMAPURI,,15,93.73,0.05,yes,2,0.0,2.95,,,0,TRUE,1,,0,,,,0,FALSE,FALSE,FALSE,,,,,,State Assembly Election (AE)
Tamil_Nadu,13,57,2026,5,4,0,13,SENTHILKUMAR. K,,Independent,116,0,,225257,240322,PALACODU,GEN,DHARMAPURI,,15,93.73,0.05,yes,2,0.0,2.95,,,0,TRUE,1,,0,,,,0,FALSE,FALSE,FALSE,,,,,,State Assembly Election (AE)
Tamil_Nadu,13,57,2026,5,4,0,14,CHINNASAMY. N.,,Independent,114,0,,225257,240322,PALACODU,GEN,DHARMAPURI,,15,93.73,0.05,yes,53,0.02,2.95,,,0,TRUE,1,,0,,,,0,FALSE,FALSE,FALSE,,,,,,State Assembly Election (AE)
Tamil_Nadu,13,57,2026,5,4,0,15,KRISHNAN. L.,,Independent,61,0,,225257,240322,PALACODU,GEN,DHARMAPURI,,15,93.73,0.03,yes,61,0.03,2.95,,,0,TRUE,1,,0,,,,0,FALSE,FALSE,FALSE,,,,,,State Assembly Election (AE)
Tamil_Nadu,13,58,2026,5,4,0,1,GAJENDRAN. S.,,Tamilaga Vettri Kazhagam,81240,0,,228666,248614,PENNAGARAM,GEN,DHARMAPURI,,23,91.98,35.53,no,3165,1.38,3.34,,,0,TRUE,1,,0,,,,0,FALSE,FALSE,FALSE,,,,,,State Assembly Election (AE)
Tamil_Nadu,13,58,2026,5,4,0,2,SELVAM. V.,,Pattali Makkal Katchi,78075,0,,228666,248614,PENNAGARAM,GEN,DHARMAPURI,,23,91.98,34.14,no,24174,10.57,3.34,,,0,TRUE,1,,0,,,,0,FALSE,FALSE,FALSE,,,,,,State Assembly Election (AE)
Tamil_Nadu,13,58,2026,5,4,0,3,G. K. M. TAMILKUMARAN,,Indian National Congress,53901,0,,228666,248614,PENNAGARAM,GEN,DHARMAPURI,,23,91.98,23.57,no,46543,20.35,3.34,,,0,TRUE,1,,0,,,,0,FALSE,FALSE,FALSE,,,,,,State Assembly Election (AE)
Tamil_Nadu,13,58,2026,5,4,0,4,PALANIYAMMAL. T.,,Naam Tamilar Katchi,7358,0,,228666,248614,PENNAGARAM,GEN,DHARMAPURI,,23,91.98,3.22,yes,6684,2.92,3.34,,,0,TRUE,1,,0,,,,0,FALSE,FALSE,FALSE,,,,,,State Assembly Election (AE)
Tamil_Nadu,13,58,2026,5,4,0,5,None Of The Above,,None of the Above,674,0,,228666,248614,PENNAGARAM,GEN,DHARMAPURI,,23,91.98,0.29,yes,46,0.02,3.34,,,0,TRUE,1,,0,,,,0,FALSE,FALSE,FALSE,,,,,,State Assembly Election (AE)
Tamil_Nadu,13,58,2026,5,4,0,6,THAVAMANI. C.,,Tamizhaga Vaazhvurimai Katchi,628,0,,228666,248614,PENNAGARAM,GEN,DHARMAPURI,,23,91.98,0.27,yes,71,0.03,3.34,,,0,TRUE,1,,0,,,,0,FALSE,FALSE,FALSE,,,,,,State Assembly Election (AE)
Tamil_Nadu,13,58,2026,5,4,0,7,AJITH KUMAR. S.,,Bahujan Samaj Party,557,0,,228666,248614,PENNAGARAM,GEN,DHARMAPURI,,23,91.98,0.24,yes,11,0.0,3.34,,,0,TRUE,1,,0,,,,0,FALSE,FALSE,FALSE,,,,,,State Assembly Election (AE)
Tamil_Nadu,13,58,2026,5,4,0,8,KANNAN. K.,,Tamilar Makkal Katchi,546,0,,228666,248614,PENNAGARAM,GEN,DHARMAPURI,,23,91.98,0.24,yes,13,0.01,3.34,,,0,TRUE,1,,0,,,,0,FALSE,FALSE,FALSE,,,,,,State Assembly Election (AE)
Tamil_Nadu,13,58,2026,5,4,0,9,POOMANI. P.,,Independent,533,0,,228666,248614,PENNAGARAM,GEN,DHARMAPURI,,23,91.98,0.23,yes,32,0.01,3.34,,,0,TRUE,1,,0,,,,0,FALSE,FALSE,FALSE,,,,,,State Assembly Election (AE)
Tamil_Nadu,13,58,2026,5,4,0,10,ARUNKUMAR. G.,,Independent,501,0,,228666,248614,PENNAGARAM,GEN,DHARMAPURI,,23,91.98,0.22,yes,21,0.01,3.34,,,0,TRUE,1,,0,,,,0,FALSE,FALSE,FALSE,,,,,,State Assembly Election (AE)
Tamil_Nadu,13,58,2026,5,4,0,11,ANNAMALAI. M.,,Independent,480,0,,228666,248614,PENNAGARAM,GEN,DHARMAPURI,,23,91.98,0.21,yes,0,0.0,3.34,,,0,TRUE,1,,0,,,,0,FALSE,FALSE,FALSE,,,,,,State Assembly Election (AE)
Tamil_Nadu,13,58,2026,5,4,0,12,SAKTHIVEL. M.,,Independent,480,0,,228666,248614,PENNAGARAM,GEN,DHARMAPURI,,23,91.98,0.21,yes,17,0.01,3.34,,,0,TRUE,1,,0,,,,0,FALSE,FALSE,FALSE,,,,,,State Assembly Election (AE)
Tamil_Nadu,13,58,2026,5,4,0,13,GNANASELVAM. S.,,Independent,463,0,,228666,248614,PENNAGARAM,GEN,DHARMAPURI,,23,91.98,0.2,yes,34,0.01,3.34,,,0,TRUE,1,,0,,,,0,FALSE,FALSE,FALSE,,,,,,State Assembly Election (AE)
Tamil_Nadu,13,58,2026,5,4,0,14,THIRUMURUGAN. P.,,Naadaalum Makkal Katchi,429,0,,228666,248614,PENNAGARAM,GEN,DHARMAPURI,,23,91.98,0.19,yes,29,0.01,3.34,,,0,TRUE,1,,0,,,,0,FALSE,FALSE,FALSE,,,,,,State Assembly Election (AE)
Tamil_Nadu,13,58,2026,5,4,0,15,TAMILARASAN. M.,,Independent,400,0,,228666,248614,PENNAGARAM,GEN,DHARMAPURI,,23,91.98,0.17,yes,33,0.01,3.34,,,0,TRUE,1,,0,,,,0,FALSE,FALSE,FALSE,,,,,,State Assembly Election (AE)
Tamil_Nadu,13,58,2026,5,4,0,16,ELAVARSAN. A.,,Independent,367,0,,228666,248614,PENNAGARAM,GEN,DHARMAPURI,,23,91.98,0.16,yes,3,0.0,3.34,,,0,TRUE,1,,0,,,,0,FALSE,FALSE,FALSE,,,,,,State Assembly Election (AE)
Tamil_Nadu,13,58,2026,5,4,0,17,MANOHARAN. K. A.,,Independent,364,0,,228666,248614,PENNAGARAM,GEN,DHARMAPURI,,23,91.98,0.16,yes,8,0.0,3.34,,,0,TRUE,1,,0,,,,0,FALSE,FALSE,FALSE,,,,,,State Assembly Election (AE)
Tamil_Nadu,13,58,2026,5,4,0,18,VILKRISHNAN. R.,,Independent,356,0,,228666,248614,PENNAGARAM,GEN,DHARMAPURI,,23,91.98,0.16,yes,9,0.0,3.34,,,0,TRUE,1,,0,,,,0,FALSE,FALSE,FALSE,,,,,,State Assembly Election (AE)
Tamil_Nadu,13,58,2026,5,4,0,19,VEERAPPAN. M.,,Independent,347,0,,228666,248614,PENNAGARAM,GEN,DHARMAPURI,,23,91.98,0.15,yes,54,0.02,3.34,,,0,TRUE,1,,0,,,,0,FALSE,FALSE,FALSE,,,,,,State Assembly Election (AE)
Tamil_Nadu,13,58,2026,5,4,0,20,SENDRAYAN. G.,,Independent,293,0,,228666,248614,PENNAGARAM,GEN,DHARMAPURI,,23,91.98,0.13,yes,30,0.01,3.34,,,0,TRUE,1,,0,,,,0,FALSE,FALSE,FALSE,,,,,,State Assembly Election (AE)
Tamil_Nadu,13,58,2026,5,4,0,21,TAMILSELVI. S.,,Independent,263,0,,228666,248614,PENNAGARAM,GEN,DHARMAPURI,,23,91.98,0.12,yes,54,0.02,3.34,,,0,TRUE,1,,0,,,,0,FALSE,FALSE,FALSE,,,,,,State Assembly Election (AE)
Tamil_Nadu,13,58,2026,5,4,0,22,MANIVANNAN. S.,,Independent,209,0,,228666,248614,PENNAGARAM,GEN,DHARMAPURI,,23,91.98,0.09,yes,7,0.0,3.34,,,0,TRUE,1,,0,,,,0,FALSE,FALSE,FALSE,,,,,,State Assembly Election (AE)
Tamil_Nadu,13,58,2026,5,4,0,23,SELVAM. V.,,Independent,202,0,,228666,248614,PENNAGARAM,GEN,DHARMAPURI,,23,91.98,0.09,yes,202,0.09,3.34,,,0,TRUE,1,,0,,,,0,FALSE,FALSE,FALSE,,,,,,State Assembly Election (AE)
Tamil_Nadu,13,59,2026,5,4,0,1,SOWMIYA ANBUMANI,,Pattali Makkal Katchi,93713,0,,238579,260751,DHARMAPURI,GEN,DHARMAPURI,,20,91.5,39.28,no,20896,8.76,3.28,,,0,TRUE,1,,0,,,,0,FALSE,FALSE,FALSE,,,,,,State Assembly Election (AE)
Tamil_Nadu,13,59,2026,5,4,0,2,SIVAN. M.,,Tamilaga Vettri Kazhagam,72817,0,,238579,260751,DHARMAPURI,GEN,DHARMAPURI,,20,91.5,30.52,no,15912,6.67,3.28,,,0,TRUE,1,,0,,,,0,FALSE,FALSE,FALSE,,,,,,State Assembly Election (AE)
Tamil_Nadu,13,59,2026,5,4,0,3,DR. ELANGOVAN. V.,,Desiya Murpokku Dravida Kazhagam,56905,0,,238579,260751,DHARMAPURI,GEN,DHARMAPURI,,20,91.5,23.85,no,50147,21.02,3.28,,,0,TRUE,1,,0,,,,0,FALSE,FALSE,FALSE,,,,,,State Assembly Election (AE)
Tamil_Nadu,13,59,2026,5,4,0,4,SHANTHALAKSHMI. K.,,Naam Tamilar Katchi,6758,0,,238579,260751,DHARMAPURI,GEN,DHARMAPURI,,20,91.5,2.83,yes,5680,2.38,3.28,,,0,TRUE,1,,0,,,,0,FALSE,FALSE,FALSE,,,,,,State Assembly Election (AE)
Tamil_Nadu,13,59,2026,5,4,0,5,SARAVANAN. A.,,Aanaithinthiya Jananayaka Pathukappu Kazhagam,1078,0,,238579,260751,DHARMAPURI,GEN,DHARMAPURI,,20,91.5,0.45,yes,95,0.04,3.28,,,0,TRUE,1,,0,,,,0,FALSE,FALSE,FALSE,,,,,,State Assembly Election (AE)
Tamil_Nadu,13,59,2026,5,4,0,6,SARAVANAN. G.,,Independent,983,0,,238579,260751,DHARMAPURI,GEN,DHARMAPURI,,20,91.5,0.41,yes,42,0.02,3.28,,,0,TRUE,1,,0,,,,0,FALSE,FALSE,FALSE,,,,,,State Assembly Election (AE)
Tamil_Nadu,13,59,2026,5,4,0,7,None Of The Above,,None of the Above,941,0,,238579,260751,DHARMAPURI,GEN,DHARMAPURI,,20,91.5,0.39,yes,120,0.05,3.28,,,0,TRUE,1,,0,,,,0,FALSE,FALSE,FALSE,,,,,,State Assembly Election (AE)
Tamil_Nadu,13,59,2026,5,4,0,8,PRASANTH. DBJ.,,Tamizhaga Vaazhvurimai Katchi,821,0,,238579,260751,DHARMAPURI,GEN,DHARMAPURI,,20,91.5,0.34,yes,58,0.02,3.28,,,0,TRUE,1,,0,,,,0,FALSE,FALSE,FALSE,,,,,,State Assembly Election (AE)
Tamil_Nadu,13,59,2026,5,4,0,9,THIRUPATHI. M.,,Independent,763,0,,238579,260751,DHARMAPURI,GEN,DHARMAPURI,,20,91.5,0.32,yes,53,0.02,3.28,,,0,TRUE,1,,0,,,,0,FALSE,FALSE,FALSE,,,,,,State Assembly Election (AE)
Tamil_Nadu,13,59,2026,5,4,0,10,MANIKANDAN. S.,,Vishwa Tamil Kazhagam,710,0,,238579,260751,DHARMAPURI,GEN,DHARMAPURI,,20,91.5,0.3,yes,91,0.04,3.28,,,0,TRUE,1,,0,,,,0,FALSE,FALSE,FALSE,,,,,,State Assembly Election (AE)
Tamil_Nadu,13,59,2026,5,4,0,11,NAGARAJAN. D.,,Independent,619,0,,238579,260751,DHARMAPURI,GEN,DHARMAPURI,,20,91.5,0.26,yes,114,0.05,3.28,,,0,TRUE,1,,0,,,,0,FALSE,FALSE,FALSE,,,,,,State Assembly Election (AE)
Tamil_Nadu,13,59,2026,5,4,0,12,MADHU. P.,,Naadaalum Makkal Katchi,505,0,,238579,260751,DHARMAPURI,GEN,DHARMAPURI,,20,91.5,0.21,yes,123,0.05,3.28,,,0,TRUE,1,,0,,,,0,FALSE,FALSE,FALSE,,,,,,State Assembly Election (AE)
Tamil_Nadu,13,59,2026,5,4,0,13,SIVAGAMI. G.,,Tamilar Makkal Katchi,382,0,,238579,260751,DHARMAPURI,GEN,DHARMAPURI,,20,91.5,0.16,yes,10,0.0,3.28,,,0,TRUE,1,,0,,,,0,FALSE,FALSE,FALSE,,,,,,State Assembly Election (AE)
Tamil_Nadu,13,59,2026,5,4,0,14,SIVAN. A.,,Independent,372,0,,238579,260751,DHARMAPURI,GEN,DHARMAPURI,,20,91.5,0.16,yes,19,0.01,3.28,,,0,TRUE,1,,0,,,,0,FALSE,FALSE,FALSE,,,,,,State Assembly Election (AE)
Tamil_Nadu,13,59,2026,5,4,0,15,KUMAR. V.,,Independent,353,0,,238579,260751,DHARMAPURI,GEN,DHARMAPURI,,20,91.5,0.15,yes,138,0.06,3.28,,,0,TRUE,1,,0,,,,0,FALSE,FALSE,FALSE,,,,,,State Assembly Election (AE)
Tamil_Nadu,13,59,2026,5,4,0,16,ARUMUGAM. MUNI.,,Independent,215,0,,238579,260751,DHARMAPURI,GEN,DHARMAPURI,,20,91.5,0.09,yes,23,0.01,3.28,,,0,TRUE,1,,0,,,,0,FALSE,FALSE,FALSE,,,,,,State Assembly Election (AE)
Tamil_Nadu,13,59,2026,5,4,0,17,SUNDARAMOORTHY. M.,,Independent,192,0,,238579,260751,DHARMAPURI,GEN,DHARMAPURI,,20,91.5,0.08,yes,14,0.01,3.28,,,0,TRUE,1,,0,,,,0,FALSE,FALSE,FALSE,,,,,,State Assembly Election (AE)
Tamil_Nadu,13,59,2026,5,4,0,18,PALANI. K.,,Independent,178,0,,238579,260751,DHARMAPURI,GEN,DHARMAPURI,,20,91.5,0.07,yes,12,0.01,3.28,,,0,TRUE,1,,0,,,,0,FALSE,FALSE,FALSE,,,,,,State Assembly Election (AE)
Tamil_Nadu,13,59,2026,5,4,0,19,SIVAM. R.,,Independent,166,0,,238579,260751,DHARMAPURI,GEN,DHARMAPURI,,20,91.5,0.07,yes,58,0.02,3.28,,,0,TRUE,1,,0,,,,0,FALSE,FALSE,FALSE,,,,,,State Assembly Election (AE)
Tamil_Nadu,13,59,2026,5,4,0,20,PRABHAKARAN. M.,,Independent,108,0,,238579,260751,DHARMAPURI,GEN,DHARMAPURI,,20,91.5,0.05,yes,108,0.05,3.28,,,0,TRUE,1,,0,,,,0,FALSE,FALSE,FALSE,,,,,,State Assembly Election (AE)
Tamil_Nadu,13,60,2026,5,4,0,1,MARAGATHAM VETRIVEL,,All India Anna Dravida Munnetra Kazhagam,101829,0,,236621,256640,PAPPIREDDIPATTI,GEN,DHARMAPURI,,15,92.2,43.03,no,33114,13.99,3.04,,,0,TRUE,1,,0,,,,0,FALSE,FALSE,FALSE,,,,,,State Assembly Election (AE)
Tamil_Nadu,13,60,2026,5,4,0,2,PALANIAPPAN. P,,Dravida Munnetra Kazhagam,68715,0,,236621,256640,PAPPIREDDIPATTI,GEN,DHARMAPURI,,15,92.2,29.04,no,11096,4.69,3.04,,,0,TRUE,1,,0,,,,0,FALSE,FALSE,FALSE,,,,,,State Assembly Election (AE)
Tamil_Nadu,13,60,2026,5,4,0,3,THILAGAVATHI. S,,Tamilaga Vettri Kazhagam,57619,0,,236621,256640,PAPPIREDDIPATTI,GEN,DHARMAPURI,,15,92.2,24.35,no,52403,22.15,3.04,,,0,TRUE,1,,0,,,,0,FALSE,FALSE,FALSE,,,,,,State Assembly Election (AE)
Tamil_Nadu,13,60,2026,5,4,0,4,ARCHANA TAMILARUVI,,Naam Tamilar Katchi,5216,0,,236621,256640,PAPPIREDDIPATTI,GEN,DHARMAPURI,,15,92.2,2.2,yes,4446,1.88,3.04,,,0,TRUE,1,,0,,,,0,FALSE,FALSE,FALSE,,,,,,State Assembly Election (AE)
Tamil_Nadu,13,60,2026,5,4,0,5,GANESAN. S,,Vishwa Tamil Kazhagam,770,0,,236621,256640,PAPPIREDDIPATTI,GEN,DHARMAPURI,,15,92.2,0.33,yes,93,0.04,3.04,,,0,TRUE,1,,0,,,,0,FALSE,FALSE,FALSE,,,,,,State Assembly Election (AE)
Tamil_Nadu,13,60,2026,5,4,0,6,None Of The Above,,None of the Above,677,0,,236621,256640,PAPPIREDDIPATTI,GEN,DHARMAPURI,,15,92.2,0.29,yes,350,0.15,3.04,,,0,TRUE,1,,0,,,,0,FALSE,FALSE,FALSE,,,,,,State Assembly Election (AE)
Tamil_Nadu,13,60,2026,5,4,0,7,MURUGAN. S,,Independent,327,0,,236621,256640,PAPPIREDDIPATTI,GEN,DHARMAPURI,,15,92.2,0.14,yes,12,0.01,3.04,,,0,TRUE,1,,0,,,,0,FALSE,FALSE,FALSE,,,,,,State Assembly Election (AE)
Tamil_Nadu,13,60,2026,5,4,0,8,PALANIAPPAN. R,,Independent,315,0,,236621,256640,PAPPIREDDIPATTI,GEN,DHARMAPURI,,15,92.2,0.13,yes,13,0.01,3.04,,,0,TRUE,1,,0,,,,0,FALSE,FALSE,FALSE,,,,,,State Assembly Election (AE)
Tamil_Nadu,13,60,2026,5,4,0,9,MOORTHI. P,,Independent,302,0,,236621,256640,PAPPIREDDIPATTI,GEN,DHARMAPURI,,15,92.2,0.13,yes,59,0.02,3.04,,,0,TRUE,1,,0,,,,0,FALSE,FALSE,FALSE,,,,,,State Assembly Election (AE)
Tamil_Nadu,13,60,2026,5,4,0,10,CHENNAKRISHNAN. V,,All India Puratchi Thalaivar Makkal Munnettra Kazhagam,243,0,,236621,256640,PAPPIREDDIPATTI,GEN,DHARMAPURI,,15,92.2,0.1,yes,56,0.02,3.04,,,0,TRUE,1,,0,,,,0,FALSE,FALSE,FALSE,,,,,,State Assembly Election (AE)
Tamil_Nadu,13,60,2026,5,4,0,11,JAMUNARANI. M,,Naadaalum Makkal Katchi,187,0,,236621,256640,PAPPIREDDIPATTI,GEN,DHARMAPURI,,15,92.2,0.08,yes,41,0.02,3.04,,,0,TRUE,1,,0,,,,0,FALSE,FALSE,FALSE,,,,,,State Assembly Election (AE)
Tamil_Nadu,13,60,2026,5,4,0,12,TAMILRAJ. K,,Independent,146,0,,236621,256640,PAPPIREDDIPATTI,GEN,DHARMAPURI,,15,92.2,0.06,yes,25,0.01,3.04,,,0,TRUE,1,,0,,,,0,FALSE,FALSE,FALSE,,,,,,State Assembly Election (AE)
Tamil_Nadu,13,60,2026,5,4,0,13,POOVARASU,,Tamilar Makkal Katchi,121,0,,236621,256640,PAPPIREDDIPATTI,GEN,DHARMAPURI,,15,92.2,0.05,yes,43,0.02,3.04,,,0,TRUE,1,,0,,,,0,FALSE,FALSE,FALSE,,,,,,State Assembly Election (AE)
Tamil_Nadu,13,60,2026,5,4,0,14,CHINNASAMY. P,,Independent,78,0,,236621,256640,PAPPIREDDIPATTI,GEN,DHARMAPURI,,15,92.2,0.03,yes,2,0.0,3.04,,,0,TRUE,1,,0,,,,0,FALSE,FALSE,FALSE,,,,,,State Assembly Election (AE)
Tamil_Nadu,13,60,2026,5,4,0,15,SATHISH. S,,Independent,76,0,,236621,256640,PAPPIREDDIPATTI,GEN,DHARMAPURI,,15,92.2,0.03,yes,76,0.03,3.04,,,0,TRUE,1,,0,,,,0,FALSE,FALSE,FALSE,,,,,,State Assembly Election (AE)
Tamil_Nadu,13,61,2026,5,4,0,1,SAMPATHKUMAR. V,,All India Anna Dravida Munnetra Kazhagam,75523,0,,220042,245692,HARUR,SC,DHARMAPURI,,15,89.56,34.32,no,3329,1.51,3.25,,,0,TRUE,1,,0,,,,0,FALSE,FALSE,FALSE,,,,,,State Assembly Election (AE)
Tamil_Nadu,13,61,2026,5,4,0,2,SHANMUGAM. A,,Dravida Munnetra Kazhagam,72194,0,,220042,245692,HARUR,SC,DHARMAPURI,,15,89.56,32.81,no,9438,4.29,3.25,,,0,TRUE,1,,0,,,,0,FALSE,FALSE,FALSE,,,,,,State Assembly Election (AE)
Tamil_Nadu,13,61,2026,5,4,0,3,RAKESH. K,,Tamilaga Vettri Kazhagam,62756,0,,220042,245692,HARUR,SC,DHARMAPURI,,15,89.56,28.52,no,57511,26.14,3.25,,,0,TRUE,1,,0,,,,0,FALSE,FALSE,FALSE,,,,,,State Assembly Election (AE)
Tamil_Nadu,13,61,2026,5,4,0,4,ANITHA. A,,Naam Tamilar Katchi,5245,0,,220042,245692,HARUR,SC,DHARMAPURI,,15,89.56,2.38,yes,4463,2.03,3.25,,,0,TRUE,1,,0,,,,0,FALSE,FALSE,FALSE,,,,,,State Assembly Election (AE)
Tamil_Nadu,13,61,2026,5,4,0,5,None Of The Above,,None of the Above,782,0,,220042,245692,HARUR,SC,DHARMAPURI,,15,89.56,0.36,yes,86,0.04,3.25,,,0,TRUE,1,,0,,,,0,FALSE,FALSE,FALSE,,,,,,State Assembly Election (AE)
Tamil_Nadu,13,61,2026,5,4,0,6,NEHRU. G,,Bahujan Samaj Party,696,0,,220042,245692,HARUR,SC,DHARMAPURI,,15,89.56,0.32,yes,44,0.02,3.25,,,0,TRUE,1,,0,,,,0,FALSE,FALSE,FALSE,,,,,,State Assembly Election (AE)
Tamil_Nadu,13,61,2026,5,4,0,7,MARIKANNU. C,,Republican Party of India (Athawale),652,0,,220042,245692,HARUR,SC,DHARMAPURI,,15,89.56,0.3,yes,165,0.07,3.25,,,0,TRUE,1,,0,,,,0,FALSE,FALSE,FALSE,,,,,,State Assembly Election (AE)
Tamil_Nadu,13,61,2026,5,4,0,8,KARUTHAMMAL. S,,Naadaalum Makkal Katchi,487,0,,220042,245692,HARUR,SC,DHARMAPURI,,15,89.56,0.22,yes,42,0.02,3.25,,,0,TRUE,1,,0,,,,0,FALSE,FALSE,FALSE,,,,,,State Assembly Election (AE)
Tamil_Nadu,13,61,2026,5,4,0,9,PARTHIPAN. P,,Independent,445,0,,220042,245692,HARUR,SC,DHARMAPURI,,15,89.56,0.2,yes,4,0.0,3.25,,,0,TRUE,1,,0,,,,0,FALSE,FALSE,FALSE,,,,,,State Assembly Election (AE)
Tamil_Nadu,13,61,2026,5,4,0,10,THANGAVEL. K,,Independent,441,0,,220042,245692,HARUR,SC,DHARMAPURI,,15,89.56,0.2,yes,224,0.1,3.25,,,0,TRUE,1,,0,,,,0,FALSE,FALSE,FALSE,,,,,,State Assembly Election (AE)
Tamil_Nadu,13,61,2026,5,4,0,11,SAMPATH. C,,Independent,217,0,,220042,245692,HARUR,SC,DHARMAPURI,,15,89.56,0.1,yes,4,0.0,3.25,,,0,TRUE,1,,0,,,,0,FALSE,FALSE,FALSE,,,,,,State Assembly Election (AE)
Tamil_Nadu,13,61,2026,5,4,0,12,MANILA. S,,Tamizhaga Vaazhvurimai Katchi,213,0,,220042,245692,HARUR,SC,DHARMAPURI,,15,89.56,0.1,yes,52,0.02,3.25,,,0,TRUE,1,,0,,,,0,FALSE,FALSE,FALSE,,,,,,State Assembly Election (AE)
Tamil_Nadu,13,61,2026,5,4,0,13,VENKATESH (A) DR. V.K. SWAMY,,Bharat Jan Chikitsa Party,161,0,,220042,245692,HARUR,SC,DHARMAPURI,,15,89.56,0.07,yes,41,0.02,3.25,,,0,TRUE,1,,0,,,,0,FALSE,FALSE,FALSE,,,,,,State Assembly Election (AE)
Tamil_Nadu,13,61,2026,5,4,0,14,KUPPURAJ. K,,Tamilar Makkal Katchi,120,0,,220042,245692,HARUR,SC,DHARMAPURI,,15,89.56,0.05,yes,10,0.0,3.25,,,0,TRUE,1,,0,,,,0,FALSE,FALSE,FALSE,,,,,,State Assembly Election (AE)
Tamil_Nadu,13,61,2026,5,4,0,15,SAMPATH. K,,Independent,110,0,,220042,245692,HARUR,SC,DHARMAPURI,,15,89.56,0.05,yes,110,0.05,3.25,,,0,TRUE,1,,0,,,,0,FALSE,FALSE,FALSE,,,,,,State Assembly Election (AE)
Tamil_Nadu,13,62,2026,5,4,0,1,S.VELU,,All India Anna Dravida Munnetra Kazhagam,87802,0,,242897,268997,CHENGAM,SC,TIRUVANNAMALAI,,16,90.3,36.15,no,13278,5.47,3.23,,,0,TRUE,1,,0,,,,0,FALSE,FALSE,FALSE,,,,,,State Assembly Election (AE)
Tamil_Nadu,13,62,2026,5,4,0,2,K BHARATHIDHASAN,,Tamilaga Vettri Kazhagam,74524,0,,242897,268997,CHENGAM,SC,TIRUVANNAMALAI,,16,90.3,30.68,no,4178,1.72,3.23,,,0,TRUE,1,,0,,,,0,FALSE,FALSE,FALSE,,,,,,State Assembly Election (AE)
Tamil_Nadu,13,62,2026,5,4,0,3,M.P.GIRI,,Dravida Munnetra Kazhagam,70346,0,,242897,268997,CHENGAM,SC,TIRUVANNAMALAI,,16,90.3,28.96,no,64011,26.35,3.23,,,0,TRUE,1,,0,,,,0,FALSE,FALSE,FALSE,,,,,,State Assembly Election (AE)
Tamil_Nadu,13,62,2026,5,4,0,4,J.SHOBA,,Naam Tamilar Katchi,6335,0,,242897,268997,CHENGAM,SC,TIRUVANNAMALAI,,16,90.3,2.61,yes,5221,2.15,3.23,,,0,TRUE,1,,0,,,,0,FALSE,FALSE,FALSE,,,,,,State Assembly Election (AE)
Tamil_Nadu,13,62,2026,5,4,0,5,None Of The Above,,None of the Above,1114,0,,242897,268997,CHENGAM,SC,TIRUVANNAMALAI,,16,90.3,0.46,yes,219,0.09,3.23,,,0,TRUE,1,,0,,,,0,FALSE,FALSE,FALSE,,,,,,State Assembly Election (AE)
Tamil_Nadu,13,62,2026,5,4,0,6,C SELVAN,,Republican Party of India (Athawale),895,0,,242897,268997,CHENGAM,SC,TIRUVANNAMALAI,,16,90.3,0.37,yes,495,0.2,3.23,,,0,TRUE,1,,0,,,,0,FALSE,FALSE,FALSE,,,,,,State Assembly Election (AE)
Tamil_Nadu,13,62,2026,5,4,0,7,A.BHARATHI,,Independent,400,0,,242897,268997,CHENGAM,SC,TIRUVANNAMALAI,,16,90.3,0.16,yes,6,0.0,3.23,,,0,TRUE,1,,0,,,,0,FALSE,FALSE,FALSE,,,,,,State Assembly Election (AE)
Tamil_Nadu,13,62,2026,5,4,0,8,K.VELU,,Independent,394,0,,242897,268997,CHENGAM,SC,TIRUVANNAMALAI,,16,90.3,0.16,yes,197,0.08,3.23,,,0,TRUE,1,,0,,,,0,FALSE,FALSE,FALSE,,,,,,State Assembly Election (AE)
Tamil_Nadu,13,62,2026,5,4,0,9,A POONGODI,,Independent,197,0,,242897,268997,CHENGAM,SC,TIRUVANNAMALAI,,16,90.3,0.08,yes,24,0.01,3.23,,,0,TRUE,1,,0,,,,0,FALSE,FALSE,FALSE,,,,,,State Assembly Election (AE)
Tamil_Nadu,13,62,2026,5,4,0,10,A.CHIDAMBARAM,,Independent,173,0,,242897,268997,CHENGAM,SC,TIRUVANNAMALAI,,16,90.3,0.07,yes,17,0.01,3.23,,,0,TRUE,1,,0,,,,0,FALSE,FALSE,FALSE,,,,,,State Assembly Election (AE)
Tamil_Nadu,13,62,2026,5,4,0,11,M.RAMAN MASILAMANI,,Independent,156,0,,242897,268997,CHENGAM,SC,TIRUVANNAMALAI,,16,90.3,0.06,yes,7,0.0,3.23,,,0,TRUE,1,,0,,,,0,FALSE,FALSE,FALSE,,,,,,State Assembly Election (AE)
Tamil_Nadu,13,62,2026,5,4,0,12,K MANIKANDAN,,Makkal Sananayaga Kudiyarasu Katchi,149,0,,242897,268997,CHENGAM,SC,TIRUVANNAMALAI,,16,90.3,0.06,yes,12,0.0,3.23,,,0,TRUE,1,,0,,,,0,FALSE,FALSE,FALSE,,,,,,State Assembly Election (AE)
Tamil_Nadu,13,62,2026,5,4,0,13,M.MUGILARASAN,,Independent,137,0,,242897,268997,CHENGAM,SC,TIRUVANNAMALAI,,16,90.3,0.06,yes,17,0.01,3.23,,,0,TRUE,1,,0,,,,0,FALSE,FALSE,FALSE,,,,,,State Assembly Election (AE)
Tamil_Nadu,13,62,2026,5,4,0,14,P.SELVAM,,Independent,120,0,,242897,268997,CHENGAM,SC,TIRUVANNAMALAI,,16,90.3,0.05,yes,36,0.01,3.23,,,0,TRUE,1,,0,,,,0,FALSE,FALSE,FALSE,,,,,,State Assembly Election (AE)
Tamil_Nadu,13,62,2026,5,4,0,15,C.MALATHI,,Tamizhaga Vaazhvurimai Katchi,84,0,,242897,268997,CHENGAM,SC,TIRUVANNAMALAI,,16,90.3,0.03,yes,13,0.01,3.23,,,0,TRUE,1,,0,,,,0,FALSE,FALSE,FALSE,,,,,,State Assembly Election (AE)
Tamil_Nadu,13,62,2026,5,4,0,16,D DHILIPKUMAR,,Independent,71,0,,242897,268997,CHENGAM,SC,TIRUVANNAMALAI,,16,90.3,0.03,yes,71,0.03,3.23,,,0,TRUE,1,,0,,,,0,FALSE,FALSE,FALSE,,,,,,State Assembly Election (AE)
Tamil_Nadu,13,63,2026,5,4,0,1,VELU. E.V,,Dravida Munnetra Kazhagam,88273,0,,220066,249848,TIRUVANNAMALAI,GEN,TIRUVANNAMALAI,,31,88.08,40.11,no,2455,1.12,2.96,,,0,TRUE,1,,0,,,,0,FALSE,FALSE,FALSE,,,,,,State Assembly Election (AE)
Tamil_Nadu,13,63,2026,5,4,0,2,ARUL ARUMUGAM,,Tamilaga Vettri Kazhagam,85818,0,,220066,249848,TIRUVANNAMALAI,GEN,TIRUVANNAMALAI,,31,88.08,39.0,no,51538,23.42,2.96,,,0,TRUE,1,,0,,,,0,FALSE,FALSE,FALSE,,,,,,State Assembly Election (AE)
Tamil_Nadu,13,63,2026,5,4,0,3,ELUMALAI. C,,Bharatiya Janata Party,34280,0,,220066,249848,TIRUVANNAMALAI,GEN,TIRUVANNAMALAI,,31,88.08,15.58,yes,28269,12.85,2.96,,,0,TRUE,1,,0,,,,0,FALSE,FALSE,FALSE,,,,,,State Assembly Election (AE)
Tamil_Nadu,13,63,2026,5,4,0,4,VIGNESH. S,,Naam Tamilar Katchi,6011,0,,220066,249848,TIRUVANNAMALAI,GEN,TIRUVANNAMALAI,,31,88.08,2.73,yes,5226,2.37,2.96,,,0,TRUE,1,,0,,,,0,FALSE,FALSE,FALSE,,,,,,State Assembly Election (AE)
Tamil_Nadu,13,63,2026,5,4,0,5,None Of The Above,,None of the Above,785,0,,220066,249848,TIRUVANNAMALAI,GEN,TIRUVANNAMALAI,,31,88.08,0.36,yes,158,0.07,2.96,,,0,TRUE,1,,0,,,,0,FALSE,FALSE,FALSE,,,,,,State Assembly Election (AE)
Tamil_Nadu,13,63,2026,5,4,0,6,BENNY RAJAN. C.J,,Republican Party of India (Athawale),627,0,,220066,249848,TIRUVANNAMALAI,GEN,TIRUVANNAMALAI,,31,88.08,0.28,yes,153,0.07,2.96,,,0,TRUE,1,,0,,,,0,FALSE,FALSE,FALSE,,,,,,State Assembly Election (AE)
Tamil_Nadu,13,63,2026,5,4,0,7,SALAM .M,,Independent,474,0,,220066,249848,TIRUVANNAMALAI,GEN,TIRUVANNAMALAI,,31,88.08,0.22,yes,118,0.05,2.96,,,0,TRUE,1,,0,,,,0,FALSE,FALSE,FALSE,,,,,,State Assembly Election (AE)
Tamil_Nadu,13,63,2026,5,4,0,8,ELUMALAI. A S/O ARUMUGAM,,Independent,356,0,,220066,249848,TIRUVANNAMALAI,GEN,TIRUVANNAMALAI,,31,88.08,0.16,yes,31,0.01,2.96,,,0,TRUE,1,,0,,,,0,FALSE,FALSE,FALSE,,,,,,State Assembly Election (AE)
Tamil_Nadu,13,63,2026,5,4,0,9,ARUL. K,,Independent,325,0,,220066,249848,TIRUVANNAMALAI,GEN,TIRUVANNAMALAI,,31,88.08,0.15,yes,41,0.02,2.96,,,0,TRUE,1,,0,,,,0,FALSE,FALSE,FALSE,,,,,,State Assembly Election (AE)
Tamil_Nadu,13,63,2026,5,4,0,10,KOTHANDAPANI. B,,Independent,284,0,,220066,249848,TIRUVANNAMALAI,GEN,TIRUVANNAMALAI,,31,88.08,0.13,yes,3,0.0,2.96,,,0,TRUE,1,,0,,,,0,FALSE,FALSE,FALSE,,,,,,State Assembly Election (AE)
Tamil_Nadu,13,63,2026,5,4,0,11,RAJ. S,,Bahujan Samaj Party,281,0,,220066,249848,TIRUVANNAMALAI,GEN,TIRUVANNAMALAI,,31,88.08,0.13,yes,4,0.0,2.96,,,0,TRUE,1,,0,,,,0,FALSE,FALSE,FALSE,,,,,,State Assembly Election (AE)
Tamil_Nadu,13,63,2026,5,4,0,12,VIJAYAKUMAR. S,,Naadaalum Makkal Katchi,277,0,,220066,249848,TIRUVANNAMALAI,GEN,TIRUVANNAMALAI,,31,88.08,0.13,yes,21,0.01,2.96,,,0,TRUE,1,,0,,,,0,FALSE,FALSE,FALSE,,,,,,State Assembly Election (AE)
Tamil_Nadu,13,63,2026,5,4,0,13,KANNAN. P,,Veerath Thiyagi Viswanathadoss Thozhilalarkal Katchi,256,0,,220066,249848,TIRUVANNAMALAI,GEN,TIRUVANNAMALAI,,31,88.08,0.12,yes,37,0.02,2.96,,,0,TRUE,1,,0,,,,0,FALSE,FALSE,FALSE,,,,,,State Assembly Election (AE)
Tamil_Nadu,13,63,2026,5,4,0,14,PALANI. N,,Independent,219,0,,220066,249848,TIRUVANNAMALAI,GEN,TIRUVANNAMALAI,,31,88.08,0.1,yes,7,0.0,2.96,,,0,TRUE,1,,0,,,,0,FALSE,FALSE,FALSE,,,,,,State Assembly Election (AE)
Tamil_Nadu,13,63,2026,5,4,0,15,ANANTH. A. M,,Independent,212,0,,220066,249848,TIRUVANNAMALAI,GEN,TIRUVANNAMALAI,,31,88.08,0.1,yes,24,0.01,2.96,,,0,TRUE,1,,0,,,,0,FALSE,FALSE,FALSE,,,,,,State Assembly Election (AE)
Tamil_Nadu,13,63,2026,5,4,0,16,ADHITHYA PALANISAMY. A,,Independent,188,0,,220066,249848,TIRUVANNAMALAI,GEN,TIRUVANNAMALAI,,31,88.08,0.09,yes,19,0.01,2.96,,,0,TRUE,1,,0,,,,0,FALSE,FALSE,FALSE,,,,,,State Assembly Election (AE)
Tamil_Nadu,13,63,2026,5,4,0,17,ARUL ANAND. V,,Independent,169,0,,220066,249848,TIRUVANNAMALAI,GEN,TIRUVANNAMALAI,,31,88.08,0.08,yes,34,0.02,2.96,,,0,TRUE,1,,0,,,,0,FALSE,FALSE,FALSE,,,,,,State Assembly Election (AE)
Tamil_Nadu,13,63,2026,5,4,0,18,NAKKIRAN. A,,Thamizhaka Padaippalar Makkal Katchi,135,0,,220066,249848,TIRUVANNAMALAI,GEN,TIRUVANNAMALAI,,31,88.08,0.06,yes,5,0.0,2.96,,,0,TRUE,1,,0,,,,0,FALSE,FALSE,FALSE,,,,,,State Assembly Election (AE)
Tamil_Nadu,13,63,2026,5,4,0,19,ELUMALAI. C  S/O CHINNAKUZHANTHAI,,Independent,130,0,,220066,249848,TIRUVANNAMALAI,GEN,TIRUVANNAMALAI,,31,88.08,0.06,yes,1,0.0,2.96,,,0,TRUE,1,,0,,,,0,FALSE,FALSE,FALSE,,,,,,State Assembly Election (AE)
Tamil_Nadu,13,63,2026,5,4,0,20,RAMESH. V,,Independent,129,0,,220066,249848,TIRUVANNAMALAI,GEN,TIRUVANNAMALAI,,31,88.08,0.06,yes,7,0.0,2.96,,,0,TRUE,1,,0,,,,0,FALSE,FALSE,FALSE,,,,,,State Assembly Election (AE)
Tamil_Nadu,13,63,2026,5,4,0,21,MALLI. S,,Tamizhaga Vaazhvurimai Katchi,122,0,,220066,249848,TIRUVANNAMALAI,GEN,TIRUVANNAMALAI,,31,88.08,0.06,yes,29,0.01,2.96,,,0,TRUE,1,,0,,,,0,FALSE,FALSE,FALSE,,,,,,State Assembly Election (AE)
Tamil_Nadu,13,63,2026,5,4,0,22,VIGNESH. M,,Independent,93,0,,220066,249848,TIRUVANNAMALAI,GEN,TIRUVANNAMALAI,,31,88.08,0.04,yes,2,0.0,2.96,,,0,TRUE,1,,0,,,,0,FALSE,FALSE,FALSE,,,,,,State Assembly Election (AE)
Tamil_Nadu,13,63,2026,5,4,0,23,RAJA. V,,Independent,91,0,,220066,249848,TIRUVANNAMALAI,GEN,TIRUVANNAMALAI,,31,88.08,0.04,yes,4,0.0,2.96,,,0,TRUE,1,,0,,,,0,FALSE,FALSE,FALSE,,,,,,State Assembly Election (AE)
Tamil_Nadu,13,63,2026,5,4,0,24,ELUMALAI. C S/O CHINNARASU,,Independent,87,0,,220066,249848,TIRUVANNAMALAI,GEN,TIRUVANNAMALAI,,31,88.08,0.04,yes,6,0.0,2.96,,,0,TRUE,1,,0,,,,0,FALSE,FALSE,FALSE,,,,,,State Assembly Election (AE)
Tamil_Nadu,13,63,2026,5,4,0,25,VELU. V,,Anti Corruption Dynamic Party,81,0,,220066,249848,TIRUVANNAMALAI,GEN,TIRUVANNAMALAI,,31,88.08,0.04,yes,4,0.0,2.96,,,0,TRUE,1,,0,,,,0,FALSE,FALSE,FALSE,,,,,,State Assembly Election (AE)
Tamil_Nadu,13,63,2026,5,4,0,26,MAHESWARI. R,,Independent,77,0,,220066,249848,TIRUVANNAMALAI,GEN,TIRUVANNAMALAI,,31,88.08,0.03,yes,11,0.0,2.96,,,0,TRUE,1,,0,,,,0,FALSE,FALSE,FALSE,,,,,,State Assembly Election (AE)
Tamil_Nadu,13,63,2026,5,4,0,27,VENKATESAN. M,,Independent,66,0,,220066,249848,TIRUVANNAMALAI,GEN,TIRUVANNAMALAI,,31,88.08,0.03,yes,5,0.0,2.96,,,0,TRUE,1,,0,,,,0,FALSE,FALSE,FALSE,,,,,,State Assembly Election (AE)
Tamil_Nadu,13,63,2026,5,4,0,28,MARIKKANNU. E,,Independent,61,0,,220066,249848,TIRUVANNAMALAI,GEN,TIRUVANNAMALAI,,31,88.08,0.03,yes,2,0.0,2.96,,,0,TRUE,1,,0,,,,0,FALSE,FALSE,FALSE,,,,,,State Assembly Election (AE)
Tamil_Nadu,13,63,2026,5,4,0,29,ANBALAGAN. M,,Independent,59,0,,220066,249848,TIRUVANNAMALAI,GEN,TIRUVANNAMALAI,,31,88.08,0.03,yes,1,0.0,2.96,,,0,TRUE,1,,0,,,,0,FALSE,FALSE,FALSE,,,,,,State Assembly Election (AE)
Tamil_Nadu,13,63,2026,5,4,0,30,VELU. K,,Independent,58,0,,220066,249848,TIRUVANNAMALAI,GEN,TIRUVANNAMALAI,,31,88.08,0.03,yes,16,0.01,2.96,,,0,TRUE,1,,0,,,,0,FALSE,FALSE,FALSE,,,,,,State Assembly Election (AE)
Tamil_Nadu,13,63,2026,5,4,0,31,MOORTHY. P,,Independent,42,0,,220066,249848,TIRUVANNAMALAI,GEN,TIRUVANNAMALAI,,31,88.08,0.02,yes,42,0.02,2.96,,,0,TRUE,1,,0,,,,0,FALSE,FALSE,FALSE,,,,,,State Assembly Election (AE)
Tamil_Nadu,13,64,2026,5,4,0,1,RAMACHANDRAN.S,,All India Anna Dravida Munnetra Kazhagam,90503,0,,219790,240823,KILPENNATHUR,GEN,TIRUVANNAMALAI,,24,91.27,41.18,no,30465,13.86,3.15,,,0,TRUE,1,,0,,,,0,FALSE,FALSE,FALSE,,,,,,State Assembly Election (AE)
Tamil_Nadu,13,64,2026,5,4,0,2,PITCHANDI.K,,Dravida Munnetra Kazhagam,60038,0,,219790,240823,KILPENNATHUR,GEN,TIRUVANNAMALAI,,24,91.27,27.32,no,908,0.41,3.15,,,0,TRUE,1,,0,,,,0,FALSE,FALSE,FALSE,,,,,,State Assembly Election (AE)
Tamil_Nadu,13,64,2026,5,4,0,3,RAJA.D,,Tamilaga Vettri Kazhagam,59130,0,,219790,240823,KILPENNATHUR,GEN,TIRUVANNAMALAI,,24,91.27,26.9,no,52946,24.09,3.15,,,0,TRUE,1,,0,,,,0,FALSE,FALSE,FALSE,,,,,,State Assembly Election (AE)
Tamil_Nadu,13,64,2026,5,4,0,4,LOGANATHAN.V,,Naam Tamilar Katchi,6184,0,,219790,240823,KILPENNATHUR,GEN,TIRUVANNAMALAI,,24,91.27,2.81,yes,5580,2.54,3.15,,,0,TRUE,1,,0,,,,0,FALSE,FALSE,FALSE,,,,,,State Assembly Election (AE)
Tamil_Nadu,13,64,2026,5,4,0,5,PICHANDI.R,,Independent,604,0,,219790,240823,KILPENNATHUR,GEN,TIRUVANNAMALAI,,24,91.27,0.27,yes,71,0.03,3.15,,,0,TRUE,1,,0,,,,0,FALSE,FALSE,FALSE,,,,,,State Assembly Election (AE)
Tamil_Nadu,13,64,2026,5,4,0,6,PICHANDI.D,,Independent,533,0,,219790,240823,KILPENNATHUR,GEN,TIRUVANNAMALAI,,24,91.27,0.24,yes,93,0.04,3.15,,,0,TRUE,1,,0,,,,0,FALSE,FALSE,FALSE,,,,,,State Assembly Election (AE)
Tamil_Nadu,13,64,2026,5,4,0,7,None Of The Above,,None of the Above,440,0,,219790,240823,KILPENNATHUR,GEN,TIRUVANNAMALAI,,24,91.27,0.2,yes,138,0.06,3.15,,,0,TRUE,1,,0,,,,0,FALSE,FALSE,FALSE,,,,,,State Assembly Election (AE)
Tamil_Nadu,13,64,2026,5,4,0,8,PICHANDI.V,,Independent,302,0,,219790,240823,KILPENNATHUR,GEN,TIRUVANNAMALAI,,24,91.27,0.14,yes,7,0.0,3.15,,,0,TRUE,1,,0,,,,0,FALSE,FALSE,FALSE,,,,,,State Assembly Election (AE)
Tamil_Nadu,13,64,2026,5,4,0,9,RAJASEKAR.P,,Tamizhaga Vaazhvurimai Katchi,295,0,,219790,240823,KILPENNATHUR,GEN,TIRUVANNAMALAI,,24,91.27,0.13,yes,35,0.02,3.15,,,0,TRUE,1,,0,,,,0,FALSE,FALSE,FALSE,,,,,,State Assembly Election (AE)
Tamil_Nadu,13,64,2026,5,4,0,10,DHILIPKUMAR.D,,Independent,260,0,,219790,240823,KILPENNATHUR,GEN,TIRUVANNAMALAI,,24,91.27,0.12,yes,32,0.01,3.15,,,0,TRUE,1,,0,,,,0,FALSE,FALSE,FALSE,,,,,,State Assembly Election (AE)
Tamil_Nadu,13,64,2026,5,4,0,11,JANAKIRAMAN.R,,Aanaithinthiya Jananayaka Pathukappu Kazhagam,228,0,,219790,240823,KILPENNATHUR,GEN,TIRUVANNAMALAI,,24,91.27,0.1,yes,49,0.02,3.15,,,0,TRUE,1,,0,,,,0,FALSE,FALSE,FALSE,,,,,,State Assembly Election (AE)
Tamil_Nadu,13,64,2026,5,4,0,12,RAJKUMAR.R,,Independent,179,0,,219790,240823,KILPENNATHUR,GEN,TIRUVANNAMALAI,,24,91.27,0.08,yes,14,0.01,3.15,,,0,TRUE,1,,0,,,,0,FALSE,FALSE,FALSE,,,,,,State Assembly Election (AE)
Tamil_Nadu,13,64,2026,5,4,0,13,SHANMUGAM.A,,Thamizhaka Padaippalar Makkal Katchi,165,0,,219790,240823,KILPENNATHUR,GEN,TIRUVANNAMALAI,,24,91.27,0.08,yes,10,0.0,3.15,,,0,TRUE,1,,0,,,,0,FALSE,FALSE,FALSE,,,,,,State Assembly Election (AE)
Tamil_Nadu,13,64,2026,5,4,0,14,SAMPATHRAJ.M,,Independent,155,0,,219790,240823,KILPENNATHUR,GEN,TIRUVANNAMALAI,,24,91.27,0.07,yes,9,0.0,3.15,,,0,TRUE,1,,0,,,,0,FALSE,FALSE,FALSE,,,,,,State Assembly Election (AE)
Tamil_Nadu,13,64,2026,5,4,0,15,SURYAPRAKASH.S,,Independent,146,0,,219790,240823,KILPENNATHUR,GEN,TIRUVANNAMALAI,,24,91.27,0.07,yes,3,0.0,3.15,,,0,TRUE,1,,0,,,,0,FALSE,FALSE,FALSE,,,,,,State Assembly Election (AE)
Tamil_Nadu,13,64,2026,5,4,0,16,RAJASEKAR.I,,Independent,143,0,,219790,240823,KILPENNATHUR,GEN,TIRUVANNAMALAI,,24,91.27,0.07,yes,13,0.01,3.15,,,0,TRUE,1,,0,,,,0,FALSE,FALSE,FALSE,,,,,,State Assembly Election (AE)
Tamil_Nadu,13,64,2026,5,4,0,17,LOKESHWARAN.R,,Anti Corruption Dynamic Party,130,0,,219790,240823,KILPENNATHUR,GEN,TIRUVANNAMALAI,,24,91.27,0.06,yes,54,0.02,3.15,,,0,TRUE,1,,0,,,,0,FALSE,FALSE,FALSE,,,,,,State Assembly Election (AE)
Tamil_Nadu,13,64,2026,5,4,0,18,SANTHOSHKUMAR.E,,Independent,76,0,,219790,240823,KILPENNATHUR,GEN,TIRUVANNAMALAI,,24,91.27,0.03,yes,11,0.01,3.15,,,0,TRUE,1,,0,,,,0,FALSE,FALSE,FALSE,,,,,,State Assembly Election (AE)
Tamil_Nadu,13,64,2026,5,4,0,19,RAMACHANDRAN.K,,Independent,65,0,,219790,240823,KILPENNATHUR,GEN,TIRUVANNAMALAI,,24,91.27,0.03,yes,3,0.0,3.15,,,0,TRUE,1,,0,,,,0,FALSE,FALSE,FALSE,,,,,,State Assembly Election (AE)
Tamil_Nadu,13,64,2026,5,4,0,20,SASIKUMAR.S,,Independent,62,0,,219790,240823,KILPENNATHUR,GEN,TIRUVANNAMALAI,,24,91.27,0.03,yes,15,0.01,3.15,,,0,TRUE,1,,0,,,,0,FALSE,FALSE,FALSE,,,,,,State Assembly Election (AE)
Tamil_Nadu,13,64,2026,5,4,0,21,MURUGAN.M,,Independent,47,0,,219790,240823,KILPENNATHUR,GEN,TIRUVANNAMALAI,,24,91.27,0.02,yes,2,0.0,3.15,,,0,TRUE,1,,0,,,,0,FALSE,FALSE,FALSE,,,,,,State Assembly Election (AE)
Tamil_Nadu,13,64,2026,5,4,0,22,ATHIYAMAAN.M,,Independent,45,0,,219790,240823,KILPENNATHUR,GEN,TIRUVANNAMALAI,,24,91.27,0.02,yes,12,0.01,3.15,,,0,TRUE,1,,0,,,,0,FALSE,FALSE,FALSE,,,,,,State Assembly Election (AE)
Tamil_Nadu,13,64,2026,5,4,0,23,RAMACHANDRAN.K,,Independent,33,0,,219790,240823,KILPENNATHUR,GEN,TIRUVANNAMALAI,,24,91.27,0.02,yes,6,0.0,3.15,,,0,TRUE,1,,0,,,,0,FALSE,FALSE,FALSE,,,,,,State Assembly Election (AE)
Tamil_Nadu,13,64,2026,5,4,0,24,RAMACHANDIRAN.R,,Independent,27,0,,219790,240823,KILPENNATHUR,GEN,TIRUVANNAMALAI,,24,91.27,0.01,yes,27,0.01,3.15,,,0,TRUE,1,,0,,,,0,FALSE,FALSE,FALSE,,,,,,State Assembly Election (AE)
Tamil_Nadu,13,65,2026,5,4,0,1,AGRI KRISHNAMURTHY. S S,,All India Anna Dravida Munnetra Kazhagam,89629,0,,214127,232847,KALASAPAKKAM,GEN,TIRUVANNAMALAI,,22,91.96,41.86,no,26740,12.49,3.12,,,0,TRUE,1,,0,,,,0,FALSE,FALSE,FALSE,,,,,,State Assembly Election (AE)
Tamil_Nadu,13,65,2026,5,4,0,2,SARAVANAN. P.S.T,,Dravida Munnetra Kazhagam,62889,0,,214127,232847,KALASAPAKKAM,GEN,TIRUVANNAMALAI,,22,91.96,29.37,no,11223,5.24,3.12,,,0,TRUE,1,,0,,,,0,FALSE,FALSE,FALSE,,,,,,State Assembly Election (AE)
Tamil_Nadu,13,65,2026,5,4,0,3,ELUMALAI. P,,Tamilaga Vettri Kazhagam,51666,0,,214127,232847,KALASAPAKKAM,GEN,TIRUVANNAMALAI,,22,91.96,24.13,no,46354,21.65,3.12,,,0,TRUE,1,,0,,,,0,FALSE,FALSE,FALSE,,,,,,State Assembly Election (AE)
Tamil_Nadu,13,65,2026,5,4,0,4,SEETHA SIVANANDAM. P,,Naam Tamilar Katchi,5312,0,,214127,232847,KALASAPAKKAM,GEN,TIRUVANNAMALAI,,22,91.96,2.48,yes,4615,2.16,3.12,,,0,TRUE,1,,0,,,,0,FALSE,FALSE,FALSE,,,,,,State Assembly Election (AE)
Tamil_Nadu,13,65,2026,5,4,0,5,SANTHAKUMARAN. A,,Independent,697,0,,214127,232847,KALASAPAKKAM,GEN,TIRUVANNAMALAI,,22,91.96,0.33,yes,43,0.02,3.12,,,0,TRUE,1,,0,,,,0,FALSE,FALSE,FALSE,,,,,,State Assembly Election (AE)
Tamil_Nadu,13,65,2026,5,4,0,6,DEIVEEGAN. P,,Independent,654,0,,214127,232847,KALASAPAKKAM,GEN,TIRUVANNAMALAI,,22,91.96,0.31,yes,78,0.04,3.12,,,0,TRUE,1,,0,,,,0,FALSE,FALSE,FALSE,,,,,,State Assembly Election (AE)
Tamil_Nadu,13,65,2026,5,4,0,7,KRISHNAMURTHY. R,,Independent,576,0,,214127,232847,KALASAPAKKAM,GEN,TIRUVANNAMALAI,,22,91.96,0.27,yes,143,0.07,3.12,,,0,TRUE,1,,0,,,,0,FALSE,FALSE,FALSE,,,,,,State Assembly Election (AE)
Tamil_Nadu,13,65,2026,5,4,0,8,BALAJI. P,,Independent,433,0,,214127,232847,KALASAPAKKAM,GEN,TIRUVANNAMALAI,,22,91.96,0.2,yes,10,0.0,3.12,,,0,TRUE,1,,0,,,,0,FALSE,FALSE,FALSE,,,,,,State Assembly Election (AE)
Tamil_Nadu,13,65,2026,5,4,0,9,None Of The Above,,None of the Above,423,0,,214127,232847,KALASAPAKKAM,GEN,TIRUVANNAMALAI,,22,91.96,0.2,yes,18,0.01,3.12,,,0,TRUE,1,,0,,,,0,FALSE,FALSE,FALSE,,,,,,State Assembly Election (AE)
Tamil_Nadu,13,65,2026,5,4,0,10,SARAVANAN. K,,Independent,405,0,,214127,232847,KALASAPAKKAM,GEN,TIRUVANNAMALAI,,22,91.96,0.19,yes,160,0.07,3.12,,,0,TRUE,1,,0,,,,0,FALSE,FALSE,FALSE,,,,,,State Assembly Election (AE)
Tamil_Nadu,13,65,2026,5,4,0,11,SATHYA. V,,Naadaalum Makkal Katchi,245,0,,214127,232847,KALASAPAKKAM,GEN,TIRUVANNAMALAI,,22,91.96,0.11,yes,47,0.02,3.12,,,0,TRUE,1,,0,,,,0,FALSE,FALSE,FALSE,,,,,,State Assembly Election (AE)
Tamil_Nadu,13,65,2026,5,4,0,12,KAMARAJ. G,,Independent,198,0,,214127,232847,KALASAPAKKAM,GEN,TIRUVANNAMALAI,,22,91.96,0.09,yes,23,0.01,3.12,,,0,TRUE,1,,0,,,,0,FALSE,FALSE,FALSE,,,,,,State Assembly Election (AE)
Tamil_Nadu,13,65,2026,5,4,0,13,KOTHANDAPANI. B,,Independent,175,0,,214127,232847,KALASAPAKKAM,GEN,TIRUVANNAMALAI,,22,91.96,0.08,yes,19,0.01,3.12,,,0,TRUE,1,,0,,,,0,FALSE,FALSE,FALSE,,,,,,State Assembly Election (AE)
Tamil_Nadu,13,65,2026,5,4,0,14,RAJA. N,,Independent,156,0,,214127,232847,KALASAPAKKAM,GEN,TIRUVANNAMALAI,,22,91.96,0.07,yes,9,0.0,3.12,,,0,TRUE,1,,0,,,,0,FALSE,FALSE,FALSE,,,,,,State Assembly Election (AE)
Tamil_Nadu,13,65,2026,5,4,0,15,MANIKANDAN. K,,Independent,147,0,,214127,232847,KALASAPAKKAM,GEN,TIRUVANNAMALAI,,22,91.96,0.07,yes,42,0.02,3.12,,,0,TRUE,1,,0,,,,0,FALSE,FALSE,FALSE,,,,,,State Assembly Election (AE)
Tamil_Nadu,13,65,2026,5,4,0,16,KRISHNAMURTHY. M,,Independent,105,0,,214127,232847,KALASAPAKKAM,GEN,TIRUVANNAMALAI,,22,91.96,0.05,yes,3,0.0,3.12,,,0,TRUE,1,,0,,,,0,FALSE,FALSE,FALSE,,,,,,State Assembly Election (AE)
Tamil_Nadu,13,65,2026,5,4,0,17,SARAVANAN. V,,Tamizhaga Vaazhvurimai Katchi,102,0,,214127,232847,KALASAPAKKAM,GEN,TIRUVANNAMALAI,,22,91.96,0.05,yes,11,0.01,3.12,,,0,TRUE,1,,0,,,,0,FALSE,FALSE,FALSE,,,,,,State Assembly Election (AE)
Tamil_Nadu,13,65,2026,5,4,0,18,SUMAN. M,,Aanaithinthiya Jananayaka Pathukappu Kazhagam,91,0,,214127,232847,KALASAPAKKAM,GEN,TIRUVANNAMALAI,,22,91.96,0.04,yes,16,0.01,3.12,,,0,TRUE,1,,0,,,,0,FALSE,FALSE,FALSE,,,,,,State Assembly Election (AE)
Tamil_Nadu,13,65,2026,5,4,0,19,BASKARAN. R,,Independent,75,0,,214127,232847,KALASAPAKKAM,GEN,TIRUVANNAMALAI,,22,91.96,0.04,yes,9,0.0,3.12,,,0,TRUE,1,,0,,,,0,FALSE,FALSE,FALSE,,,,,,State Assembly Election (AE)
Tamil_Nadu,13,65,2026,5,4,0,20,KRISHNAMURTHY. S,,Independent,66,0,,214127,232847,KALASAPAKKAM,GEN,TIRUVANNAMALAI,,22,91.96,0.03,yes,20,0.01,3.12,,,0,TRUE,1,,0,,,,0,FALSE,FALSE,FALSE,,,,,,State Assembly Election (AE)
Tamil_Nadu,13,65,2026,5,4,0,21,ELUMALAI. S,,Independent,46,0,,214127,232847,KALASAPAKKAM,GEN,TIRUVANNAMALAI,,22,91.96,0.02,yes,9,0.0,3.12,,,0,TRUE,1,,0,,,,0,FALSE,FALSE,FALSE,,,,,,State Assembly Election (AE)
Tamil_Nadu,13,65,2026,5,4,0,22,ELUMALAI. T,,Independent,37,0,,214127,232847,KALASAPAKKAM,GEN,TIRUVANNAMALAI,,22,91.96,0.02,yes,37,0.02,3.12,,,0,TRUE,1,,0,,,,0,FALSE,FALSE,FALSE,,,,,,State Assembly Election (AE)
Tamil_Nadu,13,66,2026,5,4,0,1,ABISHEK. R,,Tamilaga Vettri Kazhagam,67961,0,,211743,233774,POLUR,GEN,TIRUVANNAMALAI,,16,90.58,32.1,no,227,0.11,3.44,,,0,TRUE,1,,0,,,,0,FALSE,FALSE,FALSE,,,,,,State Assembly Election (AE)
Tamil_Nadu,13,66,2026,5,4,0,2,SARAVANAN. P,,Desiya Murpokku Dravida Kazhagam,67734,0,,211743,233774,POLUR,GEN,TIRUVANNAMALAI,,16,90.58,31.99,no,6290,2.97,3.44,,,0,TRUE,1,,0,,,,0,FALSE,FALSE,FALSE,,,,,,State Assembly Election (AE)
Tamil_Nadu,13,66,2026,5,4,0,3,BASKARAN. C. R,,Pattali Makkal Katchi,61444,0,,211743,233774,POLUR,GEN,TIRUVANNAMALAI,,16,90.58,29.02,no,55019,25.98,3.44,,,0,TRUE,1,,0,,,,0,FALSE,FALSE,FALSE,,,,,,State Assembly Election (AE)
Tamil_Nadu,13,66,2026,5,4,0,4,UMADEVI. A,,Naam Tamilar Katchi,6425,0,,211743,233774,POLUR,GEN,TIRUVANNAMALAI,,16,90.58,3.03,yes,4751,2.24,3.44,,,0,TRUE,1,,0,,,,0,FALSE,FALSE,FALSE,,,,,,State Assembly Election (AE)
Tamil_Nadu,13,66,2026,5,4,0,5,PURUSOTHAMAN. M,,Independent,1674,0,,211743,233774,POLUR,GEN,TIRUVANNAMALAI,,16,90.58,0.79,yes,346,0.16,3.44,,,0,TRUE,1,,0,,,,0,FALSE,FALSE,FALSE,,,,,,State Assembly Election (AE)
Tamil_Nadu,13,66,2026,5,4,0,6,DHAVAMANI. P,,Anti Corruption Dynamic Party,1328,0,,211743,233774,POLUR,GEN,TIRUVANNAMALAI,,16,90.58,0.63,yes,358,0.17,3.44,,,0,TRUE,1,,0,,,,0,FALSE,FALSE,FALSE,,,,,,State Assembly Election (AE)
Tamil_Nadu,13,66,2026,5,4,0,7,SHANMUGAVELU. A,,Veerath Thiyagi Viswanathadoss Thozhilalarkal Katchi,970,0,,211743,233774,POLUR,GEN,TIRUVANNAMALAI,,16,90.58,0.46,yes,62,0.03,3.44,,,0,TRUE,1,,0,,,,0,FALSE,FALSE,FALSE,,,,,,State Assembly Election (AE)
Tamil_Nadu,13,66,2026,5,4,0,8,BASKARAN. C,,Independent,908,0,,211743,233774,POLUR,GEN,TIRUVANNAMALAI,,16,90.58,0.43,yes,39,0.02,3.44,,,0,TRUE,1,,0,,,,0,FALSE,FALSE,FALSE,,,,,,State Assembly Election (AE)
Tamil_Nadu,13,66,2026,5,4,0,9,BANUPRIYA. D,,Republican Party of India (Athawale),869,0,,211743,233774,POLUR,GEN,TIRUVANNAMALAI,,16,90.58,0.41,yes,71,0.03,3.44,,,0,TRUE,1,,0,,,,0,FALSE,FALSE,FALSE,,,,,,State Assembly Election (AE)
Tamil_Nadu,13,66,2026,5,4,0,10,None Of The Above,,None of the Above,798,0,,211743,233774,POLUR,GEN,TIRUVANNAMALAI,,16,90.58,0.38,yes,373,0.18,3.44,,,0,TRUE,1,,0,,,,0,FALSE,FALSE,FALSE,,,,,,State Assembly Election (AE)
Tamil_Nadu,13,66,2026,5,4,0,11,SUBHA. A,,Independent,425,0,,211743,233774,POLUR,GEN,TIRUVANNAMALAI,,16,90.58,0.2,yes,76,0.04,3.44,,,0,TRUE,1,,0,,,,0,FALSE,FALSE,FALSE,,,,,,State Assembly Election (AE)
Tamil_Nadu,13,66,2026,5,4,0,12,SARAVANAN. P,,Independent,349,0,,211743,233774,POLUR,GEN,TIRUVANNAMALAI,,16,90.58,0.16,yes,30,0.01,3.44,,,0,TRUE,1,,0,,,,0,FALSE,FALSE,FALSE,,,,,,State Assembly Election (AE)
Tamil_Nadu,13,66,2026,5,4,0,13,MANIKANDAN. R,,Aanaithinthiya Jananayaka Pathukappu Kazhagam,319,0,,211743,233774,POLUR,GEN,TIRUVANNAMALAI,,16,90.58,0.15,yes,68,0.03,3.44,,,0,TRUE,1,,0,,,,0,FALSE,FALSE,FALSE,,,,,,State Assembly Election (AE)
Tamil_Nadu,13,66,2026,5,4,0,14,SYED MUKRAM. R. N,,Tamizhaga Vaazhvurimai Katchi,251,0,,211743,233774,POLUR,GEN,TIRUVANNAMALAI,,16,90.58,0.12,yes,101,0.05,3.44,,,0,TRUE,1,,0,,,,0,FALSE,FALSE,FALSE,,,,,,State Assembly Election (AE)
Tamil_Nadu,13,66,2026,5,4,0,15,EZHIL ARASU. M M.A. L.L.M.,,Independent,150,0,,211743,233774,POLUR,GEN,TIRUVANNAMALAI,,16,90.58,0.07,yes,12,0.01,3.44,,,0,TRUE,1,,0,,,,0,FALSE,FALSE,FALSE,,,,,,State Assembly Election (AE)
Tamil_Nadu,13,66,2026,5,4,0,16,SARAVANAN. M,,Independent,138,0,,211743,233774,POLUR,GEN,TIRUVANNAMALAI,,16,90.58,0.07,yes,138,0.07,3.44,,,0,TRUE,1,,0,,,,0,FALSE,FALSE,FALSE,,,,,,State Assembly Election (AE)
Tamil_Nadu,13,67,2026,5,4,0,1,JAYASUDHA. L,,All India Anna Dravida Munnetra Kazhagam,76735,0,,230162,254963,ARANI,GEN,TIRUVANNAMALAI,,25,90.27,33.34,no,5631,2.45,3.31,,,0,TRUE,1,,0,,,,0,FALSE,FALSE,FALSE,,,,,,State Assembly Election (AE)
Tamil_Nadu,13,67,2026,5,4,0,2,MAHALAKSHMI GOVARTHANAN,,Dravida Munnetra Kazhagam,71104,0,,230162,254963,ARANI,GEN,TIRUVANNAMALAI,,25,90.27,30.89,no,247,0.11,3.31,,,0,TRUE,1,,0,,,,0,FALSE,FALSE,FALSE,,,,,,State Assembly Election (AE)
Tamil_Nadu,13,67,2026,5,4,0,3,VENKATESH KUMAR. D,,Tamilaga Vettri Kazhagam,70857,0,,230162,254963,ARANI,GEN,TIRUVANNAMALAI,,25,90.27,30.79,no,63969,27.79,3.31,,,0,TRUE,1,,0,,,,0,FALSE,FALSE,FALSE,,,,,,State Assembly Election (AE)
Tamil_Nadu,13,67,2026,5,4,0,4,DHAVAMANI. R,,Naam Tamilar Katchi,6888,0,,230162,254963,ARANI,GEN,TIRUVANNAMALAI,,25,90.27,2.99,yes,6181,2.69,3.31,,,0,TRUE,1,,0,,,,0,FALSE,FALSE,FALSE,,,,,,State Assembly Election (AE)
Tamil_Nadu,13,67,2026,5,4,0,5,None Of The Above,,None of the Above,707,0,,230162,254963,ARANI,GEN,TIRUVANNAMALAI,,25,90.27,0.31,yes,283,0.12,3.31,,,0,TRUE,1,,0,,,,0,FALSE,FALSE,FALSE,,,,,,State Assembly Election (AE)
Tamil_Nadu,13,67,2026,5,4,0,6,BASKARAN. S,,Independent,424,0,,230162,254963,ARANI,GEN,TIRUVANNAMALAI,,25,90.27,0.18,yes,37,0.02,3.31,,,0,TRUE,1,,0,,,,0,FALSE,FALSE,FALSE,,,,,,State Assembly Election (AE)
Tamil_Nadu,13,67,2026,5,4,0,7,DHAMOTHARAN. M,,Independent,387,0,,230162,254963,ARANI,GEN,TIRUVANNAMALAI,,25,90.27,0.17,yes,28,0.01,3.31,,,0,TRUE,1,,0,,,,0,FALSE,FALSE,FALSE,,,,,,State Assembly Election (AE)
Tamil_Nadu,13,67,2026,5,4,0,8,MAHALAKSHMI. G,,Independent,359,0,,230162,254963,ARANI,GEN,TIRUVANNAMALAI,,25,90.27,0.16,yes,1,0.0,3.31,,,0,TRUE,1,,0,,,,0,FALSE,FALSE,FALSE,,,,,,State Assembly Election (AE)
Tamil_Nadu,13,67,2026,5,4,0,9,GANAPATHY. S,,Thamizhaka Padaippalar Makkal Katchi,358,0,,230162,254963,ARANI,GEN,TIRUVANNAMALAI,,25,90.27,0.16,yes,66,0.03,3.31,,,0,TRUE,1,,0,,,,0,FALSE,FALSE,FALSE,,,,,,State Assembly Election (AE)
Tamil_Nadu,13,67,2026,5,4,0,10,KALAIMANI. V,,Aanaithinthiya Jananayaka Pathukappu Kazhagam,292,0,,230162,254963,ARANI,GEN,TIRUVANNAMALAI,,25,90.27,0.13,yes,35,0.02,3.31,,,0,TRUE,1,,0,,,,0,FALSE,FALSE,FALSE,,,,,,State Assembly Election (AE)
Tamil_Nadu,13,67,2026,5,4,0,11,SUDHA. S,,Independent,257,0,,230162,254963,ARANI,GEN,TIRUVANNAMALAI,,25,90.27,0.11,yes,28,0.01,3.31,,,0,TRUE,1,,0,,,,0,FALSE,FALSE,FALSE,,,,,,State Assembly Election (AE)
Tamil_Nadu,13,67,2026,5,4,0,12,SARAVANAN. S,,Independent,229,0,,230162,254963,ARANI,GEN,TIRUVANNAMALAI,,25,90.27,0.1,yes,27,0.01,3.31,,,0,TRUE,1,,0,,,,0,FALSE,FALSE,FALSE,,,,,,State Assembly Election (AE)
Tamil_Nadu,13,67,2026,5,4,0,13,SILAMBARASAN. C,,Independent,202,0,,230162,254963,ARANI,GEN,TIRUVANNAMALAI,,25,90.27,0.09,yes,18,0.01,3.31,,,0,TRUE,1,,0,,,,0,FALSE,FALSE,FALSE,,,,,,State Assembly Election (AE)
Tamil_Nadu,13,67,2026,5,4,0,14,SAKTHIVEL. S,,Independent,184,0,,230162,254963,ARANI,GEN,TIRUVANNAMALAI,,25,90.27,0.08,yes,6,0.0,3.31,,,0,TRUE,1,,0,,,,0,FALSE,FALSE,FALSE,,,,,,State Assembly Election (AE)
Tamil_Nadu,13,67,2026,5,4,0,15,SETHURAMA SASTHRI. G,,Independent,178,0,,230162,254963,ARANI,GEN,TIRUVANNAMALAI,,25,90.27,0.08,yes,14,0.01,3.31,,,0,TRUE,1,,0,,,,0,FALSE,FALSE,FALSE,,,,,,State Assembly Election (AE)
Tamil_Nadu,13,67,2026,5,4,0,16,TAMILMANNAN. D,,Samaniya Makkal Nala Katchi,164,0,,230162,254963,ARANI,GEN,TIRUVANNAMALAI,,25,90.27,0.07,yes,10,0.0,3.31,,,0,TRUE,1,,0,,,,0,FALSE,FALSE,FALSE,,,,,,State Assembly Election (AE)
Tamil_Nadu,13,67,2026,5,4,0,17,EKAMBARAM. V,,Independent,154,0,,230162,254963,ARANI,GEN,TIRUVANNAMALAI,,25,90.27,0.07,yes,11,0.0,3.31,,,0,TRUE,1,,0,,,,0,FALSE,FALSE,FALSE,,,,,,State Assembly Election (AE)
Tamil_Nadu,13,67,2026,5,4,0,18,SURESH. S,,Tamizhaga Vaazhvurimai Katchi,143,0,,230162,254963,ARANI,GEN,TIRUVANNAMALAI,,25,90.27,0.06,yes,26,0.01,3.31,,,0,TRUE,1,,0,,,,0,FALSE,FALSE,FALSE,,,,,,State Assembly Election (AE)
Tamil_Nadu,13,67,2026,5,4,0,19,MAHALAKSHMI. G,,Independent,117,0,,230162,254963,ARANI,GEN,TIRUVANNAMALAI,,25,90.27,0.05,yes,13,0.01,3.31,,,0,TRUE,1,,0,,,,0,FALSE,FALSE,FALSE,,,,,,State Assembly Election (AE)
Tamil_Nadu,13,67,2026,5,4,0,20,AMMU. V,,Independent,104,0,,230162,254963,ARANI,GEN,TIRUVANNAMALAI,,25,90.27,0.05,yes,14,0.01,3.31,,,0,TRUE,1,,0,,,,0,FALSE,FALSE,FALSE,,,,,,State Assembly Election (AE)
Tamil_Nadu,13,67,2026,5,4,0,21,JAYANTHI. M,,Independent,90,0,,230162,254963,ARANI,GEN,TIRUVANNAMALAI,,25,90.27,0.04,yes,22,0.01,3.31,,,0,TRUE,1,,0,,,,0,FALSE,FALSE,FALSE,,,,,,State Assembly Election (AE)
Tamil_Nadu,13,67,2026,5,4,0,22,SELVAKOTTI. E,,Veerath Thiyagi Viswanathadoss Thozhilalarkal Katchi,68,0,,230162,254963,ARANI,GEN,TIRUVANNAMALAI,,25,90.27,0.03,yes,8,0.0,3.31,,,0,TRUE,1,,0,,,,0,FALSE,FALSE,FALSE,,,,,,State Assembly Election (AE)
Tamil_Nadu,13,67,2026,5,4,0,23,JAYANTHI. E,,Independent,60,0,,230162,254963,ARANI,GEN,TIRUVANNAMALAI,,25,90.27,0.03,yes,7,0.0,3.31,,,0,TRUE,1,,0,,,,0,FALSE,FALSE,FALSE,,,,,,State Assembly Election (AE)
Tamil_Nadu,13,67,2026,5,4,0,24,VENKATESAN. P,,Independent,53,0,,230162,254963,ARANI,GEN,TIRUVANNAMALAI,,25,90.27,0.02,yes,5,0.0,3.31,,,0,TRUE,1,,0,,,,0,FALSE,FALSE,FALSE,,,,,,State Assembly Election (AE)
Tamil_Nadu,13,67,2026,5,4,0,25,VINOTH. A,,Independent,48,0,,230162,254963,ARANI,GEN,TIRUVANNAMALAI,,25,90.27,0.02,yes,48,0.02,3.31,,,0,TRUE,1,,0,,,,0,FALSE,FALSE,FALSE,,,,,,State Assembly Election (AE)
Tamil_Nadu,13,68,2026,5,4,0,1,MUKKUR N. SUBRAMANIAN,,All India Anna Dravida Munnetra Kazhagam,86680,0,,222570,239856,CHEYYAR,GEN,TIRUVANNAMALAI,,14,92.79,38.95,no,21081,9.47,3.21,,,0,TRUE,1,,0,,,,0,FALSE,FALSE,FALSE,,,,,,State Assembly Election (AE)
Tamil_Nadu,13,68,2026,5,4,0,2,DUSI K MOHAN,,Tamilaga Vettri Kazhagam,65599,0,,222570,239856,CHEYYAR,GEN,TIRUVANNAMALAI,,14,92.79,29.47,no,5705,2.56,3.21,,,0,TRUE,1,,0,,,,0,FALSE,FALSE,FALSE,,,,,,State Assembly Election (AE)
Tamil_Nadu,13,68,2026,5,4,0,3,JOTHI. O,,Dravida Munnetra Kazhagam,59894,0,,222570,239856,CHEYYAR,GEN,TIRUVANNAMALAI,,14,92.79,26.91,no,52851,23.75,3.21,,,0,TRUE,1,,0,,,,0,FALSE,FALSE,FALSE,,,,,,State Assembly Election (AE)
Tamil_Nadu,13,68,2026,5,4,0,4,TAMILSELVAN. M,,Naam Tamilar Katchi,7043,0,,222570,239856,CHEYYAR,GEN,TIRUVANNAMALAI,,14,92.79,3.16,yes,6093,2.74,3.21,,,0,TRUE,1,,0,,,,0,FALSE,FALSE,FALSE,,,,,,State Assembly Election (AE)
Tamil_Nadu,13,68,2026,5,4,0,5,None Of The Above,,None of the Above,950,0,,222570,239856,CHEYYAR,GEN,TIRUVANNAMALAI,,14,92.79,0.43,yes,549,0.25,3.21,,,0,TRUE,1,,0,,,,0,FALSE,FALSE,FALSE,,,,,,State Assembly Election (AE)
Tamil_Nadu,13,68,2026,5,4,0,6,KUTTIMANI. S,,Veerath Thiyagi Viswanathadoss Thozhilalarkal Katchi,401,0,,222570,239856,CHEYYAR,GEN,TIRUVANNAMALAI,,14,92.79,0.18,yes,7,0.0,3.21,,,0,TRUE,1,,0,,,,0,FALSE,FALSE,FALSE,,,,,,State Assembly Election (AE)
Tamil_Nadu,13,68,2026,5,4,0,7,MOHAN. R,,Independent,394,0,,222570,239856,CHEYYAR,GEN,TIRUVANNAMALAI,,14,92.79,0.18,yes,60,0.03,3.21,,,0,TRUE,1,,0,,,,0,FALSE,FALSE,FALSE,,,,,,State Assembly Election (AE)
Tamil_Nadu,13,68,2026,5,4,0,8,DURUGAN. M,,Vanchit Bahujan Aaghadi,334,0,,222570,239856,CHEYYAR,GEN,TIRUVANNAMALAI,,14,92.79,0.15,yes,14,0.01,3.21,,,0,TRUE,1,,0,,,,0,FALSE,FALSE,FALSE,,,,,,State Assembly Election (AE)
Tamil_Nadu,13,68,2026,5,4,0,9,ARJUNAN. M,,Independent,320,0,,222570,239856,CHEYYAR,GEN,TIRUVANNAMALAI,,14,92.79,0.14,yes,61,0.03,3.21,,,0,TRUE,1,,0,,,,0,FALSE,FALSE,FALSE,,,,,,State Assembly Election (AE)
Tamil_Nadu,13,68,2026,5,4,0,10,SRINIVASAN. K,,Aanaithinthiya Jananayaka Pathukappu Kazhagam,259,0,,222570,239856,CHEYYAR,GEN,TIRUVANNAMALAI,,14,92.79,0.12,yes,35,0.02,3.21,,,0,TRUE,1,,0,,,,0,FALSE,FALSE,FALSE,,,,,,State Assembly Election (AE)
Tamil_Nadu,13,68,2026,5,4,0,11,VENKATESAN. V,,Anaithindia Samudaya Munnetra Kazhagam,224,0,,222570,239856,CHEYYAR,GEN,TIRUVANNAMALAI,,14,92.79,0.1,yes,42,0.02,3.21,,,0,TRUE,1,,0,,,,0,FALSE,FALSE,FALSE,,,,,,State Assembly Election (AE)
Tamil_Nadu,13,68,2026,5,4,0,12,PALANI. M,,Tamizhaga Vaazhvurimai Katchi,182,0,,222570,239856,CHEYYAR,GEN,TIRUVANNAMALAI,,14,92.79,0.08,yes,37,0.02,3.21,,,0,TRUE,1,,0,,,,0,FALSE,FALSE,FALSE,,,,,,State Assembly Election (AE)
Tamil_Nadu,13,68,2026,5,4,0,13,CHANDRASEKARAN. M,,All India Jananayaka Makkal Kazhagam,145,0,,222570,239856,CHEYYAR,GEN,TIRUVANNAMALAI,,14,92.79,0.07,yes,0,0.0,3.21,,,0,TRUE,1,,0,,,,0,FALSE,FALSE,FALSE,,,,,,State Assembly Election (AE)
Tamil_Nadu,13,68,2026,5,4,0,14,RAGUPATHI. S,,Anti Corruption Dynamic Party,145,0,,222570,239856,CHEYYAR,GEN,TIRUVANNAMALAI,,14,92.79,0.07,yes,145,0.07,3.21,,,0,TRUE,1,,0,,,,0,FALSE,FALSE,FALSE,,,,,,State Assembly Election (AE)
Tamil_Nadu,13,69,2026,5,4,0,1,AMBETHKUMAR. S,,Dravida Munnetra Kazhagam,63805,0,,191204,213474,VANDAVASI,SC,TIRUVANNAMALAI,,16,89.57,33.37,no,3333,1.74,3.28,,,0,TRUE,1,,0,,,,0,FALSE,FALSE,FALSE,,,,,,State Assembly Election (AE)
Tamil_Nadu,13,69,2026,5,4,0,2,RANI. P,,All India Anna Dravida Munnetra Kazhagam,60472,0,,191204,213474,VANDAVASI,SC,TIRUVANNAMALAI,,16,89.57,31.63,no,2298,1.2,3.28,,,0,TRUE,1,,0,,,,0,FALSE,FALSE,FALSE,,,,,,State Assembly Election (AE)
Tamil_Nadu,13,69,2026,5,4,0,3,UDHAYAKUMAR. M,,Tamilaga Vettri Kazhagam,58174,0,,191204,213474,VANDAVASI,SC,TIRUVANNAMALAI,,16,89.57,30.43,no,52679,27.55,3.28,,,0,TRUE,1,,0,,,,0,FALSE,FALSE,FALSE,,,,,,State Assembly Election (AE)
Tamil_Nadu,13,69,2026,5,4,0,4,GANESH. R,,Naam Tamilar Katchi,5495,0,,191204,213474,VANDAVASI,SC,TIRUVANNAMALAI,,16,89.57,2.87,yes,4507,2.36,3.28,,,0,TRUE,1,,0,,,,0,FALSE,FALSE,FALSE,,,,,,State Assembly Election (AE)
Tamil_Nadu,13,69,2026,5,4,0,5,None Of The Above,,None of the Above,988,0,,191204,213474,VANDAVASI,SC,TIRUVANNAMALAI,,16,89.57,0.52,yes,314,0.16,3.28,,,0,TRUE,1,,0,,,,0,FALSE,FALSE,FALSE,,,,,,State Assembly Election (AE)
Tamil_Nadu,13,69,2026,5,4,0,6,RANI. A,,Independent,674,0,,191204,213474,VANDAVASI,SC,TIRUVANNAMALAI,,16,89.57,0.35,yes,343,0.18,3.28,,,0,TRUE,1,,0,,,,0,FALSE,FALSE,FALSE,,,,,,State Assembly Election (AE)
Tamil_Nadu,13,69,2026,5,4,0,7,JAISANKAR. M,,Independent,331,0,,191204,213474,VANDAVASI,SC,TIRUVANNAMALAI,,16,89.57,0.17,yes,69,0.04,3.28,,,0,TRUE,1,,0,,,,0,FALSE,FALSE,FALSE,,,,,,State Assembly Election (AE)
Tamil_Nadu,13,69,2026,5,4,0,8,PONNAMBALAM. P,,Independent,262,0,,191204,213474,VANDAVASI,SC,TIRUVANNAMALAI,,16,89.57,0.14,yes,10,0.01,3.28,,,0,TRUE,1,,0,,,,0,FALSE,FALSE,FALSE,,,,,,State Assembly Election (AE)
Tamil_Nadu,13,69,2026,5,4,0,9,THAMARAI SELVI. S,,Tamizhaga Vaazhvurimai Katchi,252,0,,191204,213474,VANDAVASI,SC,TIRUVANNAMALAI,,16,89.57,0.13,yes,65,0.03,3.28,,,0,TRUE,1,,0,,,,0,FALSE,FALSE,FALSE,,,,,,State Assembly Election (AE)
Tamil_Nadu,13,69,2026,5,4,0,10,UDHAYAKUMAR. N,,Independent,187,0,,191204,213474,VANDAVASI,SC,TIRUVANNAMALAI,,16,89.57,0.1,yes,63,0.03,3.28,,,0,TRUE,1,,0,,,,0,FALSE,FALSE,FALSE,,,,,,State Assembly Election (AE)
Tamil_Nadu,13,69,2026,5,4,0,11,MUTHUPERUMAL. K,,Aanaithinthiya Jananayaka Pathukappu Kazhagam,124,0,,191204,213474,VANDAVASI,SC,TIRUVANNAMALAI,,16,89.57,0.06,yes,3,0.0,3.28,,,0,TRUE,1,,0,,,,0,FALSE,FALSE,FALSE,,,,,,State Assembly Election (AE)
Tamil_Nadu,13,69,2026,5,4,0,12,KANNIYAPPAN. S,,Independent,121,0,,191204,213474,VANDAVASI,SC,TIRUVANNAMALAI,,16,89.57,0.06,yes,8,0.0,3.28,,,0,TRUE,1,,0,,,,0,FALSE,FALSE,FALSE,,,,,,State Assembly Election (AE)
Tamil_Nadu,13,69,2026,5,4,0,13,MUTHUSELVAM. V,,Anti Corruption Dynamic Party,113,0,,191204,213474,VANDAVASI,SC,TIRUVANNAMALAI,,16,89.57,0.06,yes,9,0.0,3.28,,,0,TRUE,1,,0,,,,0,FALSE,FALSE,FALSE,,,,,,State Assembly Election (AE)
Tamil_Nadu,13,69,2026,5,4,0,14,AMBEDKAR. T,,Independent,104,0,,191204,213474,VANDAVASI,SC,TIRUVANNAMALAI,,16,89.57,0.05,yes,43,0.02,3.28,,,0,TRUE,1,,0,,,,0,FALSE,FALSE,FALSE,,,,,,State Assembly Election (AE)
Tamil_Nadu,13,69,2026,5,4,0,15,RAKESH SHARMA. R,,Thakkam Katchi,61,0,,191204,213474,VANDAVASI,SC,TIRUVANNAMALAI,,16,89.57,0.03,yes,20,0.01,3.28,,,0,TRUE,1,,0,,,,0,FALSE,FALSE,FALSE,,,,,,State Assembly Election (AE)
Tamil_Nadu,13,69,2026,5,4,0,16,ARJUNAN. M,,Independent,41,0,,191204,213474,VANDAVASI,SC,TIRUVANNAMALAI,,16,89.57,0.02,yes,41,0.02,3.28,,,0,TRUE,1,,0,,,,0,FALSE,FALSE,FALSE,,,,,,State Assembly Election (AE)
Tamil_Nadu,13,70,2026,5,4,0,1,GANESHKUMAR A,,Pattali Makkal Katchi,78201,0,,216652,242667,GINGEE,GEN,VILLUPPURAM,,20,89.28,36.1,no,12645,5.84,3.29,,,0,TRUE,1,,0,,,,0,FALSE,FALSE,FALSE,,,,,,State Assembly Election (AE)
Tamil_Nadu,13,70,2026,5,4,0,2,GINGEE MASTHAN K S,,Dravida Munnetra Kazhagam,65556,0,,216652,242667,GINGEE,GEN,VILLUPPURAM,,20,89.28,30.26,no,3947,1.82,3.29,,,0,TRUE,1,,0,,,,0,FALSE,FALSE,FALSE,,,,,,State Assembly Election (AE)
Tamil_Nadu,13,70,2026,5,4,0,3,CHANDRASEKARAN B,,Tamilaga Vettri Kazhagam,61609,0,,216652,242667,GINGEE,GEN,VILLUPPURAM,,20,89.28,28.44,no,55238,25.5,3.29,,,0,TRUE,1,,0,,,,0,FALSE,FALSE,FALSE,,,,,,State Assembly Election (AE)
Tamil_Nadu,13,70,2026,5,4,0,4,ADVOCATE KRISHNAN E,,Naam Tamilar Katchi,6371,0,,216652,242667,GINGEE,GEN,VILLUPPURAM,,20,89.28,2.94,yes,5863,2.71,3.29,,,0,TRUE,1,,0,,,,0,FALSE,FALSE,FALSE,,,,,,State Assembly Election (AE)
Tamil_Nadu,13,70,2026,5,4,0,5,None Of The Above,,None of the Above,508,0,,216652,242667,GINGEE,GEN,VILLUPPURAM,,20,89.28,0.23,yes,25,0.01,3.29,,,0,TRUE,1,,0,,,,0,FALSE,FALSE,FALSE,,,,,,State Assembly Election (AE)
Tamil_Nadu,13,70,2026,5,4,0,6,RAMESH R,,Independent,483,0,,216652,242667,GINGEE,GEN,VILLUPPURAM,,20,89.28,0.22,yes,48,0.02,3.29,,,0,TRUE,1,,0,,,,0,FALSE,FALSE,FALSE,,,,,,State Assembly Election (AE)
Tamil_Nadu,13,70,2026,5,4,0,7,MUNUSAMY A,,Independent,435,0,,216652,242667,GINGEE,GEN,VILLUPPURAM,,20,89.28,0.2,yes,3,0.0,3.29,,,0,TRUE,1,,0,,,,0,FALSE,FALSE,FALSE,,,,,,State Assembly Election (AE)
Tamil_Nadu,13,70,2026,5,4,0,8,SAKTHIVEL A,,Thakkam Katchi,432,0,,216652,242667,GINGEE,GEN,VILLUPPURAM,,20,89.28,0.2,yes,1,0.0,3.29,,,0,TRUE,1,,0,,,,0,FALSE,FALSE,FALSE,,,,,,State Assembly Election (AE)
Tamil_Nadu,13,70,2026,5,4,0,9,PRABAKARAN M,,Independent,431,0,,216652,242667,GINGEE,GEN,VILLUPPURAM,,20,89.28,0.2,yes,11,0.01,3.29,,,0,TRUE,1,,0,,,,0,FALSE,FALSE,FALSE,,,,,,State Assembly Election (AE)
Tamil_Nadu,13,70,2026,5,4,0,10,RASANAYAGAM N,,Tamizhaga Vaazhvurimai Katchi,420,0,,216652,242667,GINGEE,GEN,VILLUPPURAM,,20,89.28,0.19,yes,9,0.0,3.29,,,0,TRUE,1,,0,,,,0,FALSE,FALSE,FALSE,,,,,,State Assembly Election (AE)
Tamil_Nadu,13,70,2026,5,4,0,11,POYYATHAPPAN K,,Independent,411,0,,216652,242667,GINGEE,GEN,VILLUPPURAM,,20,89.28,0.19,yes,30,0.01,3.29,,,0,TRUE,1,,0,,,,0,FALSE,FALSE,FALSE,,,,,,State Assembly Election (AE)
Tamil_Nadu,13,70,2026,5,4,0,12,RANGARAJAN E,,Bahujan Samaj Party,381,0,,216652,242667,GINGEE,GEN,VILLUPPURAM,,20,89.28,0.18,yes,62,0.03,3.29,,,0,TRUE,1,,0,,,,0,FALSE,FALSE,FALSE,,,,,,State Assembly Election (AE)
Tamil_Nadu,13,70,2026,5,4,0,13,DEVENDIRAN M,,Independent,319,0,,216652,242667,GINGEE,GEN,VILLUPPURAM,,20,89.28,0.15,yes,34,0.02,3.29,,,0,TRUE,1,,0,,,,0,FALSE,FALSE,FALSE,,,,,,State Assembly Election (AE)
Tamil_Nadu,13,70,2026,5,4,0,14,PERUMAL N,,Aanaithinthiya Jananayaka Pathukappu Kazhagam,285,0,,216652,242667,GINGEE,GEN,VILLUPPURAM,,20,89.28,0.13,yes,111,0.05,3.29,,,0,TRUE,1,,0,,,,0,FALSE,FALSE,FALSE,,,,,,State Assembly Election (AE)
Tamil_Nadu,13,70,2026,5,4,0,15,THANIGAIMALAI R,,Anti Corruption Dynamic Party,174,0,,216652,242667,GINGEE,GEN,VILLUPPURAM,,20,89.28,0.08,yes,14,0.01,3.29,,,0,TRUE,1,,0,,,,0,FALSE,FALSE,FALSE,,,,,,State Assembly Election (AE)
Tamil_Nadu,13,70,2026,5,4,0,16,SRIDHAR G,,Independent,160,0,,216652,242667,GINGEE,GEN,VILLUPPURAM,,20,89.28,0.07,yes,7,0.0,3.29,,,0,TRUE,1,,0,,,,0,FALSE,FALSE,FALSE,,,,,,State Assembly Election (AE)
Tamil_Nadu,13,70,2026,5,4,0,17,MOHAN A,,Independent,153,0,,216652,242667,GINGEE,GEN,VILLUPPURAM,,20,89.28,0.07,yes,25,0.01,3.29,,,0,TRUE,1,,0,,,,0,FALSE,FALSE,FALSE,,,,,,State Assembly Election (AE)
Tamil_Nadu,13,70,2026,5,4,0,18,MOHAMMAD SIDDIQ M H,,Veerath Thiyagi Viswanathadoss Thozhilalarkal Katchi,128,0,,216652,242667,GINGEE,GEN,VILLUPPURAM,,20,89.28,0.06,yes,15,0.01,3.29,,,0,TRUE,1,,0,,,,0,FALSE,FALSE,FALSE,,,,,,State Assembly Election (AE)
Tamil_Nadu,13,70,2026,5,4,0,19,GOKULRAJ S,,Independent,113,0,,216652,242667,GINGEE,GEN,VILLUPPURAM,,20,89.28,0.05,yes,31,0.01,3.29,,,0,TRUE,1,,0,,,,0,FALSE,FALSE,FALSE,,,,,,State Assembly Election (AE)
Tamil_Nadu,13,70,2026,5,4,0,20,BANUKUMAR R,,Independent,82,0,,216652,242667,GINGEE,GEN,VILLUPPURAM,,20,89.28,0.04,yes,82,0.04,3.29,,,0,TRUE,1,,0,,,,0,FALSE,FALSE,FALSE,,,,,,State Assembly Election (AE)
Tamil_Nadu,13,71,2026,5,4,0,1,SHANMUGAM C VE,,All India Anna Dravida Munnetra Kazhagam,82353,0,,189221,209016,MAILAM,GEN,VILLUPPURAM,,22,90.53,43.52,no,30041,15.88,3.07,,,0,TRUE,1,,0,,,,0,FALSE,FALSE,FALSE,,,,,,State Assembly Election (AE)
Tamil_Nadu,13,71,2026,5,4,0,2,VIJAY NIRANJAN A,,Tamilaga Vettri Kazhagam,52312,0,,189221,209016,MAILAM,GEN,VILLUPPURAM,,22,90.53,27.65,no,6045,3.19,3.07,,,0,TRUE,1,,0,,,,0,FALSE,FALSE,FALSE,,,,,,State Assembly Election (AE)
Tamil_Nadu,13,71,2026,5,4,0,3,VENKATESAN L,,Desiya Murpokku Dravida Kazhagam,46267,0,,189221,209016,MAILAM,GEN,VILLUPPURAM,,22,90.53,24.45,no,41884,22.13,3.07,,,0,TRUE,1,,0,,,,0,FALSE,FALSE,FALSE,,,,,,State Assembly Election (AE)
Tamil_Nadu,13,71,2026,5,4,0,4,VIDJAIVIKRAM S,,Naam Tamilar Katchi,4383,0,,189221,209016,MAILAM,GEN,VILLUPPURAM,,22,90.53,2.32,yes,3831,2.02,3.07,,,0,TRUE,1,,0,,,,0,FALSE,FALSE,FALSE,,,,,,State Assembly Election (AE)
Tamil_Nadu,13,71,2026,5,4,0,5,SIVA S,,Independent,552,0,,189221,209016,MAILAM,GEN,VILLUPPURAM,,22,90.53,0.29,yes,15,0.01,3.07,,,0,TRUE,1,,0,,,,0,FALSE,FALSE,FALSE,,,,,,State Assembly Election (AE)
Tamil_Nadu,13,71,2026,5,4,0,6,GOPU V S,,Independent,537,0,,189221,209016,MAILAM,GEN,VILLUPPURAM,,22,90.53,0.28,yes,172,0.09,3.07,,,0,TRUE,1,,0,,,,0,FALSE,FALSE,FALSE,,,,,,State Assembly Election (AE)
Tamil_Nadu,13,71,2026,5,4,0,7,RANJITH KUMAR  M,,Bahujan Samaj Party,365,0,,189221,209016,MAILAM,GEN,VILLUPPURAM,,22,90.53,0.19,yes,8,0.0,3.07,,,0,TRUE,1,,0,,,,0,FALSE,FALSE,FALSE,,,,,,State Assembly Election (AE)
Tamil_Nadu,13,71,2026,5,4,0,8,RANJITHA V,,Independent,357,0,,189221,209016,MAILAM,GEN,VILLUPPURAM,,22,90.53,0.19,yes,25,0.01,3.07,,,0,TRUE,1,,0,,,,0,FALSE,FALSE,FALSE,,,,,,State Assembly Election (AE)
Tamil_Nadu,13,71,2026,5,4,0,9,VINOTH R,,Thakkam Katchi,332,0,,189221,209016,MAILAM,GEN,VILLUPPURAM,,22,90.53,0.18,yes,33,0.02,3.07,,,0,TRUE,1,,0,,,,0,FALSE,FALSE,FALSE,,,,,,State Assembly Election (AE)
Tamil_Nadu,13,71,2026,5,4,0,10,None Of The Above,,None of the Above,299,0,,189221,209016,MAILAM,GEN,VILLUPPURAM,,22,90.53,0.16,yes,35,0.02,3.07,,,0,TRUE,1,,0,,,,0,FALSE,FALSE,FALSE,,,,,,State Assembly Election (AE)
Tamil_Nadu,13,71,2026,5,4,0,11,AYYANAR N,,Anti Corruption Dynamic Party,264,0,,189221,209016,MAILAM,GEN,VILLUPPURAM,,22,90.53,0.14,yes,12,0.01,3.07,,,0,TRUE,1,,0,,,,0,FALSE,FALSE,FALSE,,,,,,State Assembly Election (AE)
Tamil_Nadu,13,71,2026,5,4,0,12,TAMIZHARASAN M,,Independent,252,0,,189221,209016,MAILAM,GEN,VILLUPPURAM,,22,90.53,0.13,yes,54,0.03,3.07,,,0,TRUE,1,,0,,,,0,FALSE,FALSE,FALSE,,,,,,State Assembly Election (AE)
Tamil_Nadu,13,71,2026,5,4,0,13,KRISHNAMURTHY K,,Independent,198,0,,189221,209016,MAILAM,GEN,VILLUPPURAM,,22,90.53,0.1,yes,65,0.03,3.07,,,0,TRUE,1,,0,,,,0,FALSE,FALSE,FALSE,,,,,,State Assembly Election (AE)
Tamil_Nadu,13,71,2026,5,4,0,14,SUNDAR C,,Independent,133,0,,189221,209016,MAILAM,GEN,VILLUPPURAM,,22,90.53,0.07,yes,12,0.01,3.07,,,0,TRUE,1,,0,,,,0,FALSE,FALSE,FALSE,,,,,,State Assembly Election (AE)
Tamil_Nadu,13,71,2026,5,4,0,15,ANANDHABABU M,,Tamizhaga Vaazhvurimai Katchi,121,0,,189221,209016,MAILAM,GEN,VILLUPPURAM,,22,90.53,0.06,yes,24,0.01,3.07,,,0,TRUE,1,,0,,,,0,FALSE,FALSE,FALSE,,,,,,State Assembly Election (AE)
Tamil_Nadu,13,71,2026,5,4,0,16,VIJAYAGANTH K,,Independent,97,0,,189221,209016,MAILAM,GEN,VILLUPPURAM,,22,90.53,0.05,yes,4,0.0,3.07,,,0,TRUE,1,,0,,,,0,FALSE,FALSE,FALSE,,,,,,State Assembly Election (AE)
Tamil_Nadu,13,71,2026,5,4,0,17,MANAVALAN A,,Anna MGR Dravida Makkal Kalgam,93,0,,189221,209016,MAILAM,GEN,VILLUPPURAM,,22,90.53,0.05,yes,1,0.0,3.07,,,0,TRUE,1,,0,,,,0,FALSE,FALSE,FALSE,,,,,,State Assembly Election (AE)
Tamil_Nadu,13,71,2026,5,4,0,18,KARVANNAN K,,Independent,92,0,,189221,209016,MAILAM,GEN,VILLUPPURAM,,22,90.53,0.05,yes,10,0.01,3.07,,,0,TRUE,1,,0,,,,0,FALSE,FALSE,FALSE,,,,,,State Assembly Election (AE)
Tamil_Nadu,13,71,2026,5,4,0,19,SURESH KUMAR S,,Indhia Kudiarasu Katchi,82,0,,189221,209016,MAILAM,GEN,VILLUPPURAM,,22,90.53,0.04,yes,23,0.01,3.07,,,0,TRUE,1,,0,,,,0,FALSE,FALSE,FALSE,,,,,,State Assembly Election (AE)
Tamil_Nadu,13,71,2026,5,4,0,20,SEKAR NAYAKAR I M,,All India Puratchi Thalaivar Makkal Munnettra Kazhagam,59,0,,189221,209016,MAILAM,GEN,VILLUPPURAM,,22,90.53,0.03,yes,12,0.01,3.07,,,0,TRUE,1,,0,,,,0,FALSE,FALSE,FALSE,,,,,,State Assembly Election (AE)
Tamil_Nadu,13,71,2026,5,4,0,21,PURUSHOTHAMAN K,,Desiya Makkal Sakthi Katchi,47,0,,189221,209016,MAILAM,GEN,VILLUPPURAM,,22,90.53,0.02,yes,21,0.01,3.07,,,0,TRUE,1,,0,,,,0,FALSE,FALSE,FALSE,,,,,,State Assembly Election (AE)
Tamil_Nadu,13,71,2026,5,4,0,22,DIVYA P,,Naam Indiar Party,26,0,,189221,209016,MAILAM,GEN,VILLUPPURAM,,22,90.53,0.01,yes,26,0.01,3.07,,,0,TRUE,1,,0,,,,0,FALSE,FALSE,FALSE,,,,,,State Assembly Election (AE)
Tamil_Nadu,13,72,2026,5,4,0,1,VANNI ARASU,,Viduthalai Chiruthaigal Katchi,63833,0,,196026,219256,TINDIVANAM,SC,VILLUPPURAM,,15,89.41,32.56,no,734,0.37,3.25,,,0,TRUE,1,,0,,,,0,FALSE,FALSE,FALSE,,,,,,State Assembly Election (AE)
Tamil_Nadu,13,72,2026,5,4,0,2,ARJUNAN. P,,All India Anna Dravida Munnetra Kazhagam,63099,0,,196026,219256,TINDIVANAM,SC,VILLUPPURAM,,15,89.41,32.19,no,1940,0.99,3.25,,,0,TRUE,1,,0,,,,0,FALSE,FALSE,FALSE,,,,,,State Assembly Election (AE)
Tamil_Nadu,13,72,2026,5,4,0,3,SAKTHIVEL. S,,Tamilaga Vettri Kazhagam,61159,0,,196026,219256,TINDIVANAM,SC,VILLUPPURAM,,15,89.41,31.2,no,55917,28.53,3.25,,,0,TRUE,1,,0,,,,0,FALSE,FALSE,FALSE,,,,,,State Assembly Election (AE)
Tamil_Nadu,13,72,2026,5,4,0,4,PACHIMUTHU. P,,Naam Tamilar Katchi,5242,0,,196026,219256,TINDIVANAM,SC,VILLUPPURAM,,15,89.41,2.67,yes,4528,2.31,3.25,,,0,TRUE,1,,0,,,,0,FALSE,FALSE,FALSE,,,,,,State Assembly Election (AE)
Tamil_Nadu,13,72,2026,5,4,0,5,None Of The Above,,None of the Above,714,0,,196026,219256,TINDIVANAM,SC,VILLUPPURAM,,15,89.41,0.36,yes,279,0.14,3.25,,,0,TRUE,1,,0,,,,0,FALSE,FALSE,FALSE,,,,,,State Assembly Election (AE)
Tamil_Nadu,13,72,2026,5,4,0,6,VINOTH. S,,Independent,435,0,,196026,219256,TINDIVANAM,SC,VILLUPPURAM,,15,89.41,0.22,yes,13,0.01,3.25,,,0,TRUE,1,,0,,,,0,FALSE,FALSE,FALSE,,,,,,State Assembly Election (AE)
Tamil_Nadu,13,72,2026,5,4,0,7,VENKATACHALAPATHY. A,,Bahujan Samaj Party,422,0,,196026,219256,TINDIVANAM,SC,VILLUPPURAM,,15,89.41,0.22,yes,214,0.11,3.25,,,0,TRUE,1,,0,,,,0,FALSE,FALSE,FALSE,,,,,,State Assembly Election (AE)
Tamil_Nadu,13,72,2026,5,4,0,8,VISWANATHAN. S.A,,Independent,208,0,,196026,219256,TINDIVANAM,SC,VILLUPPURAM,,15,89.41,0.11,yes,7,0.0,3.25,,,0,TRUE,1,,0,,,,0,FALSE,FALSE,FALSE,,,,,,State Assembly Election (AE)
Tamil_Nadu,13,72,2026,5,4,0,9,MOHAN. A,,MAKKAL SAKTHI KATCHI,201,0,,196026,219256,TINDIVANAM,SC,VILLUPPURAM,,15,89.41,0.1,yes,2,0.0,3.25,,,0,TRUE,1,,0,,,,0,FALSE,FALSE,FALSE,,,,,,State Assembly Election (AE)
Tamil_Nadu,13,72,2026,5,4,0,10,PON.SIVAKUMAR,,Independent,199,0,,196026,219256,TINDIVANAM,SC,VILLUPPURAM,,15,89.41,0.1,yes,1,0.0,3.25,,,0,TRUE,1,,0,,,,0,FALSE,FALSE,FALSE,,,,,,State Assembly Election (AE)
Tamil_Nadu,13,72,2026,5,4,0,11,DEVAKUMARAN. E,,Independent,198,0,,196026,219256,TINDIVANAM,SC,VILLUPPURAM,,15,89.41,0.1,yes,99,0.05,3.25,,,0,TRUE,1,,0,,,,0,FALSE,FALSE,FALSE,,,,,,State Assembly Election (AE)
Tamil_Nadu,13,72,2026,5,4,0,12,CHANDARAN. A,,Independent,99,0,,196026,219256,TINDIVANAM,SC,VILLUPPURAM,,15,89.41,0.05,yes,21,0.01,3.25,,,0,TRUE,1,,0,,,,0,FALSE,FALSE,FALSE,,,,,,State Assembly Election (AE)
Tamil_Nadu,13,72,2026,5,4,0,13,DURKALI. N,,Independent,78,0,,196026,219256,TINDIVANAM,SC,VILLUPPURAM,,15,89.41,0.04,yes,4,0.0,3.25,,,0,TRUE,1,,0,,,,0,FALSE,FALSE,FALSE,,,,,,State Assembly Election (AE)
Tamil_Nadu,13,72,2026,5,4,0,14,VANJINATHAN. C,,Tamizhaga Vaazhvurimai Katchi,74,0,,196026,219256,TINDIVANAM,SC,VILLUPPURAM,,15,89.41,0.04,yes,9,0.0,3.25,,,0,TRUE,1,,0,,,,0,FALSE,FALSE,FALSE,,,,,,State Assembly Election (AE)
Tamil_Nadu,13,72,2026,5,4,0,15,RAMNESHWARAN. V,,Thakkam Katchi,65,0,,196026,219256,TINDIVANAM,SC,VILLUPPURAM,,15,89.41,0.03,yes,65,0.03,3.25,,,0,TRUE,1,,0,,,,0,FALSE,FALSE,FALSE,,,,,,State Assembly Election (AE)
Tamil_Nadu,13,73,2026,5,4,0,1,GOWTHAM D,,Dravida Munnetra Kazhagam,68873,0,,192119,209824,VANUR,SC,VILLUPPURAM,,16,91.56,35.85,no,7034,3.66,3.2,,,0,TRUE,1,,0,,,,0,FALSE,FALSE,FALSE,,,,,,State Assembly Election (AE)
Tamil_Nadu,13,73,2026,5,4,0,2,SURESH P,,Tamilaga Vettri Kazhagam,61839,0,,192119,209824,VANUR,SC,VILLUPPURAM,,16,91.56,32.19,no,7646,3.98,3.2,,,0,TRUE,1,,0,,,,0,FALSE,FALSE,FALSE,,,,,,State Assembly Election (AE)
Tamil_Nadu,13,73,2026,5,4,0,3,MURUGAN P,,All India Anna Dravida Munnetra Kazhagam,54193,0,,192119,209824,VANUR,SC,VILLUPPURAM,,16,91.56,28.21,no,49496,25.76,3.2,,,0,TRUE,1,,0,,,,0,FALSE,FALSE,FALSE,,,,,,State Assembly Election (AE)
Tamil_Nadu,13,73,2026,5,4,0,4,KARIKALAN B,,Naam Tamilar Katchi,4697,0,,192119,209824,VANUR,SC,VILLUPPURAM,,16,91.56,2.44,yes,4125,2.15,3.2,,,0,TRUE,1,,0,,,,0,FALSE,FALSE,FALSE,,,,,,State Assembly Election (AE)
Tamil_Nadu,13,73,2026,5,4,0,5,VETRIVEL G,,Independent,572,0,,192119,209824,VANUR,SC,VILLUPPURAM,,16,91.56,0.3,yes,53,0.03,3.2,,,0,TRUE,1,,0,,,,0,FALSE,FALSE,FALSE,,,,,,State Assembly Election (AE)
Tamil_Nadu,13,73,2026,5,4,0,6,None Of The Above,,None of the Above,519,0,,192119,209824,VANUR,SC,VILLUPPURAM,,16,91.56,0.27,yes,234,0.12,3.2,,,0,TRUE,1,,0,,,,0,FALSE,FALSE,FALSE,,,,,,State Assembly Election (AE)
Tamil_Nadu,13,73,2026,5,4,0,7,SAKTHIVEL S,,Tamizhaga Vaazhvurimai Katchi,285,0,,192119,209824,VANUR,SC,VILLUPPURAM,,16,91.56,0.15,yes,20,0.01,3.2,,,0,TRUE,1,,0,,,,0,FALSE,FALSE,FALSE,,,,,,State Assembly Election (AE)
Tamil_Nadu,13,73,2026,5,4,0,8,VINAYAGAMOORTHY M,,Bahujan Samaj Party,265,0,,192119,209824,VANUR,SC,VILLUPPURAM,,16,91.56,0.14,yes,68,0.04,3.2,,,0,TRUE,1,,0,,,,0,FALSE,FALSE,FALSE,,,,,,State Assembly Election (AE)
Tamil_Nadu,13,73,2026,5,4,0,9,RADHIKA S,,Independent,197,0,,192119,209824,VANUR,SC,VILLUPPURAM,,16,91.56,0.1,yes,25,0.01,3.2,,,0,TRUE,1,,0,,,,0,FALSE,FALSE,FALSE,,,,,,State Assembly Election (AE)
Tamil_Nadu,13,73,2026,5,4,0,10,SATHYARAMAN P,,Independent,172,0,,192119,209824,VANUR,SC,VILLUPPURAM,,16,91.56,0.09,yes,60,0.03,3.2,,,0,TRUE,1,,0,,,,0,FALSE,FALSE,FALSE,,,,,,State Assembly Election (AE)
Tamil_Nadu,13,73,2026,5,4,0,11,SIVAKUMAR R,,Independent,112,0,,192119,209824,VANUR,SC,VILLUPPURAM,,16,91.56,0.06,yes,17,0.01,3.2,,,0,TRUE,1,,0,,,,0,FALSE,FALSE,FALSE,,,,,,State Assembly Election (AE)
Tamil_Nadu,13,73,2026,5,4,0,12,ANANDAKUMAR P M,,Thakkam Katchi,95,0,,192119,209824,VANUR,SC,VILLUPPURAM,,16,91.56,0.05,yes,2,0.0,3.2,,,0,TRUE,1,,0,,,,0,FALSE,FALSE,FALSE,,,,,,State Assembly Election (AE)
Tamil_Nadu,13,73,2026,5,4,0,13,AYYANAR E,,Independent,93,0,,192119,209824,VANUR,SC,VILLUPPURAM,,16,91.56,0.05,yes,10,0.01,3.2,,,0,TRUE,1,,0,,,,0,FALSE,FALSE,FALSE,,,,,,State Assembly Election (AE)
Tamil_Nadu,13,73,2026,5,4,0,14,MURALI M,,Independent,83,0,,192119,209824,VANUR,SC,VILLUPPURAM,,16,91.56,0.04,yes,15,0.01,3.2,,,0,TRUE,1,,0,,,,0,FALSE,FALSE,FALSE,,,,,,State Assembly Election (AE)
Tamil_Nadu,13,73,2026,5,4,0,15,SURESH C V,,Independent,68,0,,192119,209824,VANUR,SC,VILLUPPURAM,,16,91.56,0.04,yes,12,0.01,3.2,,,0,TRUE,1,,0,,,,0,FALSE,FALSE,FALSE,,,,,,State Assembly Election (AE)
Tamil_Nadu,13,73,2026,5,4,0,16,THANGARASU N,,Independent,56,0,,192119,209824,VANUR,SC,VILLUPPURAM,,16,91.56,0.03,yes,56,0.03,3.2,,,0,TRUE,1,,0,,,,0,FALSE,FALSE,FALSE,,,,,,State Assembly Election (AE)
Tamil_Nadu,13,74,2026,5,4,0,1,LAKSHMANAN R,,Dravida Munnetra Kazhagam,72982,0,,215422,245899,VILUPPURAM,GEN,VILLUPPURAM,,25,87.61,33.88,no,4119,1.91,3.27,,,0,TRUE,1,,0,,,,0,FALSE,FALSE,FALSE,,,,,,State Assembly Election (AE)
Tamil_Nadu,13,74,2026,5,4,0,2,MOHANRAJ N,,Tamilaga Vettri Kazhagam,68863,0,,215422,245899,VILUPPURAM,GEN,VILLUPPURAM,,25,87.61,31.97,no,5055,2.35,3.27,,,0,TRUE,1,,0,,,,0,FALSE,FALSE,FALSE,,,,,,State Assembly Election (AE)
Tamil_Nadu,13,74,2026,5,4,0,3,VIJAYASURESHBABU,,All India Anna Dravida Munnetra Kazhagam,63808,0,,215422,245899,VILUPPURAM,GEN,VILLUPPURAM,,25,87.61,29.62,no,58022,26.93,3.27,,,0,TRUE,1,,0,,,,0,FALSE,FALSE,FALSE,,,,,,State Assembly Election (AE)
Tamil_Nadu,13,74,2026,5,4,0,4,ABINAYA PONNIVALAVAN,,Naam Tamilar Katchi,5786,0,,215422,245899,VILUPPURAM,GEN,VILLUPPURAM,,25,87.61,2.69,yes,5213,2.42,3.27,,,0,TRUE,1,,0,,,,0,FALSE,FALSE,FALSE,,,,,,State Assembly Election (AE)
Tamil_Nadu,13,74,2026,5,4,0,5,None Of The Above,,None of the Above,573,0,,215422,245899,VILUPPURAM,GEN,VILLUPPURAM,,25,87.61,0.27,yes,133,0.06,3.27,,,0,TRUE,1,,0,,,,0,FALSE,FALSE,FALSE,,,,,,State Assembly Election (AE)
Tamil_Nadu,13,74,2026,5,4,0,6,KUMARAN R,,Tamizhaga Vaazhvurimai Katchi,440,0,,215422,245899,VILUPPURAM,GEN,VILLUPPURAM,,25,87.61,0.2,yes,50,0.02,3.27,,,0,TRUE,1,,0,,,,0,FALSE,FALSE,FALSE,,,,,,State Assembly Election (AE)
Tamil_Nadu,13,74,2026,5,4,0,7,MURUGAN S,,Bahujan Samaj Party,390,0,,215422,245899,VILUPPURAM,GEN,VILLUPPURAM,,25,87.61,0.18,yes,108,0.05,3.27,,,0,TRUE,1,,0,,,,0,FALSE,FALSE,FALSE,,,,,,State Assembly Election (AE)
Tamil_Nadu,13,74,2026,5,4,0,8,MOHAMED ALI JINNA M,,Independent,282,0,,215422,245899,VILUPPURAM,GEN,VILLUPPURAM,,25,87.61,0.13,yes,5,0.0,3.27,,,0,TRUE,1,,0,,,,0,FALSE,FALSE,FALSE,,,,,,State Assembly Election (AE)
Tamil_Nadu,13,74,2026,5,4,0,9,RAGHUL R,,Independent,277,0,,215422,245899,VILUPPURAM,GEN,VILLUPPURAM,,25,87.61,0.13,yes,34,0.02,3.27,,,0,TRUE,1,,0,,,,0,FALSE,FALSE,FALSE,,,,,,State Assembly Election (AE)
Tamil_Nadu,13,74,2026,5,4,0,10,LAKSHMANAN R,,Independent,243,0,,215422,245899,VILUPPURAM,GEN,VILLUPPURAM,,25,87.61,0.11,yes,12,0.01,3.27,,,0,TRUE,1,,0,,,,0,FALSE,FALSE,FALSE,,,,,,State Assembly Election (AE)
Tamil_Nadu,13,74,2026,5,4,0,11,NAGARAJAN P,,Veerath Thiyagi Viswanathadoss Thozhilalarkal Katchi,231,0,,215422,245899,VILUPPURAM,GEN,VILLUPPURAM,,25,87.61,0.11,yes,56,0.03,3.27,,,0,TRUE,1,,0,,,,0,FALSE,FALSE,FALSE,,,,,,State Assembly Election (AE)
Tamil_Nadu,13,74,2026,5,4,0,12,LAKSHMANAN R,,Independent,175,0,,215422,245899,VILUPPURAM,GEN,VILLUPPURAM,,25,87.61,0.08,yes,3,0.0,3.27,,,0,TRUE,1,,0,,,,0,FALSE,FALSE,FALSE,,,,,,State Assembly Election (AE)
Tamil_Nadu,13,74,2026,5,4,0,13,RAJKUMAR S,,Independent,172,0,,215422,245899,VILUPPURAM,GEN,VILLUPPURAM,,25,87.61,0.08,yes,22,0.01,3.27,,,0,TRUE,1,,0,,,,0,FALSE,FALSE,FALSE,,,,,,State Assembly Election (AE)
Tamil_Nadu,13,74,2026,5,4,0,14,ARUMUGAM M,,Independent,150,0,,215422,245899,VILUPPURAM,GEN,VILLUPPURAM,,25,87.61,0.07,yes,2,0.0,3.27,,,0,TRUE,1,,0,,,,0,FALSE,FALSE,FALSE,,,,,,State Assembly Election (AE)
Tamil_Nadu,13,74,2026,5,4,0,15,LAKSHMANAN K,,Independent,148,0,,215422,245899,VILUPPURAM,GEN,VILLUPPURAM,,25,87.61,0.07,yes,6,0.0,3.27,,,0,TRUE,1,,0,,,,0,FALSE,FALSE,FALSE,,,,,,State Assembly Election (AE)
Tamil_Nadu,13,74,2026,5,4,0,16,RAYAR K,,Independent,142,0,,215422,245899,VILUPPURAM,GEN,VILLUPPURAM,,25,87.61,0.07,yes,1,0.0,3.27,,,0,TRUE,1,,0,,,,0,FALSE,FALSE,FALSE,,,,,,State Assembly Election (AE)
Tamil_Nadu,13,74,2026,5,4,0,17,VIJAYA M,,Independent,141,0,,215422,245899,VILUPPURAM,GEN,VILLUPPURAM,,25,87.61,0.07,yes,41,0.02,3.27,,,0,TRUE,1,,0,,,,0,FALSE,FALSE,FALSE,,,,,,State Assembly Election (AE)
Tamil_Nadu,13,74,2026,5,4,0,18,VIJAYA D,,Independent,100,0,,215422,245899,VILUPPURAM,GEN,VILLUPPURAM,,25,87.61,0.05,yes,6,0.0,3.27,,,0,TRUE,1,,0,,,,0,FALSE,FALSE,FALSE,,,,,,State Assembly Election (AE)
Tamil_Nadu,13,74,2026,5,4,0,19,RAMAN K,,Independent,94,0,,215422,245899,VILUPPURAM,GEN,VILLUPPURAM,,25,87.61,0.04,yes,1,0.0,3.27,,,0,TRUE,1,,0,,,,0,FALSE,FALSE,FALSE,,,,,,State Assembly Election (AE)
Tamil_Nadu,13,74,2026,5,4,0,20,VIJAYA M,,Independent,93,0,,215422,245899,VILUPPURAM,GEN,VILLUPPURAM,,25,87.61,0.04,yes,9,0.0,3.27,,,0,TRUE,1,,0,,,,0,FALSE,FALSE,FALSE,,,,,,State Assembly Election (AE)
Tamil_Nadu,13,74,2026,5,4,0,21,PRAVEEN KUMAR R,,Independent,84,0,,215422,245899,VILUPPURAM,GEN,VILLUPPURAM,,25,87.61,0.04,yes,7,0.0,3.27,,,0,TRUE,1,,0,,,,0,FALSE,FALSE,FALSE,,,,,,State Assembly Election (AE)
Tamil_Nadu,13,74,2026,5,4,0,22,BALAMURUGAN N,,Independent,77,0,,215422,245899,VILUPPURAM,GEN,VILLUPPURAM,,25,87.61,0.04,yes,14,0.01,3.27,,,0,TRUE,1,,0,,,,0,FALSE,FALSE,FALSE,,,,,,State Assembly Election (AE)
Tamil_Nadu,13,74,2026,5,4,0,23,AKBAR ALI P,,Independent,63,0,,215422,245899,VILUPPURAM,GEN,VILLUPPURAM,,25,87.61,0.03,yes,1,0.0,3.27,,,0,TRUE,1,,0,,,,0,FALSE,FALSE,FALSE,,,,,,State Assembly Election (AE)
Tamil_Nadu,13,74,2026,5,4,0,24,MOHAN C,,Independent,62,0,,215422,245899,VILUPPURAM,GEN,VILLUPPURAM,,25,87.61,0.03,yes,16,0.01,3.27,,,0,TRUE,1,,0,,,,0,FALSE,FALSE,FALSE,,,,,,State Assembly Election (AE)
Tamil_Nadu,13,74,2026,5,4,0,25,VIJAYA K,,Independent,46,0,,215422,245899,VILUPPURAM,GEN,VILLUPPURAM,,25,87.61,0.02,yes,46,0.02,3.27,,,0,TRUE,1,,0,,,,0,FALSE,FALSE,FALSE,,,,,,State Assembly Election (AE)
Tamil_Nadu,13,75,2026,5,4,0,1,SIVAKUMAR C,,Pattali Makkal Katchi,69727,0,,209231,228995,VIKRAVANDI,GEN,VILLUPPURAM,,25,91.37,33.33,no,910,0.43,3.28,,,0,TRUE,1,,0,,,,0,FALSE,FALSE,FALSE,,,,,,State Assembly Election (AE)
Tamil_Nadu,13,75,2026,5,4,0,2,VIJAI VADIVEL A,,Tamilaga Vettri Kazhagam,68817,0,,209231,228995,VIKRAVANDI,GEN,VILLUPPURAM,,25,91.37,32.89,no,7876,3.76,3.28,,,0,TRUE,1,,0,,,,0,FALSE,FALSE,FALSE,,,,,,State Assembly Election (AE)
Tamil_Nadu,13,75,2026,5,4,0,3,ANNIYUR SIVA @ SIVASHANMUGAM A,,Dravida Munnetra Kazhagam,60941,0,,209231,228995,VIKRAVANDI,GEN,VILLUPPURAM,,25,91.37,29.13,no,55962,26.75,3.28,,,0,TRUE,1,,0,,,,0,FALSE,FALSE,FALSE,,,,,,State Assembly Election (AE)
Tamil_Nadu,13,75,2026,5,4,0,4,SUBHA CHANDRASEKARAN A,,Naam Tamilar Katchi,4979,0,,209231,228995,VIKRAVANDI,GEN,VILLUPPURAM,,25,91.37,2.38,yes,4387,2.1,3.28,,,0,TRUE,1,,0,,,,0,FALSE,FALSE,FALSE,,,,,,State Assembly Election (AE)
Tamil_Nadu,13,75,2026,5,4,0,5,SETTU C,,Tamizhaga Vaazhvurimai Katchi,592,0,,209231,228995,VIKRAVANDI,GEN,VILLUPPURAM,,25,91.37,0.28,yes,137,0.07,3.28,,,0,TRUE,1,,0,,,,0,FALSE,FALSE,FALSE,,,,,,State Assembly Election (AE)
Tamil_Nadu,13,75,2026,5,4,0,6,SIVAKUMAR S,,Independent,455,0,,209231,228995,VIKRAVANDI,GEN,VILLUPPURAM,,25,91.37,0.22,yes,13,0.01,3.28,,,0,TRUE,1,,0,,,,0,FALSE,FALSE,FALSE,,,,,,State Assembly Election (AE)
Tamil_Nadu,13,75,2026,5,4,0,7,INBARASAN G,,Bahujan Samaj Party,442,0,,209231,228995,VIKRAVANDI,GEN,VILLUPPURAM,,25,91.37,0.21,yes,10,0.0,3.28,,,0,TRUE,1,,0,,,,0,FALSE,FALSE,FALSE,,,,,,State Assembly Election (AE)
Tamil_Nadu,13,75,2026,5,4,0,8,SANMUGAM B,,Independent,432,0,,209231,228995,VIKRAVANDI,GEN,VILLUPPURAM,,25,91.37,0.21,yes,31,0.01,3.28,,,0,TRUE,1,,0,,,,0,FALSE,FALSE,FALSE,,,,,,State Assembly Election (AE)
Tamil_Nadu,13,75,2026,5,4,0,9,None Of The Above,,None of the Above,401,0,,209231,228995,VIKRAVANDI,GEN,VILLUPPURAM,,25,91.37,0.19,yes,59,0.03,3.28,,,0,TRUE,1,,0,,,,0,FALSE,FALSE,FALSE,,,,,,State Assembly Election (AE)
Tamil_Nadu,13,75,2026,5,4,0,10,RAMACHANDRAN P,,Anti Corruption Dynamic Party,342,0,,209231,228995,VIKRAVANDI,GEN,VILLUPPURAM,,25,91.37,0.16,yes,54,0.03,3.28,,,0,TRUE,1,,0,,,,0,FALSE,FALSE,FALSE,,,,,,State Assembly Election (AE)
Tamil_Nadu,13,75,2026,5,4,0,11,TAMILSELVAN D,,Independent,288,0,,209231,228995,VIKRAVANDI,GEN,VILLUPPURAM,,25,91.37,0.14,yes,44,0.02,3.28,,,0,TRUE,1,,0,,,,0,FALSE,FALSE,FALSE,,,,,,State Assembly Election (AE)
Tamil_Nadu,13,75,2026,5,4,0,12,SHANMUGAM P,,Independent,244,0,,209231,228995,VIKRAVANDI,GEN,VILLUPPURAM,,25,91.37,0.12,yes,39,0.02,3.28,,,0,TRUE,1,,0,,,,0,FALSE,FALSE,FALSE,,,,,,State Assembly Election (AE)
Tamil_Nadu,13,75,2026,5,4,0,13,GOKUL RAJ B,,Independent,205,0,,209231,228995,VIKRAVANDI,GEN,VILLUPPURAM,,25,91.37,0.1,yes,11,0.01,3.28,,,0,TRUE,1,,0,,,,0,FALSE,FALSE,FALSE,,,,,,State Assembly Election (AE)
Tamil_Nadu,13,75,2026,5,4,0,14,STALIN D,,Aanaithinthiya Jananayaka Pathukappu Kazhagam,194,0,,209231,228995,VIKRAVANDI,GEN,VILLUPPURAM,,25,91.37,0.09,yes,36,0.02,3.28,,,0,TRUE,1,,0,,,,0,FALSE,FALSE,FALSE,,,,,,State Assembly Election (AE)
Tamil_Nadu,13,75,2026,5,4,0,15,SHANMUGAM R,,Independent,158,0,,209231,228995,VIKRAVANDI,GEN,VILLUPPURAM,,25,91.37,0.08,yes,4,0.0,3.28,,,0,TRUE,1,,0,,,,0,FALSE,FALSE,FALSE,,,,,,State Assembly Election (AE)
Tamil_Nadu,13,75,2026,5,4,0,16,SELVAKUMAR S,,Independent,154,0,,209231,228995,VIKRAVANDI,GEN,VILLUPPURAM,,25,91.37,0.07,yes,13,0.01,3.28,,,0,TRUE,1,,0,,,,0,FALSE,FALSE,FALSE,,,,,,State Assembly Election (AE)
Tamil_Nadu,13,75,2026,5,4,0,17,BACKIYALAKSHMI C,,Thakkam Katchi,141,0,,209231,228995,VIKRAVANDI,GEN,VILLUPPURAM,,25,91.37,0.07,yes,14,0.01,3.28,,,0,TRUE,1,,0,,,,0,FALSE,FALSE,FALSE,,,,,,State Assembly Election (AE)
Tamil_Nadu,13,75,2026,5,4,0,18,RAJARAM M,,Independent,127,0,,209231,228995,VIKRAVANDI,GEN,VILLUPPURAM,,25,91.37,0.06,yes,12,0.01,3.28,,,0,TRUE,1,,0,,,,0,FALSE,FALSE,FALSE,,,,,,State Assembly Election (AE)
Tamil_Nadu,13,75,2026,5,4,0,19,YEASURAJA M,,Independent,115,0,,209231,228995,VIKRAVANDI,GEN,VILLUPPURAM,,25,91.37,0.05,yes,11,0.01,3.28,,,0,TRUE,1,,0,,,,0,FALSE,FALSE,FALSE,,,,,,State Assembly Election (AE)
Tamil_Nadu,13,75,2026,5,4,0,20,SAKTHIVEL A,,Independent,104,0,,209231,228995,VIKRAVANDI,GEN,VILLUPPURAM,,25,91.37,0.05,yes,1,0.0,3.28,,,0,TRUE,1,,0,,,,0,FALSE,FALSE,FALSE,,,,,,State Assembly Election (AE)
Tamil_Nadu,13,75,2026,5,4,0,21,THAMIZHVENGAI KA,,Desiya Makkal Sakthi Katchi,103,0,,209231,228995,VIKRAVANDI,GEN,VILLUPPURAM,,25,91.37,0.05,yes,27,0.01,3.28,,,0,TRUE,1,,0,,,,0,FALSE,FALSE,FALSE,,,,,,State Assembly Election (AE)
Tamil_Nadu,13,75,2026,5,4,0,22,MURUGAN C,,Independent,76,0,,209231,228995,VIKRAVANDI,GEN,VILLUPPURAM,,25,91.37,0.04,yes,5,0.0,3.28,,,0,TRUE,1,,0,,,,0,FALSE,FALSE,FALSE,,,,,,State Assembly Election (AE)
Tamil_Nadu,13,75,2026,5,4,0,23,MOHAMMAD SIDDIQ M H,,Veerath Thiyagi Viswanathadoss Thozhilalarkal Katchi,71,0,,209231,228995,VIKRAVANDI,GEN,VILLUPPURAM,,25,91.37,0.03,yes,3,0.0,3.28,,,0,TRUE,1,,0,,,,0,FALSE,FALSE,FALSE,,,,,,State Assembly Election (AE)
Tamil_Nadu,13,75,2026,5,4,0,24,RAMACHANDRAN A,,Independent,68,0,,209231,228995,VIKRAVANDI,GEN,VILLUPPURAM,,25,91.37,0.03,yes,13,0.01,3.28,,,0,TRUE,1,,0,,,,0,FALSE,FALSE,FALSE,,,,,,State Assembly Election (AE)
Tamil_Nadu,13,75,2026,5,4,0,25,PRABHAKARAN D,,Independent,55,0,,209231,228995,VIKRAVANDI,GEN,VILLUPPURAM,,25,91.37,0.03,yes,55,0.03,3.28,,,0,TRUE,1,,0,,,,0,FALSE,FALSE,FALSE,,,,,,State Assembly Election (AE)
Tamil_Nadu,13,76,2026,5,4,0,1,PALANISAMY S,,All India Anna Dravida Munnetra Kazhagam,73033,0,,217318,243105,TIRUKKOYILUR,GEN,VILLUPPURAM,,16,89.39,33.61,no,285,0.13,3.24,,,0,TRUE,1,,0,,,,0,FALSE,FALSE,FALSE,,,,,,State Assembly Election (AE)
Tamil_Nadu,13,76,2026,5,4,0,2,VIJAY R BARANIBALAAJI,,Tamilaga Vettri Kazhagam,72748,0,,217318,243105,TIRUKKOYILUR,GEN,VILLUPPURAM,,16,89.39,33.48,no,10296,4.74,3.24,,,0,TRUE,1,,0,,,,0,FALSE,FALSE,FALSE,,,,,,State Assembly Election (AE)
Tamil_Nadu,13,76,2026,5,4,0,3,DR PON GAUTHAMSIGAMANI,,Dravida Munnetra Kazhagam,62452,0,,217318,243105,TIRUKKOYILUR,GEN,VILLUPPURAM,,16,89.39,28.74,no,56661,26.07,3.24,,,0,TRUE,1,,0,,,,0,FALSE,FALSE,FALSE,,,,,,State Assembly Election (AE)
Tamil_Nadu,13,76,2026,5,4,0,4,HEMARAJAN K,,Naam Tamilar Katchi,5791,0,,217318,243105,TIRUKKOYILUR,GEN,VILLUPPURAM,,16,89.39,2.66,yes,5202,2.39,3.24,,,0,TRUE,1,,0,,,,0,FALSE,FALSE,FALSE,,,,,,State Assembly Election (AE)
Tamil_Nadu,13,76,2026,5,4,0,5,RAMAKRISHNAN M,,Independent,589,0,,217318,243105,TIRUKKOYILUR,GEN,VILLUPPURAM,,16,89.39,0.27,yes,18,0.01,3.24,,,0,TRUE,1,,0,,,,0,FALSE,FALSE,FALSE,,,,,,State Assembly Election (AE)
Tamil_Nadu,13,76,2026,5,4,0,6,VIJAYAMOORTHI E,,Independent,571,0,,217318,243105,TIRUKKOYILUR,GEN,VILLUPPURAM,,16,89.39,0.26,yes,71,0.03,3.24,,,0,TRUE,1,,0,,,,0,FALSE,FALSE,FALSE,,,,,,State Assembly Election (AE)
Tamil_Nadu,13,76,2026,5,4,0,7,None Of The Above,,None of the Above,500,0,,217318,243105,TIRUKKOYILUR,GEN,VILLUPPURAM,,16,89.39,0.23,yes,126,0.06,3.24,,,0,TRUE,1,,0,,,,0,FALSE,FALSE,FALSE,,,,,,State Assembly Election (AE)
Tamil_Nadu,13,76,2026,5,4,0,8,GOVINDHAKANNAN M,,Bahujan Samaj Party,374,0,,217318,243105,TIRUKKOYILUR,GEN,VILLUPPURAM,,16,89.39,0.17,yes,62,0.03,3.24,,,0,TRUE,1,,0,,,,0,FALSE,FALSE,FALSE,,,,,,State Assembly Election (AE)
Tamil_Nadu,13,76,2026,5,4,0,9,TAMILSELVAM R,,Tamizhaga Vaazhvurimai Katchi,312,0,,217318,243105,TIRUKKOYILUR,GEN,VILLUPPURAM,,16,89.39,0.14,yes,107,0.05,3.24,,,0,TRUE,1,,0,,,,0,FALSE,FALSE,FALSE,,,,,,State Assembly Election (AE)
Tamil_Nadu,13,76,2026,5,4,0,10,RAVICHANDRAN G,,Independent,205,0,,217318,243105,TIRUKKOYILUR,GEN,VILLUPPURAM,,16,89.39,0.09,yes,13,0.01,3.24,,,0,TRUE,1,,0,,,,0,FALSE,FALSE,FALSE,,,,,,State Assembly Election (AE)
Tamil_Nadu,13,76,2026,5,4,0,11,GOWTHAM S,,Independent,192,0,,217318,243105,TIRUKKOYILUR,GEN,VILLUPPURAM,,16,89.39,0.09,yes,56,0.03,3.24,,,0,TRUE,1,,0,,,,0,FALSE,FALSE,FALSE,,,,,,State Assembly Election (AE)
Tamil_Nadu,13,76,2026,5,4,0,12,EDWIN ABINESH A,,Independent,136,0,,217318,243105,TIRUKKOYILUR,GEN,VILLUPPURAM,,16,89.39,0.06,yes,4,0.0,3.24,,,0,TRUE,1,,0,,,,0,FALSE,FALSE,FALSE,,,,,,State Assembly Election (AE)
Tamil_Nadu,13,76,2026,5,4,0,13,PRABHAKARAN V J,,Independent,132,0,,217318,243105,TIRUKKOYILUR,GEN,VILLUPPURAM,,16,89.39,0.06,yes,24,0.01,3.24,,,0,TRUE,1,,0,,,,0,FALSE,FALSE,FALSE,,,,,,State Assembly Election (AE)
Tamil_Nadu,13,76,2026,5,4,0,14,SELVAM K,,Veerath Thiyagi Viswanathadoss Thozhilalarkal Katchi,108,0,,217318,243105,TIRUKKOYILUR,GEN,VILLUPPURAM,,16,89.39,0.05,yes,14,0.01,3.24,,,0,TRUE,1,,0,,,,0,FALSE,FALSE,FALSE,,,,,,State Assembly Election (AE)
Tamil_Nadu,13,76,2026,5,4,0,15,PALANISAMY E,,Independent,94,0,,217318,243105,TIRUKKOYILUR,GEN,VILLUPPURAM,,16,89.39,0.04,yes,13,0.01,3.24,,,0,TRUE,1,,0,,,,0,FALSE,FALSE,FALSE,,,,,,State Assembly Election (AE)
Tamil_Nadu,13,76,2026,5,4,0,16,KARTHICK S,,Independent,81,0,,217318,243105,TIRUKKOYILUR,GEN,VILLUPPURAM,,16,89.39,0.04,yes,81,0.04,3.24,,,0,TRUE,1,,0,,,,0,FALSE,FALSE,FALSE,,,,,,State Assembly Election (AE)
Tamil_Nadu,13,77,2026,5,4,0,1,VASANTHAVEL G R,,Dravida Munnetra Kazhagam,98471,0,,271002,300699,ULUNDURPETTAI,GEN,KALLAKURICHI,,15,90.12,36.34,no,2277,0.84,3.14,,,0,TRUE,1,,0,,,,0,FALSE,FALSE,FALSE,,,,,,State Assembly Election (AE)
Tamil_Nadu,13,77,2026,5,4,0,2,KUMARAGURU R,,All India Anna Dravida Munnetra Kazhagam,96194,0,,271002,300699,ULUNDURPETTAI,GEN,KALLAKURICHI,,15,90.12,35.5,no,29986,11.06,3.14,,,0,TRUE,1,,0,,,,0,FALSE,FALSE,FALSE,,,,,,State Assembly Election (AE)
Tamil_Nadu,13,77,2026,5,4,0,3,SUDHAKAR M,,Tamilaga Vettri Kazhagam,66208,0,,271002,300699,ULUNDURPETTAI,GEN,KALLAKURICHI,,15,90.12,24.43,no,59683,22.02,3.14,,,0,TRUE,1,,0,,,,0,FALSE,FALSE,FALSE,,,,,,State Assembly Election (AE)
Tamil_Nadu,13,77,2026,5,4,0,4,LOGESHWARI S,,Naam Tamilar Katchi,6525,0,,271002,300699,ULUNDURPETTAI,GEN,KALLAKURICHI,,15,90.12,2.41,yes,5474,2.02,3.14,,,0,TRUE,1,,0,,,,0,FALSE,FALSE,FALSE,,,,,,State Assembly Election (AE)
Tamil_Nadu,13,77,2026,5,4,0,5,None Of The Above,,None of the Above,1051,0,,271002,300699,ULUNDURPETTAI,GEN,KALLAKURICHI,,15,90.12,0.39,yes,409,0.15,3.14,,,0,TRUE,1,,0,,,,0,FALSE,FALSE,FALSE,,,,,,State Assembly Election (AE)
Tamil_Nadu,13,77,2026,5,4,0,6,MANIKANDAN P,,Independent,642,0,,271002,300699,ULUNDURPETTAI,GEN,KALLAKURICHI,,15,90.12,0.24,yes,52,0.02,3.14,,,0,TRUE,1,,0,,,,0,FALSE,FALSE,FALSE,,,,,,State Assembly Election (AE)
Tamil_Nadu,13,77,2026,5,4,0,7,UDHAYAKUMAR R,,All India Puratchi Thalaivar Makkal Munnettra Kazhagam,590,0,,271002,300699,ULUNDURPETTAI,GEN,KALLAKURICHI,,15,90.12,0.22,yes,308,0.11,3.14,,,0,TRUE,1,,0,,,,0,FALSE,FALSE,FALSE,,,,,,State Assembly Election (AE)
Tamil_Nadu,13,77,2026,5,4,0,8,KRISHNAMOORTHY V,,Independent,282,0,,271002,300699,ULUNDURPETTAI,GEN,KALLAKURICHI,,15,90.12,0.1,yes,31,0.01,3.14,,,0,TRUE,1,,0,,,,0,FALSE,FALSE,FALSE,,,,,,State Assembly Election (AE)
Tamil_Nadu,13,77,2026,5,4,0,9,RAMAKRISHNAN R,,Independent,251,0,,271002,300699,ULUNDURPETTAI,GEN,KALLAKURICHI,,15,90.12,0.09,yes,34,0.01,3.14,,,0,TRUE,1,,0,,,,0,FALSE,FALSE,FALSE,,,,,,State Assembly Election (AE)
Tamil_Nadu,13,77,2026,5,4,0,10,SENTHIL P,,Independent,217,0,,271002,300699,ULUNDURPETTAI,GEN,KALLAKURICHI,,15,90.12,0.08,yes,47,0.02,3.14,,,0,TRUE,1,,0,,,,0,FALSE,FALSE,FALSE,,,,,,State Assembly Election (AE)
Tamil_Nadu,13,77,2026,5,4,0,11,PARTHIBAN V,,Independent,170,0,,271002,300699,ULUNDURPETTAI,GEN,KALLAKURICHI,,15,90.12,0.06,yes,30,0.01,3.14,,,0,TRUE,1,,0,,,,0,FALSE,FALSE,FALSE,,,,,,State Assembly Election (AE)
Tamil_Nadu,13,77,2026,5,4,0,12,BALAKRISHNAN K,,Anna Makkal Katchi,140,0,,271002,300699,ULUNDURPETTAI,GEN,KALLAKURICHI,,15,90.12,0.05,yes,30,0.01,3.14,,,0,TRUE,1,,0,,,,0,FALSE,FALSE,FALSE,,,,,,State Assembly Election (AE)
Tamil_Nadu,13,77,2026,5,4,0,13,SASIKUMAR N,,Independent,110,0,,271002,300699,ULUNDURPETTAI,GEN,KALLAKURICHI,,15,90.12,0.04,yes,32,0.01,3.14,,,0,TRUE,1,,0,,,,0,FALSE,FALSE,FALSE,,,,,,State Assembly Election (AE)
Tamil_Nadu,13,77,2026,5,4,0,14,SANKAR S,,Independent,78,0,,271002,300699,ULUNDURPETTAI,GEN,KALLAKURICHI,,15,90.12,0.03,yes,5,0.0,3.14,,,0,TRUE,1,,0,,,,0,FALSE,FALSE,FALSE,,,,,,State Assembly Election (AE)
Tamil_Nadu,13,77,2026,5,4,0,15,ARASAN K,,Independent,73,0,,271002,300699,ULUNDURPETTAI,GEN,KALLAKURICHI,,15,90.12,0.03,yes,73,0.03,3.14,,,0,TRUE,1,,0,,,,0,FALSE,FALSE,FALSE,,,,,,State Assembly Election (AE)
Tamil_Nadu,13,78,2026,5,4,0,1,KARTHIKEYAN K,,Dravida Munnetra Kazhagam,89711,0,,244795,273571,RISHIVANDIYAM,GEN,KALLAKURICHI,,26,89.48,36.65,no,4862,1.99,3.24,,,0,TRUE,1,,0,,,,0,FALSE,FALSE,FALSE,,,,,,State Assembly Election (AE)
Tamil_Nadu,13,78,2026,5,4,0,2,ASHOK KUMAR G,,Tamilaga Vettri Kazhagam,84849,0,,244795,273571,RISHIVANDIYAM,GEN,KALLAKURICHI,,26,89.48,34.66,no,28361,11.59,3.24,,,0,TRUE,1,,0,,,,0,FALSE,FALSE,FALSE,,,,,,State Assembly Election (AE)
Tamil_Nadu,13,78,2026,5,4,0,3,CHEZHIYAN P,,Pattali Makkal Katchi,56488,0,,244795,273571,RISHIVANDIYAM,GEN,KALLAKURICHI,,26,89.48,23.08,no,49241,20.12,3.24,,,0,TRUE,1,,0,,,,0,FALSE,FALSE,FALSE,,,,,,State Assembly Election (AE)
Tamil_Nadu,13,78,2026,5,4,0,4,RADHIKA P,,Naam Tamilar Katchi,7247,0,,244795,273571,RISHIVANDIYAM,GEN,KALLAKURICHI,,26,89.48,2.96,yes,6176,2.52,3.24,,,0,TRUE,1,,0,,,,0,FALSE,FALSE,FALSE,,,,,,State Assembly Election (AE)
Tamil_Nadu,13,78,2026,5,4,0,5,SENTHIKUMAR V N,,Independent,1071,0,,244795,273571,RISHIVANDIYAM,GEN,KALLAKURICHI,,26,89.48,0.44,yes,271,0.11,3.24,,,0,TRUE,1,,0,,,,0,FALSE,FALSE,FALSE,,,,,,State Assembly Election (AE)
Tamil_Nadu,13,78,2026,5,4,0,6,SELVARAJ P,,Independent,800,0,,244795,273571,RISHIVANDIYAM,GEN,KALLAKURICHI,,26,89.48,0.33,yes,222,0.09,3.24,,,0,TRUE,1,,0,,,,0,FALSE,FALSE,FALSE,,,,,,State Assembly Election (AE)
Tamil_Nadu,13,78,2026,5,4,0,7,BALAKRISHNAN A,,Bahujan Samaj Party,578,0,,244795,273571,RISHIVANDIYAM,GEN,KALLAKURICHI,,26,89.48,0.24,yes,44,0.02,3.24,,,0,TRUE,1,,0,,,,0,FALSE,FALSE,FALSE,,,,,,State Assembly Election (AE)
Tamil_Nadu,13,78,2026,5,4,0,8,None Of The Above,,None of the Above,534,0,,244795,273571,RISHIVANDIYAM,GEN,KALLAKURICHI,,26,89.48,0.22,yes,76,0.03,3.24,,,0,TRUE,1,,0,,,,0,FALSE,FALSE,FALSE,,,,,,State Assembly Election (AE)
Tamil_Nadu,13,78,2026,5,4,0,9,ANBUMURUGAN S,,Independent,458,0,,244795,273571,RISHIVANDIYAM,GEN,KALLAKURICHI,,26,89.48,0.19,yes,136,0.06,3.24,,,0,TRUE,1,,0,,,,0,FALSE,FALSE,FALSE,,,,,,State Assembly Election (AE)
Tamil_Nadu,13,78,2026,5,4,0,10,SEVVANTHA G K,,Anna Makkal Katchi,322,0,,244795,273571,RISHIVANDIYAM,GEN,KALLAKURICHI,,26,89.48,0.13,yes,20,0.01,3.24,,,0,TRUE,1,,0,,,,0,FALSE,FALSE,FALSE,,,,,,State Assembly Election (AE)
Tamil_Nadu,13,78,2026,5,4,0,11,RANGANATHAN N,,All India Puratchi Thalaivar Makkal Munnettra Kazhagam,302,0,,244795,273571,RISHIVANDIYAM,GEN,KALLAKURICHI,,26,89.48,0.12,yes,11,0.0,3.24,,,0,TRUE,1,,0,,,,0,FALSE,FALSE,FALSE,,,,,,State Assembly Election (AE)
Tamil_Nadu,13,78,2026,5,4,0,12,ARUMUGAM G,,Parivartan Rajniti Party,291,0,,244795,273571,RISHIVANDIYAM,GEN,KALLAKURICHI,,26,89.48,0.12,yes,40,0.02,3.24,,,0,TRUE,1,,0,,,,0,FALSE,FALSE,FALSE,,,,,,State Assembly Election (AE)
Tamil_Nadu,13,78,2026,5,4,0,13,VENKATRAMAN J,,Naadaalum Makkal Katchi,251,0,,244795,273571,RISHIVANDIYAM,GEN,KALLAKURICHI,,26,89.48,0.1,yes,7,0.0,3.24,,,0,TRUE,1,,0,,,,0,FALSE,FALSE,FALSE,,,,,,State Assembly Election (AE)
Tamil_Nadu,13,78,2026,5,4,0,14,KARTHIKEYAN A,,Independent,244,0,,244795,273571,RISHIVANDIYAM,GEN,KALLAKURICHI,,26,89.48,0.1,yes,3,0.0,3.24,,,0,TRUE,1,,0,,,,0,FALSE,FALSE,FALSE,,,,,,State Assembly Election (AE)
Tamil_Nadu,13,78,2026,5,4,0,15,MANIKANDAN C,,Independent,241,0,,244795,273571,RISHIVANDIYAM,GEN,KALLAKURICHI,,26,89.48,0.1,yes,33,0.01,3.24,,,0,TRUE,1,,0,,,,0,FALSE,FALSE,FALSE,,,,,,State Assembly Election (AE)
Tamil_Nadu,13,78,2026,5,4,0,16,VINOTH S,,Independent,208,0,,244795,273571,RISHIVANDIYAM,GEN,KALLAKURICHI,,26,89.48,0.08,yes,35,0.01,3.24,,,0,TRUE,1,,0,,,,0,FALSE,FALSE,FALSE,,,,,,State Assembly Election (AE)
Tamil_Nadu,13,78,2026,5,4,0,17,SEZHIYAN K,,Independent,173,0,,244795,273571,RISHIVANDIYAM,GEN,KALLAKURICHI,,26,89.48,0.07,yes,12,0.0,3.24,,,0,TRUE,1,,0,,,,0,FALSE,FALSE,FALSE,,,,,,State Assembly Election (AE)
Tamil_Nadu,13,78,2026,5,4,0,18,SANKAR R,,Tamizhaga Vaazhvurimai Katchi,161,0,,244795,273571,RISHIVANDIYAM,GEN,KALLAKURICHI,,26,89.48,0.07,yes,20,0.01,3.24,,,0,TRUE,1,,0,,,,0,FALSE,FALSE,FALSE,,,,,,State Assembly Election (AE)
Tamil_Nadu,13,78,2026,5,4,0,19,VIJAYAKUMAR G,,Independent,141,0,,244795,273571,RISHIVANDIYAM,GEN,KALLAKURICHI,,26,89.48,0.06,yes,5,0.0,3.24,,,0,TRUE,1,,0,,,,0,FALSE,FALSE,FALSE,,,,,,State Assembly Election (AE)
Tamil_Nadu,13,78,2026,5,4,0,20,GOWTHAM C,,Independent,136,0,,244795,273571,RISHIVANDIYAM,GEN,KALLAKURICHI,,26,89.48,0.06,yes,6,0.0,3.24,,,0,TRUE,1,,0,,,,0,FALSE,FALSE,FALSE,,,,,,State Assembly Election (AE)
Tamil_Nadu,13,78,2026,5,4,0,21,RAJA S,,Independent,130,0,,244795,273571,RISHIVANDIYAM,GEN,KALLAKURICHI,,26,89.48,0.05,yes,5,0.0,3.24,,,0,TRUE,1,,0,,,,0,FALSE,FALSE,FALSE,,,,,,State Assembly Election (AE)
Tamil_Nadu,13,78,2026,5,4,0,22,KARTHIKEYAN V,,Independent,125,0,,244795,273571,RISHIVANDIYAM,GEN,KALLAKURICHI,,26,89.48,0.05,yes,28,0.01,3.24,,,0,TRUE,1,,0,,,,0,FALSE,FALSE,FALSE,,,,,,State Assembly Election (AE)
Tamil_Nadu,13,78,2026,5,4,0,23,RAJA K,,Independent,97,0,,244795,273571,RISHIVANDIYAM,GEN,KALLAKURICHI,,26,89.48,0.04,yes,7,0.0,3.24,,,0,TRUE,1,,0,,,,0,FALSE,FALSE,FALSE,,,,,,State Assembly Election (AE)
Tamil_Nadu,13,78,2026,5,4,0,24,ANBU D,,Independent,90,0,,244795,273571,RISHIVANDIYAM,GEN,KALLAKURICHI,,26,89.48,0.04,yes,7,0.0,3.24,,,0,TRUE,1,,0,,,,0,FALSE,FALSE,FALSE,,,,,,State Assembly Election (AE)
Tamil_Nadu,13,78,2026,5,4,0,25,NARAYANAN L,,Independent,83,0,,244795,273571,RISHIVANDIYAM,GEN,KALLAKURICHI,,26,89.48,0.03,yes,19,0.01,3.24,,,0,TRUE,1,,0,,,,0,FALSE,FALSE,FALSE,,,,,,State Assembly Election (AE)
Tamil_Nadu,13,78,2026,5,4,0,26,MARIKKANNU A,,Independent,64,0,,244795,273571,RISHIVANDIYAM,GEN,KALLAKURICHI,,26,89.48,0.03,yes,64,0.03,3.24,,,0,TRUE,1,,0,,,,0,FALSE,FALSE,FALSE,,,,,,State Assembly Election (AE)
Tamil_Nadu,13,79,2026,5,4,0,1,RAKESH R,,All India Anna Dravida Munnetra Kazhagam,80250,0,,235528,265951,SANKARAPURAM,GEN,KALLAKURICHI,,23,88.56,34.07,no,3440,1.46,3.27,,,0,TRUE,1,,0,,,,0,FALSE,FALSE,FALSE,,,,,,State Assembly Election (AE)
Tamil_Nadu,13,79,2026,5,4,0,2,UDHAYASURIYAN T,,Dravida Munnetra Kazhagam,76810,0,,235528,265951,SANKARAPURAM,GEN,KALLAKURICHI,,23,88.56,32.61,no,9186,3.9,3.27,,,0,TRUE,1,,0,,,,0,FALSE,FALSE,FALSE,,,,,,State Assembly Election (AE)
Tamil_Nadu,13,79,2026,5,4,0,3,JAGADESAN A,,Tamilaga Vettri Kazhagam,67624,0,,235528,265951,SANKARAPURAM,GEN,KALLAKURICHI,,23,88.56,28.71,no,62057,26.35,3.27,,,0,TRUE,1,,0,,,,0,FALSE,FALSE,FALSE,,,,,,State Assembly Election (AE)
Tamil_Nadu,13,79,2026,5,4,0,4,RAMESH K,,Naam Tamilar Katchi,5567,0,,235528,265951,SANKARAPURAM,GEN,KALLAKURICHI,,23,88.56,2.36,yes,4890,2.08,3.27,,,0,TRUE,1,,0,,,,0,FALSE,FALSE,FALSE,,,,,,State Assembly Election (AE)
Tamil_Nadu,13,79,2026,5,4,0,5,RAMACHANDIRAN M,,Tamizhaga Vaazhvurimai Katchi,677,0,,235528,265951,SANKARAPURAM,GEN,KALLAKURICHI,,23,88.56,0.29,yes,98,0.04,3.27,,,0,TRUE,1,,0,,,,0,FALSE,FALSE,FALSE,,,,,,State Assembly Election (AE)
Tamil_Nadu,13,79,2026,5,4,0,6,MANIKANDAN P,,Independent,579,0,,235528,265951,SANKARAPURAM,GEN,KALLAKURICHI,,23,88.56,0.25,yes,35,0.01,3.27,,,0,TRUE,1,,0,,,,0,FALSE,FALSE,FALSE,,,,,,State Assembly Election (AE)
Tamil_Nadu,13,79,2026,5,4,0,7,SUDHA M,,Bahujan Samaj Party,544,0,,235528,265951,SANKARAPURAM,GEN,KALLAKURICHI,,23,88.56,0.23,yes,32,0.01,3.27,,,0,TRUE,1,,0,,,,0,FALSE,FALSE,FALSE,,,,,,State Assembly Election (AE)
Tamil_Nadu,13,79,2026,5,4,0,8,MAYILAMPARAI MARI A,,Independent,512,0,,235528,265951,SANKARAPURAM,GEN,KALLAKURICHI,,23,88.56,0.22,yes,103,0.04,3.27,,,0,TRUE,1,,0,,,,0,FALSE,FALSE,FALSE,,,,,,State Assembly Election (AE)
Tamil_Nadu,13,79,2026,5,4,0,9,VIJAY J,,Independent,409,0,,235528,265951,SANKARAPURAM,GEN,KALLAKURICHI,,23,88.56,0.17,yes,26,0.01,3.27,,,0,TRUE,1,,0,,,,0,FALSE,FALSE,FALSE,,,,,,State Assembly Election (AE)
Tamil_Nadu,13,79,2026,5,4,0,10,None Of The Above,,None of the Above,383,0,,235528,265951,SANKARAPURAM,GEN,KALLAKURICHI,,23,88.56,0.16,yes,32,0.01,3.27,,,0,TRUE,1,,0,,,,0,FALSE,FALSE,FALSE,,,,,,State Assembly Election (AE)
Tamil_Nadu,13,79,2026,5,4,0,11,PACHAIYAPPAN K,,Independent,351,0,,235528,265951,SANKARAPURAM,GEN,KALLAKURICHI,,23,88.56,0.15,yes,23,0.01,3.27,,,0,TRUE,1,,0,,,,0,FALSE,FALSE,FALSE,,,,,,State Assembly Election (AE)
Tamil_Nadu,13,79,2026,5,4,0,12,NADARAJAN K,,All India Puratchi Thalaivar Makkal Munnettra Kazhagam,328,0,,235528,265951,SANKARAPURAM,GEN,KALLAKURICHI,,23,88.56,0.14,yes,33,0.01,3.27,,,0,TRUE,1,,0,,,,0,FALSE,FALSE,FALSE,,,,,,State Assembly Election (AE)
Tamil_Nadu,13,79,2026,5,4,0,13,DURAI EZHILAN P,,Independent,295,0,,235528,265951,SANKARAPURAM,GEN,KALLAKURICHI,,23,88.56,0.13,yes,72,0.03,3.27,,,0,TRUE,1,,0,,,,0,FALSE,FALSE,FALSE,,,,,,State Assembly Election (AE)
Tamil_Nadu,13,79,2026,5,4,0,14,GANGASEKAR A,,MAKKAL SAKTHI KATCHI,223,0,,235528,265951,SANKARAPURAM,GEN,KALLAKURICHI,,23,88.56,0.09,yes,57,0.02,3.27,,,0,TRUE,1,,0,,,,0,FALSE,FALSE,FALSE,,,,,,State Assembly Election (AE)
Tamil_Nadu,13,79,2026,5,4,0,15,MANI G,,Independent,166,0,,235528,265951,SANKARAPURAM,GEN,KALLAKURICHI,,23,88.56,0.07,yes,53,0.02,3.27,,,0,TRUE,1,,0,,,,0,FALSE,FALSE,FALSE,,,,,,State Assembly Election (AE)
Tamil_Nadu,13,79,2026,5,4,0,16,DR.MURUGU K,,Independent,113,0,,235528,265951,SANKARAPURAM,GEN,KALLAKURICHI,,23,88.56,0.05,yes,1,0.0,3.27,,,0,TRUE,1,,0,,,,0,FALSE,FALSE,FALSE,,,,,,State Assembly Election (AE)
Tamil_Nadu,13,79,2026,5,4,0,17,SAMIKKANNU M,,Independent,112,0,,235528,265951,SANKARAPURAM,GEN,KALLAKURICHI,,23,88.56,0.05,yes,1,0.0,3.27,,,0,TRUE,1,,0,,,,0,FALSE,FALSE,FALSE,,,,,,State Assembly Election (AE)
Tamil_Nadu,13,79,2026,5,4,0,18,JAYAPRAKASH K,,Independent,111,0,,235528,265951,SANKARAPURAM,GEN,KALLAKURICHI,,23,88.56,0.05,yes,6,0.0,3.27,,,0,TRUE,1,,0,,,,0,FALSE,FALSE,FALSE,,,,,,State Assembly Election (AE)
Tamil_Nadu,13,79,2026,5,4,0,19,ANBAZHAGAN S,,Independent,105,0,,235528,265951,SANKARAPURAM,GEN,KALLAKURICHI,,23,88.56,0.04,yes,5,0.0,3.27,,,0,TRUE,1,,0,,,,0,FALSE,FALSE,FALSE,,,,,,State Assembly Election (AE)
Tamil_Nadu,13,79,2026,5,4,0,20,SANNIYASI N,,Veerath Thiyagi Viswanathadoss Thozhilalarkal Katchi,100,0,,235528,265951,SANKARAPURAM,GEN,KALLAKURICHI,,23,88.56,0.04,yes,3,0.0,3.27,,,0,TRUE,1,,0,,,,0,FALSE,FALSE,FALSE,,,,,,State Assembly Election (AE)
Tamil_Nadu,13,79,2026,5,4,0,21,KAVIKUIL V,,Independent,97,0,,235528,265951,SANKARAPURAM,GEN,KALLAKURICHI,,23,88.56,0.04,yes,10,0.0,3.27,,,0,TRUE,1,,0,,,,0,FALSE,FALSE,FALSE,,,,,,State Assembly Election (AE)
Tamil_Nadu,13,79,2026,5,4,0,22,HARUN RASHEETH J,,Independent,87,0,,235528,265951,SANKARAPURAM,GEN,KALLAKURICHI,,23,88.56,0.04,yes,2,0.0,3.27,,,0,TRUE,1,,0,,,,0,FALSE,FALSE,FALSE,,,,,,State Assembly Election (AE)
Tamil_Nadu,13,79,2026,5,4,0,23,VIGNESH R,,Independent,85,0,,235528,265951,SANKARAPURAM,GEN,KALLAKURICHI,,23,88.56,0.04,yes,85,0.04,3.27,,,0,TRUE,1,,0,,,,0,FALSE,FALSE,FALSE,,,,,,State Assembly Election (AE)
Tamil_Nadu,13,80,2026,5,4,0,1,ARUL VIGNESH C,,Tamilaga Vettri Kazhagam,81132,0,,249626,281582,KALLAKURICHI,SC,KALLAKURICHI,,12,88.65,32.5,no,798,0.32,3.26,,,0,TRUE,1,,0,,,,0,FALSE,FALSE,FALSE,,,,,,State Assembly Election (AE)
Tamil_Nadu,13,80,2026,5,4,0,2,RAJEEVGANDHI S,,All India Anna Dravida Munnetra Kazhagam,80334,0,,249626,281582,KALLAKURICHI,SC,KALLAKURICHI,,12,88.65,32.18,no,2668,1.07,3.26,,,0,TRUE,1,,0,,,,0,FALSE,FALSE,FALSE,,,,,,State Assembly Election (AE)
Tamil_Nadu,13,80,2026,5,4,0,3,MALATHI K,,Viduthalai Chiruthaigal Katchi,77666,0,,249626,281582,KALLAKURICHI,SC,KALLAKURICHI,,12,88.65,31.11,no,70172,28.11,3.26,,,0,TRUE,1,,0,,,,0,FALSE,FALSE,FALSE,,,,,,State Assembly Election (AE)
Tamil_Nadu,13,80,2026,5,4,0,4,NAGAMMAL RAJKODI,,Naam Tamilar Katchi,7494,0,,249626,281582,KALLAKURICHI,SC,KALLAKURICHI,,12,88.65,3.0,yes,6611,2.65,3.26,,,0,TRUE,1,,0,,,,0,FALSE,FALSE,FALSE,,,,,,State Assembly Election (AE)
Tamil_Nadu,13,80,2026,5,4,0,5,None Of The Above,,None of the Above,883,0,,249626,281582,KALLAKURICHI,SC,KALLAKURICHI,,12,88.65,0.35,yes,230,0.09,3.26,,,0,TRUE,1,,0,,,,0,FALSE,FALSE,FALSE,,,,,,State Assembly Election (AE)
Tamil_Nadu,13,80,2026,5,4,0,6,VIGNESH G,,Independent,653,0,,249626,281582,KALLAKURICHI,SC,KALLAKURICHI,,12,88.65,0.26,yes,236,0.09,3.26,,,0,TRUE,1,,0,,,,0,FALSE,FALSE,FALSE,,,,,,State Assembly Election (AE)
Tamil_Nadu,13,80,2026,5,4,0,7,VASANTHAKUMAR S,,Independent,417,0,,249626,281582,KALLAKURICHI,SC,KALLAKURICHI,,12,88.65,0.17,yes,109,0.04,3.26,,,0,TRUE,1,,0,,,,0,FALSE,FALSE,FALSE,,,,,,State Assembly Election (AE)
Tamil_Nadu,13,80,2026,5,4,0,8,RAJIVGANDHI P,,Independent,308,0,,249626,281582,KALLAKURICHI,SC,KALLAKURICHI,,12,88.65,0.12,yes,89,0.04,3.26,,,0,TRUE,1,,0,,,,0,FALSE,FALSE,FALSE,,,,,,State Assembly Election (AE)
Tamil_Nadu,13,80,2026,5,4,0,9,SELVARAJ M,,Independent,219,0,,249626,281582,KALLAKURICHI,SC,KALLAKURICHI,,12,88.65,0.09,yes,23,0.01,3.26,,,0,TRUE,1,,0,,,,0,FALSE,FALSE,FALSE,,,,,,State Assembly Election (AE)
Tamil_Nadu,13,80,2026,5,4,0,10,RAJIVGANDHI S,,Independent,196,0,,249626,281582,KALLAKURICHI,SC,KALLAKURICHI,,12,88.65,0.08,yes,17,0.01,3.26,,,0,TRUE,1,,0,,,,0,FALSE,FALSE,FALSE,,,,,,State Assembly Election (AE)
Tamil_Nadu,13,80,2026,5,4,0,11,MALATHI K,,Independent,179,0,,249626,281582,KALLAKURICHI,SC,KALLAKURICHI,,12,88.65,0.07,yes,34,0.01,3.26,,,0,TRUE,1,,0,,,,0,FALSE,FALSE,FALSE,,,,,,State Assembly Election (AE)
Tamil_Nadu,13,80,2026,5,4,0,12,PRABU C,,Independent,145,0,,249626,281582,KALLAKURICHI,SC,KALLAKURICHI,,12,88.65,0.06,yes,145,0.06,3.26,,,0,TRUE,1,,0,,,,0,FALSE,FALSE,FALSE,,,,,,State Assembly Election (AE)
Tamil_Nadu,13,81,2026,5,4,0,1,NALLATHAMBI. A,,All India Anna Dravida Munnetra Kazhagam,73167,0,,196679,218317,GANGAVALLI,SC,SALEM,,14,90.09,37.2,no,14404,7.32,3.25,,,0,TRUE,1,,0,,,,0,FALSE,FALSE,FALSE,,,,,,State Assembly Election (AE)
Tamil_Nadu,13,81,2026,5,4,0,2,CHINNADURAI. K,,Dravida Munnetra Kazhagam,58763,0,,196679,218317,GANGAVALLI,SC,SALEM,,14,90.09,29.88,no,3472,1.77,3.25,,,0,TRUE,1,,0,,,,0,FALSE,FALSE,FALSE,,,,,,State Assembly Election (AE)
Tamil_Nadu,13,81,2026,5,4,0,3,SUJATHA. V,,Tamilaga Vettri Kazhagam,55291,0,,196679,218317,GANGAVALLI,SC,SALEM,,14,90.09,28.11,no,49049,24.94,3.25,,,0,TRUE,1,,0,,,,0,FALSE,FALSE,FALSE,,,,,,State Assembly Election (AE)
Tamil_Nadu,13,81,2026,5,4,0,4,ABIRAMI. A,,Naam Tamilar Katchi,6242,0,,196679,218317,GANGAVALLI,SC,SALEM,,14,90.09,3.17,yes,5511,2.8,3.25,,,0,TRUE,1,,0,,,,0,FALSE,FALSE,FALSE,,,,,,State Assembly Election (AE)
Tamil_Nadu,13,81,2026,5,4,0,5,None Of The Above,,None of the Above,731,0,,196679,218317,GANGAVALLI,SC,SALEM,,14,90.09,0.37,yes,198,0.1,3.25,,,0,TRUE,1,,0,,,,0,FALSE,FALSE,FALSE,,,,,,State Assembly Election (AE)
Tamil_Nadu,13,81,2026,5,4,0,6,BALAKRISHNAN. P,,Bahujan Samaj Party,533,0,,196679,218317,GANGAVALLI,SC,SALEM,,14,90.09,0.27,yes,89,0.05,3.25,,,0,TRUE,1,,0,,,,0,FALSE,FALSE,FALSE,,,,,,State Assembly Election (AE)
Tamil_Nadu,13,81,2026,5,4,0,7,DHANAPAL. S,,Independent,444,0,,196679,218317,GANGAVALLI,SC,SALEM,,14,90.09,0.23,yes,54,0.03,3.25,,,0,TRUE,1,,0,,,,0,FALSE,FALSE,FALSE,,,,,,State Assembly Election (AE)
Tamil_Nadu,13,81,2026,5,4,0,8,RAMESH. S,,Independent,390,0,,196679,218317,GANGAVALLI,SC,SALEM,,14,90.09,0.2,yes,156,0.08,3.25,,,0,TRUE,1,,0,,,,0,FALSE,FALSE,FALSE,,,,,,State Assembly Election (AE)
Tamil_Nadu,13,81,2026,5,4,0,9,KAVIARASAN. T.T,,Tamizhaga Vaazhvurimai Katchi,234,0,,196679,218317,GANGAVALLI,SC,SALEM,,14,90.09,0.12,yes,14,0.01,3.25,,,0,TRUE,1,,0,,,,0,FALSE,FALSE,FALSE,,,,,,State Assembly Election (AE)
Tamil_Nadu,13,81,2026,5,4,0,10,MARIMUTHU. S,,Puthiya Tamilagam,220,0,,196679,218317,GANGAVALLI,SC,SALEM,,14,90.09,0.11,yes,8,0.0,3.25,,,0,TRUE,1,,0,,,,0,FALSE,FALSE,FALSE,,,,,,State Assembly Election (AE)
Tamil_Nadu,13,81,2026,5,4,0,11,KANNAN. S,,Independent,212,0,,196679,218317,GANGAVALLI,SC,SALEM,,14,90.09,0.11,yes,16,0.01,3.25,,,0,TRUE,1,,0,,,,0,FALSE,FALSE,FALSE,,,,,,State Assembly Election (AE)
Tamil_Nadu,13,81,2026,5,4,0,12,TAMILARASAN. T,,Independent,196,0,,196679,218317,GANGAVALLI,SC,SALEM,,14,90.09,0.1,yes,45,0.02,3.25,,,0,TRUE,1,,0,,,,0,FALSE,FALSE,FALSE,,,,,,State Assembly Election (AE)
Tamil_Nadu,13,81,2026,5,4,0,13,ANBAZHAGAN. S,,Anna Makkal Katchi,151,0,,196679,218317,GANGAVALLI,SC,SALEM,,14,90.09,0.08,yes,46,0.02,3.25,,,0,TRUE,1,,0,,,,0,FALSE,FALSE,FALSE,,,,,,State Assembly Election (AE)
Tamil_Nadu,13,81,2026,5,4,0,14,GUNAPRAKASH. D,,Independent,105,0,,196679,218317,GANGAVALLI,SC,SALEM,,14,90.09,0.05,yes,105,0.05,3.25,,,0,TRUE,1,,0,,,,0,FALSE,FALSE,FALSE,,,,,,State Assembly Election (AE)
Tamil_Nadu,13,82,2026,5,4,0,1,JAYASANKARAN. A.P.,,All India Anna Dravida Munnetra Kazhagam,80843,0,,208296,228153,ATTUR,SC,SALEM,,16,91.3,38.81,no,15318,7.35,3.2,,,0,TRUE,1,,0,,,,0,FALSE,FALSE,FALSE,,,,,,State Assembly Election (AE)
Tamil_Nadu,13,82,2026,5,4,0,2,SELVABHARATHI. R.,,Tamilaga Vettri Kazhagam,65525,0,,208296,228153,ATTUR,SC,SALEM,,16,91.3,31.46,no,13629,6.54,3.2,,,0,TRUE,1,,0,,,,0,FALSE,FALSE,FALSE,,,,,,State Assembly Election (AE)
Tamil_Nadu,13,82,2026,5,4,0,3,ARTHANARI. S.K.,,Indian National Congress,51896,0,,208296,228153,ATTUR,SC,SALEM,,16,91.3,24.91,no,45364,21.78,3.2,,,0,TRUE,1,,0,,,,0,FALSE,FALSE,FALSE,,,,,,State Assembly Election (AE)
Tamil_Nadu,13,82,2026,5,4,0,4,MONISHA CHINNADURAI.,,Naam Tamilar Katchi,6532,0,,208296,228153,ATTUR,SC,SALEM,,16,91.3,3.14,yes,5501,2.64,3.2,,,0,TRUE,1,,0,,,,0,FALSE,FALSE,FALSE,,,,,,State Assembly Election (AE)
Tamil_Nadu,13,82,2026,5,4,0,5,None Of The Above,,None of the Above,1031,0,,208296,228153,ATTUR,SC,SALEM,,16,91.3,0.49,yes,520,0.25,3.2,,,0,TRUE,1,,0,,,,0,FALSE,FALSE,FALSE,,,,,,State Assembly Election (AE)
Tamil_Nadu,13,82,2026,5,4,0,6,RAJESHKANNAN. K.,,Independent,511,0,,208296,228153,ATTUR,SC,SALEM,,16,91.3,0.25,yes,99,0.05,3.2,,,0,TRUE,1,,0,,,,0,FALSE,FALSE,FALSE,,,,,,State Assembly Election (AE)
Tamil_Nadu,13,82,2026,5,4,0,7,SELLAMMAL. V.M.,,Bahujan Samaj Party,412,0,,208296,228153,ATTUR,SC,SALEM,,16,91.3,0.2,yes,156,0.07,3.2,,,0,TRUE,1,,0,,,,0,FALSE,FALSE,FALSE,,,,,,State Assembly Election (AE)
Tamil_Nadu,13,82,2026,5,4,0,8,MANICKAM. K.,,Independent,256,0,,208296,228153,ATTUR,SC,SALEM,,16,91.3,0.12,yes,21,0.01,3.2,,,0,TRUE,1,,0,,,,0,FALSE,FALSE,FALSE,,,,,,State Assembly Election (AE)
Tamil_Nadu,13,82,2026,5,4,0,9,POOMALAI. C.,,Independent,235,0,,208296,228153,ATTUR,SC,SALEM,,16,91.3,0.11,yes,20,0.01,3.2,,,0,TRUE,1,,0,,,,0,FALSE,FALSE,FALSE,,,,,,State Assembly Election (AE)
Tamil_Nadu,13,82,2026,5,4,0,10,PALANIYAMMAL. S.,,Desiya Makkal Sakthi Katchi,215,0,,208296,228153,ATTUR,SC,SALEM,,16,91.3,0.1,yes,42,0.02,3.2,,,0,TRUE,1,,0,,,,0,FALSE,FALSE,FALSE,,,,,,State Assembly Election (AE)
Tamil_Nadu,13,82,2026,5,4,0,11,SELVAKANNAN. L.,,Independent,173,0,,208296,228153,ATTUR,SC,SALEM,,16,91.3,0.08,yes,1,0.0,3.2,,,0,TRUE,1,,0,,,,0,FALSE,FALSE,FALSE,,,,,,State Assembly Election (AE)
Tamil_Nadu,13,82,2026,5,4,0,12,RAMESH. G.,,Tamizhaga Vaazhvurimai Katchi,172,0,,208296,228153,ATTUR,SC,SALEM,,16,91.3,0.08,yes,14,0.01,3.2,,,0,TRUE,1,,0,,,,0,FALSE,FALSE,FALSE,,,,,,State Assembly Election (AE)
Tamil_Nadu,13,82,2026,5,4,0,13,JAGAN. T.,,Independent,158,0,,208296,228153,ATTUR,SC,SALEM,,16,91.3,0.08,yes,17,0.01,3.2,,,0,TRUE,1,,0,,,,0,FALSE,FALSE,FALSE,,,,,,State Assembly Election (AE)
Tamil_Nadu,13,82,2026,5,4,0,14,VARATHARAJ. G.,,Independent,141,0,,208296,228153,ATTUR,SC,SALEM,,16,91.3,0.07,yes,34,0.02,3.2,,,0,TRUE,1,,0,,,,0,FALSE,FALSE,FALSE,,,,,,State Assembly Election (AE)
Tamil_Nadu,13,82,2026,5,4,0,15,MANIMARAN. A.,,Independent,107,0,,208296,228153,ATTUR,SC,SALEM,,16,91.3,0.05,yes,18,0.01,3.2,,,0,TRUE,1,,0,,,,0,FALSE,FALSE,FALSE,,,,,,State Assembly Election (AE)
Tamil_Nadu,13,82,2026,5,4,0,16,MANIKANDAN. M.,,Independent,89,0,,208296,228153,ATTUR,SC,SALEM,,16,91.3,0.04,yes,89,0.04,3.2,,,0,TRUE,1,,0,,,,0,FALSE,FALSE,FALSE,,,,,,State Assembly Election (AE)
Tamil_Nadu,13,83,2026,5,4,0,1,USHARANI. P,,All India Anna Dravida Munnetra Kazhagam,87772,0,,253592,272829,YERCAUD,ST,SALEM,,14,92.95,34.61,no,2189,0.86,3.26,,,0,TRUE,1,,0,,,,0,FALSE,FALSE,FALSE,,,,,,State Assembly Election (AE)
Tamil_Nadu,13,83,2026,5,4,0,2,LAKSHMI JANARTHANAN. J,,Tamilaga Vettri Kazhagam,85583,0,,253592,272829,YERCAUD,ST,SALEM,,14,92.95,33.75,no,17538,6.92,3.26,,,0,TRUE,1,,0,,,,0,FALSE,FALSE,FALSE,,,,,,State Assembly Election (AE)
Tamil_Nadu,13,83,2026,5,4,0,3,REVATHI. T.M,,Dravida Munnetra Kazhagam,68045,0,,253592,272829,YERCAUD,ST,SALEM,,14,92.95,26.83,no,60444,23.84,3.26,,,0,TRUE,1,,0,,,,0,FALSE,FALSE,FALSE,,,,,,State Assembly Election (AE)
Tamil_Nadu,13,83,2026,5,4,0,4,PALANISAMY. M,,Naam Tamilar Katchi,7601,0,,253592,272829,YERCAUD,ST,SALEM,,14,92.95,3.0,yes,6351,2.5,3.26,,,0,TRUE,1,,0,,,,0,FALSE,FALSE,FALSE,,,,,,State Assembly Election (AE)
Tamil_Nadu,13,83,2026,5,4,0,5,None Of The Above,,None of the Above,1250,0,,253592,272829,YERCAUD,ST,SALEM,,14,92.95,0.49,yes,340,0.13,3.26,,,0,TRUE,1,,0,,,,0,FALSE,FALSE,FALSE,,,,,,State Assembly Election (AE)
Tamil_Nadu,13,83,2026,5,4,0,6,PALANISAMY. K,,Bahujan Samaj Party,910,0,,253592,272829,YERCAUD,ST,SALEM,,14,92.95,0.36,yes,252,0.1,3.26,,,0,TRUE,1,,0,,,,0,FALSE,FALSE,FALSE,,,,,,State Assembly Election (AE)
Tamil_Nadu,13,83,2026,5,4,0,7,GOPI. C,,Communist Party of India (Marxist-Leninist) (Liberation),658,0,,253592,272829,YERCAUD,ST,SALEM,,14,92.95,0.26,yes,145,0.06,3.26,,,0,TRUE,1,,0,,,,0,FALSE,FALSE,FALSE,,,,,,State Assembly Election (AE)
Tamil_Nadu,13,83,2026,5,4,0,8,VENKATESAN. S,,Independent,513,0,,253592,272829,YERCAUD,ST,SALEM,,14,92.95,0.2,yes,210,0.08,3.26,,,0,TRUE,1,,0,,,,0,FALSE,FALSE,FALSE,,,,,,State Assembly Election (AE)
Tamil_Nadu,13,83,2026,5,4,0,9,PAZHANIVEL. K,,Independent,303,0,,253592,272829,YERCAUD,ST,SALEM,,14,92.95,0.12,yes,9,0.0,3.26,,,0,TRUE,1,,0,,,,0,FALSE,FALSE,FALSE,,,,,,State Assembly Election (AE)
Tamil_Nadu,13,83,2026,5,4,0,10,THANGADURAI. N,,Independent,294,0,,253592,272829,YERCAUD,ST,SALEM,,14,92.95,0.12,yes,59,0.02,3.26,,,0,TRUE,1,,0,,,,0,FALSE,FALSE,FALSE,,,,,,State Assembly Election (AE)
Tamil_Nadu,13,83,2026,5,4,0,11,VENGATESHSAN. T,,Tamizhaga Vaazhvurimai Katchi,235,0,,253592,272829,YERCAUD,ST,SALEM,,14,92.95,0.09,yes,24,0.01,3.26,,,0,TRUE,1,,0,,,,0,FALSE,FALSE,FALSE,,,,,,State Assembly Election (AE)
Tamil_Nadu,13,83,2026,5,4,0,12,VIJAYAKUMAR. N,,Independent,211,0,,253592,272829,YERCAUD,ST,SALEM,,14,92.95,0.08,yes,88,0.03,3.26,,,0,TRUE,1,,0,,,,0,FALSE,FALSE,FALSE,,,,,,State Assembly Election (AE)
Tamil_Nadu,13,83,2026,5,4,0,13,KALIYAPPAN. A,,Independent,123,0,,253592,272829,YERCAUD,ST,SALEM,,14,92.95,0.05,yes,29,0.01,3.26,,,0,TRUE,1,,0,,,,0,FALSE,FALSE,FALSE,,,,,,State Assembly Election (AE)
Tamil_Nadu,13,83,2026,5,4,0,14,KARTHIK. N,,Independent,94,0,,253592,272829,YERCAUD,ST,SALEM,,14,92.95,0.04,yes,94,0.04,3.26,,,0,TRUE,1,,0,,,,0,FALSE,FALSE,FALSE,,,,,,State Assembly Election (AE)
Tamil_Nadu,13,84,2026,5,4,0,1,MANI. R,,All India Anna Dravida Munnetra Kazhagam,112246,0,,271119,294593,OMALUR,GEN,SALEM,,16,92.03,41.4,no,14539,5.36,3.01,,,0,TRUE,1,,0,,,,0,FALSE,FALSE,FALSE,,,,,,State Assembly Election (AE)
Tamil_Nadu,13,84,2026,5,4,0,2,ADHIYAMAAN. R.V,,Tamilaga Vettri Kazhagam,97707,0,,271119,294593,OMALUR,GEN,SALEM,,16,92.03,36.04,no,50790,18.73,3.01,,,0,TRUE,1,,0,,,,0,FALSE,FALSE,FALSE,,,,,,State Assembly Election (AE)
Tamil_Nadu,13,84,2026,5,4,0,3,ELANGOVAN. A.R,,Desiya Murpokku Dravida Kazhagam,46917,0,,271119,294593,OMALUR,GEN,SALEM,,16,92.03,17.3,no,38547,14.22,3.01,,,0,TRUE,1,,0,,,,0,FALSE,FALSE,FALSE,,,,,,State Assembly Election (AE)
Tamil_Nadu,13,84,2026,5,4,0,4,SIVASAKTHI. M,,Naam Tamilar Katchi,8370,0,,271119,294593,OMALUR,GEN,SALEM,,16,92.03,3.09,yes,6826,2.52,3.01,,,0,TRUE,1,,0,,,,0,FALSE,FALSE,FALSE,,,,,,State Assembly Election (AE)
Tamil_Nadu,13,84,2026,5,4,0,5,GOBINATHAN. R,,Independent,1544,0,,271119,294593,OMALUR,GEN,SALEM,,16,92.03,0.57,yes,111,0.04,3.01,,,0,TRUE,1,,0,,,,0,FALSE,FALSE,FALSE,,,,,,State Assembly Election (AE)
Tamil_Nadu,13,84,2026,5,4,0,6,None Of The Above,,None of the Above,1433,0,,271119,294593,OMALUR,GEN,SALEM,,16,92.03,0.53,yes,804,0.3,3.01,,,0,TRUE,1,,0,,,,0,FALSE,FALSE,FALSE,,,,,,State Assembly Election (AE)
Tamil_Nadu,13,84,2026,5,4,0,7,MAYAKKANNAN. R,,Independent,629,0,,271119,294593,OMALUR,GEN,SALEM,,16,92.03,0.23,yes,92,0.03,3.01,,,0,TRUE,1,,0,,,,0,FALSE,FALSE,FALSE,,,,,,State Assembly Election (AE)
Tamil_Nadu,13,84,2026,5,4,0,8,KRISHNAMOORTHY. D,,Tamizhaga Vaazhvurimai Katchi,537,0,,271119,294593,OMALUR,GEN,SALEM,,16,92.03,0.2,yes,159,0.06,3.01,,,0,TRUE,1,,0,,,,0,FALSE,FALSE,FALSE,,,,,,State Assembly Election (AE)
Tamil_Nadu,13,84,2026,5,4,0,9,MOHANRAJ. P.M,,Independent,378,0,,271119,294593,OMALUR,GEN,SALEM,,16,92.03,0.14,yes,15,0.01,3.01,,,0,TRUE,1,,0,,,,0,FALSE,FALSE,FALSE,,,,,,State Assembly Election (AE)
Tamil_Nadu,13,84,2026,5,4,0,10,SURESHKUMAR. S,,Aanaithinthiya Jananayaka Pathukappu Kazhagam,363,0,,271119,294593,OMALUR,GEN,SALEM,,16,92.03,0.13,yes,156,0.06,3.01,,,0,TRUE,1,,0,,,,0,FALSE,FALSE,FALSE,,,,,,State Assembly Election (AE)
Tamil_Nadu,13,84,2026,5,4,0,11,JEGANATHAN. A,,Independent,207,0,,271119,294593,OMALUR,GEN,SALEM,,16,92.03,0.08,yes,10,0.0,3.01,,,0,TRUE,1,,0,,,,0,FALSE,FALSE,FALSE,,,,,,State Assembly Election (AE)
Tamil_Nadu,13,84,2026,5,4,0,12,MANOKARAN. A,,Independent,197,0,,271119,294593,OMALUR,GEN,SALEM,,16,92.03,0.07,yes,33,0.01,3.01,,,0,TRUE,1,,0,,,,0,FALSE,FALSE,FALSE,,,,,,State Assembly Election (AE)
Tamil_Nadu,13,84,2026,5,4,0,13,SANTHALINGAM. C,,Independent,164,0,,271119,294593,OMALUR,GEN,SALEM,,16,92.03,0.06,yes,15,0.01,3.01,,,0,TRUE,1,,0,,,,0,FALSE,FALSE,FALSE,,,,,,State Assembly Election (AE)
Tamil_Nadu,13,84,2026,5,4,0,14,ARUL PRAKASH. T,,Independent,149,0,,271119,294593,OMALUR,GEN,SALEM,,16,92.03,0.05,yes,7,0.0,3.01,,,0,TRUE,1,,0,,,,0,FALSE,FALSE,FALSE,,,,,,State Assembly Election (AE)
Tamil_Nadu,13,84,2026,5,4,0,15,PERUMAL. S,,Independent,142,0,,271119,294593,OMALUR,GEN,SALEM,,16,92.03,0.05,yes,6,0.0,3.01,,,0,TRUE,1,,0,,,,0,FALSE,FALSE,FALSE,,,,,,State Assembly Election (AE)
Tamil_Nadu,13,84,2026,5,4,0,16,MANI. V,,Independent,136,0,,271119,294593,OMALUR,GEN,SALEM,,16,92.03,0.05,yes,136,0.05,3.01,,,0,TRUE,1,,0,,,,0,FALSE,FALSE,FALSE,,,,,,State Assembly Election (AE)
Tamil_Nadu,13,85,2026,5,4,0,1,VENKATACHALAM. G,,All India Anna Dravida Munnetra Kazhagam,86498,0,,231105,255665,METTUR,GEN,SALEM,,19,90.39,37.43,no,19105,8.27,3.27,,,0,TRUE,1,,0,,,,0,FALSE,FALSE,FALSE,,,,,,State Assembly Election (AE)
Tamil_Nadu,13,85,2026,5,4,0,2,MIDHUN CHAKRAVARTHY. M,,Dravida Munnetra Kazhagam,67393,0,,231105,255665,METTUR,GEN,SALEM,,19,90.39,29.16,no,2133,0.92,3.27,,,0,TRUE,1,,0,,,,0,FALSE,FALSE,FALSE,,,,,,State Assembly Election (AE)
Tamil_Nadu,13,85,2026,5,4,0,3,SELVAM. K,,Tamilaga Vettri Kazhagam,65260,0,,231105,255665,METTUR,GEN,SALEM,,19,90.39,28.24,no,58151,25.16,3.27,,,0,TRUE,1,,0,,,,0,FALSE,FALSE,FALSE,,,,,,State Assembly Election (AE)
Tamil_Nadu,13,85,2026,5,4,0,4,VIDHYA VEERAPPAN,,Naam Tamilar Katchi,7109,0,,231105,255665,METTUR,GEN,SALEM,,19,90.39,3.08,yes,6315,2.73,3.27,,,0,TRUE,1,,0,,,,0,FALSE,FALSE,FALSE,,,,,,State Assembly Election (AE)
Tamil_Nadu,13,85,2026,5,4,0,5,None Of The Above,,None of the Above,794,0,,231105,255665,METTUR,GEN,SALEM,,19,90.39,0.34,yes,88,0.04,3.27,,,0,TRUE,1,,0,,,,0,FALSE,FALSE,FALSE,,,,,,State Assembly Election (AE)
Tamil_Nadu,13,85,2026,5,4,0,6,RAMKUMAR. D.M,,Independent,706,0,,231105,255665,METTUR,GEN,SALEM,,19,90.39,0.31,yes,47,0.02,3.27,,,0,TRUE,1,,0,,,,0,FALSE,FALSE,FALSE,,,,,,State Assembly Election (AE)
Tamil_Nadu,13,85,2026,5,4,0,7,DURAIRAJ. V,,Independent,659,0,,231105,255665,METTUR,GEN,SALEM,,19,90.39,0.29,yes,188,0.08,3.27,,,0,TRUE,1,,0,,,,0,FALSE,FALSE,FALSE,,,,,,State Assembly Election (AE)
Tamil_Nadu,13,85,2026,5,4,0,8,VENKATASALAM. G,,Independent,471,0,,231105,255665,METTUR,GEN,SALEM,,19,90.39,0.2,yes,68,0.03,3.27,,,0,TRUE,1,,0,,,,0,FALSE,FALSE,FALSE,,,,,,State Assembly Election (AE)
Tamil_Nadu,13,85,2026,5,4,0,9,PERIYAPONNU. O,,Tamizhaga Vaazhvurimai Katchi,403,0,,231105,255665,METTUR,GEN,SALEM,,19,90.39,0.17,yes,13,0.01,3.27,,,0,TRUE,1,,0,,,,0,FALSE,FALSE,FALSE,,,,,,State Assembly Election (AE)
Tamil_Nadu,13,85,2026,5,4,0,10,DR.PADMARAJAN. K,,Independent,390,0,,231105,255665,METTUR,GEN,SALEM,,19,90.39,0.17,yes,139,0.06,3.27,,,0,TRUE,1,,0,,,,0,FALSE,FALSE,FALSE,,,,,,State Assembly Election (AE)
Tamil_Nadu,13,85,2026,5,4,0,11,PRABAKARAN. S,,Independent,251,0,,231105,255665,METTUR,GEN,SALEM,,19,90.39,0.11,yes,14,0.01,3.27,,,0,TRUE,1,,0,,,,0,FALSE,FALSE,FALSE,,,,,,State Assembly Election (AE)
Tamil_Nadu,13,85,2026,5,4,0,12,KRISHNAMOORTHY. P,,Independent,237,0,,231105,255665,METTUR,GEN,SALEM,,19,90.39,0.1,yes,14,0.01,3.27,,,0,TRUE,1,,0,,,,0,FALSE,FALSE,FALSE,,,,,,State Assembly Election (AE)
Tamil_Nadu,13,85,2026,5,4,0,13,SARAVANAKUMAR. M,,Independent,223,0,,231105,255665,METTUR,GEN,SALEM,,19,90.39,0.1,yes,31,0.01,3.27,,,0,TRUE,1,,0,,,,0,FALSE,FALSE,FALSE,,,,,,State Assembly Election (AE)
Tamil_Nadu,13,85,2026,5,4,0,14,MURUGAN. P,,Independent,192,0,,231105,255665,METTUR,GEN,SALEM,,19,90.39,0.08,yes,71,0.03,3.27,,,0,TRUE,1,,0,,,,0,FALSE,FALSE,FALSE,,,,,,State Assembly Election (AE)
Tamil_Nadu,13,85,2026,5,4,0,15,JAGANATHAN. A,,Independent,121,0,,231105,255665,METTUR,GEN,SALEM,,19,90.39,0.05,yes,14,0.01,3.27,,,0,TRUE,1,,0,,,,0,FALSE,FALSE,FALSE,,,,,,State Assembly Election (AE)
Tamil_Nadu,13,85,2026,5,4,0,16,VELU. A,,Vada Tamil Nadu Munnetra Katchi,107,0,,231105,255665,METTUR,GEN,SALEM,,19,90.39,0.05,yes,3,0.0,3.27,,,0,TRUE,1,,0,,,,0,FALSE,FALSE,FALSE,,,,,,State Assembly Election (AE)
Tamil_Nadu,13,85,2026,5,4,0,17,CHIDAMBARAM. A,,Independent,104,0,,231105,255665,METTUR,GEN,SALEM,,19,90.39,0.05,yes,5,0.0,3.27,,,0,TRUE,1,,0,,,,0,FALSE,FALSE,FALSE,,,,,,State Assembly Election (AE)
Tamil_Nadu,13,85,2026,5,4,0,18,KANNAN. M,,Independent,99,0,,231105,255665,METTUR,GEN,SALEM,,19,90.39,0.04,yes,11,0.0,3.27,,,0,TRUE,1,,0,,,,0,FALSE,FALSE,FALSE,,,,,,State Assembly Election (AE)
Tamil_Nadu,13,85,2026,5,4,0,19,KANNAN. R,,Independent,88,0,,231105,255665,METTUR,GEN,SALEM,,19,90.39,0.04,yes,88,0.04,3.27,,,0,TRUE,1,,0,,,,0,FALSE,FALSE,FALSE,,,,,,State Assembly Election (AE)
Tamil_Nadu,13,86,2026,5,4,0,1,EDAPPADI PALANISWAMI. K,,All India Anna Dravida Munnetra Kazhagam,148933,0,,258263,276387,EDAPPADI,GEN,SALEM,,16,93.44,57.67,no,98110,37.99,2.49,,,0,TRUE,1,,0,,,,0,FALSE,FALSE,FALSE,,,,,,State Assembly Election (AE)
Tamil_Nadu,13,86,2026,5,4,0,2,PREMKUMAR. K,,Independent,50823,0,,258263,276387,EDAPPADI,GEN,SALEM,,16,93.44,19.68,no,6812,2.64,2.49,,,0,TRUE,1,,0,,,,0,FALSE,FALSE,FALSE,,,,,,State Assembly Election (AE)
Tamil_Nadu,13,86,2026,5,4,0,3,KASI. C,,Dravida Munnetra Kazhagam,44011,0,,258263,276387,EDAPPADI,GEN,SALEM,,16,93.44,17.04,no,35561,13.77,2.49,,,0,TRUE,1,,0,,,,0,FALSE,FALSE,FALSE,,,,,,State Assembly Election (AE)
Tamil_Nadu,13,86,2026,5,4,0,4,PRIYADHARSHINI. A,,Naam Tamilar Katchi,8450,0,,258263,276387,EDAPPADI,GEN,SALEM,,16,93.44,3.27,yes,6788,2.63,2.49,,,0,TRUE,1,,0,,,,0,FALSE,FALSE,FALSE,,,,,,State Assembly Election (AE)
Tamil_Nadu,13,86,2026,5,4,0,5,GOVINDARAJ.V,,Tamizhaga Vaazhvurimai Katchi,1662,0,,258263,276387,EDAPPADI,GEN,SALEM,,16,93.44,0.64,yes,321,0.12,2.49,,,0,TRUE,1,,0,,,,0,FALSE,FALSE,FALSE,,,,,,State Assembly Election (AE)
Tamil_Nadu,13,86,2026,5,4,0,6,None Of The Above,,None of the Above,1341,0,,258263,276387,EDAPPADI,GEN,SALEM,,16,93.44,0.52,yes,602,0.23,2.49,,,0,TRUE,1,,0,,,,0,FALSE,FALSE,FALSE,,,,,,State Assembly Election (AE)
Tamil_Nadu,13,86,2026,5,4,0,7,RAJA. K. B.SC. B.TECH. EX.INAS,,Independent,739,0,,258263,276387,EDAPPADI,GEN,SALEM,,16,93.44,0.29,yes,304,0.12,2.49,,,0,TRUE,1,,0,,,,0,FALSE,FALSE,FALSE,,,,,,State Assembly Election (AE)
Tamil_Nadu,13,86,2026,5,4,0,8,THULASIMANI. P,,Independent,435,0,,258263,276387,EDAPPADI,GEN,SALEM,,16,93.44,0.17,yes,6,0.0,2.49,,,0,TRUE,1,,0,,,,0,FALSE,FALSE,FALSE,,,,,,State Assembly Election (AE)
Tamil_Nadu,13,86,2026,5,4,0,9,SURESH. L,,All India Puratchi Thalaivar Makkal Munnettra Kazhagam,429,0,,258263,276387,EDAPPADI,GEN,SALEM,,16,93.44,0.17,yes,30,0.01,2.49,,,0,TRUE,1,,0,,,,0,FALSE,FALSE,FALSE,,,,,,State Assembly Election (AE)
Tamil_Nadu,13,86,2026,5,4,0,10,STUDENT'S FRIEND MURUGAN. M,,Independent,399,0,,258263,276387,EDAPPADI,GEN,SALEM,,16,93.44,0.15,yes,103,0.04,2.49,,,0,TRUE,1,,0,,,,0,FALSE,FALSE,FALSE,,,,,,State Assembly Election (AE)
Tamil_Nadu,13,86,2026,5,4,0,11,IYYAPPAN PERUMAL. P,,Independent,296,0,,258263,276387,EDAPPADI,GEN,SALEM,,16,93.44,0.11,yes,81,0.03,2.49,,,0,TRUE,1,,0,,,,0,FALSE,FALSE,FALSE,,,,,,State Assembly Election (AE)
Tamil_Nadu,13,86,2026,5,4,0,12,ELUMALAI. P,,Independent,215,0,,258263,276387,EDAPPADI,GEN,SALEM,,16,93.44,0.08,yes,8,0.0,2.49,,,0,TRUE,1,,0,,,,0,FALSE,FALSE,FALSE,,,,,,State Assembly Election (AE)
Tamil_Nadu,13,86,2026,5,4,0,13,KUMARESAN. M,,Independent,207,0,,258263,276387,EDAPPADI,GEN,SALEM,,16,93.44,0.08,yes,48,0.02,2.49,,,0,TRUE,1,,0,,,,0,FALSE,FALSE,FALSE,,,,,,State Assembly Election (AE)
Tamil_Nadu,13,86,2026,5,4,0,14,MURUGAN. C,,Independent,159,0,,258263,276387,EDAPPADI,GEN,SALEM,,16,93.44,0.06,yes,62,0.02,2.49,,,0,TRUE,1,,0,,,,0,FALSE,FALSE,FALSE,,,,,,State Assembly Election (AE)
Tamil_Nadu,13,86,2026,5,4,0,15,SUBRAMANI. P,,Independent,97,0,,258263,276387,EDAPPADI,GEN,SALEM,,16,93.44,0.04,yes,30,0.01,2.49,,,0,TRUE,1,,0,,,,0,FALSE,FALSE,FALSE,,,,,,State Assembly Election (AE)
Tamil_Nadu,13,86,2026,5,4,0,16,SAKTHIVEL. S,,Independent,67,0,,258263,276387,EDAPPADI,GEN,SALEM,,16,93.44,0.03,yes,67,0.03,2.49,,,0,TRUE,1,,0,,,,0,FALSE,FALSE,FALSE,,,,,,State Assembly Election (AE)
Tamil_Nadu,13,87,2026,5,4,0,1,VETRIVEL. S,,All India Anna Dravida Munnetra Kazhagam,87342,0,,243779,260525,SANKARI,GEN,SALEM,,21,93.57,35.83,no,9517,3.9,3.29,,,0,TRUE,1,,0,,,,0,FALSE,FALSE,FALSE,,,,,,State Assembly Election (AE)
Tamil_Nadu,13,87,2026,5,4,0,2,SENTHILKUMAR. K,,Tamilaga Vettri Kazhagam,77825,0,,243779,260525,SANKARI,GEN,SALEM,,21,93.57,31.92,no,12109,4.97,3.29,,,0,TRUE,1,,0,,,,0,FALSE,FALSE,FALSE,,,,,,State Assembly Election (AE)
Tamil_Nadu,13,87,2026,5,4,0,3,MANIKANDAN. M,,Dravida Munnetra Kazhagam,65716,0,,243779,260525,SANKARI,GEN,SALEM,,21,93.57,26.96,no,58182,23.87,3.29,,,0,TRUE,1,,0,,,,0,FALSE,FALSE,FALSE,,,,,,State Assembly Election (AE)
Tamil_Nadu,13,87,2026,5,4,0,4,NITHYA. A,,Naam Tamilar Katchi,7534,0,,243779,260525,SANKARI,GEN,SALEM,,21,93.57,3.09,yes,6525,2.68,3.29,,,0,TRUE,1,,0,,,,0,FALSE,FALSE,FALSE,,,,,,State Assembly Election (AE)
Tamil_Nadu,13,87,2026,5,4,0,5,DR. GURUNATHAN. S,,Indhu Dravida Makkal Katchi,1009,0,,243779,260525,SANKARI,GEN,SALEM,,21,93.57,0.41,yes,298,0.12,3.29,,,0,TRUE,1,,0,,,,0,FALSE,FALSE,FALSE,,,,,,State Assembly Election (AE)
Tamil_Nadu,13,87,2026,5,4,0,6,None Of The Above,,None of the Above,711,0,,243779,260525,SANKARI,GEN,SALEM,,21,93.57,0.29,yes,238,0.1,3.29,,,0,TRUE,1,,0,,,,0,FALSE,FALSE,FALSE,,,,,,State Assembly Election (AE)
Tamil_Nadu,13,87,2026,5,4,0,7,PARAMASIVAM. R,,Independent,473,0,,243779,260525,SANKARI,GEN,SALEM,,21,93.57,0.19,yes,75,0.03,3.29,,,0,TRUE,1,,0,,,,0,FALSE,FALSE,FALSE,,,,,,State Assembly Election (AE)
Tamil_Nadu,13,87,2026,5,4,0,8,SETTUMUTHU. V,,Bahujan Samaj Party,398,0,,243779,260525,SANKARI,GEN,SALEM,,21,93.57,0.16,yes,3,0.0,3.29,,,0,TRUE,1,,0,,,,0,FALSE,FALSE,FALSE,,,,,,State Assembly Election (AE)
Tamil_Nadu,13,87,2026,5,4,0,9,MANIKANDAN. D,,Independent,395,0,,243779,260525,SANKARI,GEN,SALEM,,21,93.57,0.16,yes,55,0.02,3.29,,,0,TRUE,1,,0,,,,0,FALSE,FALSE,FALSE,,,,,,State Assembly Election (AE)
Tamil_Nadu,13,87,2026,5,4,0,10,MAYILKUMAR. M,,Independent,340,0,,243779,260525,SANKARI,GEN,SALEM,,21,93.57,0.14,yes,51,0.02,3.29,,,0,TRUE,1,,0,,,,0,FALSE,FALSE,FALSE,,,,,,State Assembly Election (AE)
Tamil_Nadu,13,87,2026,5,4,0,11,VIGNESH. A,,Independent,289,0,,243779,260525,SANKARI,GEN,SALEM,,21,93.57,0.12,yes,2,0.0,3.29,,,0,TRUE,1,,0,,,,0,FALSE,FALSE,FALSE,,,,,,State Assembly Election (AE)
Tamil_Nadu,13,87,2026,5,4,0,12,SENTHILKUMAR. R.S.,,Tamizhaga Vaazhvurimai Katchi,287,0,,243779,260525,SANKARI,GEN,SALEM,,21,93.57,0.12,yes,19,0.01,3.29,,,0,TRUE,1,,0,,,,0,FALSE,FALSE,FALSE,,,,,,State Assembly Election (AE)
Tamil_Nadu,13,87,2026,5,4,0,13,POOVARASAN. S,,Independent,268,0,,243779,260525,SANKARI,GEN,SALEM,,21,93.57,0.11,yes,8,0.0,3.29,,,0,TRUE,1,,0,,,,0,FALSE,FALSE,FALSE,,,,,,State Assembly Election (AE)
Tamil_Nadu,13,87,2026,5,4,0,14,DURAIRAJ. C,,Independent,260,0,,243779,260525,SANKARI,GEN,SALEM,,21,93.57,0.11,yes,16,0.01,3.29,,,0,TRUE,1,,0,,,,0,FALSE,FALSE,FALSE,,,,,,State Assembly Election (AE)
Tamil_Nadu,13,87,2026,5,4,0,15,VIJAYAKUMAR. M,,Independent,244,0,,243779,260525,SANKARI,GEN,SALEM,,21,93.57,0.1,yes,97,0.04,3.29,,,0,TRUE,1,,0,,,,0,FALSE,FALSE,FALSE,,,,,,State Assembly Election (AE)
Tamil_Nadu,13,87,2026,5,4,0,16,SALMAN. E,,Independent,147,0,,243779,260525,SANKARI,GEN,SALEM,,21,93.57,0.06,yes,7,0.0,3.29,,,0,TRUE,1,,0,,,,0,FALSE,FALSE,FALSE,,,,,,State Assembly Election (AE)
Tamil_Nadu,13,87,2026,5,4,0,17,SAKTHIVEL. D,,Independent,140,0,,243779,260525,SANKARI,GEN,SALEM,,21,93.57,0.06,yes,4,0.0,3.29,,,0,TRUE,1,,0,,,,0,FALSE,FALSE,FALSE,,,,,,State Assembly Election (AE)
Tamil_Nadu,13,87,2026,5,4,0,18,MANIKANDAN. P,,Independent,136,0,,243779,260525,SANKARI,GEN,SALEM,,21,93.57,0.06,yes,40,0.02,3.29,,,0,TRUE,1,,0,,,,0,FALSE,FALSE,FALSE,,,,,,State Assembly Election (AE)
Tamil_Nadu,13,87,2026,5,4,0,19,RANJITH KUMAR. V,,Independent,96,0,,243779,260525,SANKARI,GEN,SALEM,,21,93.57,0.04,yes,10,0.0,3.29,,,0,TRUE,1,,0,,,,0,FALSE,FALSE,FALSE,,,,,,State Assembly Election (AE)
Tamil_Nadu,13,87,2026,5,4,0,20,SAKTHIVEL. G,,Independent,86,0,,243779,260525,SANKARI,GEN,SALEM,,21,93.57,0.04,yes,3,0.0,3.29,,,0,TRUE,1,,0,,,,0,FALSE,FALSE,FALSE,,,,,,State Assembly Election (AE)
Tamil_Nadu,13,87,2026,5,4,0,21,RAMESHKUMAR. V,,Independent,83,0,,243779,260525,SANKARI,GEN,SALEM,,21,93.57,0.03,yes,83,0.03,3.29,,,0,TRUE,1,,0,,,,0,FALSE,FALSE,FALSE,,,,,,State Assembly Election (AE)
Tamil_Nadu,13,88,2026,5,4,0,1,LAKSHMANAN.S,,Tamilaga Vettri Kazhagam,120407,0,,234407,257950,SALEM (WEST),GEN,SALEM,,32,90.87,51.37,no,74867,31.94,2.97,,,0,TRUE,1,,0,,,,0,FALSE,FALSE,FALSE,,,,,,State Assembly Election (AE)
Tamil_Nadu,13,88,2026,5,4,0,2,KARTHE.M,,Pattali Makkal Katchi,45540,0,,234407,257950,SALEM (WEST),GEN,SALEM,,32,90.87,19.43,no,4018,1.71,2.97,,,0,TRUE,1,,0,,,,0,FALSE,FALSE,FALSE,,,,,,State Assembly Election (AE)
Tamil_Nadu,13,88,2026,5,4,0,3,ALAGAAPURAM. R. MOHANRAJ,,Desiya Murpokku Dravida Kazhagam,41522,0,,234407,257950,SALEM (WEST),GEN,SALEM,,32,90.87,17.71,no,28990,12.37,2.97,,,0,TRUE,1,,0,,,,0,FALSE,FALSE,FALSE,,,,,,State Assembly Election (AE)
Tamil_Nadu,13,88,2026,5,4,0,4,ARUL RAMADAS,,Aanaithinthiya Jananayaka Pathukappu Kazhagam,12532,0,,234407,257950,SALEM (WEST),GEN,SALEM,,32,90.87,5.35,yes,5712,2.44,2.97,,,0,TRUE,1,,0,,,,0,FALSE,FALSE,FALSE,,,,,,State Assembly Election (AE)
Tamil_Nadu,13,88,2026,5,4,0,5,SURESH KUMAR.R,,Naam Tamilar Katchi,6820,0,,234407,257950,SALEM (WEST),GEN,SALEM,,32,90.87,2.91,yes,5768,2.46,2.97,,,0,TRUE,1,,0,,,,0,FALSE,FALSE,FALSE,,,,,,State Assembly Election (AE)
Tamil_Nadu,13,88,2026,5,4,0,6,None Of The Above,,None of the Above,1052,0,,234407,257950,SALEM (WEST),GEN,SALEM,,32,90.87,0.45,yes,416,0.18,2.97,,,0,TRUE,1,,0,,,,0,FALSE,FALSE,FALSE,,,,,,State Assembly Election (AE)
Tamil_Nadu,13,88,2026,5,4,0,7,RAJ KUMAR .G,,Tamizhaga Vaazhvurimai Katchi,636,0,,234407,257950,SALEM (WEST),GEN,SALEM,,32,90.87,0.27,yes,23,0.01,2.97,,,0,TRUE,1,,0,,,,0,FALSE,FALSE,FALSE,,,,,,State Assembly Election (AE)
Tamil_Nadu,13,88,2026,5,4,0,8,ER.PRABAKARAN.S,,Independent,613,0,,234407,257950,SALEM (WEST),GEN,SALEM,,32,90.87,0.26,yes,209,0.09,2.97,,,0,TRUE,1,,0,,,,0,FALSE,FALSE,FALSE,,,,,,State Assembly Election (AE)
Tamil_Nadu,13,88,2026,5,4,0,9,PRABU .K,,Vishwa Tamil Kazhagam,404,0,,234407,257950,SALEM (WEST),GEN,SALEM,,32,90.87,0.17,yes,9,0.0,2.97,,,0,TRUE,1,,0,,,,0,FALSE,FALSE,FALSE,,,,,,State Assembly Election (AE)
Tamil_Nadu,13,88,2026,5,4,0,10,GUNASEKARAN .R,,Bahujan Samaj Party,395,0,,234407,257950,SALEM (WEST),GEN,SALEM,,32,90.87,0.17,yes,0,0.0,2.97,,,0,TRUE,1,,0,,,,0,FALSE,FALSE,FALSE,,,,,,State Assembly Election (AE)
Tamil_Nadu,13,88,2026,5,4,0,11,BHARATH.S,,Independent,395,0,,234407,257950,SALEM (WEST),GEN,SALEM,,32,90.87,0.17,yes,2,0.0,2.97,,,0,TRUE,1,,0,,,,0,FALSE,FALSE,FALSE,,,,,,State Assembly Election (AE)
Tamil_Nadu,13,88,2026,5,4,0,12,CHANDRASEKARAN.G,,Independent,393,0,,234407,257950,SALEM (WEST),GEN,SALEM,,32,90.87,0.17,yes,24,0.01,2.97,,,0,TRUE,1,,0,,,,0,FALSE,FALSE,FALSE,,,,,,State Assembly Election (AE)
Tamil_Nadu,13,88,2026,5,4,0,13,VELMANIKANDAN. S,,Independent,369,0,,234407,257950,SALEM (WEST),GEN,SALEM,,32,90.87,0.16,yes,10,0.0,2.97,,,0,TRUE,1,,0,,,,0,FALSE,FALSE,FALSE,,,,,,State Assembly Election (AE)
Tamil_Nadu,13,88,2026,5,4,0,14,SRISABARINATHAN,,Independent,359,0,,234407,257950,SALEM (WEST),GEN,SALEM,,32,90.87,0.15,yes,41,0.02,2.97,,,0,TRUE,1,,0,,,,0,FALSE,FALSE,FALSE,,,,,,State Assembly Election (AE)
Tamil_Nadu,13,88,2026,5,4,0,15,AMIRTHALINGAM.N,,Independent,318,0,,234407,257950,SALEM (WEST),GEN,SALEM,,32,90.87,0.14,yes,17,0.01,2.97,,,0,TRUE,1,,0,,,,0,FALSE,FALSE,FALSE,,,,,,State Assembly Election (AE)
Tamil_Nadu,13,88,2026,5,4,0,16,ARUL.P,,Independent,301,0,,234407,257950,SALEM (WEST),GEN,SALEM,,32,90.87,0.13,yes,38,0.02,2.97,,,0,TRUE,1,,0,,,,0,FALSE,FALSE,FALSE,,,,,,State Assembly Election (AE)
Tamil_Nadu,13,88,2026,5,4,0,17,KUMAR.A.P,,Independent,263,0,,234407,257950,SALEM (WEST),GEN,SALEM,,32,90.87,0.11,yes,20,0.01,2.97,,,0,TRUE,1,,0,,,,0,FALSE,FALSE,FALSE,,,,,,State Assembly Election (AE)
Tamil_Nadu,13,88,2026,5,4,0,18,KARTHICK.M,,Independent,243,0,,234407,257950,SALEM (WEST),GEN,SALEM,,32,90.87,0.1,yes,4,0.0,2.97,,,0,TRUE,1,,0,,,,0,FALSE,FALSE,FALSE,,,,,,State Assembly Election (AE)
Tamil_Nadu,13,88,2026,5,4,0,19,ARUL.D,,Independent,239,0,,234407,257950,SALEM (WEST),GEN,SALEM,,32,90.87,0.1,yes,25,0.01,2.97,,,0,TRUE,1,,0,,,,0,FALSE,FALSE,FALSE,,,,,,State Assembly Election (AE)
Tamil_Nadu,13,88,2026,5,4,0,20,MANOHAR.C,,Independent,214,0,,234407,257950,SALEM (WEST),GEN,SALEM,,32,90.87,0.09,yes,30,0.01,2.97,,,0,TRUE,1,,0,,,,0,FALSE,FALSE,FALSE,,,,,,State Assembly Election (AE)
Tamil_Nadu,13,88,2026,5,4,0,21,THIYAGARAJAN.M,,Independent,184,0,,234407,257950,SALEM (WEST),GEN,SALEM,,32,90.87,0.08,yes,3,0.0,2.97,,,0,TRUE,1,,0,,,,0,FALSE,FALSE,FALSE,,,,,,State Assembly Election (AE)
Tamil_Nadu,13,88,2026,5,4,0,22,PERUMAL. A,,Independent,181,0,,234407,257950,SALEM (WEST),GEN,SALEM,,32,90.87,0.08,yes,34,0.01,2.97,,,0,TRUE,1,,0,,,,0,FALSE,FALSE,FALSE,,,,,,State Assembly Election (AE)
Tamil_Nadu,13,88,2026,5,4,0,23,SELVAM.R,,Independent,147,0,,234407,257950,SALEM (WEST),GEN,SALEM,,32,90.87,0.06,yes,10,0.0,2.97,,,0,TRUE,1,,0,,,,0,FALSE,FALSE,FALSE,,,,,,State Assembly Election (AE)
Tamil_Nadu,13,88,2026,5,4,0,24,RADHAKRISHNAN. R,,Independent,137,0,,234407,257950,SALEM (WEST),GEN,SALEM,,32,90.87,0.06,yes,19,0.01,2.97,,,0,TRUE,1,,0,,,,0,FALSE,FALSE,FALSE,,,,,,State Assembly Election (AE)
Tamil_Nadu,13,88,2026,5,4,0,25,BHARANITHARAN.D.K,,Independent,118,0,,234407,257950,SALEM (WEST),GEN,SALEM,,32,90.87,0.05,yes,7,0.0,2.97,,,0,TRUE,1,,0,,,,0,FALSE,FALSE,FALSE,,,,,,State Assembly Election (AE)
Tamil_Nadu,13,88,2026,5,4,0,26,VIJAYAKUMAR. S,,Independent,111,0,,234407,257950,SALEM (WEST),GEN,SALEM,,32,90.87,0.05,yes,3,0.0,2.97,,,0,TRUE,1,,0,,,,0,FALSE,FALSE,FALSE,,,,,,State Assembly Election (AE)
Tamil_Nadu,13,88,2026,5,4,0,27,ARUL. T,,Independent,108,0,,234407,257950,SALEM (WEST),GEN,SALEM,,32,90.87,0.05,yes,17,0.01,2.97,,,0,TRUE,1,,0,,,,0,FALSE,FALSE,FALSE,,,,,,State Assembly Election (AE)
Tamil_Nadu,13,88,2026,5,4,0,28,KARTHICK.R,,Independent,91,0,,234407,257950,SALEM (WEST),GEN,SALEM,,32,90.87,0.04,yes,3,0.0,2.97,,,0,TRUE,1,,0,,,,0,FALSE,FALSE,FALSE,,,,,,State Assembly Election (AE)
Tamil_Nadu,13,88,2026,5,4,0,29,MOHAN RAJ. R,,Independent,88,0,,234407,257950,SALEM (WEST),GEN,SALEM,,32,90.87,0.04,yes,3,0.0,2.97,,,0,TRUE,1,,0,,,,0,FALSE,FALSE,FALSE,,,,,,State Assembly Election (AE)
Tamil_Nadu,13,88,2026,5,4,0,30,ARUL .S,,Independent,85,0,,234407,257950,SALEM (WEST),GEN,SALEM,,32,90.87,0.04,yes,11,0.0,2.97,,,0,TRUE,1,,0,,,,0,FALSE,FALSE,FALSE,,,,,,State Assembly Election (AE)
Tamil_Nadu,13,88,2026,5,4,0,31,DHANAPAL,,Independent,74,0,,234407,257950,SALEM (WEST),GEN,SALEM,,32,90.87,0.03,yes,6,0.0,2.97,,,0,TRUE,1,,0,,,,0,FALSE,FALSE,FALSE,,,,,,State Assembly Election (AE)
Tamil_Nadu,13,88,2026,5,4,0,32,PANNEERSELVAM.P,,Independent,68,0,,234407,257950,SALEM (WEST),GEN,SALEM,,32,90.87,0.03,yes,68,0.03,2.97,,,0,TRUE,1,,0,,,,0,FALSE,FALSE,FALSE,,,,,,State Assembly Election (AE)
Tamil_Nadu,13,89,2026,5,4,0,1,SIVAKUMAR. K,,Tamilaga Vettri Kazhagam,85710,0,,210712,238637,SALEM (NORTH),GEN,SALEM,,15,88.3,40.68,no,14034,6.66,3.07,,,0,TRUE,1,,0,,,,0,FALSE,FALSE,FALSE,,,,,,State Assembly Election (AE)
Tamil_Nadu,13,89,2026,5,4,0,2,RAJENDRAN. R,,Dravida Munnetra Kazhagam,71676,0,,210712,238637,SALEM (NORTH),GEN,SALEM,,15,88.3,34.02,no,27438,13.02,3.07,,,0,TRUE,1,,0,,,,0,FALSE,FALSE,FALSE,,,,,,State Assembly Election (AE)
Tamil_Nadu,13,89,2026,5,4,0,3,SADHASIVAM. S,,Pattali Makkal Katchi,44238,0,,210712,238637,SALEM (NORTH),GEN,SALEM,,15,88.3,20.99,no,37788,17.93,3.07,,,0,TRUE,1,,0,,,,0,FALSE,FALSE,FALSE,,,,,,State Assembly Election (AE)
Tamil_Nadu,13,89,2026,5,4,0,4,GUNASEELA. M,,Naam Tamilar Katchi,6450,0,,210712,238637,SALEM (NORTH),GEN,SALEM,,15,88.3,3.06,yes,5245,2.49,3.07,,,0,TRUE,1,,0,,,,0,FALSE,FALSE,FALSE,,,,,,State Assembly Election (AE)
Tamil_Nadu,13,89,2026,5,4,0,5,None Of The Above,,None of the Above,1205,0,,210712,238637,SALEM (NORTH),GEN,SALEM,,15,88.3,0.57,yes,867,0.41,3.07,,,0,TRUE,1,,0,,,,0,FALSE,FALSE,FALSE,,,,,,State Assembly Election (AE)
Tamil_Nadu,13,89,2026,5,4,0,6,MOHANRAJ. S,,Tamizhaga Vaazhvurimai Katchi,338,0,,210712,238637,SALEM (NORTH),GEN,SALEM,,15,88.3,0.16,yes,162,0.08,3.07,,,0,TRUE,1,,0,,,,0,FALSE,FALSE,FALSE,,,,,,State Assembly Election (AE)
Tamil_Nadu,13,89,2026,5,4,0,7,JOTHILAKSHMI. R.S,,Vishwa Tamil Kazhagam,176,0,,210712,238637,SALEM (NORTH),GEN,SALEM,,15,88.3,0.08,yes,25,0.01,3.07,,,0,TRUE,1,,0,,,,0,FALSE,FALSE,FALSE,,,,,,State Assembly Election (AE)
Tamil_Nadu,13,89,2026,5,4,0,8,RAJA. A,,Independent,151,0,,210712,238637,SALEM (NORTH),GEN,SALEM,,15,88.3,0.07,yes,14,0.01,3.07,,,0,TRUE,1,,0,,,,0,FALSE,FALSE,FALSE,,,,,,State Assembly Election (AE)
Tamil_Nadu,13,89,2026,5,4,0,9,SABAREESAN. D,,Independent,137,0,,210712,238637,SALEM (NORTH),GEN,SALEM,,15,88.3,0.07,yes,9,0.0,3.07,,,0,TRUE,1,,0,,,,0,FALSE,FALSE,FALSE,,,,,,State Assembly Election (AE)
Tamil_Nadu,13,89,2026,5,4,0,10,RAJASEKAR. S,,Independent,128,0,,210712,238637,SALEM (NORTH),GEN,SALEM,,15,88.3,0.06,yes,6,0.0,3.07,,,0,TRUE,1,,0,,,,0,FALSE,FALSE,FALSE,,,,,,State Assembly Election (AE)
Tamil_Nadu,13,89,2026,5,4,0,11,RAJENDRAN. A,,Independent,122,0,,210712,238637,SALEM (NORTH),GEN,SALEM,,15,88.3,0.06,yes,5,0.0,3.07,,,0,TRUE,1,,0,,,,0,FALSE,FALSE,FALSE,,,,,,State Assembly Election (AE)
Tamil_Nadu,13,89,2026,5,4,0,12,MAHABUB JOHN. K,,Independent,117,0,,210712,238637,SALEM (NORTH),GEN,SALEM,,15,88.3,0.06,yes,20,0.01,3.07,,,0,TRUE,1,,0,,,,0,FALSE,FALSE,FALSE,,,,,,State Assembly Election (AE)
Tamil_Nadu,13,89,2026,5,4,0,13,PRAVINA. G,,Independent,97,0,,210712,238637,SALEM (NORTH),GEN,SALEM,,15,88.3,0.05,yes,7,0.0,3.07,,,0,TRUE,1,,0,,,,0,FALSE,FALSE,FALSE,,,,,,State Assembly Election (AE)
Tamil_Nadu,13,89,2026,5,4,0,14,MANIVANNAN. S,,Independent,90,0,,210712,238637,SALEM (NORTH),GEN,SALEM,,15,88.3,0.04,yes,13,0.01,3.07,,,0,TRUE,1,,0,,,,0,FALSE,FALSE,FALSE,,,,,,State Assembly Election (AE)
Tamil_Nadu,13,89,2026,5,4,0,15,PALANISAMY. R,,Independent,77,0,,210712,238637,SALEM (NORTH),GEN,SALEM,,15,88.3,0.04,yes,77,0.04,3.07,,,0,TRUE,1,,0,,,,0,FALSE,FALSE,FALSE,,,,,,State Assembly Election (AE)
Tamil_Nadu,13,90,2026,5,4,0,1,VIJAY TAMILAN PARTHIBAN. A,,Tamilaga Vettri Kazhagam,91371,0,,207902,226851,SALEM (SOUTH),GEN,SALEM,,20,91.65,43.95,no,33369,16.05,3.03,,,0,TRUE,1,,0,,,,0,FALSE,FALSE,FALSE,,,,,,State Assembly Election (AE)
Tamil_Nadu,13,90,2026,5,4,0,2,LOGANATHAN. M,,Dravida Munnetra Kazhagam,58002,0,,207902,226851,SALEM (SOUTH),GEN,SALEM,,20,91.65,27.9,no,7786,3.75,3.03,,,0,TRUE,1,,0,,,,0,FALSE,FALSE,FALSE,,,,,,State Assembly Election (AE)
Tamil_Nadu,13,90,2026,5,4,0,3,VINOTH. J,,All India Anna Dravida Munnetra Kazhagam,50216,0,,207902,226851,SALEM (SOUTH),GEN,SALEM,,20,91.65,24.15,no,44397,21.35,3.03,,,0,TRUE,1,,0,,,,0,FALSE,FALSE,FALSE,,,,,,State Assembly Election (AE)
Tamil_Nadu,13,90,2026,5,4,0,4,SOFIA. S,,Naam Tamilar Katchi,5819,0,,207902,226851,SALEM (SOUTH),GEN,SALEM,,20,91.65,2.8,yes,5074,2.44,3.03,,,0,TRUE,1,,0,,,,0,FALSE,FALSE,FALSE,,,,,,State Assembly Election (AE)
Tamil_Nadu,13,90,2026,5,4,0,5,None Of The Above,,None of the Above,745,0,,207902,226851,SALEM (SOUTH),GEN,SALEM,,20,91.65,0.36,yes,338,0.16,3.03,,,0,TRUE,1,,0,,,,0,FALSE,FALSE,FALSE,,,,,,State Assembly Election (AE)
Tamil_Nadu,13,90,2026,5,4,0,6,BAS MADHESWARAN,,Tamizhaga Vaazhvurimai Katchi,407,0,,207902,226851,SALEM (SOUTH),GEN,SALEM,,20,91.65,0.2,yes,241,0.12,3.03,,,0,TRUE,1,,0,,,,0,FALSE,FALSE,FALSE,,,,,,State Assembly Election (AE)
Tamil_Nadu,13,90,2026,5,4,0,7,VARATHARAJAN. S.P,,Independent,166,0,,207902,226851,SALEM (SOUTH),GEN,SALEM,,20,91.65,0.08,yes,1,0.0,3.03,,,0,TRUE,1,,0,,,,0,FALSE,FALSE,FALSE,,,,,,State Assembly Election (AE)
Tamil_Nadu,13,90,2026,5,4,0,8,LOGANATHAN. M,,Independent,165,0,,207902,226851,SALEM (SOUTH),GEN,SALEM,,20,91.65,0.08,yes,7,0.0,3.03,,,0,TRUE,1,,0,,,,0,FALSE,FALSE,FALSE,,,,,,State Assembly Election (AE)
Tamil_Nadu,13,90,2026,5,4,0,9,AMBEDKAR. C,,Independent,158,0,,207902,226851,SALEM (SOUTH),GEN,SALEM,,20,91.65,0.08,yes,41,0.02,3.03,,,0,TRUE,1,,0,,,,0,FALSE,FALSE,FALSE,,,,,,State Assembly Election (AE)
Tamil_Nadu,13,90,2026,5,4,0,10,JAYARAJ. S,,Independent,117,0,,207902,226851,SALEM (SOUTH),GEN,SALEM,,20,91.65,0.06,yes,18,0.01,3.03,,,0,TRUE,1,,0,,,,0,FALSE,FALSE,FALSE,,,,,,State Assembly Election (AE)
Tamil_Nadu,13,90,2026,5,4,0,11,MAYAKANNAN. N,,Independent,99,0,,207902,226851,SALEM (SOUTH),GEN,SALEM,,20,91.65,0.05,yes,6,0.0,3.03,,,0,TRUE,1,,0,,,,0,FALSE,FALSE,FALSE,,,,,,State Assembly Election (AE)
Tamil_Nadu,13,90,2026,5,4,0,12,PARTHIBAN. A,,Independent,93,0,,207902,226851,SALEM (SOUTH),GEN,SALEM,,20,91.65,0.04,yes,1,0.0,3.03,,,0,TRUE,1,,0,,,,0,FALSE,FALSE,FALSE,,,,,,State Assembly Election (AE)
Tamil_Nadu,13,90,2026,5,4,0,13,SANTHOSH. S,,Independent,92,0,,207902,226851,SALEM (SOUTH),GEN,SALEM,,20,91.65,0.04,yes,1,0.0,3.03,,,0,TRUE,1,,0,,,,0,FALSE,FALSE,FALSE,,,,,,State Assembly Election (AE)
Tamil_Nadu,13,90,2026,5,4,0,14,PRAVEEN KUMAR. M,,Independent,91,0,,207902,226851,SALEM (SOUTH),GEN,SALEM,,20,91.65,0.04,yes,16,0.01,3.03,,,0,TRUE,1,,0,,,,0,FALSE,FALSE,FALSE,,,,,,State Assembly Election (AE)
Tamil_Nadu,13,90,2026,5,4,0,15,PALANIAPPAN. M,,Independent,75,0,,207902,226851,SALEM (SOUTH),GEN,SALEM,,20,91.65,0.04,yes,4,0.0,3.03,,,0,TRUE,1,,0,,,,0,FALSE,FALSE,FALSE,,,,,,State Assembly Election (AE)
Tamil_Nadu,13,90,2026,5,4,0,16,LOGANATHAN. M,,Independent,71,0,,207902,226851,SALEM (SOUTH),GEN,SALEM,,20,91.65,0.03,yes,10,0.0,3.03,,,0,TRUE,1,,0,,,,0,FALSE,FALSE,FALSE,,,,,,State Assembly Election (AE)
Tamil_Nadu,13,90,2026,5,4,0,17,SUMATHI. P,,Independent,61,0,,207902,226851,SALEM (SOUTH),GEN,SALEM,,20,91.65,0.03,yes,3,0.0,3.03,,,0,TRUE,1,,0,,,,0,FALSE,FALSE,FALSE,,,,,,State Assembly Election (AE)
Tamil_Nadu,13,90,2026,5,4,0,18,PARTHIBAN. V,,Independent,58,0,,207902,226851,SALEM (SOUTH),GEN,SALEM,,20,91.65,0.03,yes,2,0.0,3.03,,,0,TRUE,1,,0,,,,0,FALSE,FALSE,FALSE,,,,,,State Assembly Election (AE)
Tamil_Nadu,13,90,2026,5,4,0,19,SUNDARAM. R,,Independent,56,0,,207902,226851,SALEM (SOUTH),GEN,SALEM,,20,91.65,0.03,yes,16,0.01,3.03,,,0,TRUE,1,,0,,,,0,FALSE,FALSE,FALSE,,,,,,State Assembly Election (AE)
Tamil_Nadu,13,90,2026,5,4,0,20,PADMANAPAN. M,,Independent,40,0,,207902,226851,SALEM (SOUTH),GEN,SALEM,,20,91.65,0.02,yes,40,0.02,3.03,,,0,TRUE,1,,0,,,,0,FALSE,FALSE,FALSE,,,,,,State Assembly Election (AE)
Tamil_Nadu,13,91,2026,5,4,0,1,PALANIVEL. M.S,,Tamilaga Vettri Kazhagam,79907,0,,235875,250449,VEERAPANDI,GEN,SALEM,,21,94.18,33.88,no,4071,1.73,3.28,,,0,TRUE,1,,0,,,,0,FALSE,FALSE,FALSE,,,,,,State Assembly Election (AE)
Tamil_Nadu,13,91,2026,5,4,0,2,SRI BALAJI SUGUMAR. S,,All India Anna Dravida Munnetra Kazhagam,75836,0,,235875,250449,VEERAPANDI,GEN,SALEM,,21,94.18,32.15,no,6540,2.77,3.28,,,0,TRUE,1,,0,,,,0,FALSE,FALSE,FALSE,,,,,,State Assembly Election (AE)
Tamil_Nadu,13,91,2026,5,4,0,3,THARUN. A.K,,Dravida Munnetra Kazhagam,69296,0,,235875,250449,VEERAPANDI,GEN,SALEM,,21,94.18,29.38,no,62476,26.49,3.28,,,0,TRUE,1,,0,,,,0,FALSE,FALSE,FALSE,,,,,,State Assembly Election (AE)
Tamil_Nadu,13,91,2026,5,4,0,4,RAJESHKUMAR. S,,Naam Tamilar Katchi,6820,0,,235875,250449,VEERAPANDI,GEN,SALEM,,21,94.18,2.89,yes,6178,2.62,3.28,,,0,TRUE,1,,0,,,,0,FALSE,FALSE,FALSE,,,,,,State Assembly Election (AE)
Tamil_Nadu,13,91,2026,5,4,0,5,BRAMAMOORTHI. M,,Tamizhaga Vaazhvurimai Katchi,642,0,,235875,250449,VEERAPANDI,GEN,SALEM,,21,94.18,0.27,yes,48,0.02,3.28,,,0,TRUE,1,,0,,,,0,FALSE,FALSE,FALSE,,,,,,State Assembly Election (AE)
Tamil_Nadu,13,91,2026,5,4,0,6,None Of The Above,,None of the Above,594,0,,235875,250449,VEERAPANDI,GEN,SALEM,,21,94.18,0.25,yes,145,0.06,3.28,,,0,TRUE,1,,0,,,,0,FALSE,FALSE,FALSE,,,,,,State Assembly Election (AE)
Tamil_Nadu,13,91,2026,5,4,0,7,PALANISAMY. P,,Independent,449,0,,235875,250449,VEERAPANDI,GEN,SALEM,,21,94.18,0.19,yes,12,0.01,3.28,,,0,TRUE,1,,0,,,,0,FALSE,FALSE,FALSE,,,,,,State Assembly Election (AE)
Tamil_Nadu,13,91,2026,5,4,0,8,ANBAZHAGAN. P,,Communist Party of India (Marxist-Leninist) (Liberation),437,0,,235875,250449,VEERAPANDI,GEN,SALEM,,21,94.18,0.19,yes,40,0.02,3.28,,,0,TRUE,1,,0,,,,0,FALSE,FALSE,FALSE,,,,,,State Assembly Election (AE)
Tamil_Nadu,13,91,2026,5,4,0,9,SAKTHIVEL. M,,Naadaalum Makkal Katchi,397,0,,235875,250449,VEERAPANDI,GEN,SALEM,,21,94.18,0.17,yes,48,0.02,3.28,,,0,TRUE,1,,0,,,,0,FALSE,FALSE,FALSE,,,,,,State Assembly Election (AE)
Tamil_Nadu,13,91,2026,5,4,0,10,PRABHU. V,,Independent,349,0,,235875,250449,VEERAPANDI,GEN,SALEM,,21,94.18,0.15,yes,152,0.06,3.28,,,0,TRUE,1,,0,,,,0,FALSE,FALSE,FALSE,,,,,,State Assembly Election (AE)
Tamil_Nadu,13,91,2026,5,4,0,11,VAIDESSWARA PRASAD. N,,Independent,197,0,,235875,250449,VEERAPANDI,GEN,SALEM,,21,94.18,0.08,yes,44,0.02,3.28,,,0,TRUE,1,,0,,,,0,FALSE,FALSE,FALSE,,,,,,State Assembly Election (AE)
Tamil_Nadu,13,91,2026,5,4,0,12,INDRAJITH GUPTHA. G,,Independent,153,0,,235875,250449,VEERAPANDI,GEN,SALEM,,21,94.18,0.06,yes,11,0.0,3.28,,,0,TRUE,1,,0,,,,0,FALSE,FALSE,FALSE,,,,,,State Assembly Election (AE)
Tamil_Nadu,13,91,2026,5,4,0,13,TAMILARASAN. D,,Independent,142,0,,235875,250449,VEERAPANDI,GEN,SALEM,,21,94.18,0.06,yes,7,0.0,3.28,,,0,TRUE,1,,0,,,,0,FALSE,FALSE,FALSE,,,,,,State Assembly Election (AE)
Tamil_Nadu,13,91,2026,5,4,0,14,SENTHILKUMAR. M,,Independent,135,0,,235875,250449,VEERAPANDI,GEN,SALEM,,21,94.18,0.06,yes,32,0.01,3.28,,,0,TRUE,1,,0,,,,0,FALSE,FALSE,FALSE,,,,,,State Assembly Election (AE)
Tamil_Nadu,13,91,2026,5,4,0,15,DEVENDHIRAPRABU. M,,Independent,103,0,,235875,250449,VEERAPANDI,GEN,SALEM,,21,94.18,0.04,yes,7,0.0,3.28,,,0,TRUE,1,,0,,,,0,FALSE,FALSE,FALSE,,,,,,State Assembly Election (AE)
Tamil_Nadu,13,91,2026,5,4,0,16,GOPI. R,,Independent,96,0,,235875,250449,VEERAPANDI,GEN,SALEM,,21,94.18,0.04,yes,16,0.01,3.28,,,0,TRUE,1,,0,,,,0,FALSE,FALSE,FALSE,,,,,,State Assembly Election (AE)
Tamil_Nadu,13,91,2026,5,4,0,17,KARTHI. R,,Independent,80,0,,235875,250449,VEERAPANDI,GEN,SALEM,,21,94.18,0.03,yes,1,0.0,3.28,,,0,TRUE,1,,0,,,,0,FALSE,FALSE,FALSE,,,,,,State Assembly Election (AE)
Tamil_Nadu,13,91,2026,5,4,0,18,JAYAVEL. M,,Independent,79,0,,235875,250449,VEERAPANDI,GEN,SALEM,,21,94.18,0.03,yes,21,0.01,3.28,,,0,TRUE,1,,0,,,,0,FALSE,FALSE,FALSE,,,,,,State Assembly Election (AE)
Tamil_Nadu,13,91,2026,5,4,0,19,GOPINATH. B,,Independent,58,0,,235875,250449,VEERAPANDI,GEN,SALEM,,21,94.18,0.02,yes,2,0.0,3.28,,,0,TRUE,1,,0,,,,0,FALSE,FALSE,FALSE,,,,,,State Assembly Election (AE)
Tamil_Nadu,13,91,2026,5,4,0,20,KAVITHA. M.P,,Independent,56,0,,235875,250449,VEERAPANDI,GEN,SALEM,,21,94.18,0.02,yes,7,0.0,3.28,,,0,TRUE,1,,0,,,,0,FALSE,FALSE,FALSE,,,,,,State Assembly Election (AE)
Tamil_Nadu,13,91,2026,5,4,0,21,RANGANATHAN. D,,Independent,49,0,,235875,250449,VEERAPANDI,GEN,SALEM,,21,94.18,0.02,yes,49,0.02,3.28,,,0,TRUE,1,,0,,,,0,FALSE,FALSE,FALSE,,,,,,State Assembly Election (AE)
Tamil_Nadu,13,92,2026,5,4,0,1,LOGESH TAMILSELVAN D,,Tamilaga Vettri Kazhagam,74808,0,,204680,222252,RASIPURAM,SC,NAMAKKAL,,19,92.09,36.55,no,14511,7.09,3.32,,,0,TRUE,1,,0,,,,0,FALSE,FALSE,FALSE,,,,,,State Assembly Election (AE)
Tamil_Nadu,13,92,2026,5,4,0,2,PREMKUMAR S D,,Bharatiya Janata Party,60297,0,,204680,222252,RASIPURAM,SC,NAMAKKAL,,19,92.09,29.46,no,2443,1.19,3.32,,,0,TRUE,1,,0,,,,0,FALSE,FALSE,FALSE,,,,,,State Assembly Election (AE)
Tamil_Nadu,13,92,2026,5,4,0,3,MATHIVENTHAN M DR,,Dravida Munnetra Kazhagam,57854,0,,204680,222252,RASIPURAM,SC,NAMAKKAL,,19,92.09,28.27,no,51439,25.13,3.32,,,0,TRUE,1,,0,,,,0,FALSE,FALSE,FALSE,,,,,,State Assembly Election (AE)
Tamil_Nadu,13,92,2026,5,4,0,4,SASIKALA S,,Naam Tamilar Katchi,6415,0,,204680,222252,RASIPURAM,SC,NAMAKKAL,,19,92.09,3.13,yes,5123,2.5,3.32,,,0,TRUE,1,,0,,,,0,FALSE,FALSE,FALSE,,,,,,State Assembly Election (AE)
Tamil_Nadu,13,92,2026,5,4,0,5,MURUGESAN A,,Independent,1292,0,,204680,222252,RASIPURAM,SC,NAMAKKAL,,19,92.09,0.63,yes,429,0.21,3.32,,,0,TRUE,1,,0,,,,0,FALSE,FALSE,FALSE,,,,,,State Assembly Election (AE)
Tamil_Nadu,13,92,2026,5,4,0,6,None Of The Above,,None of the Above,863,0,,204680,222252,RASIPURAM,SC,NAMAKKAL,,19,92.09,0.42,yes,391,0.19,3.32,,,0,TRUE,1,,0,,,,0,FALSE,FALSE,FALSE,,,,,,State Assembly Election (AE)
Tamil_Nadu,13,92,2026,5,4,0,7,RAJESHKANNAN R,,Independent,472,0,,204680,222252,RASIPURAM,SC,NAMAKKAL,,19,92.09,0.23,yes,10,0.0,3.32,,,0,TRUE,1,,0,,,,0,FALSE,FALSE,FALSE,,,,,,State Assembly Election (AE)
Tamil_Nadu,13,92,2026,5,4,0,8,ARULKUMAR P,,Ganasangam Party of India,462,0,,204680,222252,RASIPURAM,SC,NAMAKKAL,,19,92.09,0.23,yes,34,0.02,3.32,,,0,TRUE,1,,0,,,,0,FALSE,FALSE,FALSE,,,,,,State Assembly Election (AE)
Tamil_Nadu,13,92,2026,5,4,0,9,NEPPOLIYAN K,,Independent,428,0,,204680,222252,RASIPURAM,SC,NAMAKKAL,,19,92.09,0.21,yes,80,0.04,3.32,,,0,TRUE,1,,0,,,,0,FALSE,FALSE,FALSE,,,,,,State Assembly Election (AE)
Tamil_Nadu,13,92,2026,5,4,0,10,RAMADASS D,,Samaniya Makkal Nala Katchi,348,0,,204680,222252,RASIPURAM,SC,NAMAKKAL,,19,92.09,0.17,yes,105,0.05,3.32,,,0,TRUE,1,,0,,,,0,FALSE,FALSE,FALSE,,,,,,State Assembly Election (AE)
Tamil_Nadu,13,92,2026,5,4,0,11,MUNIYAPPAN M,,Puthiya Tamilagam,243,0,,204680,222252,RASIPURAM,SC,NAMAKKAL,,19,92.09,0.12,yes,60,0.03,3.32,,,0,TRUE,1,,0,,,,0,FALSE,FALSE,FALSE,,,,,,State Assembly Election (AE)
Tamil_Nadu,13,92,2026,5,4,0,12,ARULRAJU G,,Anaithinthiya Anna Dravida Makkal Seyal katchi,183,0,,204680,222252,RASIPURAM,SC,NAMAKKAL,,19,92.09,0.09,yes,0,0.0,3.32,,,0,TRUE,1,,0,,,,0,FALSE,FALSE,FALSE,,,,,,State Assembly Election (AE)
Tamil_Nadu,13,92,2026,5,4,0,13,AMPULIMADHAN M,,Independent,183,0,,204680,222252,RASIPURAM,SC,NAMAKKAL,,19,92.09,0.09,yes,4,0.0,3.32,,,0,TRUE,1,,0,,,,0,FALSE,FALSE,FALSE,,,,,,State Assembly Election (AE)
Tamil_Nadu,13,92,2026,5,4,0,14,NAGARAJAN K,,Independent,179,0,,204680,222252,RASIPURAM,SC,NAMAKKAL,,19,92.09,0.09,yes,4,0.0,3.32,,,0,TRUE,1,,0,,,,0,FALSE,FALSE,FALSE,,,,,,State Assembly Election (AE)
Tamil_Nadu,13,92,2026,5,4,0,15,MANIKANDAN C,,Independent,175,0,,204680,222252,RASIPURAM,SC,NAMAKKAL,,19,92.09,0.09,yes,28,0.01,3.32,,,0,TRUE,1,,0,,,,0,FALSE,FALSE,FALSE,,,,,,State Assembly Election (AE)
Tamil_Nadu,13,92,2026,5,4,0,16,THANGAMANI S,,Independent,147,0,,204680,222252,RASIPURAM,SC,NAMAKKAL,,19,92.09,0.07,yes,26,0.01,3.32,,,0,TRUE,1,,0,,,,0,FALSE,FALSE,FALSE,,,,,,State Assembly Election (AE)
Tamil_Nadu,13,92,2026,5,4,0,17,KRISHNAMOORTHI P,,Tamizhaga Vaazhvurimai Katchi,121,0,,204680,222252,RASIPURAM,SC,NAMAKKAL,,19,92.09,0.06,yes,3,0.0,3.32,,,0,TRUE,1,,0,,,,0,FALSE,FALSE,FALSE,,,,,,State Assembly Election (AE)
Tamil_Nadu,13,92,2026,5,4,0,18,JAYANTHI M,,Independent,118,0,,204680,222252,RASIPURAM,SC,NAMAKKAL,,19,92.09,0.06,yes,26,0.01,3.32,,,0,TRUE,1,,0,,,,0,FALSE,FALSE,FALSE,,,,,,State Assembly Election (AE)
Tamil_Nadu,13,92,2026,5,4,0,19,TAMILAZHAGAN M,,Independent,92,0,,204680,222252,RASIPURAM,SC,NAMAKKAL,,19,92.09,0.04,yes,92,0.04,3.32,,,0,TRUE,1,,0,,,,0,FALSE,FALSE,FALSE,,,,,,State Assembly Election (AE)
Tamil_Nadu,13,93,2026,5,4,0,1,P CHANDRASEKAR,,Tamilaga Vettri Kazhagam,68815,0,,209687,229398,SENTHAMANGALAM,ST,NAMAKKAL,,13,91.41,32.82,no,2655,1.27,3.29,,,0,TRUE,1,,0,,,,0,FALSE,FALSE,FALSE,,,,,,State Assembly Election (AE)
Tamil_Nadu,13,93,2026,5,4,0,2,C CHANDRASEKARAN,,All India Anna Dravida Munnetra Kazhagam,66160,0,,209687,229398,SENTHAMANGALAM,ST,NAMAKKAL,,13,91.41,31.55,no,1209,0.58,3.29,,,0,TRUE,1,,0,,,,0,FALSE,FALSE,FALSE,,,,,,State Assembly Election (AE)
Tamil_Nadu,13,93,2026,5,4,0,3,P POOMALAR,,Dravida Munnetra Kazhagam,64951,0,,209687,229398,SENTHAMANGALAM,ST,NAMAKKAL,,13,91.41,30.98,no,58473,27.89,3.29,,,0,TRUE,1,,0,,,,0,FALSE,FALSE,FALSE,,,,,,State Assembly Election (AE)
Tamil_Nadu,13,93,2026,5,4,0,4,PONNUMANI C,,Naam Tamilar Katchi,6478,0,,209687,229398,SENTHAMANGALAM,ST,NAMAKKAL,,13,91.41,3.09,yes,5267,2.51,3.29,,,0,TRUE,1,,0,,,,0,FALSE,FALSE,FALSE,,,,,,State Assembly Election (AE)
Tamil_Nadu,13,93,2026,5,4,0,5,None Of The Above,,None of the Above,1211,0,,209687,229398,SENTHAMANGALAM,ST,NAMAKKAL,,13,91.41,0.58,yes,606,0.29,3.29,,,0,TRUE,1,,0,,,,0,FALSE,FALSE,FALSE,,,,,,State Assembly Election (AE)
Tamil_Nadu,13,93,2026,5,4,0,6,K RAMESH,,Independent,605,0,,209687,229398,SENTHAMANGALAM,ST,NAMAKKAL,,13,91.41,0.29,yes,176,0.08,3.29,,,0,TRUE,1,,0,,,,0,FALSE,FALSE,FALSE,,,,,,State Assembly Election (AE)
Tamil_Nadu,13,93,2026,5,4,0,7,E MANIKANDAN,,Independent,429,0,,209687,229398,SENTHAMANGALAM,ST,NAMAKKAL,,13,91.41,0.2,yes,169,0.08,3.29,,,0,TRUE,1,,0,,,,0,FALSE,FALSE,FALSE,,,,,,State Assembly Election (AE)
Tamil_Nadu,13,93,2026,5,4,0,8,M SWAMINATHAN,,Independent,260,0,,209687,229398,SENTHAMANGALAM,ST,NAMAKKAL,,13,91.41,0.12,yes,1,0.0,3.29,,,0,TRUE,1,,0,,,,0,FALSE,FALSE,FALSE,,,,,,State Assembly Election (AE)
Tamil_Nadu,13,93,2026,5,4,0,9,A BALAMUGAN,,Independent,259,0,,209687,229398,SENTHAMANGALAM,ST,NAMAKKAL,,13,91.41,0.12,yes,60,0.03,3.29,,,0,TRUE,1,,0,,,,0,FALSE,FALSE,FALSE,,,,,,State Assembly Election (AE)
Tamil_Nadu,13,93,2026,5,4,0,10,K DURAISAMY,,Ganasangam Party of India,199,0,,209687,229398,SENTHAMANGALAM,ST,NAMAKKAL,,13,91.41,0.09,yes,86,0.04,3.29,,,0,TRUE,1,,0,,,,0,FALSE,FALSE,FALSE,,,,,,State Assembly Election (AE)
Tamil_Nadu,13,93,2026,5,4,0,11,C JAGANATHAN,,All India Puratchi Thalaivar Makkal Munnettra Kazhagam,113,0,,209687,229398,SENTHAMANGALAM,ST,NAMAKKAL,,13,91.41,0.05,yes,2,0.0,3.29,,,0,TRUE,1,,0,,,,0,FALSE,FALSE,FALSE,,,,,,State Assembly Election (AE)
Tamil_Nadu,13,93,2026,5,4,0,12,P RAMASAMY,,Tamizhaga Vaazhvurimai Katchi,111,0,,209687,229398,SENTHAMANGALAM,ST,NAMAKKAL,,13,91.41,0.05,yes,15,0.01,3.29,,,0,TRUE,1,,0,,,,0,FALSE,FALSE,FALSE,,,,,,State Assembly Election (AE)
Tamil_Nadu,13,93,2026,5,4,0,13,C SUTHAN,,Independent,96,0,,209687,229398,SENTHAMANGALAM,ST,NAMAKKAL,,13,91.41,0.05,yes,96,0.05,3.29,,,0,TRUE,1,,0,,,,0,FALSE,FALSE,FALSE,,,,,,State Assembly Election (AE)
Tamil_Nadu,13,94,2026,5,4,0,1,DILIP C S,,Tamilaga Vettri Kazhagam,79744,0,,212283,237836,NAMAKKAL,GEN,NAMAKKAL,,28,89.26,37.56,no,11008,5.19,3.24,,,0,TRUE,1,,0,,,,0,FALSE,FALSE,FALSE,,,,,,State Assembly Election (AE)
Tamil_Nadu,13,94,2026,5,4,0,2,SRIDEVI MOHAN P S,,All India Anna Dravida Munnetra Kazhagam,68736,0,,212283,237836,NAMAKKAL,GEN,NAMAKKAL,,28,89.26,32.38,no,15928,7.5,3.24,,,0,TRUE,1,,0,,,,0,FALSE,FALSE,FALSE,,,,,,State Assembly Election (AE)
Tamil_Nadu,13,94,2026,5,4,0,3,RANI P,,Dravida Munnetra Kazhagam,52808,0,,212283,237836,NAMAKKAL,GEN,NAMAKKAL,,28,89.26,24.88,no,46522,21.92,3.24,,,0,TRUE,1,,0,,,,0,FALSE,FALSE,FALSE,,,,,,State Assembly Election (AE)
Tamil_Nadu,13,94,2026,5,4,0,4,PRAVEENKUMAR K,,Naam Tamilar Katchi,6286,0,,212283,237836,NAMAKKAL,GEN,NAMAKKAL,,28,89.26,2.96,yes,5526,2.6,3.24,,,0,TRUE,1,,0,,,,0,FALSE,FALSE,FALSE,,,,,,State Assembly Election (AE)
Tamil_Nadu,13,94,2026,5,4,0,5,None Of The Above,,None of the Above,760,0,,212283,237836,NAMAKKAL,GEN,NAMAKKAL,,28,89.26,0.36,yes,438,0.21,3.24,,,0,TRUE,1,,0,,,,0,FALSE,FALSE,FALSE,,,,,,State Assembly Election (AE)
Tamil_Nadu,13,94,2026,5,4,0,6,CHANDRA P,,Independent,322,0,,212283,237836,NAMAKKAL,GEN,NAMAKKAL,,28,89.26,0.15,yes,2,0.0,3.24,,,0,TRUE,1,,0,,,,0,FALSE,FALSE,FALSE,,,,,,State Assembly Election (AE)
Tamil_Nadu,13,94,2026,5,4,0,7,THIYAGARAJAN R,,Samaniya Makkal Nala Katchi,320,0,,212283,237836,NAMAKKAL,GEN,NAMAKKAL,,28,89.26,0.15,yes,24,0.01,3.24,,,0,TRUE,1,,0,,,,0,FALSE,FALSE,FALSE,,,,,,State Assembly Election (AE)
Tamil_Nadu,13,94,2026,5,4,0,8,RAMASAMY P,,Bahujan Samaj Party,296,0,,212283,237836,NAMAKKAL,GEN,NAMAKKAL,,28,89.26,0.14,yes,17,0.01,3.24,,,0,TRUE,1,,0,,,,0,FALSE,FALSE,FALSE,,,,,,State Assembly Election (AE)
Tamil_Nadu,13,94,2026,5,4,0,9,AADITHIYAN A,,Anna Puratchi Thalaivar Amma Dravida Munnetra Kazhagam,279,0,,212283,237836,NAMAKKAL,GEN,NAMAKKAL,,28,89.26,0.13,yes,54,0.03,3.24,,,0,TRUE,1,,0,,,,0,FALSE,FALSE,FALSE,,,,,,State Assembly Election (AE)
Tamil_Nadu,13,94,2026,5,4,0,10,NATARAJAN M,,Independent,225,0,,212283,237836,NAMAKKAL,GEN,NAMAKKAL,,28,89.26,0.11,yes,12,0.01,3.24,,,0,TRUE,1,,0,,,,0,FALSE,FALSE,FALSE,,,,,,State Assembly Election (AE)
Tamil_Nadu,13,94,2026,5,4,0,11,GANDHIAN RAMESH T,,Ahimsa Socialist Party,213,0,,212283,237836,NAMAKKAL,GEN,NAMAKKAL,,28,89.26,0.1,yes,0,0.0,3.24,,,0,TRUE,1,,0,,,,0,FALSE,FALSE,FALSE,,,,,,State Assembly Election (AE)
Tamil_Nadu,13,94,2026,5,4,0,12,ABINESHKUMAR T,,Independent,213,0,,212283,237836,NAMAKKAL,GEN,NAMAKKAL,,28,89.26,0.1,yes,20,0.01,3.24,,,0,TRUE,1,,0,,,,0,FALSE,FALSE,FALSE,,,,,,State Assembly Election (AE)
Tamil_Nadu,13,94,2026,5,4,0,13,ARAVINTH S,,Independent,193,0,,212283,237836,NAMAKKAL,GEN,NAMAKKAL,,28,89.26,0.09,yes,2,0.0,3.24,,,0,TRUE,1,,0,,,,0,FALSE,FALSE,FALSE,,,,,,State Assembly Election (AE)
Tamil_Nadu,13,94,2026,5,4,0,14,MANIKANDAN R,,Independent,191,0,,212283,237836,NAMAKKAL,GEN,NAMAKKAL,,28,89.26,0.09,yes,12,0.01,3.24,,,0,TRUE,1,,0,,,,0,FALSE,FALSE,FALSE,,,,,,State Assembly Election (AE)
Tamil_Nadu,13,94,2026,5,4,0,15,MUTHUSAMY S,,Independent,179,0,,212283,237836,NAMAKKAL,GEN,NAMAKKAL,,28,89.26,0.08,yes,11,0.01,3.24,,,0,TRUE,1,,0,,,,0,FALSE,FALSE,FALSE,,,,,,State Assembly Election (AE)
Tamil_Nadu,13,94,2026,5,4,0,16,JAYAKUMAR R,,Independent,168,0,,212283,237836,NAMAKKAL,GEN,NAMAKKAL,,28,89.26,0.08,yes,9,0.0,3.24,,,0,TRUE,1,,0,,,,0,FALSE,FALSE,FALSE,,,,,,State Assembly Election (AE)
Tamil_Nadu,13,94,2026,5,4,0,17,KANAKARAJ K,,Independent,159,0,,212283,237836,NAMAKKAL,GEN,NAMAKKAL,,28,89.26,0.07,yes,10,0.0,3.24,,,0,TRUE,1,,0,,,,0,FALSE,FALSE,FALSE,,,,,,State Assembly Election (AE)
Tamil_Nadu,13,94,2026,5,4,0,18,PALANISAMY M P,,All India Puratchi Thalaivar Makkal Munnettra Kazhagam,149,0,,212283,237836,NAMAKKAL,GEN,NAMAKKAL,,28,89.26,0.07,yes,3,0.0,3.24,,,0,TRUE,1,,0,,,,0,FALSE,FALSE,FALSE,,,,,,State Assembly Election (AE)
Tamil_Nadu,13,94,2026,5,4,0,19,SURESHKANNAN P,,Ganasangam Party of India,146,0,,212283,237836,NAMAKKAL,GEN,NAMAKKAL,,28,89.26,0.07,yes,0,0.0,3.24,,,0,TRUE,1,,0,,,,0,FALSE,FALSE,FALSE,,,,,,State Assembly Election (AE)
Tamil_Nadu,13,94,2026,5,4,0,20,MATHESWARAN C,,Puthiya Tamilagam,146,0,,212283,237836,NAMAKKAL,GEN,NAMAKKAL,,28,89.26,0.07,yes,32,0.02,3.24,,,0,TRUE,1,,0,,,,0,FALSE,FALSE,FALSE,,,,,,State Assembly Election (AE)
Tamil_Nadu,13,94,2026,5,4,0,21,RAMESH A,,Independent,114,0,,212283,237836,NAMAKKAL,GEN,NAMAKKAL,,28,89.26,0.05,yes,1,0.0,3.24,,,0,TRUE,1,,0,,,,0,FALSE,FALSE,FALSE,,,,,,State Assembly Election (AE)
Tamil_Nadu,13,94,2026,5,4,0,22,JAYARAMAN M,,Independent,113,0,,212283,237836,NAMAKKAL,GEN,NAMAKKAL,,28,89.26,0.05,yes,2,0.0,3.24,,,0,TRUE,1,,0,,,,0,FALSE,FALSE,FALSE,,,,,,State Assembly Election (AE)
Tamil_Nadu,13,94,2026,5,4,0,23,MOHAN P,,Independent,111,0,,212283,237836,NAMAKKAL,GEN,NAMAKKAL,,28,89.26,0.05,yes,12,0.01,3.24,,,0,TRUE,1,,0,,,,0,FALSE,FALSE,FALSE,,,,,,State Assembly Election (AE)
Tamil_Nadu,13,94,2026,5,4,0,24,STALIN R,,Independent,99,0,,212283,237836,NAMAKKAL,GEN,NAMAKKAL,,28,89.26,0.05,yes,3,0.0,3.24,,,0,TRUE,1,,0,,,,0,FALSE,FALSE,FALSE,,,,,,State Assembly Election (AE)
Tamil_Nadu,13,94,2026,5,4,0,25,MAHENDRAN P,,Anaithinthiya Anna Dravida Makkal Seyal katchi,96,0,,212283,237836,NAMAKKAL,GEN,NAMAKKAL,,28,89.26,0.05,yes,4,0.0,3.24,,,0,TRUE,1,,0,,,,0,FALSE,FALSE,FALSE,,,,,,State Assembly Election (AE)
Tamil_Nadu,13,94,2026,5,4,0,26,NETAJIKAVIARASU V,,Independent,92,0,,212283,237836,NAMAKKAL,GEN,NAMAKKAL,,28,89.26,0.04,yes,21,0.01,3.24,,,0,TRUE,1,,0,,,,0,FALSE,FALSE,FALSE,,,,,,State Assembly Election (AE)
Tamil_Nadu,13,94,2026,5,4,0,27,MOHAN S,,Independent,71,0,,212283,237836,NAMAKKAL,GEN,NAMAKKAL,,28,89.26,0.03,yes,17,0.01,3.24,,,0,TRUE,1,,0,,,,0,FALSE,FALSE,FALSE,,,,,,State Assembly Election (AE)
Tamil_Nadu,13,94,2026,5,4,0,28,MOHAN M,,Independent,54,0,,212283,237836,NAMAKKAL,GEN,NAMAKKAL,,28,89.26,0.03,yes,54,0.03,3.24,,,0,TRUE,1,,0,,,,0,FALSE,FALSE,FALSE,,,,,,State Assembly Election (AE)
Tamil_Nadu,13,95,2026,5,4,0,1,SEKAR S,,All India Anna Dravida Munnetra Kazhagam,61349,0,,188845,205147,PARAMATHI-VELUR,GEN,NAMAKKAL,,32,92.05,32.49,no,308,0.16,3.34,,,0,TRUE,1,,0,,,,0,FALSE,FALSE,FALSE,,,,,,State Assembly Election (AE)
Tamil_Nadu,13,95,2026,5,4,0,2,MOORTHIY K S,,Dravida Munnetra Kazhagam,61041,0,,188845,205147,PARAMATHI-VELUR,GEN,NAMAKKAL,,32,92.05,32.32,no,4974,2.63,3.34,,,0,TRUE,1,,0,,,,0,FALSE,FALSE,FALSE,,,,,,State Assembly Election (AE)
Tamil_Nadu,13,95,2026,5,4,0,3,NANDAKUMAR A,,Tamilaga Vettri Kazhagam,56067,0,,188845,205147,PARAMATHI-VELUR,GEN,NAMAKKAL,,32,92.05,29.69,no,50340,26.66,3.34,,,0,TRUE,1,,0,,,,0,FALSE,FALSE,FALSE,,,,,,State Assembly Election (AE)
Tamil_Nadu,13,95,2026,5,4,0,4,ARAVIND M,,Naam Tamilar Katchi,5727,0,,188845,205147,PARAMATHI-VELUR,GEN,NAMAKKAL,,32,92.05,3.03,yes,5278,2.79,3.34,,,0,TRUE,1,,0,,,,0,FALSE,FALSE,FALSE,,,,,,State Assembly Election (AE)
Tamil_Nadu,13,95,2026,5,4,0,5,None Of The Above,,None of the Above,449,0,,188845,205147,PARAMATHI-VELUR,GEN,NAMAKKAL,,32,92.05,0.24,yes,5,0.0,3.34,,,0,TRUE,1,,0,,,,0,FALSE,FALSE,FALSE,,,,,,State Assembly Election (AE)
Tamil_Nadu,13,95,2026,5,4,0,6,SHAILAJA,,Tamizhaga Vaazhvurimai Katchi,444,0,,188845,205147,PARAMATHI-VELUR,GEN,NAMAKKAL,,32,92.05,0.24,yes,106,0.06,3.34,,,0,TRUE,1,,0,,,,0,FALSE,FALSE,FALSE,,,,,,State Assembly Election (AE)
Tamil_Nadu,13,95,2026,5,4,0,7,MANOJKUMAR M,,Independent,338,0,,188845,205147,PARAMATHI-VELUR,GEN,NAMAKKAL,,32,92.05,0.18,yes,4,0.0,3.34,,,0,TRUE,1,,0,,,,0,FALSE,FALSE,FALSE,,,,,,State Assembly Election (AE)
Tamil_Nadu,13,95,2026,5,4,0,8,SELVARASU S,,Anna Puratchi Thalaivar Amma Dravida Munnetra Kazhagam,334,0,,188845,205147,PARAMATHI-VELUR,GEN,NAMAKKAL,,32,92.05,0.18,yes,25,0.01,3.34,,,0,TRUE,1,,0,,,,0,FALSE,FALSE,FALSE,,,,,,State Assembly Election (AE)
Tamil_Nadu,13,95,2026,5,4,0,9,SEKAR C,,Independent,309,0,,188845,205147,PARAMATHI-VELUR,GEN,NAMAKKAL,,32,92.05,0.16,yes,50,0.03,3.34,,,0,TRUE,1,,0,,,,0,FALSE,FALSE,FALSE,,,,,,State Assembly Election (AE)
Tamil_Nadu,13,95,2026,5,4,0,10,RAMAN V,,Bahujan Samaj Party,259,0,,188845,205147,PARAMATHI-VELUR,GEN,NAMAKKAL,,32,92.05,0.14,yes,10,0.01,3.34,,,0,TRUE,1,,0,,,,0,FALSE,FALSE,FALSE,,,,,,State Assembly Election (AE)
Tamil_Nadu,13,95,2026,5,4,0,11,SEKAR V,,Independent,249,0,,188845,205147,PARAMATHI-VELUR,GEN,NAMAKKAL,,32,92.05,0.13,yes,17,0.01,3.34,,,0,TRUE,1,,0,,,,0,FALSE,FALSE,FALSE,,,,,,State Assembly Election (AE)
Tamil_Nadu,13,95,2026,5,4,0,12,RAJA R,,Independent,232,0,,188845,205147,PARAMATHI-VELUR,GEN,NAMAKKAL,,32,92.05,0.12,yes,1,0.0,3.34,,,0,TRUE,1,,0,,,,0,FALSE,FALSE,FALSE,,,,,,State Assembly Election (AE)
Tamil_Nadu,13,95,2026,5,4,0,13,GOPALAN G,,Independent,231,0,,188845,205147,PARAMATHI-VELUR,GEN,NAMAKKAL,,32,92.05,0.12,yes,39,0.02,3.34,,,0,TRUE,1,,0,,,,0,FALSE,FALSE,FALSE,,,,,,State Assembly Election (AE)
Tamil_Nadu,13,95,2026,5,4,0,14,PARAMESHWARI S,,Independent,192,0,,188845,205147,PARAMATHI-VELUR,GEN,NAMAKKAL,,32,92.05,0.1,yes,20,0.01,3.34,,,0,TRUE,1,,0,,,,0,FALSE,FALSE,FALSE,,,,,,State Assembly Election (AE)
Tamil_Nadu,13,95,2026,5,4,0,15,SUDHARSAN K,,Independent,172,0,,188845,205147,PARAMATHI-VELUR,GEN,NAMAKKAL,,32,92.05,0.09,yes,3,0.0,3.34,,,0,TRUE,1,,0,,,,0,FALSE,FALSE,FALSE,,,,,,State Assembly Election (AE)
Tamil_Nadu,13,95,2026,5,4,0,16,PALANISAMY S,,Independent,169,0,,188845,205147,PARAMATHI-VELUR,GEN,NAMAKKAL,,32,92.05,0.09,yes,11,0.01,3.34,,,0,TRUE,1,,0,,,,0,FALSE,FALSE,FALSE,,,,,,State Assembly Election (AE)
Tamil_Nadu,13,95,2026,5,4,0,17,KANDASAMY S,,Independent,158,0,,188845,205147,PARAMATHI-VELUR,GEN,NAMAKKAL,,32,92.05,0.08,yes,21,0.01,3.34,,,0,TRUE,1,,0,,,,0,FALSE,FALSE,FALSE,,,,,,State Assembly Election (AE)
Tamil_Nadu,13,95,2026,5,4,0,18,VIJAY SURYABHALAAJI K R,,All India Puratchi Thalaivar Makkal Munnettra Kazhagam,137,0,,188845,205147,PARAMATHI-VELUR,GEN,NAMAKKAL,,32,92.05,0.07,yes,21,0.01,3.34,,,0,TRUE,1,,0,,,,0,FALSE,FALSE,FALSE,,,,,,State Assembly Election (AE)
Tamil_Nadu,13,95,2026,5,4,0,19,BAKKIAM P,,Anaithinthiya Anna Dravida Makkal Seyal katchi,116,0,,188845,205147,PARAMATHI-VELUR,GEN,NAMAKKAL,,32,92.05,0.06,yes,4,0.0,3.34,,,0,TRUE,1,,0,,,,0,FALSE,FALSE,FALSE,,,,,,State Assembly Election (AE)
Tamil_Nadu,13,95,2026,5,4,0,20,PRATHAP K,,Independent,112,0,,188845,205147,PARAMATHI-VELUR,GEN,NAMAKKAL,,32,92.05,0.06,yes,12,0.01,3.34,,,0,TRUE,1,,0,,,,0,FALSE,FALSE,FALSE,,,,,,State Assembly Election (AE)
Tamil_Nadu,13,95,2026,5,4,0,21,THANGARASU M,,Independent,100,0,,188845,205147,PARAMATHI-VELUR,GEN,NAMAKKAL,,32,92.05,0.05,yes,10,0.01,3.34,,,0,TRUE,1,,0,,,,0,FALSE,FALSE,FALSE,,,,,,State Assembly Election (AE)
Tamil_Nadu,13,95,2026,5,4,0,22,LATHA A,,Independent,90,0,,188845,205147,PARAMATHI-VELUR,GEN,NAMAKKAL,,32,92.05,0.05,yes,7,0.0,3.34,,,0,TRUE,1,,0,,,,0,FALSE,FALSE,FALSE,,,,,,State Assembly Election (AE)
Tamil_Nadu,13,95,2026,5,4,0,23,KARTHIK R,,Independent,83,0,,188845,205147,PARAMATHI-VELUR,GEN,NAMAKKAL,,32,92.05,0.04,yes,1,0.0,3.34,,,0,TRUE,1,,0,,,,0,FALSE,FALSE,FALSE,,,,,,State Assembly Election (AE)
Tamil_Nadu,13,95,2026,5,4,0,24,SURESH R,,Independent,82,0,,188845,205147,PARAMATHI-VELUR,GEN,NAMAKKAL,,32,92.05,0.04,yes,11,0.01,3.34,,,0,TRUE,1,,0,,,,0,FALSE,FALSE,FALSE,,,,,,State Assembly Election (AE)
Tamil_Nadu,13,95,2026,5,4,0,25,RAMASAMY N,,Independent,71,0,,188845,205147,PARAMATHI-VELUR,GEN,NAMAKKAL,,32,92.05,0.04,yes,18,0.01,3.34,,,0,TRUE,1,,0,,,,0,FALSE,FALSE,FALSE,,,,,,State Assembly Election (AE)
Tamil_Nadu,13,95,2026,5,4,0,26,MURTHI,,Independent,53,0,,188845,205147,PARAMATHI-VELUR,GEN,NAMAKKAL,,32,92.05,0.03,yes,0,0.0,3.34,,,0,TRUE,1,,0,,,,0,FALSE,FALSE,FALSE,,,,,,State Assembly Election (AE)
Tamil_Nadu,13,95,2026,5,4,0,27,RAMESH R,,Independent,53,0,,188845,205147,PARAMATHI-VELUR,GEN,NAMAKKAL,,32,92.05,0.03,yes,0,0.0,3.34,,,0,TRUE,1,,0,,,,0,FALSE,FALSE,FALSE,,,,,,State Assembly Election (AE)
Tamil_Nadu,13,95,2026,5,4,0,28,VIJAYAKUMAR A,,Independent,53,0,,188845,205147,PARAMATHI-VELUR,GEN,NAMAKKAL,,32,92.05,0.03,yes,1,0.0,3.34,,,0,TRUE,1,,0,,,,0,FALSE,FALSE,FALSE,,,,,,State Assembly Election (AE)
Tamil_Nadu,13,95,2026,5,4,0,29,BALAJI R,,Independent,52,0,,188845,205147,PARAMATHI-VELUR,GEN,NAMAKKAL,,32,92.05,0.03,yes,2,0.0,3.34,,,0,TRUE,1,,0,,,,0,FALSE,FALSE,FALSE,,,,,,State Assembly Election (AE)
Tamil_Nadu,13,95,2026,5,4,0,30,RANJITH K,,Independent,50,0,,188845,205147,PARAMATHI-VELUR,GEN,NAMAKKAL,,32,92.05,0.03,yes,13,0.01,3.34,,,0,TRUE,1,,0,,,,0,FALSE,FALSE,FALSE,,,,,,State Assembly Election (AE)
Tamil_Nadu,13,95,2026,5,4,0,31,RAMESH P,,Independent,37,0,,188845,205147,PARAMATHI-VELUR,GEN,NAMAKKAL,,32,92.05,0.02,yes,1,0.0,3.34,,,0,TRUE,1,,0,,,,0,FALSE,FALSE,FALSE,,,,,,State Assembly Election (AE)
Tamil_Nadu,13,95,2026,5,4,0,32,MOORTHI M,,Independent,36,0,,188845,205147,PARAMATHI-VELUR,GEN,NAMAKKAL,,32,92.05,0.02,yes,36,0.02,3.34,,,0,TRUE,1,,0,,,,0,FALSE,FALSE,FALSE,,,,,,State Assembly Election (AE)
Tamil_Nadu,13,96,2026,5,4,0,1,ARUNRAJ K G,,Tamilaga Vettri Kazhagam,79500,0,,191122,209072,TIRUCHENGODU,GEN,NAMAKKAL,,24,91.41,41.6,no,28172,14.74,3.19,,,0,TRUE,1,,0,,,,0,FALSE,FALSE,FALSE,,,,,,State Assembly Election (AE)
Tamil_Nadu,13,96,2026,5,4,0,2,SRMT SEKAR (A) CHANDRASEKAR R,,All India Anna Dravida Munnetra Kazhagam,51328,0,,191122,209072,TIRUCHENGODU,GEN,NAMAKKAL,,24,91.41,26.86,no,1863,0.97,3.19,,,0,TRUE,1,,0,,,,0,FALSE,FALSE,FALSE,,,,,,State Assembly Election (AE)
Tamil_Nadu,13,96,2026,5,4,0,3,ESWARAN E R,,Dravida Munnetra Kazhagam,49465,0,,191122,209072,TIRUCHENGODU,GEN,NAMAKKAL,,24,91.41,25.88,no,43380,22.7,3.19,,,0,TRUE,1,,0,,,,0,FALSE,FALSE,FALSE,,,,,,State Assembly Election (AE)
Tamil_Nadu,13,96,2026,5,4,0,4,REVATHI K,,Naam Tamilar Katchi,6085,0,,191122,209072,TIRUCHENGODU,GEN,NAMAKKAL,,24,91.41,3.18,yes,4895,2.56,3.19,,,0,TRUE,1,,0,,,,0,FALSE,FALSE,FALSE,,,,,,State Assembly Election (AE)
Tamil_Nadu,13,96,2026,5,4,0,5,SARAVANASUNDARAM S,,Independent,1190,0,,191122,209072,TIRUCHENGODU,GEN,NAMAKKAL,,24,91.41,0.62,yes,670,0.35,3.19,,,0,TRUE,1,,0,,,,0,FALSE,FALSE,FALSE,,,,,,State Assembly Election (AE)
Tamil_Nadu,13,96,2026,5,4,0,6,None Of The Above,,None of the Above,520,0,,191122,209072,TIRUCHENGODU,GEN,NAMAKKAL,,24,91.41,0.27,yes,23,0.01,3.19,,,0,TRUE,1,,0,,,,0,FALSE,FALSE,FALSE,,,,,,State Assembly Election (AE)
Tamil_Nadu,13,96,2026,5,4,0,7,DEEPAKRAJAN V,,Independent,497,0,,191122,209072,TIRUCHENGODU,GEN,NAMAKKAL,,24,91.41,0.26,yes,143,0.07,3.19,,,0,TRUE,1,,0,,,,0,FALSE,FALSE,FALSE,,,,,,State Assembly Election (AE)
Tamil_Nadu,13,96,2026,5,4,0,8,SHARAVANAN A K,,Tamizhaga Vaazhvurimai Katchi,354,0,,191122,209072,TIRUCHENGODU,GEN,NAMAKKAL,,24,91.41,0.19,yes,30,0.02,3.19,,,0,TRUE,1,,0,,,,0,FALSE,FALSE,FALSE,,,,,,State Assembly Election (AE)
Tamil_Nadu,13,96,2026,5,4,0,9,PALANISAMY K,,Independent,324,0,,191122,209072,TIRUCHENGODU,GEN,NAMAKKAL,,24,91.41,0.17,yes,26,0.01,3.19,,,0,TRUE,1,,0,,,,0,FALSE,FALSE,FALSE,,,,,,State Assembly Election (AE)
Tamil_Nadu,13,96,2026,5,4,0,10,RAMESH S,,Independent,298,0,,191122,209072,TIRUCHENGODU,GEN,NAMAKKAL,,24,91.41,0.16,yes,2,0.0,3.19,,,0,TRUE,1,,0,,,,0,FALSE,FALSE,FALSE,,,,,,State Assembly Election (AE)
Tamil_Nadu,13,96,2026,5,4,0,11,CHINNATHAMBI K,,Republican Party of India (Athawale),296,0,,191122,209072,TIRUCHENGODU,GEN,NAMAKKAL,,24,91.41,0.15,yes,45,0.02,3.19,,,0,TRUE,1,,0,,,,0,FALSE,FALSE,FALSE,,,,,,State Assembly Election (AE)
Tamil_Nadu,13,96,2026,5,4,0,12,SATHEESKUMAR P,,Independent,251,0,,191122,209072,TIRUCHENGODU,GEN,NAMAKKAL,,24,91.41,0.13,yes,4,0.0,3.19,,,0,TRUE,1,,0,,,,0,FALSE,FALSE,FALSE,,,,,,State Assembly Election (AE)
Tamil_Nadu,13,96,2026,5,4,0,13,DHINESH KARIKALAN,,Independent,247,0,,191122,209072,TIRUCHENGODU,GEN,NAMAKKAL,,24,91.41,0.13,yes,58,0.03,3.19,,,0,TRUE,1,,0,,,,0,FALSE,FALSE,FALSE,,,,,,State Assembly Election (AE)
Tamil_Nadu,13,96,2026,5,4,0,14,BALAJI CHEZHIAN P,,Independent,189,0,,191122,209072,TIRUCHENGODU,GEN,NAMAKKAL,,24,91.41,0.1,yes,93,0.05,3.19,,,0,TRUE,1,,0,,,,0,FALSE,FALSE,FALSE,,,,,,State Assembly Election (AE)
Tamil_Nadu,13,96,2026,5,4,0,15,RAJAKUMAR P,,Independent,96,0,,191122,209072,TIRUCHENGODU,GEN,NAMAKKAL,,24,91.41,0.05,yes,3,0.0,3.19,,,0,TRUE,1,,0,,,,0,FALSE,FALSE,FALSE,,,,,,State Assembly Election (AE)
Tamil_Nadu,13,96,2026,5,4,0,16,ESWARAN M,,Independent,93,0,,191122,209072,TIRUCHENGODU,GEN,NAMAKKAL,,24,91.41,0.05,yes,2,0.0,3.19,,,0,TRUE,1,,0,,,,0,FALSE,FALSE,FALSE,,,,,,State Assembly Election (AE)
Tamil_Nadu,13,96,2026,5,4,0,17,DHANAPAL SUBRAMANIYAM,,Anaithinthiya Anna Dravida Makkal Seyal katchi,91,0,,191122,209072,TIRUCHENGODU,GEN,NAMAKKAL,,24,91.41,0.05,yes,38,0.02,3.19,,,0,TRUE,1,,0,,,,0,FALSE,FALSE,FALSE,,,,,,State Assembly Election (AE)
Tamil_Nadu,13,96,2026,5,4,0,18,VISWANATHAN P,,Independent,53,0,,191122,209072,TIRUCHENGODU,GEN,NAMAKKAL,,24,91.41,0.03,yes,1,0.0,3.19,,,0,TRUE,1,,0,,,,0,FALSE,FALSE,FALSE,,,,,,State Assembly Election (AE)
Tamil_Nadu,13,96,2026,5,4,0,19,THIRUKKUMARAN P,,Makkal Munnetra Katchi,52,0,,191122,209072,TIRUCHENGODU,GEN,NAMAKKAL,,24,91.41,0.03,yes,3,0.0,3.19,,,0,TRUE,1,,0,,,,0,FALSE,FALSE,FALSE,,,,,,State Assembly Election (AE)
Tamil_Nadu,13,96,2026,5,4,0,20,ARULPRAKASAM S,,Independent,49,0,,191122,209072,TIRUCHENGODU,GEN,NAMAKKAL,,24,91.41,0.03,yes,4,0.0,3.19,,,0,TRUE,1,,0,,,,0,FALSE,FALSE,FALSE,,,,,,State Assembly Election (AE)
Tamil_Nadu,13,96,2026,5,4,0,21,MAHESHKUMAR N,,Independent,45,0,,191122,209072,TIRUCHENGODU,GEN,NAMAKKAL,,24,91.41,0.02,yes,7,0.0,3.19,,,0,TRUE,1,,0,,,,0,FALSE,FALSE,FALSE,,,,,,State Assembly Election (AE)
Tamil_Nadu,13,96,2026,5,4,0,22,MUNUSAMY A T,,Samaniya Makkal Nala Katchi,38,0,,191122,209072,TIRUCHENGODU,GEN,NAMAKKAL,,24,91.41,0.02,yes,1,0.0,3.19,,,0,TRUE,1,,0,,,,0,FALSE,FALSE,FALSE,,,,,,State Assembly Election (AE)
Tamil_Nadu,13,96,2026,5,4,0,23,REVANTH S N,,Independent,37,0,,191122,209072,TIRUCHENGODU,GEN,NAMAKKAL,,24,91.41,0.02,yes,13,0.01,3.19,,,0,TRUE,1,,0,,,,0,FALSE,FALSE,FALSE,,,,,,State Assembly Election (AE)
Tamil_Nadu,13,96,2026,5,4,0,24,ARJUNAN L K,,Independent,24,0,,191122,209072,TIRUCHENGODU,GEN,NAMAKKAL,,24,91.41,0.01,yes,24,0.01,3.19,,,0,TRUE,1,,0,,,,0,FALSE,FALSE,FALSE,,,,,,State Assembly Election (AE)
Tamil_Nadu,13,97,2026,5,4,0,1,C.VIJAYALAKSHMI,,Tamilaga Vettri Kazhagam,81179,0,,205324,220048,KUMARAPALAYAM,GEN,NAMAKKAL,,22,93.31,39.54,no,7696,3.75,3.09,,,0,TRUE,1,,0,,,,0,FALSE,FALSE,FALSE,,,,,,State Assembly Election (AE)
Tamil_Nadu,13,97,2026,5,4,0,2,P.THANGAMANI,,All India Anna Dravida Munnetra Kazhagam,73483,0,,205324,220048,KUMARAPALAYAM,GEN,NAMAKKAL,,22,93.31,35.79,no,33490,16.31,3.09,,,0,TRUE,1,,0,,,,0,FALSE,FALSE,FALSE,,,,,,State Assembly Election (AE)
Tamil_Nadu,13,97,2026,5,4,0,3,S.BALU,,Dravida Munnetra Kazhagam,39993,0,,205324,220048,KUMARAPALAYAM,GEN,NAMAKKAL,,22,93.31,19.48,no,32330,15.75,3.09,,,0,TRUE,1,,0,,,,0,FALSE,FALSE,FALSE,,,,,,State Assembly Election (AE)
Tamil_Nadu,13,97,2026,5,4,0,4,UVARANI SURESH,,Naam Tamilar Katchi,7663,0,,205324,220048,KUMARAPALAYAM,GEN,NAMAKKAL,,22,93.31,3.73,yes,6998,3.41,3.09,,,0,TRUE,1,,0,,,,0,FALSE,FALSE,FALSE,,,,,,State Assembly Election (AE)
Tamil_Nadu,13,97,2026,5,4,0,5,None Of The Above,,None of the Above,665,0,,205324,220048,KUMARAPALAYAM,GEN,NAMAKKAL,,22,93.31,0.32,yes,228,0.11,3.09,,,0,TRUE,1,,0,,,,0,FALSE,FALSE,FALSE,,,,,,State Assembly Election (AE)
Tamil_Nadu,13,97,2026,5,4,0,6,SELVARAJ,,Independent,437,0,,205324,220048,KUMARAPALAYAM,GEN,NAMAKKAL,,22,93.31,0.21,yes,111,0.05,3.09,,,0,TRUE,1,,0,,,,0,FALSE,FALSE,FALSE,,,,,,State Assembly Election (AE)
Tamil_Nadu,13,97,2026,5,4,0,7,K. PALANIVEL,,Independent,326,0,,205324,220048,KUMARAPALAYAM,GEN,NAMAKKAL,,22,93.31,0.16,yes,93,0.05,3.09,,,0,TRUE,1,,0,,,,0,FALSE,FALSE,FALSE,,,,,,State Assembly Election (AE)
Tamil_Nadu,13,97,2026,5,4,0,8,PANNERSELVAM,,Anaithinthiya Anna Dravida Makkal Seyal katchi,233,0,,205324,220048,KUMARAPALAYAM,GEN,NAMAKKAL,,22,93.31,0.11,yes,48,0.02,3.09,,,0,TRUE,1,,0,,,,0,FALSE,FALSE,FALSE,,,,,,State Assembly Election (AE)
Tamil_Nadu,13,97,2026,5,4,0,9,A.MURUGANANDHAN,,Independent,185,0,,205324,220048,KUMARAPALAYAM,GEN,NAMAKKAL,,22,93.31,0.09,yes,1,0.0,3.09,,,0,TRUE,1,,0,,,,0,FALSE,FALSE,FALSE,,,,,,State Assembly Election (AE)
Tamil_Nadu,13,97,2026,5,4,0,10,P.SENTHILKUMAR,,Independent,184,0,,205324,220048,KUMARAPALAYAM,GEN,NAMAKKAL,,22,93.31,0.09,yes,42,0.02,3.09,,,0,TRUE,1,,0,,,,0,FALSE,FALSE,FALSE,,,,,,State Assembly Election (AE)
Tamil_Nadu,13,97,2026,5,4,0,11,J KARTHI,,Vishwa Tamil Kazhagam,142,0,,205324,220048,KUMARAPALAYAM,GEN,NAMAKKAL,,22,93.31,0.07,yes,14,0.01,3.09,,,0,TRUE,1,,0,,,,0,FALSE,FALSE,FALSE,,,,,,State Assembly Election (AE)
Tamil_Nadu,13,97,2026,5,4,0,12,AMIRTHALINGAM,,Independent,128,0,,205324,220048,KUMARAPALAYAM,GEN,NAMAKKAL,,22,93.31,0.06,yes,8,0.0,3.09,,,0,TRUE,1,,0,,,,0,FALSE,FALSE,FALSE,,,,,,State Assembly Election (AE)
Tamil_Nadu,13,97,2026,5,4,0,13,KARTHI,,Independent,120,0,,205324,220048,KUMARAPALAYAM,GEN,NAMAKKAL,,22,93.31,0.06,yes,23,0.01,3.09,,,0,TRUE,1,,0,,,,0,FALSE,FALSE,FALSE,,,,,,State Assembly Election (AE)
Tamil_Nadu,13,97,2026,5,4,0,14,R.KUMARESAN,,Independent,97,0,,205324,220048,KUMARAPALAYAM,GEN,NAMAKKAL,,22,93.31,0.05,yes,22,0.01,3.09,,,0,TRUE,1,,0,,,,0,FALSE,FALSE,FALSE,,,,,,State Assembly Election (AE)
Tamil_Nadu,13,97,2026,5,4,0,15,S JAYAVEL,,Independent,75,0,,205324,220048,KUMARAPALAYAM,GEN,NAMAKKAL,,22,93.31,0.04,yes,3,0.0,3.09,,,0,TRUE,1,,0,,,,0,FALSE,FALSE,FALSE,,,,,,State Assembly Election (AE)
Tamil_Nadu,13,97,2026,5,4,0,16,G. SAMUELRAJ,,Independent,72,0,,205324,220048,KUMARAPALAYAM,GEN,NAMAKKAL,,22,93.31,0.04,yes,1,0.0,3.09,,,0,TRUE,1,,0,,,,0,FALSE,FALSE,FALSE,,,,,,State Assembly Election (AE)
Tamil_Nadu,13,97,2026,5,4,0,17,PALANISAMY,,Samaniya Makkal Nala Katchi,71,0,,205324,220048,KUMARAPALAYAM,GEN,NAMAKKAL,,22,93.31,0.03,yes,3,0.0,3.09,,,0,TRUE,1,,0,,,,0,FALSE,FALSE,FALSE,,,,,,State Assembly Election (AE)
Tamil_Nadu,13,97,2026,5,4,0,18,SIVARAJ,,Independent,68,0,,205324,220048,KUMARAPALAYAM,GEN,NAMAKKAL,,22,93.31,0.03,yes,3,0.0,3.09,,,0,TRUE,1,,0,,,,0,FALSE,FALSE,FALSE,,,,,,State Assembly Election (AE)
Tamil_Nadu,13,97,2026,5,4,0,19,R.RAJA,,Independent,65,0,,205324,220048,KUMARAPALAYAM,GEN,NAMAKKAL,,22,93.31,0.03,yes,9,0.0,3.09,,,0,TRUE,1,,0,,,,0,FALSE,FALSE,FALSE,,,,,,State Assembly Election (AE)
Tamil_Nadu,13,97,2026,5,4,0,20,SARAVANAN,,Independent,56,0,,205324,220048,KUMARAPALAYAM,GEN,NAMAKKAL,,22,93.31,0.03,yes,4,0.0,3.09,,,0,TRUE,1,,0,,,,0,FALSE,FALSE,FALSE,,,,,,State Assembly Election (AE)
Tamil_Nadu,13,97,2026,5,4,0,21,GOPALAKRISHNAN,,Independent,52,0,,205324,220048,KUMARAPALAYAM,GEN,NAMAKKAL,,22,93.31,0.03,yes,22,0.01,3.09,,,0,TRUE,1,,0,,,,0,FALSE,FALSE,FALSE,,,,,,State Assembly Election (AE)
Tamil_Nadu,13,97,2026,5,4,0,22,VENKATACHALAM,,Independent,30,0,,205324,220048,KUMARAPALAYAM,GEN,NAMAKKAL,,22,93.31,0.01,yes,30,0.01,3.09,,,0,TRUE,1,,0,,,,0,FALSE,FALSE,FALSE,,,,,,State Assembly Election (AE)
Tamil_Nadu,13,98,2026,5,4,0,1,M.VIJAY BALAJI,,Tamilaga Vettri Kazhagam,69747,0,,162453,179566,ERODE (EAST),GEN,ERODE,,21,90.47,42.93,no,23966,14.75,3.12,,,0,TRUE,1,,0,,,,0,FALSE,FALSE,FALSE,,,,,,State Assembly Election (AE)
Tamil_Nadu,13,98,2026,5,4,0,2,GOPINATH PALANIYAPPAN,,Indian National Congress,45781,0,,162453,179566,ERODE (EAST),GEN,ERODE,,21,90.47,28.18,no,7598,4.68,3.12,,,0,TRUE,1,,0,,,,0,FALSE,FALSE,FALSE,,,,,,State Assembly Election (AE)
Tamil_Nadu,13,98,2026,5,4,0,3,R.MANOHARAN,,All India Anna Dravida Munnetra Kazhagam,38183,0,,162453,179566,ERODE (EAST),GEN,ERODE,,21,90.47,23.5,no,33196,20.43,3.12,,,0,TRUE,1,,0,,,,0,FALSE,FALSE,FALSE,,,,,,State Assembly Election (AE)
Tamil_Nadu,13,98,2026,5,4,0,4,S.THANDAVAMOORTHY,,Naam Tamilar Katchi,4987,0,,162453,179566,ERODE (EAST),GEN,ERODE,,21,90.47,3.07,yes,4108,2.53,3.12,,,0,TRUE,1,,0,,,,0,FALSE,FALSE,FALSE,,,,,,State Assembly Election (AE)
Tamil_Nadu,13,98,2026,5,4,0,5,None Of The Above,,None of the Above,879,0,,162453,179566,ERODE (EAST),GEN,ERODE,,21,90.47,0.54,yes,21,0.01,3.12,,,0,TRUE,1,,0,,,,0,FALSE,FALSE,FALSE,,,,,,State Assembly Election (AE)
Tamil_Nadu,13,98,2026,5,4,0,6,J.MUTHU BAVA,,Independent,858,0,,162453,179566,ERODE (EAST),GEN,ERODE,,21,90.47,0.53,yes,537,0.33,3.12,,,0,TRUE,1,,0,,,,0,FALSE,FALSE,FALSE,,,,,,State Assembly Election (AE)
Tamil_Nadu,13,98,2026,5,4,0,7,H.MOHAMED GAIPEER,,Independent,321,0,,162453,179566,ERODE (EAST),GEN,ERODE,,21,90.47,0.2,yes,65,0.04,3.12,,,0,TRUE,1,,0,,,,0,FALSE,FALSE,FALSE,,,,,,State Assembly Election (AE)
Tamil_Nadu,13,98,2026,5,4,0,8,B.CHITRA,,Bahujan Samaj Party,256,0,,162453,179566,ERODE (EAST),GEN,ERODE,,21,90.47,0.16,yes,29,0.02,3.12,,,0,TRUE,1,,0,,,,0,FALSE,FALSE,FALSE,,,,,,State Assembly Election (AE)
Tamil_Nadu,13,98,2026,5,4,0,9,M.KAMAL KUMAR,,Vishwa Tamil Kazhagam,227,0,,162453,179566,ERODE (EAST),GEN,ERODE,,21,90.47,0.14,yes,31,0.02,3.12,,,0,TRUE,1,,0,,,,0,FALSE,FALSE,FALSE,,,,,,State Assembly Election (AE)
Tamil_Nadu,13,98,2026,5,4,0,10,R.VAIRAM,,Independent,196,0,,162453,179566,ERODE (EAST),GEN,ERODE,,21,90.47,0.12,yes,23,0.01,3.12,,,0,TRUE,1,,0,,,,0,FALSE,FALSE,FALSE,,,,,,State Assembly Election (AE)
Tamil_Nadu,13,98,2026,5,4,0,11,K.MANIKANNAN,,Samaniya Makkal Nala Katchi,173,0,,162453,179566,ERODE (EAST),GEN,ERODE,,21,90.47,0.11,yes,37,0.02,3.12,,,0,TRUE,1,,0,,,,0,FALSE,FALSE,FALSE,,,,,,State Assembly Election (AE)
Tamil_Nadu,13,98,2026,5,4,0,12,NATHIYA.S,,Independent,136,0,,162453,179566,ERODE (EAST),GEN,ERODE,,21,90.47,0.08,yes,4,0.0,3.12,,,0,TRUE,1,,0,,,,0,FALSE,FALSE,FALSE,,,,,,State Assembly Election (AE)
Tamil_Nadu,13,98,2026,5,4,0,13,C.THIYAGARAJAN,,Independent,132,0,,162453,179566,ERODE (EAST),GEN,ERODE,,21,90.47,0.08,yes,36,0.02,3.12,,,0,TRUE,1,,0,,,,0,FALSE,FALSE,FALSE,,,,,,State Assembly Election (AE)
Tamil_Nadu,13,98,2026,5,4,0,14,M.DHARANI KUMAR,,Independent,96,0,,162453,179566,ERODE (EAST),GEN,ERODE,,21,90.47,0.06,yes,10,0.01,3.12,,,0,TRUE,1,,0,,,,0,FALSE,FALSE,FALSE,,,,,,State Assembly Election (AE)
Tamil_Nadu,13,98,2026,5,4,0,15,A.MANIKANDAN,,Tamizhaga Vaazhvurimai Katchi,86,0,,162453,179566,ERODE (EAST),GEN,ERODE,,21,90.47,0.05,yes,6,0.0,3.12,,,0,TRUE,1,,0,,,,0,FALSE,FALSE,FALSE,,,,,,State Assembly Election (AE)
Tamil_Nadu,13,98,2026,5,4,0,16,K.DHAVASIAPPAN,,Tamilaga Makkal Nala Katchi,80,0,,162453,179566,ERODE (EAST),GEN,ERODE,,21,90.47,0.05,yes,4,0.0,3.12,,,0,TRUE,1,,0,,,,0,FALSE,FALSE,FALSE,,,,,,State Assembly Election (AE)
Tamil_Nadu,13,98,2026,5,4,0,17,R.DHANDAPANI,,Veerath Thiyagi Viswanathadoss Thozhilalarkal Katchi,76,0,,162453,179566,ERODE (EAST),GEN,ERODE,,21,90.47,0.05,yes,9,0.01,3.12,,,0,TRUE,1,,0,,,,0,FALSE,FALSE,FALSE,,,,,,State Assembly Election (AE)
Tamil_Nadu,13,98,2026,5,4,0,18,S.LAKSHMANATHAN,,Independent,67,0,,162453,179566,ERODE (EAST),GEN,ERODE,,21,90.47,0.04,yes,1,0.0,3.12,,,0,TRUE,1,,0,,,,0,FALSE,FALSE,FALSE,,,,,,State Assembly Election (AE)
Tamil_Nadu,13,98,2026,5,4,0,19,M.V.KARTHY,,Independent,66,0,,162453,179566,ERODE (EAST),GEN,ERODE,,21,90.47,0.04,yes,11,0.01,3.12,,,0,TRUE,1,,0,,,,0,FALSE,FALSE,FALSE,,,,,,State Assembly Election (AE)
Tamil_Nadu,13,98,2026,5,4,0,20,SHANMUGAM.P,,Independent,55,0,,162453,179566,ERODE (EAST),GEN,ERODE,,21,90.47,0.03,yes,4,0.0,3.12,,,0,TRUE,1,,0,,,,0,FALSE,FALSE,FALSE,,,,,,State Assembly Election (AE)
Tamil_Nadu,13,98,2026,5,4,0,21,M.MURUGESAN,,Independent,51,0,,162453,179566,ERODE (EAST),GEN,ERODE,,21,90.47,0.03,yes,51,0.03,3.12,,,0,TRUE,1,,0,,,,0,FALSE,FALSE,FALSE,,,,,,State Assembly Election (AE)
Tamil_Nadu,13,99,2026,5,4,0,1,ANANTH MOGHAN K.K.,,Tamilaga Vettri Kazhagam,96836,0,,221400,250177,ERODE (WEST),GEN,ERODE,,14,88.5,43.74,no,22250,10.05,2.98,,,0,TRUE,1,,0,,,,0,FALSE,FALSE,FALSE,,,,,,State Assembly Election (AE)
Tamil_Nadu,13,99,2026,5,4,0,2,S. MUTHUSAMY,,Dravida Munnetra Kazhagam,74586,0,,221400,250177,ERODE (WEST),GEN,ERODE,,14,88.5,33.69,no,36401,16.44,2.98,,,0,TRUE,1,,0,,,,0,FALSE,FALSE,FALSE,,,,,,State Assembly Election (AE)
Tamil_Nadu,13,99,2026,5,4,0,3,M. YUVARAJA,,Bharatiya Janata Party,38185,0,,221400,250177,ERODE (WEST),GEN,ERODE,,14,88.5,17.25,no,30061,13.58,2.98,,,0,TRUE,1,,0,,,,0,FALSE,FALSE,FALSE,,,,,,State Assembly Election (AE)
Tamil_Nadu,13,99,2026,5,4,0,4,N. VIJAY,,Naam Tamilar Katchi,8124,0,,221400,250177,ERODE (WEST),GEN,ERODE,,14,88.5,3.67,yes,6867,3.1,2.98,,,0,TRUE,1,,0,,,,0,FALSE,FALSE,FALSE,,,,,,State Assembly Election (AE)
Tamil_Nadu,13,99,2026,5,4,0,5,None Of The Above,,None of the Above,1257,0,,221400,250177,ERODE (WEST),GEN,ERODE,,14,88.5,0.57,yes,741,0.33,2.98,,,0,TRUE,1,,0,,,,0,FALSE,FALSE,FALSE,,,,,,State Assembly Election (AE)
Tamil_Nadu,13,99,2026,5,4,0,6,V . PALANI,,Bahujan Samaj Party,516,0,,221400,250177,ERODE (WEST),GEN,ERODE,,14,88.5,0.23,yes,77,0.03,2.98,,,0,TRUE,1,,0,,,,0,FALSE,FALSE,FALSE,,,,,,State Assembly Election (AE)
Tamil_Nadu,13,99,2026,5,4,0,7,K. KALAIYARASAN,,Party for the Rights of Other backward Classes,439,0,,221400,250177,ERODE (WEST),GEN,ERODE,,14,88.5,0.2,yes,107,0.05,2.98,,,0,TRUE,1,,0,,,,0,FALSE,FALSE,FALSE,,,,,,State Assembly Election (AE)
Tamil_Nadu,13,99,2026,5,4,0,8,C. RAJENDRAN,,Independent,332,0,,221400,250177,ERODE (WEST),GEN,ERODE,,14,88.5,0.15,yes,97,0.04,2.98,,,0,TRUE,1,,0,,,,0,FALSE,FALSE,FALSE,,,,,,State Assembly Election (AE)
Tamil_Nadu,13,99,2026,5,4,0,9,SHANMUGAM M.,,Independent,235,0,,221400,250177,ERODE (WEST),GEN,ERODE,,14,88.5,0.11,yes,8,0.0,2.98,,,0,TRUE,1,,0,,,,0,FALSE,FALSE,FALSE,,,,,,State Assembly Election (AE)
Tamil_Nadu,13,99,2026,5,4,0,10,A. RAMU,,Independent,227,0,,221400,250177,ERODE (WEST),GEN,ERODE,,14,88.5,0.1,yes,22,0.01,2.98,,,0,TRUE,1,,0,,,,0,FALSE,FALSE,FALSE,,,,,,State Assembly Election (AE)
Tamil_Nadu,13,99,2026,5,4,0,11,MOORTHI P.,,Independent,205,0,,221400,250177,ERODE (WEST),GEN,ERODE,,14,88.5,0.09,yes,28,0.01,2.98,,,0,TRUE,1,,0,,,,0,FALSE,FALSE,FALSE,,,,,,State Assembly Election (AE)
Tamil_Nadu,13,99,2026,5,4,0,12,M. NATARAJ,,Vishwa Tamil Kazhagam,177,0,,221400,250177,ERODE (WEST),GEN,ERODE,,14,88.5,0.08,yes,14,0.01,2.98,,,0,TRUE,1,,0,,,,0,FALSE,FALSE,FALSE,,,,,,State Assembly Election (AE)
Tamil_Nadu,13,99,2026,5,4,0,13,V. DHANALAKSHMI,,Tamizhaga Vaazhvurimai Katchi,163,0,,221400,250177,ERODE (WEST),GEN,ERODE,,14,88.5,0.07,yes,45,0.02,2.98,,,0,TRUE,1,,0,,,,0,FALSE,FALSE,FALSE,,,,,,State Assembly Election (AE)
Tamil_Nadu,13,99,2026,5,4,0,14,M. RUKMANI,,Samaniya Makkal Nala Katchi,118,0,,221400,250177,ERODE (WEST),GEN,ERODE,,14,88.5,0.05,yes,118,0.05,2.98,,,0,TRUE,1,,0,,,,0,FALSE,FALSE,FALSE,,,,,,State Assembly Election (AE)
Tamil_Nadu,13,100,2026,5,4,0,1,D.SHANMUGAN,,Tamilaga Vettri Kazhagam,60715,0,,190759,207664,MODAKKURICHI,GEN,ERODE,,15,91.86,31.83,no,2430,1.27,3.46,,,0,TRUE,1,,0,,,,0,FALSE,FALSE,FALSE,,,,,,State Assembly Election (AE)
Tamil_Nadu,13,100,2026,5,4,0,2,S.KIRTHIKA,,Bharatiya Janata Party,58285,0,,190759,207664,MODAKKURICHI,GEN,ERODE,,15,91.86,30.55,no,49,0.03,3.46,,,0,TRUE,1,,0,,,,0,FALSE,FALSE,FALSE,,,,,,State Assembly Election (AE)
Tamil_Nadu,13,100,2026,5,4,0,3,S.SENTHILNATHAN,,Dravida Munnetra Kazhagam,58236,0,,190759,207664,MODAKKURICHI,GEN,ERODE,,15,91.86,30.53,no,51513,27.0,3.46,,,0,TRUE,1,,0,,,,0,FALSE,FALSE,FALSE,,,,,,State Assembly Election (AE)
Tamil_Nadu,13,100,2026,5,4,0,4,M.ARUNKUMAR,,Naam Tamilar Katchi,6723,0,,190759,207664,MODAKKURICHI,GEN,ERODE,,15,91.86,3.52,yes,4484,2.35,3.46,,,0,TRUE,1,,0,,,,0,FALSE,FALSE,FALSE,,,,,,State Assembly Election (AE)
Tamil_Nadu,13,100,2026,5,4,0,5,R.KARTHIKEYAN,,Tamizhaga Vaazhvurimai Katchi,2239,0,,190759,207664,MODAKKURICHI,GEN,ERODE,,15,91.86,1.17,yes,1314,0.69,3.46,,,0,TRUE,1,,0,,,,0,FALSE,FALSE,FALSE,,,,,,State Assembly Election (AE)
Tamil_Nadu,13,100,2026,5,4,0,6,None Of The Above,,None of the Above,925,0,,190759,207664,MODAKKURICHI,GEN,ERODE,,15,91.86,0.48,yes,7,0.0,3.46,,,0,TRUE,1,,0,,,,0,FALSE,FALSE,FALSE,,,,,,State Assembly Election (AE)
Tamil_Nadu,13,100,2026,5,4,0,7,R.VELUSAMY,,Independent,918,0,,190759,207664,MODAKKURICHI,GEN,ERODE,,15,91.86,0.48,yes,267,0.14,3.46,,,0,TRUE,1,,0,,,,0,FALSE,FALSE,FALSE,,,,,,State Assembly Election (AE)
Tamil_Nadu,13,100,2026,5,4,0,8,K.MUNIYAPPAN,,Bahujan Samaj Party,651,0,,190759,207664,MODAKKURICHI,GEN,ERODE,,15,91.86,0.34,yes,66,0.03,3.46,,,0,TRUE,1,,0,,,,0,FALSE,FALSE,FALSE,,,,,,State Assembly Election (AE)
Tamil_Nadu,13,100,2026,5,4,0,9,L.BHARATHI,,Independent,585,0,,190759,207664,MODAKKURICHI,GEN,ERODE,,15,91.86,0.31,yes,282,0.15,3.46,,,0,TRUE,1,,0,,,,0,FALSE,FALSE,FALSE,,,,,,State Assembly Election (AE)
Tamil_Nadu,13,100,2026,5,4,0,10,A.DURAISAMY,,Independent,303,0,,190759,207664,MODAKKURICHI,GEN,ERODE,,15,91.86,0.16,yes,19,0.01,3.46,,,0,TRUE,1,,0,,,,0,FALSE,FALSE,FALSE,,,,,,State Assembly Election (AE)
Tamil_Nadu,13,100,2026,5,4,0,11,K.DHANABAL,,Independent,284,0,,190759,207664,MODAKKURICHI,GEN,ERODE,,15,91.86,0.15,yes,39,0.02,3.46,,,0,TRUE,1,,0,,,,0,FALSE,FALSE,FALSE,,,,,,State Assembly Election (AE)
Tamil_Nadu,13,100,2026,5,4,0,12,A.KATHIRVEL,,Independent,245,0,,190759,207664,MODAKKURICHI,GEN,ERODE,,15,91.86,0.13,yes,18,0.01,3.46,,,0,TRUE,1,,0,,,,0,FALSE,FALSE,FALSE,,,,,,State Assembly Election (AE)
Tamil_Nadu,13,100,2026,5,4,0,13,R.NATARAJAN,,Independent,227,0,,190759,207664,MODAKKURICHI,GEN,ERODE,,15,91.86,0.12,yes,4,0.0,3.46,,,0,TRUE,1,,0,,,,0,FALSE,FALSE,FALSE,,,,,,State Assembly Election (AE)
Tamil_Nadu,13,100,2026,5,4,0,14,M.RAVIKUMAR,,Ganasangam Party of India,223,0,,190759,207664,MODAKKURICHI,GEN,ERODE,,15,91.86,0.12,yes,23,0.01,3.46,,,0,TRUE,1,,0,,,,0,FALSE,FALSE,FALSE,,,,,,State Assembly Election (AE)
Tamil_Nadu,13,100,2026,5,4,0,15,M.RAMESH,,Namathu Kongu Munnetra Kalagam,200,0,,190759,207664,MODAKKURICHI,GEN,ERODE,,15,91.86,0.1,yes,200,0.1,3.46,,,0,TRUE,1,,0,,,,0,FALSE,FALSE,FALSE,,,,,,State Assembly Election (AE)
Tamil_Nadu,13,101,2026,5,4,0,1,SATHYABAMA.P,,All India Anna Dravida Munnetra Kazhagam,81100,0,,199944,222406,DHARAPURAM,SC,TIRUPPUR,,10,89.9,40.56,no,16727,8.37,3.1,,,0,TRUE,1,,0,,,,0,FALSE,FALSE,FALSE,,,,,,State Assembly Election (AE)
Tamil_Nadu,13,101,2026,5,4,0,2,INDIRANI.T,,Dravida Munnetra Kazhagam,64373,0,,199944,222406,DHARAPURAM,SC,TIRUPPUR,,10,89.9,32.2,no,17935,8.97,3.1,,,0,TRUE,1,,0,,,,0,FALSE,FALSE,FALSE,,,,,,State Assembly Election (AE)
Tamil_Nadu,13,101,2026,5,4,0,3,GOWRI CHITRA,,Tamilaga Vettri Kazhagam,46438,0,,199944,222406,DHARAPURAM,SC,TIRUPPUR,,10,89.9,23.23,no,40412,20.21,3.1,,,0,TRUE,1,,0,,,,0,FALSE,FALSE,FALSE,,,,,,State Assembly Election (AE)
Tamil_Nadu,13,101,2026,5,4,0,4,DHIVYA,,Naam Tamilar Katchi,6026,0,,199944,222406,DHARAPURAM,SC,TIRUPPUR,,10,89.9,3.01,yes,4968,2.48,3.1,,,0,TRUE,1,,0,,,,0,FALSE,FALSE,FALSE,,,,,,State Assembly Election (AE)
Tamil_Nadu,13,101,2026,5,4,0,5,None Of The Above,,None of the Above,1058,0,,199944,222406,DHARAPURAM,SC,TIRUPPUR,,10,89.9,0.53,yes,701,0.35,3.1,,,0,TRUE,1,,0,,,,0,FALSE,FALSE,FALSE,,,,,,State Assembly Election (AE)
Tamil_Nadu,13,101,2026,5,4,0,6,ROHINI.S,,Independent,357,0,,199944,222406,DHARAPURAM,SC,TIRUPPUR,,10,89.9,0.18,yes,183,0.09,3.1,,,0,TRUE,1,,0,,,,0,FALSE,FALSE,FALSE,,,,,,State Assembly Election (AE)
Tamil_Nadu,13,101,2026,5,4,0,7,MOHANRAJ.M,,Independent,174,0,,199944,222406,DHARAPURAM,SC,TIRUPPUR,,10,89.9,0.09,yes,23,0.01,3.1,,,0,TRUE,1,,0,,,,0,FALSE,FALSE,FALSE,,,,,,State Assembly Election (AE)
Tamil_Nadu,13,101,2026,5,4,0,8,ANANTHI.S,,Independent,151,0,,199944,222406,DHARAPURAM,SC,TIRUPPUR,,10,89.9,0.08,yes,9,0.0,3.1,,,0,TRUE,1,,0,,,,0,FALSE,FALSE,FALSE,,,,,,State Assembly Election (AE)
Tamil_Nadu,13,101,2026,5,4,0,9,INDHIRANI.C,,Independent,142,0,,199944,222406,DHARAPURAM,SC,TIRUPPUR,,10,89.9,0.07,yes,17,0.01,3.1,,,0,TRUE,1,,0,,,,0,FALSE,FALSE,FALSE,,,,,,State Assembly Election (AE)
Tamil_Nadu,13,101,2026,5,4,0,10,GOWRI.P,,Independent,125,0,,199944,222406,DHARAPURAM,SC,TIRUPPUR,,10,89.9,0.06,yes,125,0.06,3.1,,,0,TRUE,1,,0,,,,0,FALSE,FALSE,FALSE,,,,,,State Assembly Election (AE)
Tamil_Nadu,13,102,2026,5,4,0,1,NSN NATARAJ,,All India Anna Dravida Munnetra Kazhagam,71122,0,,203534,219553,KANGAYAM,GEN,TIRUPPUR,,16,92.7,34.94,no,8133,4.0,3.29,,,0,TRUE,1,,0,,,,0,FALSE,FALSE,FALSE,,,,,,State Assembly Election (AE)
Tamil_Nadu,13,102,2026,5,4,0,2,MANI GOUNDER,,Tamilaga Vettri Kazhagam,62989,0,,203534,219553,KANGAYAM,GEN,TIRUPPUR,,16,92.7,30.95,no,3759,1.85,3.29,,,0,TRUE,1,,0,,,,0,FALSE,FALSE,FALSE,,,,,,State Assembly Election (AE)
Tamil_Nadu,13,102,2026,5,4,0,3,M.P.SAMINATHAN,,Dravida Munnetra Kazhagam,59230,0,,203534,219553,KANGAYAM,GEN,TIRUPPUR,,16,92.7,29.1,no,52162,25.63,3.29,,,0,TRUE,1,,0,,,,0,FALSE,FALSE,FALSE,,,,,,State Assembly Election (AE)
Tamil_Nadu,13,102,2026,5,4,0,4,KARMEGAN.M,,Naam Tamilar Katchi,7068,0,,203534,219553,KANGAYAM,GEN,TIRUPPUR,,16,92.7,3.47,yes,6362,3.13,3.29,,,0,TRUE,1,,0,,,,0,FALSE,FALSE,FALSE,,,,,,State Assembly Election (AE)
Tamil_Nadu,13,102,2026,5,4,0,5,None Of The Above,,None of the Above,706,0,,203534,219553,KANGAYAM,GEN,TIRUPPUR,,16,92.7,0.35,yes,207,0.1,3.29,,,0,TRUE,1,,0,,,,0,FALSE,FALSE,FALSE,,,,,,State Assembly Election (AE)
Tamil_Nadu,13,102,2026,5,4,0,6,P.THIRUGNANASAMBANTHAM,,Party for the Rights of Other backward Classes,499,0,,203534,219553,KANGAYAM,GEN,TIRUPPUR,,16,92.7,0.25,yes,187,0.09,3.29,,,0,TRUE,1,,0,,,,0,FALSE,FALSE,FALSE,,,,,,State Assembly Election (AE)
Tamil_Nadu,13,102,2026,5,4,0,7,P.PARTHIBAN,,Independent,312,0,,203534,219553,KANGAYAM,GEN,TIRUPPUR,,16,92.7,0.15,yes,30,0.01,3.29,,,0,TRUE,1,,0,,,,0,FALSE,FALSE,FALSE,,,,,,State Assembly Election (AE)
Tamil_Nadu,13,102,2026,5,4,0,8,R. IMMANUVEL,,Independent,282,0,,203534,219553,KANGAYAM,GEN,TIRUPPUR,,16,92.7,0.14,yes,8,0.0,3.29,,,0,TRUE,1,,0,,,,0,FALSE,FALSE,FALSE,,,,,,State Assembly Election (AE)
Tamil_Nadu,13,102,2026,5,4,0,9,P.MANI,,Independent,274,0,,203534,219553,KANGAYAM,GEN,TIRUPPUR,,16,92.7,0.13,yes,9,0.0,3.29,,,0,TRUE,1,,0,,,,0,FALSE,FALSE,FALSE,,,,,,State Assembly Election (AE)
Tamil_Nadu,13,102,2026,5,4,0,10,B.RAJENDRAN,,Independent,265,0,,203534,219553,KANGAYAM,GEN,TIRUPPUR,,16,92.7,0.13,yes,62,0.03,3.29,,,0,TRUE,1,,0,,,,0,FALSE,FALSE,FALSE,,,,,,State Assembly Election (AE)
Tamil_Nadu,13,102,2026,5,4,0,11,PALANISAMY,,Independent,203,0,,203534,219553,KANGAYAM,GEN,TIRUPPUR,,16,92.7,0.1,yes,27,0.01,3.29,,,0,TRUE,1,,0,,,,0,FALSE,FALSE,FALSE,,,,,,State Assembly Election (AE)
Tamil_Nadu,13,102,2026,5,4,0,12,R.VIJAYALAKSHMI,,Ganasangam Party of India,176,0,,203534,219553,KANGAYAM,GEN,TIRUPPUR,,16,92.7,0.09,yes,12,0.01,3.29,,,0,TRUE,1,,0,,,,0,FALSE,FALSE,FALSE,,,,,,State Assembly Election (AE)
Tamil_Nadu,13,102,2026,5,4,0,13,KARTHIKEYAN,,Independent,164,0,,203534,219553,KANGAYAM,GEN,TIRUPPUR,,16,92.7,0.08,yes,66,0.03,3.29,,,0,TRUE,1,,0,,,,0,FALSE,FALSE,FALSE,,,,,,State Assembly Election (AE)
Tamil_Nadu,13,102,2026,5,4,0,14,GOWTHAM,,Independent,98,0,,203534,219553,KANGAYAM,GEN,TIRUPPUR,,16,92.7,0.05,yes,20,0.01,3.29,,,0,TRUE,1,,0,,,,0,FALSE,FALSE,FALSE,,,,,,State Assembly Election (AE)
Tamil_Nadu,13,102,2026,5,4,0,15,T.NATARAJ,,Independent,78,0,,203534,219553,KANGAYAM,GEN,TIRUPPUR,,16,92.7,0.04,yes,10,0.0,3.29,,,0,TRUE,1,,0,,,,0,FALSE,FALSE,FALSE,,,,,,State Assembly Election (AE)
Tamil_Nadu,13,102,2026,5,4,0,16,K.ARUMUGAM,,Independent,68,0,,203534,219553,KANGAYAM,GEN,TIRUPPUR,,16,92.7,0.03,yes,68,0.03,3.29,,,0,TRUE,1,,0,,,,0,FALSE,FALSE,FALSE,,,,,,State Assembly Election (AE)
Tamil_Nadu,13,103,2026,5,4,0,1,JAYAKUMAR. S,,All India Anna Dravida Munnetra Kazhagam,70302,0,,200686,214431,PERUNDURAI,GEN,ERODE,,14,93.59,35.03,no,9693,4.83,3.3,,,0,TRUE,1,,0,,,,0,FALSE,FALSE,FALSE,,,,,,State Assembly Election (AE)
Tamil_Nadu,13,103,2026,5,4,0,2,THOPPU VENKATACHALAM (ALIAS) N.D. VENKATACHALAM,,Dravida Munnetra Kazhagam,60609,0,,200686,214431,PERUNDURAI,GEN,ERODE,,14,93.59,30.2,no,1126,0.56,3.3,,,0,TRUE,1,,0,,,,0,FALSE,FALSE,FALSE,,,,,,State Assembly Election (AE)
Tamil_Nadu,13,103,2026,5,4,0,3,ARUNACHALAM. V. P,,Tamilaga Vettri Kazhagam,59483,0,,200686,214431,PERUNDURAI,GEN,ERODE,,14,93.59,29.64,no,53015,26.42,3.3,,,0,TRUE,1,,0,,,,0,FALSE,FALSE,FALSE,,,,,,State Assembly Election (AE)
Tamil_Nadu,13,103,2026,5,4,0,4,INGUR. C. LOGANATHAN,,Naam Tamilar Katchi,6468,0,,200686,214431,PERUNDURAI,GEN,ERODE,,14,93.59,3.22,yes,5590,2.79,3.3,,,0,TRUE,1,,0,,,,0,FALSE,FALSE,FALSE,,,,,,State Assembly Election (AE)
Tamil_Nadu,13,103,2026,5,4,0,5,VENKATACHALAM. C,,Independent,878,0,,200686,214431,PERUNDURAI,GEN,ERODE,,14,93.59,0.44,yes,66,0.03,3.3,,,0,TRUE,1,,0,,,,0,FALSE,FALSE,FALSE,,,,,,State Assembly Election (AE)
Tamil_Nadu,13,103,2026,5,4,0,6,None Of The Above,,None of the Above,812,0,,200686,214431,PERUNDURAI,GEN,ERODE,,14,93.59,0.4,yes,247,0.12,3.3,,,0,TRUE,1,,0,,,,0,FALSE,FALSE,FALSE,,,,,,State Assembly Election (AE)
Tamil_Nadu,13,103,2026,5,4,0,7,ESWARAN. P,,Bahujan Samaj Party,565,0,,200686,214431,PERUNDURAI,GEN,ERODE,,14,93.59,0.28,yes,220,0.11,3.3,,,0,TRUE,1,,0,,,,0,FALSE,FALSE,FALSE,,,,,,State Assembly Election (AE)
Tamil_Nadu,13,103,2026,5,4,0,8,GEORGE STEPHEN. A,,Independent,345,0,,200686,214431,PERUNDURAI,GEN,ERODE,,14,93.59,0.17,yes,56,0.03,3.3,,,0,TRUE,1,,0,,,,0,FALSE,FALSE,FALSE,,,,,,State Assembly Election (AE)
Tamil_Nadu,13,103,2026,5,4,0,9,JAYAPRAKASH. K,,Independent,289,0,,200686,214431,PERUNDURAI,GEN,ERODE,,14,93.59,0.14,yes,18,0.01,3.3,,,0,TRUE,1,,0,,,,0,FALSE,FALSE,FALSE,,,,,,State Assembly Election (AE)
Tamil_Nadu,13,103,2026,5,4,0,10,SHANTHOSH KRISHNAN. S,,Tamizhaga Vaazhvurimai Katchi,271,0,,200686,214431,PERUNDURAI,GEN,ERODE,,14,93.59,0.14,yes,12,0.01,3.3,,,0,TRUE,1,,0,,,,0,FALSE,FALSE,FALSE,,,,,,State Assembly Election (AE)
Tamil_Nadu,13,103,2026,5,4,0,11,SANTHOSH. S,,Independent,259,0,,200686,214431,PERUNDURAI,GEN,ERODE,,14,93.59,0.13,yes,85,0.04,3.3,,,0,TRUE,1,,0,,,,0,FALSE,FALSE,FALSE,,,,,,State Assembly Election (AE)
Tamil_Nadu,13,103,2026,5,4,0,12,PALANISAMY. M,,Independent,174,0,,200686,214431,PERUNDURAI,GEN,ERODE,,14,93.59,0.09,yes,20,0.01,3.3,,,0,TRUE,1,,0,,,,0,FALSE,FALSE,FALSE,,,,,,State Assembly Election (AE)
Tamil_Nadu,13,103,2026,5,4,0,13,SELVARAJU. M,,Independent,154,0,,200686,214431,PERUNDURAI,GEN,ERODE,,14,93.59,0.08,yes,77,0.04,3.3,,,0,TRUE,1,,0,,,,0,FALSE,FALSE,FALSE,,,,,,State Assembly Election (AE)
Tamil_Nadu,13,103,2026,5,4,0,14,VALARMATHI. P,,Samaniya Makkal Nala Katchi,77,0,,200686,214431,PERUNDURAI,GEN,ERODE,,14,93.59,0.04,yes,77,0.04,3.3,,,0,TRUE,1,,0,,,,0,FALSE,FALSE,FALSE,,,,,,State Assembly Election (AE)
Tamil_Nadu,13,104,2026,5,4,0,1,KARUPPANAN. K.C,,All India Anna Dravida Munnetra Kazhagam,75577,0,,208323,223172,BHAVANI,GEN,ERODE,,15,93.35,36.28,no,7396,3.55,3.26,,,0,TRUE,1,,0,,,,0,FALSE,FALSE,FALSE,,,,,,State Assembly Election (AE)
Tamil_Nadu,13,104,2026,5,4,0,2,BALAKRISHNAN,,Tamilaga Vettri Kazhagam,68181,0,,208323,223172,BHAVANI,GEN,ERODE,,15,93.35,32.73,no,14094,6.77,3.26,,,0,TRUE,1,,0,,,,0,FALSE,FALSE,FALSE,,,,,,State Assembly Election (AE)
Tamil_Nadu,13,104,2026,5,4,0,3,CHANDRASEKAR. K.A,,Dravida Munnetra Kazhagam,54087,0,,208323,223172,BHAVANI,GEN,ERODE,,15,93.35,25.96,no,47892,22.99,3.26,,,0,TRUE,1,,0,,,,0,FALSE,FALSE,FALSE,,,,,,State Assembly Election (AE)
Tamil_Nadu,13,104,2026,5,4,0,4,MOHANADEVI. R,,Naam Tamilar Katchi,6195,0,,208323,223172,BHAVANI,GEN,ERODE,,15,93.35,2.97,yes,4786,2.3,3.26,,,0,TRUE,1,,0,,,,0,FALSE,FALSE,FALSE,,,,,,State Assembly Election (AE)
Tamil_Nadu,13,104,2026,5,4,0,5,None Of The Above,,None of the Above,1409,0,,208323,223172,BHAVANI,GEN,ERODE,,15,93.35,0.68,yes,883,0.42,3.26,,,0,TRUE,1,,0,,,,0,FALSE,FALSE,FALSE,,,,,,State Assembly Election (AE)
Tamil_Nadu,13,104,2026,5,4,0,6,MANIKKAM. P,,Independent,526,0,,208323,223172,BHAVANI,GEN,ERODE,,15,93.35,0.25,yes,70,0.03,3.26,,,0,TRUE,1,,0,,,,0,FALSE,FALSE,FALSE,,,,,,State Assembly Election (AE)
Tamil_Nadu,13,104,2026,5,4,0,7,SEKAR. K,,Bahujan Samaj Party,456,0,,208323,223172,BHAVANI,GEN,ERODE,,15,93.35,0.22,yes,74,0.04,3.26,,,0,TRUE,1,,0,,,,0,FALSE,FALSE,FALSE,,,,,,State Assembly Election (AE)
Tamil_Nadu,13,104,2026,5,4,0,8,ARUMUGAM. P.V,,Independent,382,0,,208323,223172,BHAVANI,GEN,ERODE,,15,93.35,0.18,yes,28,0.01,3.26,,,0,TRUE,1,,0,,,,0,FALSE,FALSE,FALSE,,,,,,State Assembly Election (AE)
Tamil_Nadu,13,104,2026,5,4,0,9,PALANISAMY. P.K,,Tamizhaga Vaazhvurimai Katchi,354,0,,208323,223172,BHAVANI,GEN,ERODE,,15,93.35,0.17,yes,23,0.01,3.26,,,0,TRUE,1,,0,,,,0,FALSE,FALSE,FALSE,,,,,,State Assembly Election (AE)
Tamil_Nadu,13,104,2026,5,4,0,10,KANNAN. M,,Independent,331,0,,208323,223172,BHAVANI,GEN,ERODE,,15,93.35,0.16,yes,78,0.04,3.26,,,0,TRUE,1,,0,,,,0,FALSE,FALSE,FALSE,,,,,,State Assembly Election (AE)
Tamil_Nadu,13,104,2026,5,4,0,11,VIMALRAJ. R,,Makkal Munnetra Katchi,253,0,,208323,223172,BHAVANI,GEN,ERODE,,15,93.35,0.12,yes,43,0.02,3.26,,,0,TRUE,1,,0,,,,0,FALSE,FALSE,FALSE,,,,,,State Assembly Election (AE)
Tamil_Nadu,13,104,2026,5,4,0,12,PERUMAL. V.M,,Independent,210,0,,208323,223172,BHAVANI,GEN,ERODE,,15,93.35,0.1,yes,76,0.04,3.26,,,0,TRUE,1,,0,,,,0,FALSE,FALSE,FALSE,,,,,,State Assembly Election (AE)
Tamil_Nadu,13,104,2026,5,4,0,13,BOOPATHI RAJARAJA CHOZHAN. M,,Independent,134,0,,208323,223172,BHAVANI,GEN,ERODE,,15,93.35,0.06,yes,7,0.0,3.26,,,0,TRUE,1,,0,,,,0,FALSE,FALSE,FALSE,,,,,,State Assembly Election (AE)
Tamil_Nadu,13,104,2026,5,4,0,14,KARTHIKEYAN. P,,Independent,127,0,,208323,223172,BHAVANI,GEN,ERODE,,15,93.35,0.06,yes,26,0.01,3.26,,,0,TRUE,1,,0,,,,0,FALSE,FALSE,FALSE,,,,,,State Assembly Election (AE)
Tamil_Nadu,13,104,2026,5,4,0,15,PARASAKTHI. P,,Samaniya Makkal Nala Katchi,101,0,,208323,223172,BHAVANI,GEN,ERODE,,15,93.35,0.05,yes,101,0.05,3.26,,,0,TRUE,1,,0,,,,0,FALSE,FALSE,FALSE,,,,,,State Assembly Election (AE)
Tamil_Nadu,13,105,2026,5,4,0,1,HARIBASKAR.P,,All India Anna Dravida Munnetra Kazhagam,60042,0,,185775,207355,ANTHIYUR,GEN,ERODE,,15,89.59,32.32,no,1260,0.68,3.36,,,0,TRUE,1,,0,,,,0,FALSE,FALSE,FALSE,,,,,,State Assembly Election (AE)
Tamil_Nadu,13,105,2026,5,4,0,2,SIVABALAN.M,,Dravida Munnetra Kazhagam,58782,0,,185775,207355,ANTHIYUR,GEN,ERODE,,15,89.59,31.64,no,2410,1.3,3.36,,,0,TRUE,1,,0,,,,0,FALSE,FALSE,FALSE,,,,,,State Assembly Election (AE)
Tamil_Nadu,13,105,2026,5,4,0,3,VIJAY VENKATESH.M,,Tamilaga Vettri Kazhagam,56372,0,,185775,207355,ANTHIYUR,GEN,ERODE,,15,89.59,30.34,no,51085,27.5,3.36,,,0,TRUE,1,,0,,,,0,FALSE,FALSE,FALSE,,,,,,State Assembly Election (AE)
Tamil_Nadu,13,105,2026,5,4,0,4,AALANGATTUR ANANDHI,,Naam Tamilar Katchi,5287,0,,185775,207355,ANTHIYUR,GEN,ERODE,,15,89.59,2.85,yes,4297,2.31,3.36,,,0,TRUE,1,,0,,,,0,FALSE,FALSE,FALSE,,,,,,State Assembly Election (AE)
Tamil_Nadu,13,105,2026,5,4,0,5,VEERAN.K,,Independent,990,0,,185775,207355,ANTHIYUR,GEN,ERODE,,15,89.59,0.53,yes,208,0.11,3.36,,,0,TRUE,1,,0,,,,0,FALSE,FALSE,FALSE,,,,,,State Assembly Election (AE)
Tamil_Nadu,13,105,2026,5,4,0,6,DHANABAL.C,,Independent,782,0,,185775,207355,ANTHIYUR,GEN,ERODE,,15,89.59,0.42,yes,28,0.02,3.36,,,0,TRUE,1,,0,,,,0,FALSE,FALSE,FALSE,,,,,,State Assembly Election (AE)
Tamil_Nadu,13,105,2026,5,4,0,7,None Of The Above,,None of the Above,754,0,,185775,207355,ANTHIYUR,GEN,ERODE,,15,89.59,0.41,yes,143,0.08,3.36,,,0,TRUE,1,,0,,,,0,FALSE,FALSE,FALSE,,,,,,State Assembly Election (AE)
Tamil_Nadu,13,105,2026,5,4,0,8,RAMASAMY.S,,Samaniya Makkal Nala Katchi,611,0,,185775,207355,ANTHIYUR,GEN,ERODE,,15,89.59,0.33,yes,179,0.1,3.36,,,0,TRUE,1,,0,,,,0,FALSE,FALSE,FALSE,,,,,,State Assembly Election (AE)
Tamil_Nadu,13,105,2026,5,4,0,9,GOBAL.S.C.R,,Aanaithinthiya Jananayaka Pathukappu Kazhagam,432,0,,185775,207355,ANTHIYUR,GEN,ERODE,,15,89.59,0.23,yes,42,0.02,3.36,,,0,TRUE,1,,0,,,,0,FALSE,FALSE,FALSE,,,,,,State Assembly Election (AE)
Tamil_Nadu,13,105,2026,5,4,0,10,EASWARAMURTHI.K,,Tamizhaga Vaazhvurimai Katchi,390,0,,185775,207355,ANTHIYUR,GEN,ERODE,,15,89.59,0.21,yes,10,0.01,3.36,,,0,TRUE,1,,0,,,,0,FALSE,FALSE,FALSE,,,,,,State Assembly Election (AE)
Tamil_Nadu,13,105,2026,5,4,0,11,KAVIBHARATHI.K,,Bahujan Samaj Party,380,0,,185775,207355,ANTHIYUR,GEN,ERODE,,15,89.59,0.2,yes,50,0.03,3.36,,,0,TRUE,1,,0,,,,0,FALSE,FALSE,FALSE,,,,,,State Assembly Election (AE)
Tamil_Nadu,13,105,2026,5,4,0,12,SANKARKUMAR.K.A,,Independent,330,0,,185775,207355,ANTHIYUR,GEN,ERODE,,15,89.59,0.18,yes,80,0.04,3.36,,,0,TRUE,1,,0,,,,0,FALSE,FALSE,FALSE,,,,,,State Assembly Election (AE)
Tamil_Nadu,13,105,2026,5,4,0,13,SHEIK DAVOOD.A.M,,Independent,250,0,,185775,207355,ANTHIYUR,GEN,ERODE,,15,89.59,0.13,yes,53,0.03,3.36,,,0,TRUE,1,,0,,,,0,FALSE,FALSE,FALSE,,,,,,State Assembly Election (AE)
Tamil_Nadu,13,105,2026,5,4,0,14,KARTHI.M,,Independent,197,0,,185775,207355,ANTHIYUR,GEN,ERODE,,15,89.59,0.11,yes,21,0.01,3.36,,,0,TRUE,1,,0,,,,0,FALSE,FALSE,FALSE,,,,,,State Assembly Election (AE)
Tamil_Nadu,13,105,2026,5,4,0,15,SELVI.A,,Independent,176,0,,185775,207355,ANTHIYUR,GEN,ERODE,,15,89.59,0.09,yes,176,0.09,3.36,,,0,TRUE,1,,0,,,,0,FALSE,FALSE,FALSE,,,,,,State Assembly Election (AE)
Tamil_Nadu,13,106,2026,5,4,0,1,SENGOTTAIYAN.K.A,,Tamilaga Vettri Kazhagam,82612,0,,219727,239179,GOBICHETTIPALAYAM,GEN,ERODE,,19,91.87,37.6,no,16620,7.56,3.35,,,0,TRUE,1,,0,,,,0,FALSE,FALSE,FALSE,,,,,,State Assembly Election (AE)
Tamil_Nadu,13,106,2026,5,4,0,2,NALLASIVAM.N,,Dravida Munnetra Kazhagam,65992,0,,219727,239179,GOBICHETTIPALAYAM,GEN,ERODE,,19,91.87,30.03,no,9760,4.44,3.35,,,0,TRUE,1,,0,,,,0,FALSE,FALSE,FALSE,,,,,,State Assembly Election (AE)
Tamil_Nadu,13,106,2026,5,4,0,3,PRABHU.V.B,,All India Anna Dravida Munnetra Kazhagam,56232,0,,219727,239179,GOBICHETTIPALAYAM,GEN,ERODE,,19,91.87,25.59,no,48095,21.89,3.35,,,0,TRUE,1,,0,,,,0,FALSE,FALSE,FALSE,,,,,,State Assembly Election (AE)
Tamil_Nadu,13,106,2026,5,4,0,4,SEETHALAKSHMI.M.K,,Naam Tamilar Katchi,8137,0,,219727,239179,GOBICHETTIPALAYAM,GEN,ERODE,,19,91.87,3.7,yes,6391,2.91,3.35,,,0,TRUE,1,,0,,,,0,FALSE,FALSE,FALSE,,,,,,State Assembly Election (AE)
Tamil_Nadu,13,106,2026,5,4,0,5,THIRUVENGATESH.M,,Tamizhaga Vaazhvurimai Katchi,1746,0,,219727,239179,GOBICHETTIPALAYAM,GEN,ERODE,,19,91.87,0.79,yes,839,0.38,3.35,,,0,TRUE,1,,0,,,,0,FALSE,FALSE,FALSE,,,,,,State Assembly Election (AE)
Tamil_Nadu,13,106,2026,5,4,0,6,None Of The Above,,None of the Above,907,0,,219727,239179,GOBICHETTIPALAYAM,GEN,ERODE,,19,91.87,0.41,yes,147,0.07,3.35,,,0,TRUE,1,,0,,,,0,FALSE,FALSE,FALSE,,,,,,State Assembly Election (AE)
Tamil_Nadu,13,106,2026,5,4,0,7,RAVIKUMAR.R,,Bahujan Samaj Party,760,0,,219727,239179,GOBICHETTIPALAYAM,GEN,ERODE,,19,91.87,0.35,yes,221,0.1,3.35,,,0,TRUE,1,,0,,,,0,FALSE,FALSE,FALSE,,,,,,State Assembly Election (AE)
Tamil_Nadu,13,106,2026,5,4,0,8,PALANISAMYRAAJ.M,,Independent,539,0,,219727,239179,GOBICHETTIPALAYAM,GEN,ERODE,,19,91.87,0.25,yes,40,0.02,3.35,,,0,TRUE,1,,0,,,,0,FALSE,FALSE,FALSE,,,,,,State Assembly Election (AE)
Tamil_Nadu,13,106,2026,5,4,0,9,BHUVANESHWARI.A,,Independent,499,0,,219727,239179,GOBICHETTIPALAYAM,GEN,ERODE,,19,91.87,0.23,yes,29,0.01,3.35,,,0,TRUE,1,,0,,,,0,FALSE,FALSE,FALSE,,,,,,State Assembly Election (AE)
Tamil_Nadu,13,106,2026,5,4,0,10,VENKATACHALAM,,Independent,470,0,,219727,239179,GOBICHETTIPALAYAM,GEN,ERODE,,19,91.87,0.21,yes,121,0.06,3.35,,,0,TRUE,1,,0,,,,0,FALSE,FALSE,FALSE,,,,,,State Assembly Election (AE)
Tamil_Nadu,13,106,2026,5,4,0,11,DHANAPAL.K,,Independent,349,0,,219727,239179,GOBICHETTIPALAYAM,GEN,ERODE,,19,91.87,0.16,yes,17,0.01,3.35,,,0,TRUE,1,,0,,,,0,FALSE,FALSE,FALSE,,,,,,State Assembly Election (AE)
Tamil_Nadu,13,106,2026,5,4,0,12,SUMATHI.G,,Independent,332,0,,219727,239179,GOBICHETTIPALAYAM,GEN,ERODE,,19,91.87,0.15,yes,40,0.02,3.35,,,0,TRUE,1,,0,,,,0,FALSE,FALSE,FALSE,,,,,,State Assembly Election (AE)
Tamil_Nadu,13,106,2026,5,4,0,13,SELVAKUMAR.R,,Independent,292,0,,219727,239179,GOBICHETTIPALAYAM,GEN,ERODE,,19,91.87,0.13,yes,95,0.04,3.35,,,0,TRUE,1,,0,,,,0,FALSE,FALSE,FALSE,,,,,,State Assembly Election (AE)
Tamil_Nadu,13,106,2026,5,4,0,14,MALARVIZHI,,Party for the Rights of Other backward Classes,197,0,,219727,239179,GOBICHETTIPALAYAM,GEN,ERODE,,19,91.87,0.09,yes,36,0.02,3.35,,,0,TRUE,1,,0,,,,0,FALSE,FALSE,FALSE,,,,,,State Assembly Election (AE)
Tamil_Nadu,13,106,2026,5,4,0,15,ANANDHAKUMAR.M,,Independent,161,0,,219727,239179,GOBICHETTIPALAYAM,GEN,ERODE,,19,91.87,0.07,yes,12,0.01,3.35,,,0,TRUE,1,,0,,,,0,FALSE,FALSE,FALSE,,,,,,State Assembly Election (AE)
Tamil_Nadu,13,106,2026,5,4,0,16,RAMESH.P,,Independent,149,0,,219727,239179,GOBICHETTIPALAYAM,GEN,ERODE,,19,91.87,0.07,yes,10,0.0,3.35,,,0,TRUE,1,,0,,,,0,FALSE,FALSE,FALSE,,,,,,State Assembly Election (AE)
Tamil_Nadu,13,106,2026,5,4,0,17,SEETHA.R,,Independent,139,0,,219727,239179,GOBICHETTIPALAYAM,GEN,ERODE,,19,91.87,0.06,yes,25,0.01,3.35,,,0,TRUE,1,,0,,,,0,FALSE,FALSE,FALSE,,,,,,State Assembly Election (AE)
Tamil_Nadu,13,106,2026,5,4,0,18,SAKTHIVEL.G,,Independent,114,0,,219727,239179,GOBICHETTIPALAYAM,GEN,ERODE,,19,91.87,0.05,yes,14,0.01,3.35,,,0,TRUE,1,,0,,,,0,FALSE,FALSE,FALSE,,,,,,State Assembly Election (AE)
Tamil_Nadu,13,106,2026,5,4,0,19,SHANMUGAM.G,,Independent,100,0,,219727,239179,GOBICHETTIPALAYAM,GEN,ERODE,,19,91.87,0.05,yes,100,0.05,3.35,,,0,TRUE,1,,0,,,,0,FALSE,FALSE,FALSE,,,,,,State Assembly Election (AE)
Tamil_Nadu,13,107,2026,5,4,0,1,V.P.TAMILSELVI,,Tamilaga Vettri Kazhagam,72391,0,,214595,237613,BHAVANISAGAR,SC,ERODE,,13,90.31,33.73,no,4569,2.13,3.32,,,0,TRUE,1,,0,,,,0,FALSE,FALSE,FALSE,,,,,,State Assembly Election (AE)
Tamil_Nadu,13,107,2026,5,4,0,2,A.BANNARI,,All India Anna Dravida Munnetra Kazhagam,67822,0,,214595,237613,BHAVANISAGAR,SC,ERODE,,13,90.31,31.6,no,4715,2.2,3.32,,,0,TRUE,1,,0,,,,0,FALSE,FALSE,FALSE,,,,,,State Assembly Election (AE)
Tamil_Nadu,13,107,2026,5,4,0,3,P.L.SUNDARAM,,Communist Party of India,63107,0,,214595,237613,BHAVANISAGAR,SC,ERODE,,13,90.31,29.41,no,57275,26.69,3.32,,,0,TRUE,1,,0,,,,0,FALSE,FALSE,FALSE,,,,,,State Assembly Election (AE)
Tamil_Nadu,13,107,2026,5,4,0,4,S.SOUNDARYA,,Naam Tamilar Katchi,5832,0,,214595,237613,BHAVANISAGAR,SC,ERODE,,13,90.31,2.72,yes,4028,1.88,3.32,,,0,TRUE,1,,0,,,,0,FALSE,FALSE,FALSE,,,,,,State Assembly Election (AE)
Tamil_Nadu,13,107,2026,5,4,0,5,None Of The Above,,None of the Above,1804,0,,214595,237613,BHAVANISAGAR,SC,ERODE,,13,90.31,0.84,yes,775,0.36,3.32,,,0,TRUE,1,,0,,,,0,FALSE,FALSE,FALSE,,,,,,State Assembly Election (AE)
Tamil_Nadu,13,107,2026,5,4,0,6,B.PALANISWAMY,,Bahujan Samaj Party,1029,0,,214595,237613,BHAVANISAGAR,SC,ERODE,,13,90.31,0.48,yes,473,0.22,3.32,,,0,TRUE,1,,0,,,,0,FALSE,FALSE,FALSE,,,,,,State Assembly Election (AE)
Tamil_Nadu,13,107,2026,5,4,0,7,DR.HANUMAIAH.C,,Independent,556,0,,214595,237613,BHAVANISAGAR,SC,ERODE,,13,90.31,0.26,yes,13,0.01,3.32,,,0,TRUE,1,,0,,,,0,FALSE,FALSE,FALSE,,,,,,State Assembly Election (AE)
Tamil_Nadu,13,107,2026,5,4,0,8,RAMAKRISHNAN,,Independent,543,0,,214595,237613,BHAVANISAGAR,SC,ERODE,,13,90.31,0.25,yes,62,0.03,3.32,,,0,TRUE,1,,0,,,,0,FALSE,FALSE,FALSE,,,,,,State Assembly Election (AE)
Tamil_Nadu,13,107,2026,5,4,0,9,C.PALANICHAMY,,Independent,481,0,,214595,237613,BHAVANISAGAR,SC,ERODE,,13,90.31,0.22,yes,148,0.07,3.32,,,0,TRUE,1,,0,,,,0,FALSE,FALSE,FALSE,,,,,,State Assembly Election (AE)
Tamil_Nadu,13,107,2026,5,4,0,10,S.PALANISWAMY,,Independent,333,0,,214595,237613,BHAVANISAGAR,SC,ERODE,,13,90.31,0.16,yes,6,0.0,3.32,,,0,TRUE,1,,0,,,,0,FALSE,FALSE,FALSE,,,,,,State Assembly Election (AE)
Tamil_Nadu,13,107,2026,5,4,0,11,RAKKI,,All India Puratchi Thalaivar Makkal Munnettra Kazhagam,327,0,,214595,237613,BHAVANISAGAR,SC,ERODE,,13,90.31,0.15,yes,134,0.06,3.32,,,0,TRUE,1,,0,,,,0,FALSE,FALSE,FALSE,,,,,,State Assembly Election (AE)
Tamil_Nadu,13,107,2026,5,4,0,12,GOPALAN.M,,Independent,193,0,,214595,237613,BHAVANISAGAR,SC,ERODE,,13,90.31,0.09,yes,16,0.01,3.32,,,0,TRUE,1,,0,,,,0,FALSE,FALSE,FALSE,,,,,,State Assembly Election (AE)
Tamil_Nadu,13,107,2026,5,4,0,13,A.AMRISH,,Independent,177,0,,214595,237613,BHAVANISAGAR,SC,ERODE,,13,90.31,0.08,yes,177,0.08,3.32,,,0,TRUE,1,,0,,,,0,FALSE,FALSE,FALSE,,,,,,State Assembly Election (AE)
Tamil_Nadu,13,108,2026,5,4,0,1,BHOJARAJAN.M,,Bharatiya Janata Party,48488,0,,148704,188826,UDHAGAMANDALAM,GEN,THE NILGIRIS,,7,78.75,32.61,no,976,0.66,3.29,,,0,TRUE,1,,0,,,,0,FALSE,FALSE,FALSE,,,,,,State Assembly Election (AE)
Tamil_Nadu,13,108,2026,5,4,0,2,IBRAHIM.R,,Tamilaga Vettri Kazhagam,47512,0,,148704,188826,UDHAGAMANDALAM,GEN,THE NILGIRIS,,7,78.75,31.95,no,1854,1.25,3.29,,,0,TRUE,1,,0,,,,0,FALSE,FALSE,FALSE,,,,,,State Assembly Election (AE)
Tamil_Nadu,13,108,2026,5,4,0,3,RAMACHANDRAN.B,,Indian National Congress,45658,0,,148704,188826,UDHAGAMANDALAM,GEN,THE NILGIRIS,,7,78.75,30.7,no,41017,27.58,3.29,,,0,TRUE,1,,0,,,,0,FALSE,FALSE,FALSE,,,,,,State Assembly Election (AE)
Tamil_Nadu,13,108,2026,5,4,0,4,RAGUPATHY.B,,Naam Tamilar Katchi,4641,0,,148704,188826,UDHAGAMANDALAM,GEN,THE NILGIRIS,,7,78.75,3.12,yes,3116,2.1,3.29,,,0,TRUE,1,,0,,,,0,FALSE,FALSE,FALSE,,,,,,State Assembly Election (AE)
Tamil_Nadu,13,108,2026,5,4,0,5,None Of The Above,,None of the Above,1525,0,,148704,188826,UDHAGAMANDALAM,GEN,THE NILGIRIS,,7,78.75,1.03,yes,1063,0.71,3.29,,,0,TRUE,1,,0,,,,0,FALSE,FALSE,FALSE,,,,,,State Assembly Election (AE)
Tamil_Nadu,13,108,2026,5,4,0,6,MANIAN.R,,Independent,462,0,,148704,188826,UDHAGAMANDALAM,GEN,THE NILGIRIS,,7,78.75,0.31,yes,44,0.03,3.29,,,0,TRUE,1,,0,,,,0,FALSE,FALSE,FALSE,,,,,,State Assembly Election (AE)
Tamil_Nadu,13,108,2026,5,4,0,7,SAVEETHA.R,,Tamizhaga Vaazhvurimai Katchi,418,0,,148704,188826,UDHAGAMANDALAM,GEN,THE NILGIRIS,,7,78.75,0.28,yes,418,0.28,3.29,,,0,TRUE,1,,0,,,,0,FALSE,FALSE,FALSE,,,,,,State Assembly Election (AE)
Tamil_Nadu,13,109,2026,5,4,0,1,DHRAVIDAMANI.M,,Dravida Munnetra Kazhagam,65590,0,,151241,185398,GUDALUR,SC,THE NILGIRIS,,7,81.58,43.37,no,22833,15.1,3.09,,,0,TRUE,1,,0,,,,0,FALSE,FALSE,FALSE,,,,,,State Assembly Election (AE)
Tamil_Nadu,13,109,2026,5,4,0,2,PON.JAYASEELAN,,All India Anna Dravida Munnetra Kazhagam,42757,0,,151241,185398,GUDALUR,SC,THE NILGIRIS,,7,81.58,28.27,no,7795,5.15,3.09,,,0,TRUE,1,,0,,,,0,FALSE,FALSE,FALSE,,,,,,State Assembly Election (AE)
Tamil_Nadu,13,109,2026,5,4,0,3,DEEPAK SAI KISHORE.A,,Tamilaga Vettri Kazhagam,34962,0,,151241,185398,GUDALUR,SC,THE NILGIRIS,,7,81.58,23.12,no,28763,19.02,3.09,,,0,TRUE,1,,0,,,,0,FALSE,FALSE,FALSE,,,,,,State Assembly Election (AE)
Tamil_Nadu,13,109,2026,5,4,0,4,KARTHIK.R,,Naam Tamilar Katchi,6199,0,,151241,185398,GUDALUR,SC,THE NILGIRIS,,7,81.58,4.1,yes,5328,3.52,3.09,,,0,TRUE,1,,0,,,,0,FALSE,FALSE,FALSE,,,,,,State Assembly Election (AE)
Tamil_Nadu,13,109,2026,5,4,0,5,None Of The Above,,None of the Above,871,0,,151241,185398,GUDALUR,SC,THE NILGIRIS,,7,81.58,0.58,yes,428,0.28,3.09,,,0,TRUE,1,,0,,,,0,FALSE,FALSE,FALSE,,,,,,State Assembly Election (AE)
Tamil_Nadu,13,109,2026,5,4,0,6,THILAGARAJ.N,,Independent,443,0,,151241,185398,GUDALUR,SC,THE NILGIRIS,,7,81.58,0.29,yes,24,0.02,3.09,,,0,TRUE,1,,0,,,,0,FALSE,FALSE,FALSE,,,,,,State Assembly Election (AE)
Tamil_Nadu,13,109,2026,5,4,0,7,RAJ.S.K,,Veerath Thiyagi Viswanathadoss Thozhilalarkal Katchi,419,0,,151241,185398,GUDALUR,SC,THE NILGIRIS,,7,81.58,0.28,yes,419,0.28,3.09,,,0,TRUE,1,,0,,,,0,FALSE,FALSE,FALSE,,,,,,State Assembly Election (AE)
Tamil_Nadu,13,110,2026,5,4,0,1,M. RAJU,,Dravida Munnetra Kazhagam,50470,0,,141394,177782,COONOOR,GEN,THE NILGIRIS,,7,79.53,35.69,no,8099,5.73,3.25,,,0,TRUE,1,,0,,,,0,FALSE,FALSE,FALSE,,,,,,State Assembly Election (AE)
Tamil_Nadu,13,110,2026,5,4,0,2,A. RAMU,,All India Anna Dravida Munnetra Kazhagam,42371,0,,141394,177782,COONOOR,GEN,THE NILGIRIS,,7,79.53,29.97,no,146,0.1,3.25,,,0,TRUE,1,,0,,,,0,FALSE,FALSE,FALSE,,,,,,State Assembly Election (AE)
Tamil_Nadu,13,110,2026,5,4,0,3,C. THANGARAJU,,Tamilaga Vettri Kazhagam,42225,0,,141394,177782,COONOOR,GEN,THE NILGIRIS,,7,79.53,29.86,no,37530,26.54,3.25,,,0,TRUE,1,,0,,,,0,FALSE,FALSE,FALSE,,,,,,State Assembly Election (AE)
Tamil_Nadu,13,110,2026,5,4,0,4,K. DEENU,,Naam Tamilar Katchi,4695,0,,141394,177782,COONOOR,GEN,THE NILGIRIS,,7,79.53,3.32,yes,3975,2.81,3.25,,,0,TRUE,1,,0,,,,0,FALSE,FALSE,FALSE,,,,,,State Assembly Election (AE)
Tamil_Nadu,13,110,2026,5,4,0,5,None Of The Above,,None of the Above,720,0,,141394,177782,COONOOR,GEN,THE NILGIRIS,,7,79.53,0.51,yes,147,0.1,3.25,,,0,TRUE,1,,0,,,,0,FALSE,FALSE,FALSE,,,,,,State Assembly Election (AE)
Tamil_Nadu,13,110,2026,5,4,0,6,C. DINESH KUMAR,,Independent,573,0,,141394,177782,COONOOR,GEN,THE NILGIRIS,,7,79.53,0.41,yes,233,0.16,3.25,,,0,TRUE,1,,0,,,,0,FALSE,FALSE,FALSE,,,,,,State Assembly Election (AE)
Tamil_Nadu,13,110,2026,5,4,0,7,D. VIDHYASAGAR,,Independent,340,0,,141394,177782,COONOOR,GEN,THE NILGIRIS,,7,79.53,0.24,yes,340,0.24,3.25,,,0,TRUE,1,,0,,,,0,FALSE,FALSE,FALSE,,,,,,State Assembly Election (AE)
Tamil_Nadu,13,111,2026,5,4,0,1,SUNILANAND,,Tamilaga Vettri Kazhagam,75664,0,,244319,282179,METTUPPALAYAM,GEN,COIMBATORE,,23,86.58,30.97,no,7768,3.18,4.0,,,0,TRUE,1,,0,,,,0,FALSE,FALSE,FALSE,,,,,,State Assembly Election (AE)
Tamil_Nadu,13,111,2026,5,4,0,2,SMT.KAVITHA KALYANASUNDARAM,,Dravida Munnetra Kazhagam,67896,0,,244319,282179,METTUPPALAYAM,GEN,COIMBATORE,,23,86.58,27.79,no,6160,2.52,4.0,,,0,TRUE,1,,0,,,,0,FALSE,FALSE,FALSE,,,,,,State Assembly Election (AE)
Tamil_Nadu,13,111,2026,5,4,0,3,O.K.CHINNARAJ,,All India Anna Dravida Munnetra Kazhagam,61736,0,,244319,282179,METTUPPALAYAM,GEN,COIMBATORE,,23,86.58,25.27,no,34980,14.32,4.0,,,0,TRUE,1,,0,,,,0,FALSE,FALSE,FALSE,,,,,,State Assembly Election (AE)
Tamil_Nadu,13,111,2026,5,4,0,4,T.R.SHANMUGASUNDARAM,,Independent,26756,0,,244319,282179,METTUPPALAYAM,GEN,COIMBATORE,,23,86.58,10.95,yes,20248,8.29,4.0,,,0,TRUE,1,,0,,,,0,FALSE,FALSE,FALSE,,,,,,State Assembly Election (AE)
Tamil_Nadu,13,111,2026,5,4,0,5,S.GOPALAKRISHNAN,,Naam Tamilar Katchi,6508,0,,244319,282179,METTUPPALAYAM,GEN,COIMBATORE,,23,86.58,2.66,yes,5669,2.32,4.0,,,0,TRUE,1,,0,,,,0,FALSE,FALSE,FALSE,,,,,,State Assembly Election (AE)
Tamil_Nadu,13,111,2026,5,4,0,6,None Of The Above,,None of the Above,839,0,,244319,282179,METTUPPALAYAM,GEN,COIMBATORE,,23,86.58,0.34,yes,227,0.09,4.0,,,0,TRUE,1,,0,,,,0,FALSE,FALSE,FALSE,,,,,,State Assembly Election (AE)
Tamil_Nadu,13,111,2026,5,4,0,7,V.SENTHIL KUMAR,,Independent,612,0,,244319,282179,METTUPPALAYAM,GEN,COIMBATORE,,23,86.58,0.25,yes,16,0.01,4.0,,,0,TRUE,1,,0,,,,0,FALSE,FALSE,FALSE,,,,,,State Assembly Election (AE)
Tamil_Nadu,13,111,2026,5,4,0,8,V.ANANDKUMAR,,Independent,596,0,,244319,282179,METTUPPALAYAM,GEN,COIMBATORE,,23,86.58,0.24,yes,10,0.0,4.0,,,0,TRUE,1,,0,,,,0,FALSE,FALSE,FALSE,,,,,,State Assembly Election (AE)
Tamil_Nadu,13,111,2026,5,4,0,9,R.CHINNARAJ,,Independent,586,0,,244319,282179,METTUPPALAYAM,GEN,COIMBATORE,,23,86.58,0.24,yes,128,0.05,4.0,,,0,TRUE,1,,0,,,,0,FALSE,FALSE,FALSE,,,,,,State Assembly Election (AE)
Tamil_Nadu,13,111,2026,5,4,0,10,S.ABDUL RAHIMAN,,Veerath Thiyagi Viswanathadoss Thozhilalarkal Katchi,458,0,,244319,282179,METTUPPALAYAM,GEN,COIMBATORE,,23,86.58,0.19,yes,71,0.03,4.0,,,0,TRUE,1,,0,,,,0,FALSE,FALSE,FALSE,,,,,,State Assembly Election (AE)
Tamil_Nadu,13,111,2026,5,4,0,11,"SIVARAJ,R.",,Anna Puratchi Thalaivar Amma Dravida Munnetra Kazhagam,387,0,,244319,282179,METTUPPALAYAM,GEN,COIMBATORE,,23,86.58,0.16,yes,31,0.01,4.0,,,0,TRUE,1,,0,,,,0,FALSE,FALSE,FALSE,,,,,,State Assembly Election (AE)
Tamil_Nadu,13,111,2026,5,4,0,12,R.SANGEETHA,,Naadaalum Makkal Katchi,356,0,,244319,282179,METTUPPALAYAM,GEN,COIMBATORE,,23,86.58,0.15,yes,60,0.02,4.0,,,0,TRUE,1,,0,,,,0,FALSE,FALSE,FALSE,,,,,,State Assembly Election (AE)
Tamil_Nadu,13,111,2026,5,4,0,13,"DHAMOTHARAN,V.",,All India Puratchi Thalaivar Makkal Munnettra Kazhagam,296,0,,244319,282179,METTUPPALAYAM,GEN,COIMBATORE,,23,86.58,0.12,yes,33,0.01,4.0,,,0,TRUE,1,,0,,,,0,FALSE,FALSE,FALSE,,,,,,State Assembly Election (AE)
Tamil_Nadu,13,111,2026,5,4,0,14,S.KAVITHA,,Independent,263,0,,244319,282179,METTUPPALAYAM,GEN,COIMBATORE,,23,86.58,0.11,yes,11,0.0,4.0,,,0,TRUE,1,,0,,,,0,FALSE,FALSE,FALSE,,,,,,State Assembly Election (AE)
Tamil_Nadu,13,111,2026,5,4,0,15,N.SARAVANA KUMAR,,Independent,252,0,,244319,282179,METTUPPALAYAM,GEN,COIMBATORE,,23,86.58,0.1,yes,14,0.01,4.0,,,0,TRUE,1,,0,,,,0,FALSE,FALSE,FALSE,,,,,,State Assembly Election (AE)
Tamil_Nadu,13,111,2026,5,4,0,16,A.SATHIYALEELA,,Independent,238,0,,244319,282179,METTUPPALAYAM,GEN,COIMBATORE,,23,86.58,0.1,yes,48,0.02,4.0,,,0,TRUE,1,,0,,,,0,FALSE,FALSE,FALSE,,,,,,State Assembly Election (AE)
Tamil_Nadu,13,111,2026,5,4,0,17,C.MAHENDRAN,,Independent,190,0,,244319,282179,METTUPPALAYAM,GEN,COIMBATORE,,23,86.58,0.08,yes,29,0.01,4.0,,,0,TRUE,1,,0,,,,0,FALSE,FALSE,FALSE,,,,,,State Assembly Election (AE)
Tamil_Nadu,13,111,2026,5,4,0,18,C.NAGARAJ,,Party for the Rights of Other backward Classes,161,0,,244319,282179,METTUPPALAYAM,GEN,COIMBATORE,,23,86.58,0.07,yes,41,0.02,4.0,,,0,TRUE,1,,0,,,,0,FALSE,FALSE,FALSE,,,,,,State Assembly Election (AE)
Tamil_Nadu,13,111,2026,5,4,0,19,M.PALANICHAMI,,Independent,120,0,,244319,282179,METTUPPALAYAM,GEN,COIMBATORE,,23,86.58,0.05,yes,1,0.0,4.0,,,0,TRUE,1,,0,,,,0,FALSE,FALSE,FALSE,,,,,,State Assembly Election (AE)
Tamil_Nadu,13,111,2026,5,4,0,20,T.AMIRTHALINGAM,,Independent,119,0,,244319,282179,METTUPPALAYAM,GEN,COIMBATORE,,23,86.58,0.05,yes,20,0.01,4.0,,,0,TRUE,1,,0,,,,0,FALSE,FALSE,FALSE,,,,,,State Assembly Election (AE)
Tamil_Nadu,13,111,2026,5,4,0,21,"RANGASAMY,P.",,Independent,99,0,,244319,282179,METTUPPALAYAM,GEN,COIMBATORE,,23,86.58,0.04,yes,1,0.0,4.0,,,0,TRUE,1,,0,,,,0,FALSE,FALSE,FALSE,,,,,,State Assembly Election (AE)
Tamil_Nadu,13,111,2026,5,4,0,22,MANOHARAN,,Independent,98,0,,244319,282179,METTUPPALAYAM,GEN,COIMBATORE,,23,86.58,0.04,yes,9,0.0,4.0,,,0,TRUE,1,,0,,,,0,FALSE,FALSE,FALSE,,,,,,State Assembly Election (AE)
Tamil_Nadu,13,111,2026,5,4,0,23,P.RAVICHANDRAN,,Independent,89,0,,244319,282179,METTUPPALAYAM,GEN,COIMBATORE,,23,86.58,0.04,yes,89,0.04,4.0,,,0,TRUE,1,,0,,,,0,FALSE,FALSE,FALSE,,,,,,State Assembly Election (AE)
Tamil_Nadu,13,112,2026,5,4,0,1,KAMALI.S,,Tamilaga Vettri Kazhagam,84209,0,,231600,253361,AVANASHI,SC,TIRUPPUR,,15,91.41,36.36,no,15373,6.64,3.31,,,0,TRUE,1,,0,,,,0,FALSE,FALSE,FALSE,,,,,,State Assembly Election (AE)
Tamil_Nadu,13,112,2026,5,4,0,2,DR. L. MURUGAN,,Bharatiya Janata Party,68836,0,,231600,253361,AVANASHI,SC,TIRUPPUR,,15,91.41,29.72,no,3306,1.43,3.31,,,0,TRUE,1,,0,,,,0,FALSE,FALSE,FALSE,,,,,,State Assembly Election (AE)
Tamil_Nadu,13,112,2026,5,4,0,3,DR. GOKILAMANI.V,,Dravida Munnetra Kazhagam,65530,0,,231600,253361,AVANASHI,SC,TIRUPPUR,,15,91.41,28.29,no,57826,24.97,3.31,,,0,TRUE,1,,0,,,,0,FALSE,FALSE,FALSE,,,,,,State Assembly Election (AE)
Tamil_Nadu,13,112,2026,5,4,0,4,MENAKA. V,,Naam Tamilar Katchi,7704,0,,231600,253361,AVANASHI,SC,TIRUPPUR,,15,91.41,3.33,yes,6141,2.65,3.31,,,0,TRUE,1,,0,,,,0,FALSE,FALSE,FALSE,,,,,,State Assembly Election (AE)
Tamil_Nadu,13,112,2026,5,4,0,5,None Of The Above,,None of the Above,1563,0,,231600,253361,AVANASHI,SC,TIRUPPUR,,15,91.41,0.67,yes,911,0.39,3.31,,,0,TRUE,1,,0,,,,0,FALSE,FALSE,FALSE,,,,,,State Assembly Election (AE)
Tamil_Nadu,13,112,2026,5,4,0,6,GOKILAMANI. M,,Independent,652,0,,231600,253361,AVANASHI,SC,TIRUPPUR,,15,91.41,0.28,yes,67,0.03,3.31,,,0,TRUE,1,,0,,,,0,FALSE,FALSE,FALSE,,,,,,State Assembly Election (AE)
Tamil_Nadu,13,112,2026,5,4,0,7,GOVINDAN.P,,Bahujan Samaj Party,585,0,,231600,253361,AVANASHI,SC,TIRUPPUR,,15,91.41,0.25,yes,39,0.02,3.31,,,0,TRUE,1,,0,,,,0,FALSE,FALSE,FALSE,,,,,,State Assembly Election (AE)
Tamil_Nadu,13,112,2026,5,4,0,8,DHANABAL.R,,Independent,546,0,,231600,253361,AVANASHI,SC,TIRUPPUR,,15,91.41,0.24,yes,45,0.02,3.31,,,0,TRUE,1,,0,,,,0,FALSE,FALSE,FALSE,,,,,,State Assembly Election (AE)
Tamil_Nadu,13,112,2026,5,4,0,9,ARUMUGAM.R,,Ganasangam Party of India,501,0,,231600,253361,AVANASHI,SC,TIRUPPUR,,15,91.41,0.22,yes,188,0.08,3.31,,,0,TRUE,1,,0,,,,0,FALSE,FALSE,FALSE,,,,,,State Assembly Election (AE)
Tamil_Nadu,13,112,2026,5,4,0,10,MOORTHI.R,,Independent,313,0,,231600,253361,AVANASHI,SC,TIRUPPUR,,15,91.41,0.14,yes,49,0.02,3.31,,,0,TRUE,1,,0,,,,0,FALSE,FALSE,FALSE,,,,,,State Assembly Election (AE)
Tamil_Nadu,13,112,2026,5,4,0,11,SUBRAMANI.C.K,,Independent,264,0,,231600,253361,AVANASHI,SC,TIRUPPUR,,15,91.41,0.11,yes,5,0.0,3.31,,,0,TRUE,1,,0,,,,0,FALSE,FALSE,FALSE,,,,,,State Assembly Election (AE)
Tamil_Nadu,13,112,2026,5,4,0,12,CHINNASAMY.V,,Tamizhaga Vaazhvurimai Katchi,259,0,,231600,253361,AVANASHI,SC,TIRUPPUR,,15,91.41,0.11,yes,24,0.01,3.31,,,0,TRUE,1,,0,,,,0,FALSE,FALSE,FALSE,,,,,,State Assembly Election (AE)
Tamil_Nadu,13,112,2026,5,4,0,13,ANANDHI.S,,Independent,235,0,,231600,253361,AVANASHI,SC,TIRUPPUR,,15,91.41,0.1,yes,20,0.01,3.31,,,0,TRUE,1,,0,,,,0,FALSE,FALSE,FALSE,,,,,,State Assembly Election (AE)
Tamil_Nadu,13,112,2026,5,4,0,14,SATHIYARASU. R,,Independent,215,0,,231600,253361,AVANASHI,SC,TIRUPPUR,,15,91.41,0.09,yes,27,0.01,3.31,,,0,TRUE,1,,0,,,,0,FALSE,FALSE,FALSE,,,,,,State Assembly Election (AE)
Tamil_Nadu,13,112,2026,5,4,0,15,ARUMUGAM. P,,Independent,188,0,,231600,253361,AVANASHI,SC,TIRUPPUR,,15,91.41,0.08,yes,188,0.08,3.31,,,0,TRUE,1,,0,,,,0,FALSE,FALSE,FALSE,,,,,,State Assembly Election (AE)
Tamil_Nadu,13,113,2026,5,4,0,1,V.SATHYABAMA,,Tamilaga Vettri Kazhagam,131401,0,,263457,315837,TIRUPPUR (NORTH),GEN,TIRUPPUR,,16,83.42,49.88,no,69992,26.57,2.88,,,0,TRUE,1,,0,,,,0,FALSE,FALSE,FALSE,,,,,,State Assembly Election (AE)
Tamil_Nadu,13,113,2026,5,4,0,2,M.S.M.ANANDAN,,All India Anna Dravida Munnetra Kazhagam,61409,0,,263457,315837,TIRUPPUR (NORTH),GEN,TIRUPPUR,,16,83.42,23.31,no,7445,2.83,2.88,,,0,TRUE,1,,0,,,,0,FALSE,FALSE,FALSE,,,,,,State Assembly Election (AE)
Tamil_Nadu,13,113,2026,5,4,0,3,M.RAVI ALIAS M.SUBRAMANIAN,,Communist Party of India,53964,0,,263457,315837,TIRUPPUR (NORTH),GEN,TIRUPPUR,,16,83.42,20.48,no,40807,15.49,2.88,,,0,TRUE,1,,0,,,,0,FALSE,FALSE,FALSE,,,,,,State Assembly Election (AE)
Tamil_Nadu,13,113,2026,5,4,0,4,R.ABINAYA,,Naam Tamilar Katchi,13157,0,,263457,315837,TIRUPPUR (NORTH),GEN,TIRUPPUR,,16,83.42,4.99,yes,12079,4.58,2.88,,,0,TRUE,1,,0,,,,0,FALSE,FALSE,FALSE,,,,,,State Assembly Election (AE)
Tamil_Nadu,13,113,2026,5,4,0,5,None Of The Above,,None of the Above,1078,0,,263457,315837,TIRUPPUR (NORTH),GEN,TIRUPPUR,,16,83.42,0.41,yes,698,0.26,2.88,,,0,TRUE,1,,0,,,,0,FALSE,FALSE,FALSE,,,,,,State Assembly Election (AE)
Tamil_Nadu,13,113,2026,5,4,0,6,L.JAMES REYNOLD,,Bahujan Samaj Party,380,0,,263457,315837,TIRUPPUR (NORTH),GEN,TIRUPPUR,,16,83.42,0.14,yes,29,0.01,2.88,,,0,TRUE,1,,0,,,,0,FALSE,FALSE,FALSE,,,,,,State Assembly Election (AE)
Tamil_Nadu,13,113,2026,5,4,0,7,T.KRISHNASWAMY,,Anna Puratchi Thalaivar Amma Dravida Munnetra Kazhagam,351,0,,263457,315837,TIRUPPUR (NORTH),GEN,TIRUPPUR,,16,83.42,0.13,yes,104,0.04,2.88,,,0,TRUE,1,,0,,,,0,FALSE,FALSE,FALSE,,,,,,State Assembly Election (AE)
Tamil_Nadu,13,113,2026,5,4,0,8,G.BALAKRISHNAN,,Independent,247,0,,263457,315837,TIRUPPUR (NORTH),GEN,TIRUPPUR,,16,83.42,0.09,yes,29,0.01,2.88,,,0,TRUE,1,,0,,,,0,FALSE,FALSE,FALSE,,,,,,State Assembly Election (AE)
Tamil_Nadu,13,113,2026,5,4,0,9,K.VENKADASWAMY,,Independent,218,0,,263457,315837,TIRUPPUR (NORTH),GEN,TIRUPPUR,,16,83.42,0.08,yes,4,0.0,2.88,,,0,TRUE,1,,0,,,,0,FALSE,FALSE,FALSE,,,,,,State Assembly Election (AE)
Tamil_Nadu,13,113,2026,5,4,0,10,PY.DHATCHINAMURTHY,,Tamizhaga Vaazhvurimai Katchi,214,0,,263457,315837,TIRUPPUR (NORTH),GEN,TIRUPPUR,,16,83.42,0.08,yes,16,0.01,2.88,,,0,TRUE,1,,0,,,,0,FALSE,FALSE,FALSE,,,,,,State Assembly Election (AE)
Tamil_Nadu,13,113,2026,5,4,0,11,R.VISHNUMOORTHY,,Independent,198,0,,263457,315837,TIRUPPUR (NORTH),GEN,TIRUPPUR,,16,83.42,0.08,yes,2,0.0,2.88,,,0,TRUE,1,,0,,,,0,FALSE,FALSE,FALSE,,,,,,State Assembly Election (AE)
Tamil_Nadu,13,113,2026,5,4,0,12,P.RAVI,,Independent,196,0,,263457,315837,TIRUPPUR (NORTH),GEN,TIRUPPUR,,16,83.42,0.07,yes,3,0.0,2.88,,,0,TRUE,1,,0,,,,0,FALSE,FALSE,FALSE,,,,,,State Assembly Election (AE)
Tamil_Nadu,13,113,2026,5,4,0,13,K.ANAND,,Independent,193,0,,263457,315837,TIRUPPUR (NORTH),GEN,TIRUPPUR,,16,83.42,0.07,yes,14,0.01,2.88,,,0,TRUE,1,,0,,,,0,FALSE,FALSE,FALSE,,,,,,State Assembly Election (AE)
Tamil_Nadu,13,113,2026,5,4,0,14,M.RANGASAMY,,Independent,179,0,,263457,315837,TIRUPPUR (NORTH),GEN,TIRUPPUR,,16,83.42,0.07,yes,7,0.0,2.88,,,0,TRUE,1,,0,,,,0,FALSE,FALSE,FALSE,,,,,,State Assembly Election (AE)
Tamil_Nadu,13,113,2026,5,4,0,15,GANISHKAR,,Independent,172,0,,263457,315837,TIRUPPUR (NORTH),GEN,TIRUPPUR,,16,83.42,0.07,yes,72,0.03,2.88,,,0,TRUE,1,,0,,,,0,FALSE,FALSE,FALSE,,,,,,State Assembly Election (AE)
Tamil_Nadu,13,113,2026,5,4,0,16,S.ANANDHAKUMAR,,Independent,100,0,,263457,315837,TIRUPPUR (NORTH),GEN,TIRUPPUR,,16,83.42,0.04,yes,100,0.04,2.88,,,0,TRUE,1,,0,,,,0,FALSE,FALSE,FALSE,,,,,,State Assembly Election (AE)
Tamil_Nadu,13,114,2026,5,4,0,1,BALAMURUGAN. S,,Tamilaga Vettri Kazhagam,73793,0,,179814,197091,TIRUPPUR (SOUTH),GEN,TIRUPPUR,,25,91.23,41.04,no,12901,7.17,3.11,,,0,TRUE,1,,0,,,,0,FALSE,FALSE,FALSE,,,,,,State Assembly Election (AE)
Tamil_Nadu,13,114,2026,5,4,0,2,DINESHKUMAR. N,,Dravida Munnetra Kazhagam,60892,0,,179814,197091,TIRUPPUR (SOUTH),GEN,TIRUPPUR,,25,91.23,33.86,no,26275,14.61,3.11,,,0,TRUE,1,,0,,,,0,FALSE,FALSE,FALSE,,,,,,State Assembly Election (AE)
Tamil_Nadu,13,114,2026,5,4,0,3,THANGARAJ. S,,Bharatiya Janata Party,34617,0,,179814,197091,TIRUPPUR (SOUTH),GEN,TIRUPPUR,,25,91.23,19.25,no,27661,15.38,3.11,,,0,TRUE,1,,0,,,,0,FALSE,FALSE,FALSE,,,,,,State Assembly Election (AE)
Tamil_Nadu,13,114,2026,5,4,0,4,DINESH. P.N,,Naam Tamilar Katchi,6956,0,,179814,197091,TIRUPPUR (SOUTH),GEN,TIRUPPUR,,25,91.23,3.87,yes,6312,3.51,3.11,,,0,TRUE,1,,0,,,,0,FALSE,FALSE,FALSE,,,,,,State Assembly Election (AE)
Tamil_Nadu,13,114,2026,5,4,0,5,None Of The Above,,None of the Above,644,0,,179814,197091,TIRUPPUR (SOUTH),GEN,TIRUPPUR,,25,91.23,0.36,yes,18,0.01,3.11,,,0,TRUE,1,,0,,,,0,FALSE,FALSE,FALSE,,,,,,State Assembly Election (AE)
Tamil_Nadu,13,114,2026,5,4,0,6,KALIMUTHU. K,,All India Forward Bloc,626,0,,179814,197091,TIRUPPUR (SOUTH),GEN,TIRUPPUR,,25,91.23,0.35,yes,391,0.22,3.11,,,0,TRUE,1,,0,,,,0,FALSE,FALSE,FALSE,,,,,,State Assembly Election (AE)
Tamil_Nadu,13,114,2026,5,4,0,7,DINESHKUMAR,,Independent,235,0,,179814,197091,TIRUPPUR (SOUTH),GEN,TIRUPPUR,,25,91.23,0.13,yes,1,0.0,3.11,,,0,TRUE,1,,0,,,,0,FALSE,FALSE,FALSE,,,,,,State Assembly Election (AE)
Tamil_Nadu,13,114,2026,5,4,0,8,RANGASAMY. S,,Bahujan Samaj Party,234,0,,179814,197091,TIRUPPUR (SOUTH),GEN,TIRUPPUR,,25,91.23,0.13,yes,31,0.02,3.11,,,0,TRUE,1,,0,,,,0,FALSE,FALSE,FALSE,,,,,,State Assembly Election (AE)
Tamil_Nadu,13,114,2026,5,4,0,9,DINESHKUMAR,,Independent,203,0,,179814,197091,TIRUPPUR (SOUTH),GEN,TIRUPPUR,,25,91.23,0.11,yes,9,0.01,3.11,,,0,TRUE,1,,0,,,,0,FALSE,FALSE,FALSE,,,,,,State Assembly Election (AE)
Tamil_Nadu,13,114,2026,5,4,0,10,KESAVAMURTHI. N,,Independent,194,0,,179814,197091,TIRUPPUR (SOUTH),GEN,TIRUPPUR,,25,91.23,0.11,yes,24,0.01,3.11,,,0,TRUE,1,,0,,,,0,FALSE,FALSE,FALSE,,,,,,State Assembly Election (AE)
Tamil_Nadu,13,114,2026,5,4,0,11,MALARVIZHI. G,,Indhu Dravida Makkal Katchi,170,0,,179814,197091,TIRUPPUR (SOUTH),GEN,TIRUPPUR,,25,91.23,0.09,yes,3,0.0,3.11,,,0,TRUE,1,,0,,,,0,FALSE,FALSE,FALSE,,,,,,State Assembly Election (AE)
Tamil_Nadu,13,114,2026,5,4,0,12,MAHALINGAM. V,,Independent,167,0,,179814,197091,TIRUPPUR (SOUTH),GEN,TIRUPPUR,,25,91.23,0.09,yes,25,0.01,3.11,,,0,TRUE,1,,0,,,,0,FALSE,FALSE,FALSE,,,,,,State Assembly Election (AE)
Tamil_Nadu,13,114,2026,5,4,0,13,VASANTHAMANI. K,,Independent,142,0,,179814,197091,TIRUPPUR (SOUTH),GEN,TIRUPPUR,,25,91.23,0.08,yes,3,0.0,3.11,,,0,TRUE,1,,0,,,,0,FALSE,FALSE,FALSE,,,,,,State Assembly Election (AE)
Tamil_Nadu,13,114,2026,5,4,0,14,VENKATACHALAM. G,,Independent,139,0,,179814,197091,TIRUPPUR (SOUTH),GEN,TIRUPPUR,,25,91.23,0.08,yes,7,0.0,3.11,,,0,TRUE,1,,0,,,,0,FALSE,FALSE,FALSE,,,,,,State Assembly Election (AE)
Tamil_Nadu,13,114,2026,5,4,0,15,DHANABAL. D,,Independent,132,0,,179814,197091,TIRUPPUR (SOUTH),GEN,TIRUPPUR,,25,91.23,0.07,yes,16,0.01,3.11,,,0,TRUE,1,,0,,,,0,FALSE,FALSE,FALSE,,,,,,State Assembly Election (AE)
Tamil_Nadu,13,114,2026,5,4,0,16,DINESHKUMAR. V,,Independent,116,0,,179814,197091,TIRUPPUR (SOUTH),GEN,TIRUPPUR,,25,91.23,0.06,yes,35,0.02,3.11,,,0,TRUE,1,,0,,,,0,FALSE,FALSE,FALSE,,,,,,State Assembly Election (AE)
Tamil_Nadu,13,114,2026,5,4,0,17,VIJAYAKUMAR. M,,Anna Puratchi Thalaivar Amma Dravida Munnetra Kazhagam,81,0,,179814,197091,TIRUPPUR (SOUTH),GEN,TIRUPPUR,,25,91.23,0.05,yes,5,0.0,3.11,,,0,TRUE,1,,0,,,,0,FALSE,FALSE,FALSE,,,,,,State Assembly Election (AE)
Tamil_Nadu,13,114,2026,5,4,0,18,JOHN BASHA. A,,Tamizhaga Vaazhvurimai Katchi,76,0,,179814,197091,TIRUPPUR (SOUTH),GEN,TIRUPPUR,,25,91.23,0.04,yes,4,0.0,3.11,,,0,TRUE,1,,0,,,,0,FALSE,FALSE,FALSE,,,,,,State Assembly Election (AE)
Tamil_Nadu,13,114,2026,5,4,0,19,RATHINAVEL. M,,Independent,72,0,,179814,197091,TIRUPPUR (SOUTH),GEN,TIRUPPUR,,25,91.23,0.04,yes,3,0.0,3.11,,,0,TRUE,1,,0,,,,0,FALSE,FALSE,FALSE,,,,,,State Assembly Election (AE)
Tamil_Nadu,13,114,2026,5,4,0,20,AMUTHAVEL. P,,Independent,69,0,,179814,197091,TIRUPPUR (SOUTH),GEN,TIRUPPUR,,25,91.23,0.04,yes,9,0.01,3.11,,,0,TRUE,1,,0,,,,0,FALSE,FALSE,FALSE,,,,,,State Assembly Election (AE)
Tamil_Nadu,13,114,2026,5,4,0,21,MOHAMED MUBARAK ALI,,Ganasangam Party of India,60,0,,179814,197091,TIRUPPUR (SOUTH),GEN,TIRUPPUR,,25,91.23,0.03,yes,0,0.0,3.11,,,0,TRUE,1,,0,,,,0,FALSE,FALSE,FALSE,,,,,,State Assembly Election (AE)
Tamil_Nadu,13,114,2026,5,4,0,22,VENKADASAMY. K,,Independent,60,0,,179814,197091,TIRUPPUR (SOUTH),GEN,TIRUPPUR,,25,91.23,0.03,yes,10,0.01,3.11,,,0,TRUE,1,,0,,,,0,FALSE,FALSE,FALSE,,,,,,State Assembly Election (AE)
Tamil_Nadu,13,114,2026,5,4,0,23,DR. RAMAKRISHNAN. S,,Independent,50,0,,179814,197091,TIRUPPUR (SOUTH),GEN,TIRUPPUR,,25,91.23,0.03,yes,5,0.0,3.11,,,0,TRUE,1,,0,,,,0,FALSE,FALSE,FALSE,,,,,,State Assembly Election (AE)
Tamil_Nadu,13,114,2026,5,4,0,24,KARTHIKADEVI. K,,Independent,45,0,,179814,197091,TIRUPPUR (SOUTH),GEN,TIRUPPUR,,25,91.23,0.03,yes,4,0.0,3.11,,,0,TRUE,1,,0,,,,0,FALSE,FALSE,FALSE,,,,,,State Assembly Election (AE)
Tamil_Nadu,13,114,2026,5,4,0,25,RAMESH. S,,Independent,41,0,,179814,197091,TIRUPPUR (SOUTH),GEN,TIRUPPUR,,25,91.23,0.02,yes,41,0.02,3.11,,,0,TRUE,1,,0,,,,0,FALSE,FALSE,FALSE,,,,,,State Assembly Election (AE)
Tamil_Nadu,13,115,2026,5,4,0,1,K.RAMKUMAR,,Tamilaga Vettri Kazhagam,121297,0,,301014,329849,PALLADAM,GEN,TIRUPPUR,,16,91.26,40.3,no,37897,12.59,3.23,,,0,TRUE,1,,0,,,,0,FALSE,FALSE,FALSE,,,,,,State Assembly Election (AE)
Tamil_Nadu,13,115,2026,5,4,0,2,K.P.PARAMASIVAM,,All India Anna Dravida Munnetra Kazhagam,83400,0,,301014,329849,PALLADAM,GEN,TIRUPPUR,,16,91.26,27.71,no,4775,1.59,3.23,,,0,TRUE,1,,0,,,,0,FALSE,FALSE,FALSE,,,,,,State Assembly Election (AE)
Tamil_Nadu,13,115,2026,5,4,0,3,K.SELVARAJ,,Dravida Munnetra Kazhagam,78625,0,,301014,329849,PALLADAM,GEN,TIRUPPUR,,16,91.26,26.12,no,65484,21.75,3.23,,,0,TRUE,1,,0,,,,0,FALSE,FALSE,FALSE,,,,,,State Assembly Election (AE)
Tamil_Nadu,13,115,2026,5,4,0,4,K.V.THAMILINIYAN,,Naam Tamilar Katchi,13141,0,,301014,329849,PALLADAM,GEN,TIRUPPUR,,16,91.26,4.37,yes,11724,3.89,3.23,,,0,TRUE,1,,0,,,,0,FALSE,FALSE,FALSE,,,,,,State Assembly Election (AE)
Tamil_Nadu,13,115,2026,5,4,0,5,None Of The Above,,None of the Above,1417,0,,301014,329849,PALLADAM,GEN,TIRUPPUR,,16,91.26,0.47,yes,839,0.28,3.23,,,0,TRUE,1,,0,,,,0,FALSE,FALSE,FALSE,,,,,,State Assembly Election (AE)
Tamil_Nadu,13,115,2026,5,4,0,6,K.RATHINASAMY,,Bahujan Samaj Party,578,0,,301014,329849,PALLADAM,GEN,TIRUPPUR,,16,91.26,0.19,yes,171,0.06,3.23,,,0,TRUE,1,,0,,,,0,FALSE,FALSE,FALSE,,,,,,State Assembly Election (AE)
Tamil_Nadu,13,115,2026,5,4,0,7,V.MOHANRAJ,,Independent,407,0,,301014,329849,PALLADAM,GEN,TIRUPPUR,,16,91.26,0.14,yes,43,0.01,3.23,,,0,TRUE,1,,0,,,,0,FALSE,FALSE,FALSE,,,,,,State Assembly Election (AE)
Tamil_Nadu,13,115,2026,5,4,0,8,A. RAMESH,,Independent,364,0,,301014,329849,PALLADAM,GEN,TIRUPPUR,,16,91.26,0.12,yes,18,0.01,3.23,,,0,TRUE,1,,0,,,,0,FALSE,FALSE,FALSE,,,,,,State Assembly Election (AE)
Tamil_Nadu,13,115,2026,5,4,0,9,A.ANNADURAI,,Independent,346,0,,301014,329849,PALLADAM,GEN,TIRUPPUR,,16,91.26,0.11,yes,19,0.01,3.23,,,0,TRUE,1,,0,,,,0,FALSE,FALSE,FALSE,,,,,,State Assembly Election (AE)
Tamil_Nadu,13,115,2026,5,4,0,10,S.DHARMARAJ,,Tamilaga Makkal Nala Katchi,327,0,,301014,329849,PALLADAM,GEN,TIRUPPUR,,16,91.26,0.11,yes,42,0.01,3.23,,,0,TRUE,1,,0,,,,0,FALSE,FALSE,FALSE,,,,,,State Assembly Election (AE)
Tamil_Nadu,13,115,2026,5,4,0,11,ANNADURAI.R,,Independent,285,0,,301014,329849,PALLADAM,GEN,TIRUPPUR,,16,91.26,0.09,yes,11,0.0,3.23,,,0,TRUE,1,,0,,,,0,FALSE,FALSE,FALSE,,,,,,State Assembly Election (AE)
Tamil_Nadu,13,115,2026,5,4,0,12,S.ARUMUGAM,,Independent,274,0,,301014,329849,PALLADAM,GEN,TIRUPPUR,,16,91.26,0.09,yes,90,0.03,3.23,,,0,TRUE,1,,0,,,,0,FALSE,FALSE,FALSE,,,,,,State Assembly Election (AE)
Tamil_Nadu,13,115,2026,5,4,0,13,K.SAKTHIVEL,,Anna Puratchi Thalaivar Amma Dravida Munnetra Kazhagam,184,0,,301014,329849,PALLADAM,GEN,TIRUPPUR,,16,91.26,0.06,yes,21,0.01,3.23,,,0,TRUE,1,,0,,,,0,FALSE,FALSE,FALSE,,,,,,State Assembly Election (AE)
Tamil_Nadu,13,115,2026,5,4,0,14,G.SELVARAJ,,Independent,163,0,,301014,329849,PALLADAM,GEN,TIRUPPUR,,16,91.26,0.05,yes,40,0.01,3.23,,,0,TRUE,1,,0,,,,0,FALSE,FALSE,FALSE,,,,,,State Assembly Election (AE)
Tamil_Nadu,13,115,2026,5,4,0,15,M. SELVARAJ,,Independent,123,0,,301014,329849,PALLADAM,GEN,TIRUPPUR,,16,91.26,0.04,yes,40,0.01,3.23,,,0,TRUE,1,,0,,,,0,FALSE,FALSE,FALSE,,,,,,State Assembly Election (AE)
Tamil_Nadu,13,115,2026,5,4,0,16,A.SARAVANAN,,Independent,83,0,,301014,329849,PALLADAM,GEN,TIRUPPUR,,16,91.26,0.03,yes,83,0.03,3.23,,,0,TRUE,1,,0,,,,0,FALSE,FALSE,FALSE,,,,,,State Assembly Election (AE)
Tamil_Nadu,13,116,2026,5,4,0,1,NM.SUKUMAR,,Tamilaga Vettri Kazhagam,90531,0,,273544,307616,SULUR,GEN,COIMBATORE,,16,88.92,33.1,no,4790,1.75,3.3,,,0,TRUE,1,,0,,,,0,FALSE,FALSE,FALSE,,,,,,State Assembly Election (AE)
Tamil_Nadu,13,116,2026,5,4,0,2,V.P.KANDASAMY,,All India Anna Dravida Munnetra Kazhagam,85741,0,,273544,307616,SULUR,GEN,COIMBATORE,,16,88.92,31.34,no,2087,0.76,3.3,,,0,TRUE,1,,0,,,,0,FALSE,FALSE,FALSE,,,,,,State Assembly Election (AE)
Tamil_Nadu,13,116,2026,5,4,0,3,THALAPATHY MURUGESAN,,Dravida Munnetra Kazhagam,83654,0,,273544,307616,SULUR,GEN,COIMBATORE,,16,88.92,30.58,no,73507,26.87,3.3,,,0,TRUE,1,,0,,,,0,FALSE,FALSE,FALSE,,,,,,State Assembly Election (AE)
Tamil_Nadu,13,116,2026,5,4,0,4,DR.S.RAJASEKARAN,,Naam Tamilar Katchi,10147,0,,273544,307616,SULUR,GEN,COIMBATORE,,16,88.92,3.71,yes,8794,3.21,3.3,,,0,TRUE,1,,0,,,,0,FALSE,FALSE,FALSE,,,,,,State Assembly Election (AE)
Tamil_Nadu,13,116,2026,5,4,0,5,None Of The Above,,None of the Above,1353,0,,273544,307616,SULUR,GEN,COIMBATORE,,16,88.92,0.49,yes,916,0.33,3.3,,,0,TRUE,1,,0,,,,0,FALSE,FALSE,FALSE,,,,,,State Assembly Election (AE)
Tamil_Nadu,13,116,2026,5,4,0,6,MURUGESH.R.,,Independent,437,0,,273544,307616,SULUR,GEN,COIMBATORE,,16,88.92,0.16,yes,154,0.06,3.3,,,0,TRUE,1,,0,,,,0,FALSE,FALSE,FALSE,,,,,,State Assembly Election (AE)
Tamil_Nadu,13,116,2026,5,4,0,7,KANTHASAMY.K.,,Anna Puratchi Thalaivar Amma Dravida Munnetra Kazhagam,283,0,,273544,307616,SULUR,GEN,COIMBATORE,,16,88.92,0.1,yes,12,0.0,3.3,,,0,TRUE,1,,0,,,,0,FALSE,FALSE,FALSE,,,,,,State Assembly Election (AE)
Tamil_Nadu,13,116,2026,5,4,0,8,KANDASAMY.R.,,Independent,271,0,,273544,307616,SULUR,GEN,COIMBATORE,,16,88.92,0.1,yes,55,0.02,3.3,,,0,TRUE,1,,0,,,,0,FALSE,FALSE,FALSE,,,,,,State Assembly Election (AE)
Tamil_Nadu,13,116,2026,5,4,0,9,PAPPA MUTHULAKSHMI.P.,,All India Puratchi Thalaivar Makkal Munnettra Kazhagam,216,0,,273544,307616,SULUR,GEN,COIMBATORE,,16,88.92,0.08,yes,11,0.0,3.3,,,0,TRUE,1,,0,,,,0,FALSE,FALSE,FALSE,,,,,,State Assembly Election (AE)
Tamil_Nadu,13,116,2026,5,4,0,10,SUMAN SINGH.R.,,Tamizhaga Vaazhvurimai Katchi,205,0,,273544,307616,SULUR,GEN,COIMBATORE,,16,88.92,0.07,yes,49,0.02,3.3,,,0,TRUE,1,,0,,,,0,FALSE,FALSE,FALSE,,,,,,State Assembly Election (AE)
Tamil_Nadu,13,116,2026,5,4,0,11,PALANISAMY.M.,,Party for the Rights of Other backward Classes,156,0,,273544,307616,SULUR,GEN,COIMBATORE,,16,88.92,0.06,yes,17,0.01,3.3,,,0,TRUE,1,,0,,,,0,FALSE,FALSE,FALSE,,,,,,State Assembly Election (AE)
Tamil_Nadu,13,116,2026,5,4,0,12,MURUGESAN.N.,,Independent,139,0,,273544,307616,SULUR,GEN,COIMBATORE,,16,88.92,0.05,yes,2,0.0,3.3,,,0,TRUE,1,,0,,,,0,FALSE,FALSE,FALSE,,,,,,State Assembly Election (AE)
Tamil_Nadu,13,116,2026,5,4,0,13,NAGARAJ.K.,,Ganasangam Party of India,137,0,,273544,307616,SULUR,GEN,COIMBATORE,,16,88.92,0.05,yes,28,0.01,3.3,,,0,TRUE,1,,0,,,,0,FALSE,FALSE,FALSE,,,,,,State Assembly Election (AE)
Tamil_Nadu,13,116,2026,5,4,0,14,KANDASAMY.A.,,Independent,109,0,,273544,307616,SULUR,GEN,COIMBATORE,,16,88.92,0.04,yes,19,0.01,3.3,,,0,TRUE,1,,0,,,,0,FALSE,FALSE,FALSE,,,,,,State Assembly Election (AE)
Tamil_Nadu,13,116,2026,5,4,0,15,KANDASAMY.V.,,Independent,90,0,,273544,307616,SULUR,GEN,COIMBATORE,,16,88.92,0.03,yes,15,0.01,3.3,,,0,TRUE,1,,0,,,,0,FALSE,FALSE,FALSE,,,,,,State Assembly Election (AE)
Tamil_Nadu,13,116,2026,5,4,0,16,NELSON.W.,,Tamilaga Makkal Nala Katchi,75,0,,273544,307616,SULUR,GEN,COIMBATORE,,16,88.92,0.03,yes,75,0.03,3.3,,,0,TRUE,1,,0,,,,0,FALSE,FALSE,FALSE,,,,,,State Assembly Election (AE)
Tamil_Nadu,13,117,2026,5,4,0,1,KANIMOZHI SANTHOSH,,Tamilaga Vettri Kazhagam,146466,0,,363991,422138,KAVUNDAMPALAYAM,GEN,COIMBATORE,,15,86.23,40.24,no,42140,11.58,3.24,,,0,TRUE,1,,0,,,,0,FALSE,FALSE,FALSE,,,,,,State Assembly Election (AE)
Tamil_Nadu,13,117,2026,5,4,0,2,ARUNKUMAR PRG,,All India Anna Dravida Munnetra Kazhagam,104326,0,,363991,422138,KAVUNDAMPALAYAM,GEN,COIMBATORE,,15,86.23,28.66,no,13600,3.74,3.24,,,0,TRUE,1,,0,,,,0,FALSE,FALSE,FALSE,,,,,,State Assembly Election (AE)
Tamil_Nadu,13,117,2026,5,4,0,3,SURYA PRAKASH K.P,,Indian National Congress,90726,0,,363991,422138,KAVUNDAMPALAYAM,GEN,COIMBATORE,,15,86.23,24.93,no,73892,20.3,3.24,,,0,TRUE,1,,0,,,,0,FALSE,FALSE,FALSE,,,,,,State Assembly Election (AE)
Tamil_Nadu,13,117,2026,5,4,0,4,KALAMANI JAGANATHAN,,Naam Tamilar Katchi,16834,0,,363991,422138,KAVUNDAMPALAYAM,GEN,COIMBATORE,,15,86.23,4.62,yes,14718,4.04,3.24,,,0,TRUE,1,,0,,,,0,FALSE,FALSE,FALSE,,,,,,State Assembly Election (AE)
Tamil_Nadu,13,117,2026,5,4,0,5,None Of The Above,,None of the Above,2116,0,,363991,422138,KAVUNDAMPALAYAM,GEN,COIMBATORE,,15,86.23,0.58,yes,1549,0.43,3.24,,,0,TRUE,1,,0,,,,0,FALSE,FALSE,FALSE,,,,,,State Assembly Election (AE)
Tamil_Nadu,13,117,2026,5,4,0,6,KANIMOZHI.K,,Independent,567,0,,363991,422138,KAVUNDAMPALAYAM,GEN,COIMBATORE,,15,86.23,0.16,yes,43,0.01,3.24,,,0,TRUE,1,,0,,,,0,FALSE,FALSE,FALSE,,,,,,State Assembly Election (AE)
Tamil_Nadu,13,117,2026,5,4,0,7,K.VELMURUGAN,,Bahujan Samaj Party,524,0,,363991,422138,KAVUNDAMPALAYAM,GEN,COIMBATORE,,15,86.23,0.14,yes,100,0.03,3.24,,,0,TRUE,1,,0,,,,0,FALSE,FALSE,FALSE,,,,,,State Assembly Election (AE)
Tamil_Nadu,13,117,2026,5,4,0,8,THOZHAR.N.ARUNKUMAR,,Tamizhaga Vaazhvurimai Katchi,424,0,,363991,422138,KAVUNDAMPALAYAM,GEN,COIMBATORE,,15,86.23,0.12,yes,68,0.02,3.24,,,0,TRUE,1,,0,,,,0,FALSE,FALSE,FALSE,,,,,,State Assembly Election (AE)
Tamil_Nadu,13,117,2026,5,4,0,9,S.THAMARAI KANNAN,,Party for the Rights of Other backward Classes,356,0,,363991,422138,KAVUNDAMPALAYAM,GEN,COIMBATORE,,15,86.23,0.1,yes,16,0.0,3.24,,,0,TRUE,1,,0,,,,0,FALSE,FALSE,FALSE,,,,,,State Assembly Election (AE)
Tamil_Nadu,13,117,2026,5,4,0,10,A.BALAMURUGAN,,Independent,340,0,,363991,422138,KAVUNDAMPALAYAM,GEN,COIMBATORE,,15,86.23,0.09,yes,2,0.0,3.24,,,0,TRUE,1,,0,,,,0,FALSE,FALSE,FALSE,,,,,,State Assembly Election (AE)
Tamil_Nadu,13,117,2026,5,4,0,11,M.RAJALINGAM,,Independent,338,0,,363991,422138,KAVUNDAMPALAYAM,GEN,COIMBATORE,,15,86.23,0.09,yes,24,0.01,3.24,,,0,TRUE,1,,0,,,,0,FALSE,FALSE,FALSE,,,,,,State Assembly Election (AE)
Tamil_Nadu,13,117,2026,5,4,0,12,MALLIGA.M,,All India Puratchi Thalaivar Makkal Munnettra Kazhagam,314,0,,363991,422138,KAVUNDAMPALAYAM,GEN,COIMBATORE,,15,86.23,0.09,yes,8,0.0,3.24,,,0,TRUE,1,,0,,,,0,FALSE,FALSE,FALSE,,,,,,State Assembly Election (AE)
Tamil_Nadu,13,117,2026,5,4,0,13,M.JOHN BOSCO,,Independent,306,0,,363991,422138,KAVUNDAMPALAYAM,GEN,COIMBATORE,,15,86.23,0.08,yes,71,0.02,3.24,,,0,TRUE,1,,0,,,,0,FALSE,FALSE,FALSE,,,,,,State Assembly Election (AE)
Tamil_Nadu,13,117,2026,5,4,0,14,SURIYAKUMAR.K,,Independent,235,0,,363991,422138,KAVUNDAMPALAYAM,GEN,COIMBATORE,,15,86.23,0.06,yes,116,0.03,3.24,,,0,TRUE,1,,0,,,,0,FALSE,FALSE,FALSE,,,,,,State Assembly Election (AE)
Tamil_Nadu,13,117,2026,5,4,0,15,V.PUSHPANANTHAM,,Tamizhaga Murpokku Makkal Katchi,119,0,,363991,422138,KAVUNDAMPALAYAM,GEN,COIMBATORE,,15,86.23,0.03,yes,119,0.03,3.24,,,0,TRUE,1,,0,,,,0,FALSE,FALSE,FALSE,,,,,,State Assembly Election (AE)
Tamil_Nadu,13,118,2026,5,4,0,1,V. SAMPATHKUMAR,,Tamilaga Vettri Kazhagam,92500,0,,226109,296939,COIMBATORE (NORTH),GEN,COIMBATORE,,29,76.15,40.91,no,21992,9.73,3.18,,,0,TRUE,1,,0,,,,0,FALSE,FALSE,FALSE,,,,,,State Assembly Election (AE)
Tamil_Nadu,13,118,2026,5,4,0,2,DURAI. SENTHAMIL SELVAN B.E,,Dravida Munnetra Kazhagam,70508,0,,226109,296939,COIMBATORE (NORTH),GEN,COIMBATORE,,29,76.15,31.18,no,20786,9.19,3.18,,,0,TRUE,1,,0,,,,0,FALSE,FALSE,FALSE,,,,,,State Assembly Election (AE)
Tamil_Nadu,13,118,2026,5,4,0,3,VANATHI SRINIVASAN,,Bharatiya Janata Party,49722,0,,226109,296939,COIMBATORE (NORTH),GEN,COIMBATORE,,29,76.15,21.99,no,40686,17.99,3.18,,,0,TRUE,1,,0,,,,0,FALSE,FALSE,FALSE,,,,,,State Assembly Election (AE)
Tamil_Nadu,13,118,2026,5,4,0,4,NARMADHA. G.,,Naam Tamilar Katchi,9036,0,,226109,296939,COIMBATORE (NORTH),GEN,COIMBATORE,,29,76.15,4.0,yes,8016,3.55,3.18,,,0,TRUE,1,,0,,,,0,FALSE,FALSE,FALSE,,,,,,State Assembly Election (AE)
Tamil_Nadu,13,118,2026,5,4,0,5,None Of The Above,,None of the Above,1020,0,,226109,296939,COIMBATORE (NORTH),GEN,COIMBATORE,,29,76.15,0.45,yes,637,0.28,3.18,,,0,TRUE,1,,0,,,,0,FALSE,FALSE,FALSE,,,,,,State Assembly Election (AE)
Tamil_Nadu,13,118,2026,5,4,0,6,P. KRISHNASAMY,,Bahujan Samaj Party,383,0,,226109,296939,COIMBATORE (NORTH),GEN,COIMBATORE,,29,76.15,0.17,yes,32,0.01,3.18,,,0,TRUE,1,,0,,,,0,FALSE,FALSE,FALSE,,,,,,State Assembly Election (AE)
Tamil_Nadu,13,118,2026,5,4,0,7,A.K. SENTHAMIZH SELVAN,,Independent,351,0,,226109,296939,COIMBATORE (NORTH),GEN,COIMBATORE,,29,76.15,0.16,yes,24,0.01,3.18,,,0,TRUE,1,,0,,,,0,FALSE,FALSE,FALSE,,,,,,State Assembly Election (AE)
Tamil_Nadu,13,118,2026,5,4,0,8,K. UDHAYAKUMAR,,Thamizhaka Padaippalar Makkal Katchi,327,0,,226109,296939,COIMBATORE (NORTH),GEN,COIMBATORE,,29,76.15,0.14,yes,17,0.01,3.18,,,0,TRUE,1,,0,,,,0,FALSE,FALSE,FALSE,,,,,,State Assembly Election (AE)
Tamil_Nadu,13,118,2026,5,4,0,9,R. SAMPATH KUMAR,,Independent,310,0,,226109,296939,COIMBATORE (NORTH),GEN,COIMBATORE,,29,76.15,0.14,yes,34,0.02,3.18,,,0,TRUE,1,,0,,,,0,FALSE,FALSE,FALSE,,,,,,State Assembly Election (AE)
Tamil_Nadu,13,118,2026,5,4,0,10,BALU. P.M.,,Independent,276,0,,226109,296939,COIMBATORE (NORTH),GEN,COIMBATORE,,29,76.15,0.12,yes,124,0.05,3.18,,,0,TRUE,1,,0,,,,0,FALSE,FALSE,FALSE,,,,,,State Assembly Election (AE)
Tamil_Nadu,13,118,2026,5,4,0,11,PALANIKUMAR. V.,,Independent,152,0,,226109,296939,COIMBATORE (NORTH),GEN,COIMBATORE,,29,76.15,0.07,yes,18,0.01,3.18,,,0,TRUE,1,,0,,,,0,FALSE,FALSE,FALSE,,,,,,State Assembly Election (AE)
Tamil_Nadu,13,118,2026,5,4,0,12,S. SAMPATHKUMAR,,Independent,134,0,,226109,296939,COIMBATORE (NORTH),GEN,COIMBATORE,,29,76.15,0.06,yes,13,0.01,3.18,,,0,TRUE,1,,0,,,,0,FALSE,FALSE,FALSE,,,,,,State Assembly Election (AE)
Tamil_Nadu,13,118,2026,5,4,0,13,S. SENTHILKUMAR,,Samaniya Makkal Nala Katchi,121,0,,226109,296939,COIMBATORE (NORTH),GEN,COIMBATORE,,29,76.15,0.05,yes,0,0.0,3.18,,,0,TRUE,1,,0,,,,0,FALSE,FALSE,FALSE,,,,,,State Assembly Election (AE)
Tamil_Nadu,13,118,2026,5,4,0,14,P. SARAVANAN,,Independent,121,0,,226109,296939,COIMBATORE (NORTH),GEN,COIMBATORE,,29,76.15,0.05,yes,3,0.0,3.18,,,0,TRUE,1,,0,,,,0,FALSE,FALSE,FALSE,,,,,,State Assembly Election (AE)
Tamil_Nadu,13,118,2026,5,4,0,15,V. KRISHNAN,,Independent,118,0,,226109,296939,COIMBATORE (NORTH),GEN,COIMBATORE,,29,76.15,0.05,yes,6,0.0,3.18,,,0,TRUE,1,,0,,,,0,FALSE,FALSE,FALSE,,,,,,State Assembly Election (AE)
Tamil_Nadu,13,118,2026,5,4,0,16,K. RAGHUL GANDHI,,All India Puratchi Thalaivar Makkal Munnettra Kazhagam,112,0,,226109,296939,COIMBATORE (NORTH),GEN,COIMBATORE,,29,76.15,0.05,yes,8,0.0,3.18,,,0,TRUE,1,,0,,,,0,FALSE,FALSE,FALSE,,,,,,State Assembly Election (AE)
Tamil_Nadu,13,118,2026,5,4,0,17,G.D. KRISHNAKUMAR,,Independent,104,0,,226109,296939,COIMBATORE (NORTH),GEN,COIMBATORE,,29,76.15,0.05,yes,8,0.0,3.18,,,0,TRUE,1,,0,,,,0,FALSE,FALSE,FALSE,,,,,,State Assembly Election (AE)
Tamil_Nadu,13,118,2026,5,4,0,18,RAJASEKARAN. B.,,Tamizhaga Vaazhvurimai Katchi,96,0,,226109,296939,COIMBATORE (NORTH),GEN,COIMBATORE,,29,76.15,0.04,yes,1,0.0,3.18,,,0,TRUE,1,,0,,,,0,FALSE,FALSE,FALSE,,,,,,State Assembly Election (AE)
Tamil_Nadu,13,118,2026,5,4,0,19,RAVI. V,,Independent,95,0,,226109,296939,COIMBATORE (NORTH),GEN,COIMBATORE,,29,76.15,0.04,yes,6,0.0,3.18,,,0,TRUE,1,,0,,,,0,FALSE,FALSE,FALSE,,,,,,State Assembly Election (AE)
Tamil_Nadu,13,118,2026,5,4,0,20,R. MANIAN,,Independent,89,0,,226109,296939,COIMBATORE (NORTH),GEN,COIMBATORE,,29,76.15,0.04,yes,2,0.0,3.18,,,0,TRUE,1,,0,,,,0,FALSE,FALSE,FALSE,,,,,,State Assembly Election (AE)
Tamil_Nadu,13,118,2026,5,4,0,21,S. DHANA RAJ,,Independent,87,0,,226109,296939,COIMBATORE (NORTH),GEN,COIMBATORE,,29,76.15,0.04,yes,12,0.01,3.18,,,0,TRUE,1,,0,,,,0,FALSE,FALSE,FALSE,,,,,,State Assembly Election (AE)
Tamil_Nadu,13,118,2026,5,4,0,22,S. MEENAKSHI SUNDARAM,,Tamizhaga Murpokku Makkal Katchi,75,0,,226109,296939,COIMBATORE (NORTH),GEN,COIMBATORE,,29,76.15,0.03,yes,4,0.0,3.18,,,0,TRUE,1,,0,,,,0,FALSE,FALSE,FALSE,,,,,,State Assembly Election (AE)
Tamil_Nadu,13,118,2026,5,4,0,23,K. SAMPATH KUMAR,,Independent,71,0,,226109,296939,COIMBATORE (NORTH),GEN,COIMBATORE,,29,76.15,0.03,yes,6,0.0,3.18,,,0,TRUE,1,,0,,,,0,FALSE,FALSE,FALSE,,,,,,State Assembly Election (AE)
Tamil_Nadu,13,118,2026,5,4,0,24,V. LINGARAJA,,Independent,65,0,,226109,296939,COIMBATORE (NORTH),GEN,COIMBATORE,,29,76.15,0.03,yes,5,0.0,3.18,,,0,TRUE,1,,0,,,,0,FALSE,FALSE,FALSE,,,,,,State Assembly Election (AE)
Tamil_Nadu,13,118,2026,5,4,0,25,R. SETHURAGUNATHAN,,Independent,60,0,,226109,296939,COIMBATORE (NORTH),GEN,COIMBATORE,,29,76.15,0.03,yes,6,0.0,3.18,,,0,TRUE,1,,0,,,,0,FALSE,FALSE,FALSE,,,,,,State Assembly Election (AE)
Tamil_Nadu,13,118,2026,5,4,0,26,R. SATHISH KUMAR,,Independent,54,0,,226109,296939,COIMBATORE (NORTH),GEN,COIMBATORE,,29,76.15,0.02,yes,0,0.0,3.18,,,0,TRUE,1,,0,,,,0,FALSE,FALSE,FALSE,,,,,,State Assembly Election (AE)
Tamil_Nadu,13,118,2026,5,4,0,27,A. MARIMUTHU,,Independent,54,0,,226109,296939,COIMBATORE (NORTH),GEN,COIMBATORE,,29,76.15,0.02,yes,12,0.01,3.18,,,0,TRUE,1,,0,,,,0,FALSE,FALSE,FALSE,,,,,,State Assembly Election (AE)
Tamil_Nadu,13,118,2026,5,4,0,28,G. RAJKUMAR,,Independent,42,0,,226109,296939,COIMBATORE (NORTH),GEN,COIMBATORE,,29,76.15,0.02,yes,16,0.01,3.18,,,0,TRUE,1,,0,,,,0,FALSE,FALSE,FALSE,,,,,,State Assembly Election (AE)
Tamil_Nadu,13,118,2026,5,4,0,29,A. RAMESH,,Independent,26,0,,226109,296939,COIMBATORE (NORTH),GEN,COIMBATORE,,29,76.15,0.01,yes,26,0.01,3.18,,,0,TRUE,1,,0,,,,0,FALSE,FALSE,FALSE,,,,,,State Assembly Election (AE)
Tamil_Nadu,13,119,2026,5,4,0,1,S.P.VELUMANI,,All India Anna Dravida Munnetra Kazhagam,93316,0,,258549,293324,THONDAMUTHUR,GEN,COIMBATORE,,22,88.14,36.09,no,14725,5.7,3.23,,,0,TRUE,1,,0,,,,0,FALSE,FALSE,FALSE,,,,,,State Assembly Election (AE)
Tamil_Nadu,13,119,2026,5,4,0,2,SATHISH RAJU (ALIAS) K.P.R. SATHISH,,Tamilaga Vettri Kazhagam,78591,0,,258549,293324,THONDAMUTHUR,GEN,COIMBATORE,,22,88.14,30.4,no,2674,1.03,3.23,,,0,TRUE,1,,0,,,,0,FALSE,FALSE,FALSE,,,,,,State Assembly Election (AE)
Tamil_Nadu,13,119,2026,5,4,0,3,N.R.KARTHIKEYAN,,Dravida Munnetra Kazhagam,75917,0,,258549,293324,THONDAMUTHUR,GEN,COIMBATORE,,22,88.14,29.36,no,68941,26.66,3.23,,,0,TRUE,1,,0,,,,0,FALSE,FALSE,FALSE,,,,,,State Assembly Election (AE)
Tamil_Nadu,13,119,2026,5,4,0,4,RAJABU NISHA.Z,,Naam Tamilar Katchi,6976,0,,258549,293324,THONDAMUTHUR,GEN,COIMBATORE,,22,88.14,2.7,yes,5976,2.31,3.23,,,0,TRUE,1,,0,,,,0,FALSE,FALSE,FALSE,,,,,,State Assembly Election (AE)
Tamil_Nadu,13,119,2026,5,4,0,5,None Of The Above,,None of the Above,1000,0,,258549,293324,THONDAMUTHUR,GEN,COIMBATORE,,22,88.14,0.39,yes,683,0.26,3.23,,,0,TRUE,1,,0,,,,0,FALSE,FALSE,FALSE,,,,,,State Assembly Election (AE)
Tamil_Nadu,13,119,2026,5,4,0,6,RAFEEQ.A.M.,,Independent,317,0,,258549,293324,THONDAMUTHUR,GEN,COIMBATORE,,22,88.14,0.12,yes,13,0.01,3.23,,,0,TRUE,1,,0,,,,0,FALSE,FALSE,FALSE,,,,,,State Assembly Election (AE)
Tamil_Nadu,13,119,2026,5,4,0,7,BALAMANI.V,,Independent,304,0,,258549,293324,THONDAMUTHUR,GEN,COIMBATORE,,22,88.14,0.12,yes,46,0.02,3.23,,,0,TRUE,1,,0,,,,0,FALSE,FALSE,FALSE,,,,,,State Assembly Election (AE)
Tamil_Nadu,13,119,2026,5,4,0,8,NIRMALKUMAR.R,,Independent,258,0,,258549,293324,THONDAMUTHUR,GEN,COIMBATORE,,22,88.14,0.1,yes,17,0.01,3.23,,,0,TRUE,1,,0,,,,0,FALSE,FALSE,FALSE,,,,,,State Assembly Election (AE)
Tamil_Nadu,13,119,2026,5,4,0,9,KARTHIKEYAN.R-POOLUVAPATTI,,Independent,241,0,,258549,293324,THONDAMUTHUR,GEN,COIMBATORE,,22,88.14,0.09,yes,26,0.01,3.23,,,0,TRUE,1,,0,,,,0,FALSE,FALSE,FALSE,,,,,,State Assembly Election (AE)
Tamil_Nadu,13,119,2026,5,4,0,10,SHAJAHAN.S,,Tamizhaga Vaazhvurimai Katchi,215,0,,258549,293324,THONDAMUTHUR,GEN,COIMBATORE,,22,88.14,0.08,yes,20,0.01,3.23,,,0,TRUE,1,,0,,,,0,FALSE,FALSE,FALSE,,,,,,State Assembly Election (AE)
Tamil_Nadu,13,119,2026,5,4,0,11,DEEPA.G.S,,Independent,195,0,,258549,293324,THONDAMUTHUR,GEN,COIMBATORE,,22,88.14,0.08,yes,10,0.0,3.23,,,0,TRUE,1,,0,,,,0,FALSE,FALSE,FALSE,,,,,,State Assembly Election (AE)
Tamil_Nadu,13,119,2026,5,4,0,12,SIVARAMAN.C,,Independent,185,0,,258549,293324,THONDAMUTHUR,GEN,COIMBATORE,,22,88.14,0.07,yes,2,0.0,3.23,,,0,TRUE,1,,0,,,,0,FALSE,FALSE,FALSE,,,,,,State Assembly Election (AE)
Tamil_Nadu,13,119,2026,5,4,0,13,VIJAYA.K,,Independent,183,0,,258549,293324,THONDAMUTHUR,GEN,COIMBATORE,,22,88.14,0.07,yes,41,0.02,3.23,,,0,TRUE,1,,0,,,,0,FALSE,FALSE,FALSE,,,,,,State Assembly Election (AE)
Tamil_Nadu,13,119,2026,5,4,0,14,MANOKARAN.K,,Independent,142,0,,258549,293324,THONDAMUTHUR,GEN,COIMBATORE,,22,88.14,0.05,yes,17,0.01,3.23,,,0,TRUE,1,,0,,,,0,FALSE,FALSE,FALSE,,,,,,State Assembly Election (AE)
Tamil_Nadu,13,119,2026,5,4,0,15,KALAIVANI.S,,Independent,125,0,,258549,293324,THONDAMUTHUR,GEN,COIMBATORE,,22,88.14,0.05,yes,17,0.01,3.23,,,0,TRUE,1,,0,,,,0,FALSE,FALSE,FALSE,,,,,,State Assembly Election (AE)
Tamil_Nadu,13,119,2026,5,4,0,16,KARTHIKEYAN.R-THONDAMUTHUR,,Independent,108,0,,258549,293324,THONDAMUTHUR,GEN,COIMBATORE,,22,88.14,0.04,yes,4,0.0,3.23,,,0,TRUE,1,,0,,,,0,FALSE,FALSE,FALSE,,,,,,State Assembly Election (AE)
Tamil_Nadu,13,119,2026,5,4,0,17,ARULKUMAR.P,,Independent,104,0,,258549,293324,THONDAMUTHUR,GEN,COIMBATORE,,22,88.14,0.04,yes,5,0.0,3.23,,,0,TRUE,1,,0,,,,0,FALSE,FALSE,FALSE,,,,,,State Assembly Election (AE)
Tamil_Nadu,13,119,2026,5,4,0,18,DEVADASS.K,,Independent,99,0,,258549,293324,THONDAMUTHUR,GEN,COIMBATORE,,22,88.14,0.04,yes,9,0.0,3.23,,,0,TRUE,1,,0,,,,0,FALSE,FALSE,FALSE,,,,,,State Assembly Election (AE)
Tamil_Nadu,13,119,2026,5,4,0,19,KARTHIKEYAN.M,,Independent,90,0,,258549,293324,THONDAMUTHUR,GEN,COIMBATORE,,22,88.14,0.03,yes,13,0.01,3.23,,,0,TRUE,1,,0,,,,0,FALSE,FALSE,FALSE,,,,,,State Assembly Election (AE)
Tamil_Nadu,13,119,2026,5,4,0,20,KOWSALYA.V,,Independent,77,0,,258549,293324,THONDAMUTHUR,GEN,COIMBATORE,,22,88.14,0.03,yes,23,0.01,3.23,,,0,TRUE,1,,0,,,,0,FALSE,FALSE,FALSE,,,,,,State Assembly Election (AE)
Tamil_Nadu,13,119,2026,5,4,0,21,KARTHIKEYAN.R,,Independent,54,0,,258549,293324,THONDAMUTHUR,GEN,COIMBATORE,,22,88.14,0.02,yes,2,0.0,3.23,,,0,TRUE,1,,0,,,,0,FALSE,FALSE,FALSE,,,,,,State Assembly Election (AE)
Tamil_Nadu,13,119,2026,5,4,0,22,VISWANATHAN.M,,Independent,52,0,,258549,293324,THONDAMUTHUR,GEN,COIMBATORE,,22,88.14,0.02,yes,52,0.02,3.23,,,0,TRUE,1,,0,,,,0,FALSE,FALSE,FALSE,,,,,,State Assembly Election (AE)
Tamil_Nadu,13,120,2026,5,4,0,1,V SENTHILBALAJI,,Dravida Munnetra Kazhagam,59724,0,,156499,188878,COIMBATORE (SOUTH),GEN,COIMBATORE,,32,82.86,38.16,no,2271,1.45,3.1,,,0,TRUE,1,,0,,,,0,FALSE,FALSE,FALSE,,,,,,State Assembly Election (AE)
Tamil_Nadu,13,120,2026,5,4,0,2,V. SENTHILKUMAR,,Tamilaga Vettri Kazhagam,57453,0,,156499,188878,COIMBATORE (SOUTH),GEN,COIMBATORE,,32,82.86,36.71,no,25764,16.46,3.1,,,0,TRUE,1,,0,,,,0,FALSE,FALSE,FALSE,,,,,,State Assembly Election (AE)
Tamil_Nadu,13,120,2026,5,4,0,3,AMMAN K.ARJUNAN,,All India Anna Dravida Munnetra Kazhagam,31689,0,,156499,188878,COIMBATORE (SOUTH),GEN,COIMBATORE,,32,82.86,20.25,no,26627,17.01,3.1,,,0,TRUE,1,,0,,,,0,FALSE,FALSE,FALSE,,,,,,State Assembly Election (AE)
Tamil_Nadu,13,120,2026,5,4,0,4,PERARIVALAN. V,,Naam Tamilar Katchi,5062,0,,156499,188878,COIMBATORE (SOUTH),GEN,COIMBATORE,,32,82.86,3.23,yes,4303,2.75,3.1,,,0,TRUE,1,,0,,,,0,FALSE,FALSE,FALSE,,,,,,State Assembly Election (AE)
Tamil_Nadu,13,120,2026,5,4,0,5,None Of The Above,,None of the Above,759,0,,156499,188878,COIMBATORE (SOUTH),GEN,COIMBATORE,,32,82.86,0.48,yes,589,0.38,3.1,,,0,TRUE,1,,0,,,,0,FALSE,FALSE,FALSE,,,,,,State Assembly Election (AE)
Tamil_Nadu,13,120,2026,5,4,0,6,J. PRAVEENKUMAR,,Independent,170,0,,156499,188878,COIMBATORE (SOUTH),GEN,COIMBATORE,,32,82.86,0.11,yes,12,0.01,3.1,,,0,TRUE,1,,0,,,,0,FALSE,FALSE,FALSE,,,,,,State Assembly Election (AE)
Tamil_Nadu,13,120,2026,5,4,0,7,GOKULA KRISHNAN.S,,Tamizhaga Vaazhvurimai Katchi,158,0,,156499,188878,COIMBATORE (SOUTH),GEN,COIMBATORE,,32,82.86,0.1,yes,0,0.0,3.1,,,0,TRUE,1,,0,,,,0,FALSE,FALSE,FALSE,,,,,,State Assembly Election (AE)
Tamil_Nadu,13,120,2026,5,4,0,8,M. SENTHILKUMAR,,Independent,158,0,,156499,188878,COIMBATORE (SOUTH),GEN,COIMBATORE,,32,82.86,0.1,yes,1,0.0,3.1,,,0,TRUE,1,,0,,,,0,FALSE,FALSE,FALSE,,,,,,State Assembly Election (AE)
Tamil_Nadu,13,120,2026,5,4,0,9,B. DHANDAPANI,,New Generation People's Party,157,0,,156499,188878,COIMBATORE (SOUTH),GEN,COIMBATORE,,32,82.86,0.1,yes,3,0.0,3.1,,,0,TRUE,1,,0,,,,0,FALSE,FALSE,FALSE,,,,,,State Assembly Election (AE)
Tamil_Nadu,13,120,2026,5,4,0,10,P. PALANIVEL,,Independent,154,0,,156499,188878,COIMBATORE (SOUTH),GEN,COIMBATORE,,32,82.86,0.1,yes,37,0.02,3.1,,,0,TRUE,1,,0,,,,0,FALSE,FALSE,FALSE,,,,,,State Assembly Election (AE)
Tamil_Nadu,13,120,2026,5,4,0,11,K. DINESH KUMAR,,Independent,117,0,,156499,188878,COIMBATORE (SOUTH),GEN,COIMBATORE,,32,82.86,0.07,yes,12,0.01,3.1,,,0,TRUE,1,,0,,,,0,FALSE,FALSE,FALSE,,,,,,State Assembly Election (AE)
Tamil_Nadu,13,120,2026,5,4,0,12,B. YUVARAJ,,Independent,105,0,,156499,188878,COIMBATORE (SOUTH),GEN,COIMBATORE,,32,82.86,0.07,yes,13,0.01,3.1,,,0,TRUE,1,,0,,,,0,FALSE,FALSE,FALSE,,,,,,State Assembly Election (AE)
Tamil_Nadu,13,120,2026,5,4,0,13,V. SENTHILKUMAR,,Independent,92,0,,156499,188878,COIMBATORE (SOUTH),GEN,COIMBATORE,,32,82.86,0.06,yes,25,0.02,3.1,,,0,TRUE,1,,0,,,,0,FALSE,FALSE,FALSE,,,,,,State Assembly Election (AE)
Tamil_Nadu,13,120,2026,5,4,0,14,S. RANGARAJ,,Independent,67,0,,156499,188878,COIMBATORE (SOUTH),GEN,COIMBATORE,,32,82.86,0.04,yes,2,0.0,3.1,,,0,TRUE,1,,0,,,,0,FALSE,FALSE,FALSE,,,,,,State Assembly Election (AE)
Tamil_Nadu,13,120,2026,5,4,0,15,IMTHIYAS,,Independent,65,0,,156499,188878,COIMBATORE (SOUTH),GEN,COIMBATORE,,32,82.86,0.04,yes,17,0.01,3.1,,,0,TRUE,1,,0,,,,0,FALSE,FALSE,FALSE,,,,,,State Assembly Election (AE)
Tamil_Nadu,13,120,2026,5,4,0,16,V. VELMURUGAN,,Independent,48,0,,156499,188878,COIMBATORE (SOUTH),GEN,COIMBATORE,,32,82.86,0.03,yes,5,0.0,3.1,,,0,TRUE,1,,0,,,,0,FALSE,FALSE,FALSE,,,,,,State Assembly Election (AE)
Tamil_Nadu,13,120,2026,5,4,0,17,VENKATACHALAM PARAMASIVAM,,Independent,43,0,,156499,188878,COIMBATORE (SOUTH),GEN,COIMBATORE,,32,82.86,0.03,yes,3,0.0,3.1,,,0,TRUE,1,,0,,,,0,FALSE,FALSE,FALSE,,,,,,State Assembly Election (AE)
Tamil_Nadu,13,120,2026,5,4,0,18,T. MAGIZHAN,,Independent,40,0,,156499,188878,COIMBATORE (SOUTH),GEN,COIMBATORE,,32,82.86,0.03,yes,0,0.0,3.1,,,0,TRUE,1,,0,,,,0,FALSE,FALSE,FALSE,,,,,,State Assembly Election (AE)
Tamil_Nadu,13,120,2026,5,4,0,19,K. RAJAPANDIAN,,Independent,40,0,,156499,188878,COIMBATORE (SOUTH),GEN,COIMBATORE,,32,82.86,0.03,yes,2,0.0,3.1,,,0,TRUE,1,,0,,,,0,FALSE,FALSE,FALSE,,,,,,State Assembly Election (AE)
Tamil_Nadu,13,120,2026,5,4,0,20,L. HAKKIM,,Independent,38,0,,156499,188878,COIMBATORE (SOUTH),GEN,COIMBATORE,,32,82.86,0.02,yes,1,0.0,3.1,,,0,TRUE,1,,0,,,,0,FALSE,FALSE,FALSE,,,,,,State Assembly Election (AE)
Tamil_Nadu,13,120,2026,5,4,0,21,J. SURIYAKUMAR,,Independent,37,0,,156499,188878,COIMBATORE (SOUTH),GEN,COIMBATORE,,32,82.86,0.02,yes,1,0.0,3.1,,,0,TRUE,1,,0,,,,0,FALSE,FALSE,FALSE,,,,,,State Assembly Election (AE)
Tamil_Nadu,13,120,2026,5,4,0,22,G. MAHESHWARAN,,Tamizhaga Murpokku Makkal Katchi,36,0,,156499,188878,COIMBATORE (SOUTH),GEN,COIMBATORE,,32,82.86,0.02,yes,0,0.0,3.1,,,0,TRUE,1,,0,,,,0,FALSE,FALSE,FALSE,,,,,,State Assembly Election (AE)
Tamil_Nadu,13,120,2026,5,4,0,23,P. SANGARARAJ,,Independent,36,0,,156499,188878,COIMBATORE (SOUTH),GEN,COIMBATORE,,32,82.86,0.02,yes,3,0.0,3.1,,,0,TRUE,1,,0,,,,0,FALSE,FALSE,FALSE,,,,,,State Assembly Election (AE)
Tamil_Nadu,13,120,2026,5,4,0,24,M. JOHN BOSCO,,Independent,33,0,,156499,188878,COIMBATORE (SOUTH),GEN,COIMBATORE,,32,82.86,0.02,yes,1,0.0,3.1,,,0,TRUE,1,,0,,,,0,FALSE,FALSE,FALSE,,,,,,State Assembly Election (AE)
Tamil_Nadu,13,120,2026,5,4,0,25,D. VIGNESHWARAN,,Independent,32,0,,156499,188878,COIMBATORE (SOUTH),GEN,COIMBATORE,,32,82.86,0.02,yes,0,0.0,3.1,,,0,TRUE,1,,0,,,,0,FALSE,FALSE,FALSE,,,,,,State Assembly Election (AE)
Tamil_Nadu,13,120,2026,5,4,0,26,K. VIJAYAN,,Independent,32,0,,156499,188878,COIMBATORE (SOUTH),GEN,COIMBATORE,,32,82.86,0.02,yes,1,0.0,3.1,,,0,TRUE,1,,0,,,,0,FALSE,FALSE,FALSE,,,,,,State Assembly Election (AE)
Tamil_Nadu,13,120,2026,5,4,0,27,N. ABILAZAN,,Independent,31,0,,156499,188878,COIMBATORE (SOUTH),GEN,COIMBATORE,,32,82.86,0.02,yes,3,0.0,3.1,,,0,TRUE,1,,0,,,,0,FALSE,FALSE,FALSE,,,,,,State Assembly Election (AE)
Tamil_Nadu,13,120,2026,5,4,0,28,P. MANOJ,,Independent,28,0,,156499,188878,COIMBATORE (SOUTH),GEN,COIMBATORE,,32,82.86,0.02,yes,1,0.0,3.1,,,0,TRUE,1,,0,,,,0,FALSE,FALSE,FALSE,,,,,,State Assembly Election (AE)
Tamil_Nadu,13,120,2026,5,4,0,29,K.S. RAJAGOPAL,,Independent,27,0,,156499,188878,COIMBATORE (SOUTH),GEN,COIMBATORE,,32,82.86,0.02,yes,3,0.0,3.1,,,0,TRUE,1,,0,,,,0,FALSE,FALSE,FALSE,,,,,,State Assembly Election (AE)
Tamil_Nadu,13,120,2026,5,4,0,30,GOPALAKRISHNAN,,Independent,24,0,,156499,188878,COIMBATORE (SOUTH),GEN,COIMBATORE,,32,82.86,0.02,yes,1,0.0,3.1,,,0,TRUE,1,,0,,,,0,FALSE,FALSE,FALSE,,,,,,State Assembly Election (AE)
Tamil_Nadu,13,120,2026,5,4,0,31,P. KATHIRAVAN,,Independent,23,0,,156499,188878,COIMBATORE (SOUTH),GEN,COIMBATORE,,32,82.86,0.01,yes,2,0.0,3.1,,,0,TRUE,1,,0,,,,0,FALSE,FALSE,FALSE,,,,,,State Assembly Election (AE)
Tamil_Nadu,13,120,2026,5,4,0,32,M. RAVICHANDRAN,,Independent,21,0,,156499,188878,COIMBATORE (SOUTH),GEN,COIMBATORE,,32,82.86,0.01,yes,21,0.01,3.1,,,0,TRUE,1,,0,,,,0,FALSE,FALSE,FALSE,,,,,,State Assembly Election (AE)
Tamil_Nadu,13,121,2026,5,4,0,1,K.S.SRI GIRI PRASATH,,Tamilaga Vettri Kazhagam,84163,0,,221033,269941,SINGANALLUR,GEN,COIMBATORE,,29,81.88,38.08,no,19139,8.66,3.32,,,0,TRUE,1,,0,,,,0,FALSE,FALSE,FALSE,,,,,,State Assembly Election (AE)
Tamil_Nadu,13,121,2026,5,4,0,2,V.SRINIDHI,,Indian National Congress,65024,0,,221033,269941,SINGANALLUR,GEN,COIMBATORE,,29,81.88,29.42,no,7241,3.28,3.32,,,0,TRUE,1,,0,,,,0,FALSE,FALSE,FALSE,,,,,,State Assembly Election (AE)
Tamil_Nadu,13,121,2026,5,4,0,3,K.R.JAYARAM,,All India Anna Dravida Munnetra Kazhagam,57783,0,,221033,269941,SINGANALLUR,GEN,COIMBATORE,,29,81.88,26.14,no,48580,21.98,3.32,,,0,TRUE,1,,0,,,,0,FALSE,FALSE,FALSE,,,,,,State Assembly Election (AE)
Tamil_Nadu,13,121,2026,5,4,0,4,NEHRUJI GUNASEKARAN,,Naam Tamilar Katchi,9203,0,,221033,269941,SINGANALLUR,GEN,COIMBATORE,,29,81.88,4.16,yes,7857,3.55,3.32,,,0,TRUE,1,,0,,,,0,FALSE,FALSE,FALSE,,,,,,State Assembly Election (AE)
Tamil_Nadu,13,121,2026,5,4,0,5,None Of The Above,,None of the Above,1346,0,,221033,269941,SINGANALLUR,GEN,COIMBATORE,,29,81.88,0.61,yes,918,0.42,3.32,,,0,TRUE,1,,0,,,,0,FALSE,FALSE,FALSE,,,,,,State Assembly Election (AE)
Tamil_Nadu,13,121,2026,5,4,0,6,SIVAJI PERUMAL,,Bahujan Samaj Party,428,0,,221033,269941,SINGANALLUR,GEN,COIMBATORE,,29,81.88,0.19,yes,110,0.05,3.32,,,0,TRUE,1,,0,,,,0,FALSE,FALSE,FALSE,,,,,,State Assembly Election (AE)
Tamil_Nadu,13,121,2026,5,4,0,7,N.R.APPATHURAI,,All India Puratchi Thalaivar Makkal Munnettra Kazhagam,318,0,,221033,269941,SINGANALLUR,GEN,COIMBATORE,,29,81.88,0.14,yes,40,0.02,3.32,,,0,TRUE,1,,0,,,,0,FALSE,FALSE,FALSE,,,,,,State Assembly Election (AE)
Tamil_Nadu,13,121,2026,5,4,0,8,THAHIR HUSSAIN,,Independent,278,0,,221033,269941,SINGANALLUR,GEN,COIMBATORE,,29,81.88,0.13,yes,23,0.01,3.32,,,0,TRUE,1,,0,,,,0,FALSE,FALSE,FALSE,,,,,,State Assembly Election (AE)
Tamil_Nadu,13,121,2026,5,4,0,9,AKBAR ALI,,Independent,255,0,,221033,269941,SINGANALLUR,GEN,COIMBATORE,,29,81.88,0.12,yes,27,0.01,3.32,,,0,TRUE,1,,0,,,,0,FALSE,FALSE,FALSE,,,,,,State Assembly Election (AE)
Tamil_Nadu,13,121,2026,5,4,0,10,MURUGAN.O,,Ganasangam Party of India,228,0,,221033,269941,SINGANALLUR,GEN,COIMBATORE,,29,81.88,0.1,yes,27,0.01,3.32,,,0,TRUE,1,,0,,,,0,FALSE,FALSE,FALSE,,,,,,State Assembly Election (AE)
Tamil_Nadu,13,121,2026,5,4,0,11,S.S.SUNDHARAM,,Rashtriya Samaj Dal (R),201,0,,221033,269941,SINGANALLUR,GEN,COIMBATORE,,29,81.88,0.09,yes,27,0.01,3.32,,,0,TRUE,1,,0,,,,0,FALSE,FALSE,FALSE,,,,,,State Assembly Election (AE)
Tamil_Nadu,13,121,2026,5,4,0,12,P.TAMILSELVI,,Independent,174,0,,221033,269941,SINGANALLUR,GEN,COIMBATORE,,29,81.88,0.08,yes,6,0.0,3.32,,,0,TRUE,1,,0,,,,0,FALSE,FALSE,FALSE,,,,,,State Assembly Election (AE)
Tamil_Nadu,13,121,2026,5,4,0,13,JANANI.D,,Independent,168,0,,221033,269941,SINGANALLUR,GEN,COIMBATORE,,29,81.88,0.08,yes,8,0.0,3.32,,,0,TRUE,1,,0,,,,0,FALSE,FALSE,FALSE,,,,,,State Assembly Election (AE)
Tamil_Nadu,13,121,2026,5,4,0,14,S.SATHEESH,,Independent,160,0,,221033,269941,SINGANALLUR,GEN,COIMBATORE,,29,81.88,0.07,yes,9,0.0,3.32,,,0,TRUE,1,,0,,,,0,FALSE,FALSE,FALSE,,,,,,State Assembly Election (AE)
Tamil_Nadu,13,121,2026,5,4,0,15,SARVESWARAN,,Party for the Rights of Other backward Classes,151,0,,221033,269941,SINGANALLUR,GEN,COIMBATORE,,29,81.88,0.07,yes,21,0.01,3.32,,,0,TRUE,1,,0,,,,0,FALSE,FALSE,FALSE,,,,,,State Assembly Election (AE)
Tamil_Nadu,13,121,2026,5,4,0,16,N.RAJASEKARAN,,Independent,130,0,,221033,269941,SINGANALLUR,GEN,COIMBATORE,,29,81.88,0.06,yes,3,0.0,3.32,,,0,TRUE,1,,0,,,,0,FALSE,FALSE,FALSE,,,,,,State Assembly Election (AE)
Tamil_Nadu,13,121,2026,5,4,0,17,K.KUMAR BABU,,Independent,127,0,,221033,269941,SINGANALLUR,GEN,COIMBATORE,,29,81.88,0.06,yes,12,0.01,3.32,,,0,TRUE,1,,0,,,,0,FALSE,FALSE,FALSE,,,,,,State Assembly Election (AE)
Tamil_Nadu,13,121,2026,5,4,0,18,UMA PARAMASIVAM,,Independent,115,0,,221033,269941,SINGANALLUR,GEN,COIMBATORE,,29,81.88,0.05,yes,4,0.0,3.32,,,0,TRUE,1,,0,,,,0,FALSE,FALSE,FALSE,,,,,,State Assembly Election (AE)
Tamil_Nadu,13,121,2026,5,4,0,19,RAJKUMAR.M,,Independent,111,0,,221033,269941,SINGANALLUR,GEN,COIMBATORE,,29,81.88,0.05,yes,9,0.0,3.32,,,0,TRUE,1,,0,,,,0,FALSE,FALSE,FALSE,,,,,,State Assembly Election (AE)
Tamil_Nadu,13,121,2026,5,4,0,20,SUBARAMANIAN.N,,Independent,102,0,,221033,269941,SINGANALLUR,GEN,COIMBATORE,,29,81.88,0.05,yes,11,0.0,3.32,,,0,TRUE,1,,0,,,,0,FALSE,FALSE,FALSE,,,,,,State Assembly Election (AE)
Tamil_Nadu,13,121,2026,5,4,0,21,V.BALAMURUGAN,,Independent,91,0,,221033,269941,SINGANALLUR,GEN,COIMBATORE,,29,81.88,0.04,yes,9,0.0,3.32,,,0,TRUE,1,,0,,,,0,FALSE,FALSE,FALSE,,,,,,State Assembly Election (AE)
Tamil_Nadu,13,121,2026,5,4,0,22,M.ASHOK KUMAR,,Independent,82,0,,221033,269941,SINGANALLUR,GEN,COIMBATORE,,29,81.88,0.04,yes,16,0.01,3.32,,,0,TRUE,1,,0,,,,0,FALSE,FALSE,FALSE,,,,,,State Assembly Election (AE)
Tamil_Nadu,13,121,2026,5,4,0,23,VIJAYAKUMAR,,Independent,66,0,,221033,269941,SINGANALLUR,GEN,COIMBATORE,,29,81.88,0.03,yes,1,0.0,3.32,,,0,TRUE,1,,0,,,,0,FALSE,FALSE,FALSE,,,,,,State Assembly Election (AE)
Tamil_Nadu,13,121,2026,5,4,0,24,DR.K.RAJKUMAR,,Independent,65,0,,221033,269941,SINGANALLUR,GEN,COIMBATORE,,29,81.88,0.03,yes,6,0.0,3.32,,,0,TRUE,1,,0,,,,0,FALSE,FALSE,FALSE,,,,,,State Assembly Election (AE)
Tamil_Nadu,13,121,2026,5,4,0,25,VASANTHI,,Independent,59,0,,221033,269941,SINGANALLUR,GEN,COIMBATORE,,29,81.88,0.03,yes,5,0.0,3.32,,,0,TRUE,1,,0,,,,0,FALSE,FALSE,FALSE,,,,,,State Assembly Election (AE)
Tamil_Nadu,13,121,2026,5,4,0,26,KARTHIK,,Independent,54,0,,221033,269941,SINGANALLUR,GEN,COIMBATORE,,29,81.88,0.02,yes,1,0.0,3.32,,,0,TRUE,1,,0,,,,0,FALSE,FALSE,FALSE,,,,,,State Assembly Election (AE)
Tamil_Nadu,13,121,2026,5,4,0,27,R.MANIKANDABRABHU,,Independent,53,0,,221033,269941,SINGANALLUR,GEN,COIMBATORE,,29,81.88,0.02,yes,3,0.0,3.32,,,0,TRUE,1,,0,,,,0,FALSE,FALSE,FALSE,,,,,,State Assembly Election (AE)
Tamil_Nadu,13,121,2026,5,4,0,28,AYOOB RIYAS,,Independent,50,0,,221033,269941,SINGANALLUR,GEN,COIMBATORE,,29,81.88,0.02,yes,2,0.0,3.32,,,0,TRUE,1,,0,,,,0,FALSE,FALSE,FALSE,,,,,,State Assembly Election (AE)
Tamil_Nadu,13,121,2026,5,4,0,29,A.MOUNAKUMAR,,Independent,48,0,,221033,269941,SINGANALLUR,GEN,COIMBATORE,,29,81.88,0.02,yes,48,0.02,3.32,,,0,TRUE,1,,0,,,,0,FALSE,FALSE,FALSE,,,,,,State Assembly Election (AE)
Tamil_Nadu,13,122,2026,5,4,0,1,VIGNESH K,,Tamilaga Vettri Kazhagam,99950,0,,267917,305878,KINATHUKADAVU,GEN,COIMBATORE,,6,87.59,37.31,no,11710,4.37,3.19,,,0,TRUE,1,,0,,,,0,FALSE,FALSE,FALSE,,,,,,State Assembly Election (AE)
Tamil_Nadu,13,122,2026,5,4,0,2,SABARI KARTHIKEYAN K.V.K.S,,Dravida Munnetra Kazhagam,88240,0,,267917,305878,KINATHUKADAVU,GEN,COIMBATORE,,6,87.59,32.94,no,20451,7.63,3.19,,,0,TRUE,1,,0,,,,0,FALSE,FALSE,FALSE,,,,,,State Assembly Election (AE)
Tamil_Nadu,13,122,2026,5,4,0,3,DAMODARAN S,,All India Anna Dravida Munnetra Kazhagam,67789,0,,267917,305878,KINATHUKADAVU,GEN,COIMBATORE,,6,87.59,25.3,no,58122,21.69,3.19,,,0,TRUE,1,,0,,,,0,FALSE,FALSE,FALSE,,,,,,State Assembly Election (AE)
Tamil_Nadu,13,122,2026,5,4,0,4,BANUPRIYA M,,Naam Tamilar Katchi,9667,0,,267917,305878,KINATHUKADAVU,GEN,COIMBATORE,,6,87.59,3.61,yes,7950,2.97,3.19,,,0,TRUE,1,,0,,,,0,FALSE,FALSE,FALSE,,,,,,State Assembly Election (AE)
Tamil_Nadu,13,122,2026,5,4,0,5,None Of The Above,,None of the Above,1717,0,,267917,305878,KINATHUKADAVU,GEN,COIMBATORE,,6,87.59,0.64,yes,1163,0.43,3.19,,,0,TRUE,1,,0,,,,0,FALSE,FALSE,FALSE,,,,,,State Assembly Election (AE)
Tamil_Nadu,13,122,2026,5,4,0,6,MARIYAPPAN R,,Ganasangam Party of India,554,0,,267917,305878,KINATHUKADAVU,GEN,COIMBATORE,,6,87.59,0.21,yes,554,0.21,3.19,,,0,TRUE,1,,0,,,,0,FALSE,FALSE,FALSE,,,,,,State Assembly Election (AE)
Tamil_Nadu,13,123,2026,5,4,0,1,K. NITHYANANDHAN,,Dravida Munnetra Kazhagam,62013,0,,181196,203971,POLLACHI,GEN,COIMBATORE,,14,88.83,34.22,no,4627,2.55,3.26,,,0,TRUE,1,,0,,,,0,FALSE,FALSE,FALSE,,,,,,State Assembly Election (AE)
Tamil_Nadu,13,123,2026,5,4,0,2,POLLACHI V. JAYARAMAN,,All India Anna Dravida Munnetra Kazhagam,57386,0,,181196,203971,POLLACHI,GEN,COIMBATORE,,14,88.83,31.67,no,3567,1.97,3.26,,,0,TRUE,1,,0,,,,0,FALSE,FALSE,FALSE,,,,,,State Assembly Election (AE)
Tamil_Nadu,13,123,2026,5,4,0,3,G. RAMANATHAN,,Tamilaga Vettri Kazhagam,53819,0,,181196,203971,POLLACHI,GEN,COIMBATORE,,14,88.83,29.7,no,48953,27.02,3.26,,,0,TRUE,1,,0,,,,0,FALSE,FALSE,FALSE,,,,,,State Assembly Election (AE)
Tamil_Nadu,13,123,2026,5,4,0,4,N. SENTHIL KUMAR,,Naam Tamilar Katchi,4866,0,,181196,203971,POLLACHI,GEN,COIMBATORE,,14,88.83,2.69,yes,4017,2.22,3.26,,,0,TRUE,1,,0,,,,0,FALSE,FALSE,FALSE,,,,,,State Assembly Election (AE)
Tamil_Nadu,13,123,2026,5,4,0,5,None Of The Above,,None of the Above,849,0,,181196,203971,POLLACHI,GEN,COIMBATORE,,14,88.83,0.47,yes,253,0.14,3.26,,,0,TRUE,1,,0,,,,0,FALSE,FALSE,FALSE,,,,,,State Assembly Election (AE)
Tamil_Nadu,13,123,2026,5,4,0,6,M. JAYARAM,,Independent,596,0,,181196,203971,POLLACHI,GEN,COIMBATORE,,14,88.83,0.33,yes,267,0.15,3.26,,,0,TRUE,1,,0,,,,0,FALSE,FALSE,FALSE,,,,,,State Assembly Election (AE)
Tamil_Nadu,13,123,2026,5,4,0,7,C.M. ARUCHAMY,,Bahujan Samaj Party,329,0,,181196,203971,POLLACHI,GEN,COIMBATORE,,14,88.83,0.18,yes,6,0.0,3.26,,,0,TRUE,1,,0,,,,0,FALSE,FALSE,FALSE,,,,,,State Assembly Election (AE)
Tamil_Nadu,13,123,2026,5,4,0,8,S. JEYARAM,,Independent,323,0,,181196,203971,POLLACHI,GEN,COIMBATORE,,14,88.83,0.18,yes,54,0.03,3.26,,,0,TRUE,1,,0,,,,0,FALSE,FALSE,FALSE,,,,,,State Assembly Election (AE)
Tamil_Nadu,13,123,2026,5,4,0,9,M. JAYARAMAN,,Independent,269,0,,181196,203971,POLLACHI,GEN,COIMBATORE,,14,88.83,0.15,yes,42,0.02,3.26,,,0,TRUE,1,,0,,,,0,FALSE,FALSE,FALSE,,,,,,State Assembly Election (AE)
Tamil_Nadu,13,123,2026,5,4,0,10,M. JAYAPRATHAP,,Independent,227,0,,181196,203971,POLLACHI,GEN,COIMBATORE,,14,88.83,0.13,yes,35,0.02,3.26,,,0,TRUE,1,,0,,,,0,FALSE,FALSE,FALSE,,,,,,State Assembly Election (AE)
Tamil_Nadu,13,123,2026,5,4,0,11,V. KARTHIKEYAN,,Independent,192,0,,181196,203971,POLLACHI,GEN,COIMBATORE,,14,88.83,0.11,yes,66,0.04,3.26,,,0,TRUE,1,,0,,,,0,FALSE,FALSE,FALSE,,,,,,State Assembly Election (AE)
Tamil_Nadu,13,123,2026,5,4,0,12,T. NITHYANANTHAM,,Independent,126,0,,181196,203971,POLLACHI,GEN,COIMBATORE,,14,88.83,0.07,yes,12,0.01,3.26,,,0,TRUE,1,,0,,,,0,FALSE,FALSE,FALSE,,,,,,State Assembly Election (AE)
Tamil_Nadu,13,123,2026,5,4,0,13,K. NITHYANANDAN,,Independent,114,0,,181196,203971,POLLACHI,GEN,COIMBATORE,,14,88.83,0.06,yes,27,0.01,3.26,,,0,TRUE,1,,0,,,,0,FALSE,FALSE,FALSE,,,,,,State Assembly Election (AE)
Tamil_Nadu,13,123,2026,5,4,0,14,P. NAGARAJ,,Independent,87,0,,181196,203971,POLLACHI,GEN,COIMBATORE,,14,88.83,0.05,yes,87,0.05,3.26,,,0,TRUE,1,,0,,,,0,FALSE,FALSE,FALSE,,,,,,State Assembly Election (AE)
Tamil_Nadu,13,124,2026,5,4,0,1,KUTTY (ALIAS) SUDHAKAR. A,,Dravida Munnetra Kazhagam,54671,0,,150431,173608,VALPARAI,SC,COIMBATORE,,7,86.65,36.34,no,9371,6.23,3.24,,,0,TRUE,1,,0,,,,0,FALSE,FALSE,FALSE,,,,,,State Assembly Election (AE)
Tamil_Nadu,13,124,2026,5,4,0,2,DR. SRIDHARAN. A,,Tamilaga Vettri Kazhagam,45300,0,,150431,173608,VALPARAI,SC,COIMBATORE,,7,86.65,30.11,no,1572,1.04,3.24,,,0,TRUE,1,,0,,,,0,FALSE,FALSE,FALSE,,,,,,State Assembly Election (AE)
Tamil_Nadu,13,124,2026,5,4,0,3,LEKSHMANA SINGH. D,,All India Anna Dravida Munnetra Kazhagam,43728,0,,150431,173608,VALPARAI,SC,COIMBATORE,,7,86.65,29.07,no,38472,25.57,3.24,,,0,TRUE,1,,0,,,,0,FALSE,FALSE,FALSE,,,,,,State Assembly Election (AE)
Tamil_Nadu,13,124,2026,5,4,0,4,UMADEVI. P,,Naam Tamilar Katchi,5256,0,,150431,173608,VALPARAI,SC,COIMBATORE,,7,86.65,3.49,yes,4581,3.05,3.24,,,0,TRUE,1,,0,,,,0,FALSE,FALSE,FALSE,,,,,,State Assembly Election (AE)
Tamil_Nadu,13,124,2026,5,4,0,5,None Of The Above,,None of the Above,675,0,,150431,173608,VALPARAI,SC,COIMBATORE,,7,86.65,0.45,yes,196,0.13,3.24,,,0,TRUE,1,,0,,,,0,FALSE,FALSE,FALSE,,,,,,State Assembly Election (AE)
Tamil_Nadu,13,124,2026,5,4,0,6,PERUMAL. K,,Independent,479,0,,150431,173608,VALPARAI,SC,COIMBATORE,,7,86.65,0.32,yes,157,0.1,3.24,,,0,TRUE,1,,0,,,,0,FALSE,FALSE,FALSE,,,,,,State Assembly Election (AE)
Tamil_Nadu,13,124,2026,5,4,0,7,LAKSHMI. N,,Independent,322,0,,150431,173608,VALPARAI,SC,COIMBATORE,,7,86.65,0.21,yes,322,0.21,3.24,,,0,TRUE,1,,0,,,,0,FALSE,FALSE,FALSE,,,,,,State Assembly Election (AE)
Tamil_Nadu,13,125,2026,5,4,0,1,JAYAKUMAR M.,,Dravida Munnetra Kazhagam,68549,0,,203575,230976,UDUMALAIPETTAI,GEN,TIRUPPUR,,12,88.14,33.67,no,2882,1.42,3.28,,,0,TRUE,1,,0,,,,0,FALSE,FALSE,FALSE,,,,,,State Assembly Election (AE)
Tamil_Nadu,13,125,2026,5,4,0,2,RADHAKRISHNAN K.,,All India Anna Dravida Munnetra Kazhagam,65667,0,,203575,230976,UDUMALAIPETTAI,GEN,TIRUPPUR,,12,88.14,32.26,no,5836,2.87,3.28,,,0,TRUE,1,,0,,,,0,FALSE,FALSE,FALSE,,,,,,State Assembly Election (AE)
Tamil_Nadu,13,125,2026,5,4,0,3,SANKAR K.,,Tamilaga Vettri Kazhagam,59831,0,,203575,230976,UDUMALAIPETTAI,GEN,TIRUPPUR,,12,88.14,29.39,no,53129,26.1,3.28,,,0,TRUE,1,,0,,,,0,FALSE,FALSE,FALSE,,,,,,State Assembly Election (AE)
Tamil_Nadu,13,125,2026,5,4,0,4,RAM KUMAR M.,,Naam Tamilar Katchi,6702,0,,203575,230976,UDUMALAIPETTAI,GEN,TIRUPPUR,,12,88.14,3.29,yes,5553,2.73,3.28,,,0,TRUE,1,,0,,,,0,FALSE,FALSE,FALSE,,,,,,State Assembly Election (AE)
Tamil_Nadu,13,125,2026,5,4,0,5,None Of The Above,,None of the Above,1149,0,,203575,230976,UDUMALAIPETTAI,GEN,TIRUPPUR,,12,88.14,0.56,yes,679,0.33,3.28,,,0,TRUE,1,,0,,,,0,FALSE,FALSE,FALSE,,,,,,State Assembly Election (AE)
Tamil_Nadu,13,125,2026,5,4,0,6,PADMENDRAPRAKASH A.,,Independent,470,0,,203575,230976,UDUMALAIPETTAI,GEN,TIRUPPUR,,12,88.14,0.23,yes,148,0.07,3.28,,,0,TRUE,1,,0,,,,0,FALSE,FALSE,FALSE,,,,,,State Assembly Election (AE)
Tamil_Nadu,13,125,2026,5,4,0,7,MAHENDRAN A.,,Independent,322,0,,203575,230976,UDUMALAIPETTAI,GEN,TIRUPPUR,,12,88.14,0.16,yes,7,0.0,3.28,,,0,TRUE,1,,0,,,,0,FALSE,FALSE,FALSE,,,,,,State Assembly Election (AE)
Tamil_Nadu,13,125,2026,5,4,0,8,UMAR ALI D.,,Independent,315,0,,203575,230976,UDUMALAIPETTAI,GEN,TIRUPPUR,,12,88.14,0.15,yes,88,0.04,3.28,,,0,TRUE,1,,0,,,,0,FALSE,FALSE,FALSE,,,,,,State Assembly Election (AE)
Tamil_Nadu,13,125,2026,5,4,0,9,RAMASAMY S.,,Independent,227,0,,203575,230976,UDUMALAIPETTAI,GEN,TIRUPPUR,,12,88.14,0.11,yes,92,0.05,3.28,,,0,TRUE,1,,0,,,,0,FALSE,FALSE,FALSE,,,,,,State Assembly Election (AE)
Tamil_Nadu,13,125,2026,5,4,0,10,KALIMUTHU S.,,Independent,135,0,,203575,230976,UDUMALAIPETTAI,GEN,TIRUPPUR,,12,88.14,0.07,yes,11,0.01,3.28,,,0,TRUE,1,,0,,,,0,FALSE,FALSE,FALSE,,,,,,State Assembly Election (AE)
Tamil_Nadu,13,125,2026,5,4,0,11,GANESH S.,,Independent,124,0,,203575,230976,UDUMALAIPETTAI,GEN,TIRUPPUR,,12,88.14,0.06,yes,40,0.02,3.28,,,0,TRUE,1,,0,,,,0,FALSE,FALSE,FALSE,,,,,,State Assembly Election (AE)
Tamil_Nadu,13,125,2026,5,4,0,12,ELSY C.,,Independent,84,0,,203575,230976,UDUMALAIPETTAI,GEN,TIRUPPUR,,12,88.14,0.04,yes,84,0.04,3.28,,,0,TRUE,1,,0,,,,0,FALSE,FALSE,FALSE,,,,,,State Assembly Election (AE)
Tamil_Nadu,13,126,2026,5,4,0,1,R JAYARAMAKRISHNAN,,Dravida Munnetra Kazhagam,70458,0,,188249,214809,MADATHUKULAM,GEN,TIRUPPUR,,14,87.64,37.43,no,15968,8.48,3.3,,,0,TRUE,1,,0,,,,0,FALSE,FALSE,FALSE,,,,,,State Assembly Election (AE)
Tamil_Nadu,13,126,2026,5,4,0,2,C SHANMUGAVELU,,Amma Makkal Munnettra Kazagam,54490,0,,188249,214809,MADATHUKULAM,GEN,TIRUPPUR,,14,87.64,28.95,no,1806,0.96,3.3,,,0,TRUE,1,,0,,,,0,FALSE,FALSE,FALSE,,,,,,State Assembly Election (AE)
Tamil_Nadu,13,126,2026,5,4,0,3,R THIRUMALAI,,Tamilaga Vettri Kazhagam,52684,0,,188249,214809,MADATHUKULAM,GEN,TIRUPPUR,,14,87.64,27.99,no,46106,24.49,3.3,,,0,TRUE,1,,0,,,,0,FALSE,FALSE,FALSE,,,,,,State Assembly Election (AE)
Tamil_Nadu,13,126,2026,5,4,0,4,M RADHAMANI,,Naam Tamilar Katchi,6578,0,,188249,214809,MADATHUKULAM,GEN,TIRUPPUR,,14,87.64,3.49,yes,5667,3.01,3.3,,,0,TRUE,1,,0,,,,0,FALSE,FALSE,FALSE,,,,,,State Assembly Election (AE)
Tamil_Nadu,13,126,2026,5,4,0,5,None Of The Above,,None of the Above,911,0,,188249,214809,MADATHUKULAM,GEN,TIRUPPUR,,14,87.64,0.48,yes,247,0.13,3.3,,,0,TRUE,1,,0,,,,0,FALSE,FALSE,FALSE,,,,,,State Assembly Election (AE)
Tamil_Nadu,13,126,2026,5,4,0,6,K VADIVAZHAGAN BALAJI,,Independent,664,0,,188249,214809,MADATHUKULAM,GEN,TIRUPPUR,,14,87.64,0.35,yes,43,0.02,3.3,,,0,TRUE,1,,0,,,,0,FALSE,FALSE,FALSE,,,,,,State Assembly Election (AE)
Tamil_Nadu,13,126,2026,5,4,0,7,AK SENTHILKUMAR,,Puthiya Tamilagam,621,0,,188249,214809,MADATHUKULAM,GEN,TIRUPPUR,,14,87.64,0.33,yes,157,0.08,3.3,,,0,TRUE,1,,0,,,,0,FALSE,FALSE,FALSE,,,,,,State Assembly Election (AE)
Tamil_Nadu,13,126,2026,5,4,0,8,SP MAHENDRAN,,Independent,464,0,,188249,214809,MADATHUKULAM,GEN,TIRUPPUR,,14,87.64,0.25,yes,67,0.04,3.3,,,0,TRUE,1,,0,,,,0,FALSE,FALSE,FALSE,,,,,,State Assembly Election (AE)
Tamil_Nadu,13,126,2026,5,4,0,9,M SHANUGAVEL,,Independent,397,0,,188249,214809,MADATHUKULAM,GEN,TIRUPPUR,,14,87.64,0.21,yes,96,0.05,3.3,,,0,TRUE,1,,0,,,,0,FALSE,FALSE,FALSE,,,,,,State Assembly Election (AE)
Tamil_Nadu,13,126,2026,5,4,0,10,S SHANMUGAVEL,,Independent,301,0,,188249,214809,MADATHUKULAM,GEN,TIRUPPUR,,14,87.64,0.16,yes,38,0.02,3.3,,,0,TRUE,1,,0,,,,0,FALSE,FALSE,FALSE,,,,,,State Assembly Election (AE)
Tamil_Nadu,13,126,2026,5,4,0,11,P THANGARAJ,,Independent,263,0,,188249,214809,MADATHUKULAM,GEN,TIRUPPUR,,14,87.64,0.14,yes,57,0.03,3.3,,,0,TRUE,1,,0,,,,0,FALSE,FALSE,FALSE,,,,,,State Assembly Election (AE)
Tamil_Nadu,13,126,2026,5,4,0,12,M AHAMED ALI,,Independent,206,0,,188249,214809,MADATHUKULAM,GEN,TIRUPPUR,,14,87.64,0.11,yes,86,0.05,3.3,,,0,TRUE,1,,0,,,,0,FALSE,FALSE,FALSE,,,,,,State Assembly Election (AE)
Tamil_Nadu,13,126,2026,5,4,0,13,A SHANMUGAVEL,,Independent,120,0,,188249,214809,MADATHUKULAM,GEN,TIRUPPUR,,14,87.64,0.06,yes,28,0.01,3.3,,,0,TRUE,1,,0,,,,0,FALSE,FALSE,FALSE,,,,,,State Assembly Election (AE)
Tamil_Nadu,13,126,2026,5,4,0,14,K SHANMUGAVEL,,Independent,92,0,,188249,214809,MADATHUKULAM,GEN,TIRUPPUR,,14,87.64,0.05,yes,92,0.05,3.3,,,0,TRUE,1,,0,,,,0,FALSE,FALSE,FALSE,,,,,,State Assembly Election (AE)
Tamil_Nadu,13,127,2026,5,4,0,1,RAVIMANOHARAN. K,,All India Anna Dravida Munnetra Kazhagam,66986,0,,208619,239795,PALANI,GEN,DINDIGUL,,16,87.0,32.11,no,693,0.33,3.29,,,0,TRUE,1,,0,,,,0,FALSE,FALSE,FALSE,,,,,,State Assembly Election (AE)
Tamil_Nadu,13,127,2026,5,4,0,2,DR. PRAVEEN KUMAR. M,,Tamilaga Vettri Kazhagam,66293,0,,208619,239795,PALANI,GEN,DINDIGUL,,16,87.0,31.78,no,759,0.36,3.29,,,0,TRUE,1,,0,,,,0,FALSE,FALSE,FALSE,,,,,,State Assembly Election (AE)
Tamil_Nadu,13,127,2026,5,4,0,3,PANDI. N,,Communist Party of India (Marxist),65534,0,,208619,239795,PALANI,GEN,DINDIGUL,,16,87.0,31.41,no,59234,28.39,3.29,,,0,TRUE,1,,0,,,,0,FALSE,FALSE,FALSE,,,,,,State Assembly Election (AE)
Tamil_Nadu,13,127,2026,5,4,0,4,MURUGESWARI. B,,Naam Tamilar Katchi,6300,0,,208619,239795,PALANI,GEN,DINDIGUL,,16,87.0,3.02,yes,5550,2.66,3.29,,,0,TRUE,1,,0,,,,0,FALSE,FALSE,FALSE,,,,,,State Assembly Election (AE)
Tamil_Nadu,13,127,2026,5,4,0,5,None Of The Above,,None of the Above,750,0,,208619,239795,PALANI,GEN,DINDIGUL,,16,87.0,0.36,yes,165,0.08,3.29,,,0,TRUE,1,,0,,,,0,FALSE,FALSE,FALSE,,,,,,State Assembly Election (AE)
Tamil_Nadu,13,127,2026,5,4,0,6,NACHIMUTHU. S,,Bahujan Samaj Party,585,0,,208619,239795,PALANI,GEN,DINDIGUL,,16,87.0,0.28,yes,65,0.03,3.29,,,0,TRUE,1,,0,,,,0,FALSE,FALSE,FALSE,,,,,,State Assembly Election (AE)
Tamil_Nadu,13,127,2026,5,4,0,7,JAYAKUMAR. T,,Independent,520,0,,208619,239795,PALANI,GEN,DINDIGUL,,16,87.0,0.25,yes,237,0.11,3.29,,,0,TRUE,1,,0,,,,0,FALSE,FALSE,FALSE,,,,,,State Assembly Election (AE)
Tamil_Nadu,13,127,2026,5,4,0,8,PRAVEENKUMAR. R,,Independent,283,0,,208619,239795,PALANI,GEN,DINDIGUL,,16,87.0,0.14,yes,10,0.0,3.29,,,0,TRUE,1,,0,,,,0,FALSE,FALSE,FALSE,,,,,,State Assembly Election (AE)
Tamil_Nadu,13,127,2026,5,4,0,9,RAMAMOORTHI. G,,Rashtriya Samaj Dal (R),273,0,,208619,239795,PALANI,GEN,DINDIGUL,,16,87.0,0.13,yes,19,0.01,3.29,,,0,TRUE,1,,0,,,,0,FALSE,FALSE,FALSE,,,,,,State Assembly Election (AE)
Tamil_Nadu,13,127,2026,5,4,0,10,ASHOKKUMAR. G,,Independent,254,0,,208619,239795,PALANI,GEN,DINDIGUL,,16,87.0,0.12,yes,40,0.02,3.29,,,0,TRUE,1,,0,,,,0,FALSE,FALSE,FALSE,,,,,,State Assembly Election (AE)
Tamil_Nadu,13,127,2026,5,4,0,11,BALACHANDRAN. M,,Independent,214,0,,208619,239795,PALANI,GEN,DINDIGUL,,16,87.0,0.1,yes,36,0.02,3.29,,,0,TRUE,1,,0,,,,0,FALSE,FALSE,FALSE,,,,,,State Assembly Election (AE)
Tamil_Nadu,13,127,2026,5,4,0,12,MADHESWARI. R,,Independent,178,0,,208619,239795,PALANI,GEN,DINDIGUL,,16,87.0,0.09,yes,27,0.01,3.29,,,0,TRUE,1,,0,,,,0,FALSE,FALSE,FALSE,,,,,,State Assembly Election (AE)
Tamil_Nadu,13,127,2026,5,4,0,13,VAYKKALDURAI. K,,Puthiya Tamilagam,151,0,,208619,239795,PALANI,GEN,DINDIGUL,,16,87.0,0.07,yes,15,0.01,3.29,,,0,TRUE,1,,0,,,,0,FALSE,FALSE,FALSE,,,,,,State Assembly Election (AE)
Tamil_Nadu,13,127,2026,5,4,0,14,THANNASIAPPAN. P,,Independent,136,0,,208619,239795,PALANI,GEN,DINDIGUL,,16,87.0,0.07,yes,44,0.02,3.29,,,0,TRUE,1,,0,,,,0,FALSE,FALSE,FALSE,,,,,,State Assembly Election (AE)
Tamil_Nadu,13,127,2026,5,4,0,15,THIRUMALAISAMY. B,,Independent,92,0,,208619,239795,PALANI,GEN,DINDIGUL,,16,87.0,0.04,yes,22,0.01,3.29,,,0,TRUE,1,,0,,,,0,FALSE,FALSE,FALSE,,,,,,State Assembly Election (AE)
Tamil_Nadu,13,127,2026,5,4,0,16,ANBARASU. R,,Independent,70,0,,208619,239795,PALANI,GEN,DINDIGUL,,16,87.0,0.03,yes,70,0.03,3.29,,,0,TRUE,1,,0,,,,0,FALSE,FALSE,FALSE,,,,,,State Assembly Election (AE)
Tamil_Nadu,13,128,2026,5,4,0,1,SAKKARAPANI. R,,Dravida Munnetra Kazhagam,93099,0,,201624,220238,ODDANCHATRAM,GEN,DINDIGUL,,15,91.55,46.17,no,43249,21.45,2.99,,,0,TRUE,1,,0,,,,0,FALSE,FALSE,FALSE,,,,,,State Assembly Election (AE)
Tamil_Nadu,13,128,2026,5,4,0,2,VIDIYAL S. SEKAR,,Bharatiya Janata Party,49850,0,,201624,220238,ODDANCHATRAM,GEN,DINDIGUL,,15,91.55,24.72,no,695,0.34,2.99,,,0,TRUE,1,,0,,,,0,FALSE,FALSE,FALSE,,,,,,State Assembly Election (AE)
Tamil_Nadu,13,128,2026,5,4,0,3,MOHAN. S,,Tamilaga Vettri Kazhagam,49155,0,,201624,220238,ODDANCHATRAM,GEN,DINDIGUL,,15,91.55,24.38,no,43701,21.67,2.99,,,0,TRUE,1,,0,,,,0,FALSE,FALSE,FALSE,,,,,,State Assembly Election (AE)
Tamil_Nadu,13,128,2026,5,4,0,4,RAGUPATHI. P,,Naam Tamilar Katchi,5454,0,,201624,220238,ODDANCHATRAM,GEN,DINDIGUL,,15,91.55,2.71,yes,3963,1.97,2.99,,,0,TRUE,1,,0,,,,0,FALSE,FALSE,FALSE,,,,,,State Assembly Election (AE)
Tamil_Nadu,13,128,2026,5,4,0,5,None Of The Above,,None of the Above,1491,0,,201624,220238,ODDANCHATRAM,GEN,DINDIGUL,,15,91.55,0.74,yes,845,0.42,2.99,,,0,TRUE,1,,0,,,,0,FALSE,FALSE,FALSE,,,,,,State Assembly Election (AE)
Tamil_Nadu,13,128,2026,5,4,0,6,PRABAHARAN. M,,Independent,646,0,,201624,220238,ODDANCHATRAM,GEN,DINDIGUL,,15,91.55,0.32,yes,130,0.06,2.99,,,0,TRUE,1,,0,,,,0,FALSE,FALSE,FALSE,,,,,,State Assembly Election (AE)
Tamil_Nadu,13,128,2026,5,4,0,7,MURUGARAJ. P,,Bahujan Samaj Party,516,0,,201624,220238,ODDANCHATRAM,GEN,DINDIGUL,,15,91.55,0.26,yes,215,0.11,2.99,,,0,TRUE,1,,0,,,,0,FALSE,FALSE,FALSE,,,,,,State Assembly Election (AE)
Tamil_Nadu,13,128,2026,5,4,0,8,ALAGIYANNAN. A,,Independent,301,0,,201624,220238,ODDANCHATRAM,GEN,DINDIGUL,,15,91.55,0.15,yes,61,0.03,2.99,,,0,TRUE,1,,0,,,,0,FALSE,FALSE,FALSE,,,,,,State Assembly Election (AE)
Tamil_Nadu,13,128,2026,5,4,0,9,NAGUL PRAKASH. A,,Independent,240,0,,201624,220238,ODDANCHATRAM,GEN,DINDIGUL,,15,91.55,0.12,yes,24,0.01,2.99,,,0,TRUE,1,,0,,,,0,FALSE,FALSE,FALSE,,,,,,State Assembly Election (AE)
Tamil_Nadu,13,128,2026,5,4,0,10,RAGHUNATH. K,,Independent,216,0,,201624,220238,ODDANCHATRAM,GEN,DINDIGUL,,15,91.55,0.11,yes,24,0.01,2.99,,,0,TRUE,1,,0,,,,0,FALSE,FALSE,FALSE,,,,,,State Assembly Election (AE)
Tamil_Nadu,13,128,2026,5,4,0,11,MANIKANNAN. A,,Independent,192,0,,201624,220238,ODDANCHATRAM,GEN,DINDIGUL,,15,91.55,0.1,yes,17,0.01,2.99,,,0,TRUE,1,,0,,,,0,FALSE,FALSE,FALSE,,,,,,State Assembly Election (AE)
Tamil_Nadu,13,128,2026,5,4,0,12,KUMARRATHINAM. M,,Independent,175,0,,201624,220238,ODDANCHATRAM,GEN,DINDIGUL,,15,91.55,0.09,yes,74,0.04,2.99,,,0,TRUE,1,,0,,,,0,FALSE,FALSE,FALSE,,,,,,State Assembly Election (AE)
Tamil_Nadu,13,128,2026,5,4,0,13,CHELLAMUTHU. K,,Independent,101,0,,201624,220238,ODDANCHATRAM,GEN,DINDIGUL,,15,91.55,0.05,yes,2,0.0,2.99,,,0,TRUE,1,,0,,,,0,FALSE,FALSE,FALSE,,,,,,State Assembly Election (AE)
Tamil_Nadu,13,128,2026,5,4,0,14,ANANTHRAJ. T,,Independent,99,0,,201624,220238,ODDANCHATRAM,GEN,DINDIGUL,,15,91.55,0.05,yes,10,0.0,2.99,,,0,TRUE,1,,0,,,,0,FALSE,FALSE,FALSE,,,,,,State Assembly Election (AE)
Tamil_Nadu,13,128,2026,5,4,0,15,ARUMUGAM. M,,Independent,89,0,,201624,220238,ODDANCHATRAM,GEN,DINDIGUL,,15,91.55,0.04,yes,89,0.04,2.99,,,0,TRUE,1,,0,,,,0,FALSE,FALSE,FALSE,,,,,,State Assembly Election (AE)
Tamil_Nadu,13,129,2026,5,4,0,1,I. PERIASAMY,,Dravida Munnetra Kazhagam,106240,0,,237183,261843,ATHOOR,GEN,DINDIGUL,,16,90.58,44.79,no,22368,9.43,2.89,,,0,TRUE,1,,0,,,,0,FALSE,FALSE,FALSE,,,,,,State Assembly Election (AE)
Tamil_Nadu,13,129,2026,5,4,0,2,N. KALAISELVI,,Tamilaga Vettri Kazhagam,83872,0,,237183,261843,ATHOOR,GEN,DINDIGUL,,16,90.58,35.36,no,51395,21.67,2.89,,,0,TRUE,1,,0,,,,0,FALSE,FALSE,FALSE,,,,,,State Assembly Election (AE)
Tamil_Nadu,13,129,2026,5,4,0,3,A. VISWANATHAN,,All India Anna Dravida Munnetra Kazhagam,32477,0,,237183,261843,ATHOOR,GEN,DINDIGUL,,16,90.58,13.69,yes,22531,9.5,2.89,,,0,TRUE,1,,0,,,,0,FALSE,FALSE,FALSE,,,,,,State Assembly Election (AE)
Tamil_Nadu,13,129,2026,5,4,0,4,DR. A. SIMON JUSTIN,,Naam Tamilar Katchi,9946,0,,237183,261843,ATHOOR,GEN,DINDIGUL,,16,90.58,4.19,yes,9134,3.85,2.89,,,0,TRUE,1,,0,,,,0,FALSE,FALSE,FALSE,,,,,,State Assembly Election (AE)
Tamil_Nadu,13,129,2026,5,4,0,5,None Of The Above,,None of the Above,812,0,,237183,261843,ATHOOR,GEN,DINDIGUL,,16,90.58,0.34,yes,92,0.04,2.89,,,0,TRUE,1,,0,,,,0,FALSE,FALSE,FALSE,,,,,,State Assembly Election (AE)
Tamil_Nadu,13,129,2026,5,4,0,6,D. SANKAR,,Naadaalum Makkal Katchi,720,0,,237183,261843,ATHOOR,GEN,DINDIGUL,,16,90.58,0.3,yes,144,0.06,2.89,,,0,TRUE,1,,0,,,,0,FALSE,FALSE,FALSE,,,,,,State Assembly Election (AE)
Tamil_Nadu,13,129,2026,5,4,0,7,M.K. NAGENDRAN,,Aanaithinthiya Jananayaka Pathukappu Kazhagam,576,0,,237183,261843,ATHOOR,GEN,DINDIGUL,,16,90.58,0.24,yes,38,0.02,2.89,,,0,TRUE,1,,0,,,,0,FALSE,FALSE,FALSE,,,,,,State Assembly Election (AE)
Tamil_Nadu,13,129,2026,5,4,0,8,K. VISVANATHAN,,Independent,538,0,,237183,261843,ATHOOR,GEN,DINDIGUL,,16,90.58,0.23,yes,7,0.0,2.89,,,0,TRUE,1,,0,,,,0,FALSE,FALSE,FALSE,,,,,,State Assembly Election (AE)
Tamil_Nadu,13,129,2026,5,4,0,9,S. KARTHIGAISELVAN,,Bahujan Samaj Party,531,0,,237183,261843,ATHOOR,GEN,DINDIGUL,,16,90.58,0.22,yes,178,0.08,2.89,,,0,TRUE,1,,0,,,,0,FALSE,FALSE,FALSE,,,,,,State Assembly Election (AE)
Tamil_Nadu,13,129,2026,5,4,0,10,P. MANIVEL,,Independent,353,0,,237183,261843,ATHOOR,GEN,DINDIGUL,,16,90.58,0.15,yes,117,0.05,2.89,,,0,TRUE,1,,0,,,,0,FALSE,FALSE,FALSE,,,,,,State Assembly Election (AE)
Tamil_Nadu,13,129,2026,5,4,0,11,M. PERIYASAMY,,Independent,236,0,,237183,261843,ATHOOR,GEN,DINDIGUL,,16,90.58,0.1,yes,6,0.0,2.89,,,0,TRUE,1,,0,,,,0,FALSE,FALSE,FALSE,,,,,,State Assembly Election (AE)
Tamil_Nadu,13,129,2026,5,4,0,12,K. JAYAPRAKASH,,Puthiya Tamilagam,230,0,,237183,261843,ATHOOR,GEN,DINDIGUL,,16,90.58,0.1,yes,30,0.01,2.89,,,0,TRUE,1,,0,,,,0,FALSE,FALSE,FALSE,,,,,,State Assembly Election (AE)
Tamil_Nadu,13,129,2026,5,4,0,13,K. KATHIRESAN,,Independent,200,0,,237183,261843,ATHOOR,GEN,DINDIGUL,,16,90.58,0.08,yes,17,0.01,2.89,,,0,TRUE,1,,0,,,,0,FALSE,FALSE,FALSE,,,,,,State Assembly Election (AE)
Tamil_Nadu,13,129,2026,5,4,0,14,S. BALA MURUGAN,,Tamizhaga Vaazhvurimai Katchi,183,0,,237183,261843,ATHOOR,GEN,DINDIGUL,,16,90.58,0.08,yes,28,0.01,2.89,,,0,TRUE,1,,0,,,,0,FALSE,FALSE,FALSE,,,,,,State Assembly Election (AE)
Tamil_Nadu,13,129,2026,5,4,0,15,D. NAGARAJ,,Independent,155,0,,237183,261843,ATHOOR,GEN,DINDIGUL,,16,90.58,0.07,yes,41,0.02,2.89,,,0,TRUE,1,,0,,,,0,FALSE,FALSE,FALSE,,,,,,State Assembly Election (AE)
Tamil_Nadu,13,129,2026,5,4,0,16,K. VELMURUGAN,,Independent,114,0,,237183,261843,ATHOOR,GEN,DINDIGUL,,16,90.58,0.05,yes,114,0.05,2.89,,,0,TRUE,1,,0,,,,0,FALSE,FALSE,FALSE,,,,,,State Assembly Election (AE)
Tamil_Nadu,13,130,2026,5,4,0,1,AYYANAR.R,,Tamilaga Vettri Kazhagam,68580,0,,197593,221094,NILAKKOTTAI,SC,DINDIGUL,,16,89.37,34.71,no,2925,1.48,3.37,,,0,TRUE,1,,0,,,,0,FALSE,FALSE,FALSE,,,,,,State Assembly Election (AE)
Tamil_Nadu,13,130,2026,5,4,0,2,NAGAJOTHI.S,,Dravida Munnetra Kazhagam,65655,0,,197593,221094,NILAKKOTTAI,SC,DINDIGUL,,16,89.37,33.23,no,15731,7.96,3.37,,,0,TRUE,1,,0,,,,0,FALSE,FALSE,FALSE,,,,,,State Assembly Election (AE)
Tamil_Nadu,13,130,2026,5,4,0,3,THENMOZHI.S,,All India Anna Dravida Munnetra Kazhagam,49924,0,,197593,221094,NILAKKOTTAI,SC,DINDIGUL,,16,89.37,25.27,no,41309,20.91,3.37,,,0,TRUE,1,,0,,,,0,FALSE,FALSE,FALSE,,,,,,State Assembly Election (AE)
Tamil_Nadu,13,130,2026,5,4,0,4,DR.KAILAI RAJAN.D,,Naam Tamilar Katchi,8615,0,,197593,221094,NILAKKOTTAI,SC,DINDIGUL,,16,89.37,4.36,yes,7852,3.97,3.37,,,0,TRUE,1,,0,,,,0,FALSE,FALSE,FALSE,,,,,,State Assembly Election (AE)
Tamil_Nadu,13,130,2026,5,4,0,5,SELVAM.P B.A. B.L.,,Republican Party of India (A),763,0,,197593,221094,NILAKKOTTAI,SC,DINDIGUL,,16,89.37,0.39,yes,121,0.06,3.37,,,0,TRUE,1,,0,,,,0,FALSE,FALSE,FALSE,,,,,,State Assembly Election (AE)
Tamil_Nadu,13,130,2026,5,4,0,6,None Of The Above,,None of the Above,642,0,,197593,221094,NILAKKOTTAI,SC,DINDIGUL,,16,89.37,0.32,yes,127,0.06,3.37,,,0,TRUE,1,,0,,,,0,FALSE,FALSE,FALSE,,,,,,State Assembly Election (AE)
Tamil_Nadu,13,130,2026,5,4,0,7,MANIKANDAN.P,,Independent,515,0,,197593,221094,NILAKKOTTAI,SC,DINDIGUL,,16,89.37,0.26,yes,10,0.01,3.37,,,0,TRUE,1,,0,,,,0,FALSE,FALSE,FALSE,,,,,,State Assembly Election (AE)
Tamil_Nadu,13,130,2026,5,4,0,8,RAJALAKSHMI.M,,Bahujan Samaj Party,505,0,,197593,221094,NILAKKOTTAI,SC,DINDIGUL,,16,89.37,0.26,yes,64,0.03,3.37,,,0,TRUE,1,,0,,,,0,FALSE,FALSE,FALSE,,,,,,State Assembly Election (AE)
Tamil_Nadu,13,130,2026,5,4,0,9,SANKAR.P,,Puthiya Tamilagam,441,0,,197593,221094,NILAKKOTTAI,SC,DINDIGUL,,16,89.37,0.22,yes,26,0.01,3.37,,,0,TRUE,1,,0,,,,0,FALSE,FALSE,FALSE,,,,,,State Assembly Election (AE)
Tamil_Nadu,13,130,2026,5,4,0,10,VIJAYAPANDIYAN.M,,Independent,415,0,,197593,221094,NILAKKOTTAI,SC,DINDIGUL,,16,89.37,0.21,yes,16,0.01,3.37,,,0,TRUE,1,,0,,,,0,FALSE,FALSE,FALSE,,,,,,State Assembly Election (AE)
Tamil_Nadu,13,130,2026,5,4,0,11,ANBALAGAN.G,,All India Puratchi Thalaivar Makkal Munnettra Kazhagam,399,0,,197593,221094,NILAKKOTTAI,SC,DINDIGUL,,16,89.37,0.2,yes,50,0.03,3.37,,,0,TRUE,1,,0,,,,0,FALSE,FALSE,FALSE,,,,,,State Assembly Election (AE)
Tamil_Nadu,13,130,2026,5,4,0,12,MANOHARAN.M,,Independent,349,0,,197593,221094,NILAKKOTTAI,SC,DINDIGUL,,16,89.37,0.18,yes,18,0.01,3.37,,,0,TRUE,1,,0,,,,0,FALSE,FALSE,FALSE,,,,,,State Assembly Election (AE)
Tamil_Nadu,13,130,2026,5,4,0,13,ALAPPAN.A,,Independent,331,0,,197593,221094,NILAKKOTTAI,SC,DINDIGUL,,16,89.37,0.17,yes,93,0.05,3.37,,,0,TRUE,1,,0,,,,0,FALSE,FALSE,FALSE,,,,,,State Assembly Election (AE)
Tamil_Nadu,13,130,2026,5,4,0,14,PERUMAL.N,,Independent,238,0,,197593,221094,NILAKKOTTAI,SC,DINDIGUL,,16,89.37,0.12,yes,76,0.04,3.37,,,0,TRUE,1,,0,,,,0,FALSE,FALSE,FALSE,,,,,,State Assembly Election (AE)
Tamil_Nadu,13,130,2026,5,4,0,15,CHELLAM.K,,Independent,162,0,,197593,221094,NILAKKOTTAI,SC,DINDIGUL,,16,89.37,0.08,yes,103,0.05,3.37,,,0,TRUE,1,,0,,,,0,FALSE,FALSE,FALSE,,,,,,State Assembly Election (AE)
Tamil_Nadu,13,130,2026,5,4,0,16,KARUPPAIAH.S,,Independent,59,0,,197593,221094,NILAKKOTTAI,SC,DINDIGUL,,16,89.37,0.03,yes,59,0.03,3.37,,,0,TRUE,1,,0,,,,0,FALSE,FALSE,FALSE,,,,,,State Assembly Election (AE)
Tamil_Nadu,13,131,2026,5,4,0,1,NATHAM VISWANATHAN R,,All India Anna Dravida Munnetra Kazhagam,85708,0,,239140,261152,NATHAM,GEN,DINDIGUL,,22,91.57,35.84,no,11869,4.96,3.34,,,0,TRUE,1,,0,,,,0,FALSE,FALSE,FALSE,,,,,,State Assembly Election (AE)
Tamil_Nadu,13,131,2026,5,4,0,2,SELVAKUMAR K,,Dravida Munnetra Kazhagam,73839,0,,239140,261152,NATHAM,GEN,DINDIGUL,,22,91.57,30.88,no,8842,3.7,3.34,,,0,TRUE,1,,0,,,,0,FALSE,FALSE,FALSE,,,,,,State Assembly Election (AE)
Tamil_Nadu,13,131,2026,5,4,0,3,RAMESH L N,,Tamilaga Vettri Kazhagam,64997,0,,239140,261152,NATHAM,GEN,DINDIGUL,,22,91.57,27.18,no,55320,23.13,3.34,,,0,TRUE,1,,0,,,,0,FALSE,FALSE,FALSE,,,,,,State Assembly Election (AE)
Tamil_Nadu,13,131,2026,5,4,0,4,ALAGAMMAL A,,Naam Tamilar Katchi,9677,0,,239140,261152,NATHAM,GEN,DINDIGUL,,22,91.57,4.05,yes,8962,3.75,3.34,,,0,TRUE,1,,0,,,,0,FALSE,FALSE,FALSE,,,,,,State Assembly Election (AE)
Tamil_Nadu,13,131,2026,5,4,0,5,ALEX S,,Tamizhaga Vaazhvurimai Katchi,715,0,,239140,261152,NATHAM,GEN,DINDIGUL,,22,91.57,0.3,yes,119,0.05,3.34,,,0,TRUE,1,,0,,,,0,FALSE,FALSE,FALSE,,,,,,State Assembly Election (AE)
Tamil_Nadu,13,131,2026,5,4,0,6,None Of The Above,,None of the Above,596,0,,239140,261152,NATHAM,GEN,DINDIGUL,,22,91.57,0.25,yes,12,0.01,3.34,,,0,TRUE,1,,0,,,,0,FALSE,FALSE,FALSE,,,,,,State Assembly Election (AE)
Tamil_Nadu,13,131,2026,5,4,0,7,VADIVEL K,,Independent,584,0,,239140,261152,NATHAM,GEN,DINDIGUL,,22,91.57,0.24,yes,119,0.05,3.34,,,0,TRUE,1,,0,,,,0,FALSE,FALSE,FALSE,,,,,,State Assembly Election (AE)
Tamil_Nadu,13,131,2026,5,4,0,8,VIJAYAKUMAR S,,Independent,465,0,,239140,261152,NATHAM,GEN,DINDIGUL,,22,91.57,0.19,yes,158,0.07,3.34,,,0,TRUE,1,,0,,,,0,FALSE,FALSE,FALSE,,,,,,State Assembly Election (AE)
Tamil_Nadu,13,131,2026,5,4,0,9,GOPAL R,,Independent,307,0,,239140,261152,NATHAM,GEN,DINDIGUL,,22,91.57,0.13,yes,18,0.01,3.34,,,0,TRUE,1,,0,,,,0,FALSE,FALSE,FALSE,,,,,,State Assembly Election (AE)
Tamil_Nadu,13,131,2026,5,4,0,10,MURUGESAN C,,Independent,289,0,,239140,261152,NATHAM,GEN,DINDIGUL,,22,91.57,0.12,yes,16,0.01,3.34,,,0,TRUE,1,,0,,,,0,FALSE,FALSE,FALSE,,,,,,State Assembly Election (AE)
Tamil_Nadu,13,131,2026,5,4,0,11,MURUGAN K,,Independent,273,0,,239140,261152,NATHAM,GEN,DINDIGUL,,22,91.57,0.11,yes,26,0.01,3.34,,,0,TRUE,1,,0,,,,0,FALSE,FALSE,FALSE,,,,,,State Assembly Election (AE)
Tamil_Nadu,13,131,2026,5,4,0,12,RAJASEKARAN P,,Aanaithinthiya Jananayaka Pathukappu Kazhagam,247,0,,239140,261152,NATHAM,GEN,DINDIGUL,,22,91.57,0.1,yes,2,0.0,3.34,,,0,TRUE,1,,0,,,,0,FALSE,FALSE,FALSE,,,,,,State Assembly Election (AE)
Tamil_Nadu,13,131,2026,5,4,0,13,MARIA AROCKIAM S,,Independent,245,0,,239140,261152,NATHAM,GEN,DINDIGUL,,22,91.57,0.1,yes,12,0.01,3.34,,,0,TRUE,1,,0,,,,0,FALSE,FALSE,FALSE,,,,,,State Assembly Election (AE)
Tamil_Nadu,13,131,2026,5,4,0,14,RAMA JANARTHANAN S,,Independent,233,0,,239140,261152,NATHAM,GEN,DINDIGUL,,22,91.57,0.1,yes,58,0.02,3.34,,,0,TRUE,1,,0,,,,0,FALSE,FALSE,FALSE,,,,,,State Assembly Election (AE)
Tamil_Nadu,13,131,2026,5,4,0,15,VENKATESH P,,Independent,175,0,,239140,261152,NATHAM,GEN,DINDIGUL,,22,91.57,0.07,yes,20,0.01,3.34,,,0,TRUE,1,,0,,,,0,FALSE,FALSE,FALSE,,,,,,State Assembly Election (AE)
Tamil_Nadu,13,131,2026,5,4,0,16,SATHAM USAIN M,,Independent,155,0,,239140,261152,NATHAM,GEN,DINDIGUL,,22,91.57,0.06,yes,6,0.0,3.34,,,0,TRUE,1,,0,,,,0,FALSE,FALSE,FALSE,,,,,,State Assembly Election (AE)
Tamil_Nadu,13,131,2026,5,4,0,17,VENKATESAN G,,Independent,149,0,,239140,261152,NATHAM,GEN,DINDIGUL,,22,91.57,0.06,yes,11,0.0,3.34,,,0,TRUE,1,,0,,,,0,FALSE,FALSE,FALSE,,,,,,State Assembly Election (AE)
Tamil_Nadu,13,131,2026,5,4,0,18,MANIKANDAN V,,Independent,138,0,,239140,261152,NATHAM,GEN,DINDIGUL,,22,91.57,0.06,yes,27,0.01,3.34,,,0,TRUE,1,,0,,,,0,FALSE,FALSE,FALSE,,,,,,State Assembly Election (AE)
Tamil_Nadu,13,131,2026,5,4,0,19,TAMILSELVAN C,,Independent,111,0,,239140,261152,NATHAM,GEN,DINDIGUL,,22,91.57,0.05,yes,8,0.0,3.34,,,0,TRUE,1,,0,,,,0,FALSE,FALSE,FALSE,,,,,,State Assembly Election (AE)
Tamil_Nadu,13,131,2026,5,4,0,20,VIJAYAKUMAR S,,Puthiya Tamilagam,103,0,,239140,261152,NATHAM,GEN,DINDIGUL,,22,91.57,0.04,yes,22,0.01,3.34,,,0,TRUE,1,,0,,,,0,FALSE,FALSE,FALSE,,,,,,State Assembly Election (AE)
Tamil_Nadu,13,131,2026,5,4,0,21,DHANDABANI K,,Independent,81,0,,239140,261152,NATHAM,GEN,DINDIGUL,,22,91.57,0.03,yes,28,0.01,3.34,,,0,TRUE,1,,0,,,,0,FALSE,FALSE,FALSE,,,,,,State Assembly Election (AE)
Tamil_Nadu,13,131,2026,5,4,0,22,SUNDAR C,,Independent,53,0,,239140,261152,NATHAM,GEN,DINDIGUL,,22,91.57,0.02,yes,53,0.02,3.34,,,0,TRUE,1,,0,,,,0,FALSE,FALSE,FALSE,,,,,,State Assembly Election (AE)
Tamil_Nadu,13,132,2026,5,4,0,1,SENTHILKUMAR. I.P,,Dravida Munnetra Kazhagam,74489,0,,212024,241926,DINDIGUL,GEN,DINDIGUL,,21,87.64,35.13,no,1131,0.53,3.23,,,0,TRUE,1,,0,,,,0,FALSE,FALSE,FALSE,,,,,,State Assembly Election (AE)
Tamil_Nadu,13,132,2026,5,4,0,2,NAZEER RAJA. G,,Tamilaga Vettri Kazhagam,73358,0,,212024,241926,DINDIGUL,GEN,DINDIGUL,,21,87.64,34.6,no,19372,9.14,3.23,,,0,TRUE,1,,0,,,,0,FALSE,FALSE,FALSE,,,,,,State Assembly Election (AE)
Tamil_Nadu,13,132,2026,5,4,0,3,SREENIVASAN. C,,All India Anna Dravida Munnetra Kazhagam,53986,0,,212024,241926,DINDIGUL,GEN,DINDIGUL,,21,87.64,25.46,no,46687,22.02,3.23,,,0,TRUE,1,,0,,,,0,FALSE,FALSE,FALSE,,,,,,State Assembly Election (AE)
Tamil_Nadu,13,132,2026,5,4,0,4,MUTHARASI. S,,Naam Tamilar Katchi,7299,0,,212024,241926,DINDIGUL,GEN,DINDIGUL,,21,87.64,3.44,yes,6466,3.05,3.23,,,0,TRUE,1,,0,,,,0,FALSE,FALSE,FALSE,,,,,,State Assembly Election (AE)
Tamil_Nadu,13,132,2026,5,4,0,5,None Of The Above,,None of the Above,833,0,,212024,241926,DINDIGUL,GEN,DINDIGUL,,21,87.64,0.39,yes,581,0.27,3.23,,,0,TRUE,1,,0,,,,0,FALSE,FALSE,FALSE,,,,,,State Assembly Election (AE)
Tamil_Nadu,13,132,2026,5,4,0,6,SELVADHAYANITHI. M,,Independent,252,0,,212024,241926,DINDIGUL,GEN,DINDIGUL,,21,87.64,0.12,yes,3,0.0,3.23,,,0,TRUE,1,,0,,,,0,FALSE,FALSE,FALSE,,,,,,State Assembly Election (AE)
Tamil_Nadu,13,132,2026,5,4,0,7,SHEIK BAREETH.B,,Tamizhaga Vaazhvurimai Katchi,249,0,,212024,241926,DINDIGUL,GEN,DINDIGUL,,21,87.64,0.12,yes,38,0.02,3.23,,,0,TRUE,1,,0,,,,0,FALSE,FALSE,FALSE,,,,,,State Assembly Election (AE)
Tamil_Nadu,13,132,2026,5,4,0,8,NAGARAJ. N,,Independent,211,0,,212024,241926,DINDIGUL,GEN,DINDIGUL,,21,87.64,0.1,yes,8,0.0,3.23,,,0,TRUE,1,,0,,,,0,FALSE,FALSE,FALSE,,,,,,State Assembly Election (AE)
Tamil_Nadu,13,132,2026,5,4,0,9,PRADEEP. M,,Puthiya Tamilagam,203,0,,212024,241926,DINDIGUL,GEN,DINDIGUL,,21,87.64,0.1,yes,6,0.0,3.23,,,0,TRUE,1,,0,,,,0,FALSE,FALSE,FALSE,,,,,,State Assembly Election (AE)
Tamil_Nadu,13,132,2026,5,4,0,10,BABU. S,,Independent,197,0,,212024,241926,DINDIGUL,GEN,DINDIGUL,,21,87.64,0.09,yes,13,0.01,3.23,,,0,TRUE,1,,0,,,,0,FALSE,FALSE,FALSE,,,,,,State Assembly Election (AE)
Tamil_Nadu,13,132,2026,5,4,0,11,RAMUTHEVAR. P,,All India Puratchi Thalaivar Makkal Munnettra Kazhagam,184,0,,212024,241926,DINDIGUL,GEN,DINDIGUL,,21,87.64,0.09,yes,8,0.0,3.23,,,0,TRUE,1,,0,,,,0,FALSE,FALSE,FALSE,,,,,,State Assembly Election (AE)
Tamil_Nadu,13,132,2026,5,4,0,12,SEENIVASAN. P,,Independent,176,0,,212024,241926,DINDIGUL,GEN,DINDIGUL,,21,87.64,0.08,yes,73,0.03,3.23,,,0,TRUE,1,,0,,,,0,FALSE,FALSE,FALSE,,,,,,State Assembly Election (AE)
Tamil_Nadu,13,132,2026,5,4,0,13,UMAR ALI. R,,Independent,103,0,,212024,241926,DINDIGUL,GEN,DINDIGUL,,21,87.64,0.05,yes,7,0.0,3.23,,,0,TRUE,1,,0,,,,0,FALSE,FALSE,FALSE,,,,,,State Assembly Election (AE)
Tamil_Nadu,13,132,2026,5,4,0,14,GOPI KRISHNAN PILLAI. S,,Rashtriya Samaj Dal (R),96,0,,212024,241926,DINDIGUL,GEN,DINDIGUL,,21,87.64,0.05,yes,8,0.0,3.23,,,0,TRUE,1,,0,,,,0,FALSE,FALSE,FALSE,,,,,,State Assembly Election (AE)
Tamil_Nadu,13,132,2026,5,4,0,15,SARANYA. M,,Independent,88,0,,212024,241926,DINDIGUL,GEN,DINDIGUL,,21,87.64,0.04,yes,13,0.01,3.23,,,0,TRUE,1,,0,,,,0,FALSE,FALSE,FALSE,,,,,,State Assembly Election (AE)
Tamil_Nadu,13,132,2026,5,4,0,16,ANIS BABU. M,,Independent,75,0,,212024,241926,DINDIGUL,GEN,DINDIGUL,,21,87.64,0.04,yes,19,0.01,3.23,,,0,TRUE,1,,0,,,,0,FALSE,FALSE,FALSE,,,,,,State Assembly Election (AE)
Tamil_Nadu,13,132,2026,5,4,0,17,AROCKIA DASS. J,,Independent,56,0,,212024,241926,DINDIGUL,GEN,DINDIGUL,,21,87.64,0.03,yes,2,0.0,3.23,,,0,TRUE,1,,0,,,,0,FALSE,FALSE,FALSE,,,,,,State Assembly Election (AE)
Tamil_Nadu,13,132,2026,5,4,0,18,KARMEGAM. R,,Independent,54,0,,212024,241926,DINDIGUL,GEN,DINDIGUL,,21,87.64,0.03,yes,9,0.0,3.23,,,0,TRUE,1,,0,,,,0,FALSE,FALSE,FALSE,,,,,,State Assembly Election (AE)
Tamil_Nadu,13,132,2026,5,4,0,19,GANESH PERUMAL. D,,Independent,45,0,,212024,241926,DINDIGUL,GEN,DINDIGUL,,21,87.64,0.02,yes,7,0.0,3.23,,,0,TRUE,1,,0,,,,0,FALSE,FALSE,FALSE,,,,,,State Assembly Election (AE)
Tamil_Nadu,13,132,2026,5,4,0,20,RAJENDRAN. G,,Independent,38,0,,212024,241926,DINDIGUL,GEN,DINDIGUL,,21,87.64,0.02,yes,6,0.0,3.23,,,0,TRUE,1,,0,,,,0,FALSE,FALSE,FALSE,,,,,,State Assembly Election (AE)
Tamil_Nadu,13,132,2026,5,4,0,21,MUNIYAPPAN. M,,Independent,32,0,,212024,241926,DINDIGUL,GEN,DINDIGUL,,21,87.64,0.02,yes,32,0.02,3.23,,,0,TRUE,1,,0,,,,0,FALSE,FALSE,FALSE,,,,,,State Assembly Election (AE)
Tamil_Nadu,13,133,2026,5,4,0,1,SAMINATHAN. T,,Dravida Munnetra Kazhagam,84948,0,,226554,243774,VEDASANDUR,GEN,DINDIGUL,,16,92.94,37.5,no,10063,4.44,3.19,,,0,TRUE,1,,0,,,,0,FALSE,FALSE,FALSE,,,,,,State Assembly Election (AE)
Tamil_Nadu,13,133,2026,5,4,0,2,PARAMASIVAM. V.P.B.,,All India Anna Dravida Munnetra Kazhagam,74885,0,,226554,243774,VEDASANDUR,GEN,DINDIGUL,,16,92.94,33.05,no,18081,7.98,3.19,,,0,TRUE,1,,0,,,,0,FALSE,FALSE,FALSE,,,,,,State Assembly Election (AE)
Tamil_Nadu,13,133,2026,5,4,0,3,DR.NAKAJOTHI. N,,Tamilaga Vettri Kazhagam,56804,0,,226554,243774,VEDASANDUR,GEN,DINDIGUL,,16,92.94,25.07,no,49709,21.94,3.19,,,0,TRUE,1,,0,,,,0,FALSE,FALSE,FALSE,,,,,,State Assembly Election (AE)
Tamil_Nadu,13,133,2026,5,4,0,4,KHAJA HUSSAIN AHAMED. A,,Naam Tamilar Katchi,7095,0,,226554,243774,VEDASANDUR,GEN,DINDIGUL,,16,92.94,3.13,yes,6368,2.81,3.19,,,0,TRUE,1,,0,,,,0,FALSE,FALSE,FALSE,,,,,,State Assembly Election (AE)
Tamil_Nadu,13,133,2026,5,4,0,5,MURUGAN. V,,Independent,727,0,,226554,243774,VEDASANDUR,GEN,DINDIGUL,,16,92.94,0.32,yes,253,0.11,3.19,,,0,TRUE,1,,0,,,,0,FALSE,FALSE,FALSE,,,,,,State Assembly Election (AE)
Tamil_Nadu,13,133,2026,5,4,0,6,None Of The Above,,None of the Above,474,0,,226554,243774,VEDASANDUR,GEN,DINDIGUL,,16,92.94,0.21,yes,119,0.05,3.19,,,0,TRUE,1,,0,,,,0,FALSE,FALSE,FALSE,,,,,,State Assembly Election (AE)
Tamil_Nadu,13,133,2026,5,4,0,7,MARIMUTHU. S,,Independent,355,0,,226554,243774,VEDASANDUR,GEN,DINDIGUL,,16,92.94,0.16,yes,61,0.03,3.19,,,0,TRUE,1,,0,,,,0,FALSE,FALSE,FALSE,,,,,,State Assembly Election (AE)
Tamil_Nadu,13,133,2026,5,4,0,8,MANIKANDAPRABHU. N C,,Independent,294,0,,226554,243774,VEDASANDUR,GEN,DINDIGUL,,16,92.94,0.13,yes,89,0.04,3.19,,,0,TRUE,1,,0,,,,0,FALSE,FALSE,FALSE,,,,,,State Assembly Election (AE)
Tamil_Nadu,13,133,2026,5,4,0,9,MANEESHANKAR. M.G.,,Independent,205,0,,226554,243774,VEDASANDUR,GEN,DINDIGUL,,16,92.94,0.09,yes,21,0.01,3.19,,,0,TRUE,1,,0,,,,0,FALSE,FALSE,FALSE,,,,,,State Assembly Election (AE)
Tamil_Nadu,13,133,2026,5,4,0,10,BOOMIRAJ. K,,Samaniya Makkal Nala Katchi,184,0,,226554,243774,VEDASANDUR,GEN,DINDIGUL,,16,92.94,0.08,yes,31,0.01,3.19,,,0,TRUE,1,,0,,,,0,FALSE,FALSE,FALSE,,,,,,State Assembly Election (AE)
Tamil_Nadu,13,133,2026,5,4,0,11,RAVI. R,,Communist Party of India (Marxist-Leninist) (Liberation),153,0,,226554,243774,VEDASANDUR,GEN,DINDIGUL,,16,92.94,0.07,yes,22,0.01,3.19,,,0,TRUE,1,,0,,,,0,FALSE,FALSE,FALSE,,,,,,State Assembly Election (AE)
Tamil_Nadu,13,133,2026,5,4,0,12,RAMESH. T,,Tamizhaga Vaazhvurimai Katchi,131,0,,226554,243774,VEDASANDUR,GEN,DINDIGUL,,16,92.94,0.06,yes,37,0.02,3.19,,,0,TRUE,1,,0,,,,0,FALSE,FALSE,FALSE,,,,,,State Assembly Election (AE)
Tamil_Nadu,13,133,2026,5,4,0,13,SELVARAJ. V,,Independent,94,0,,226554,243774,VEDASANDUR,GEN,DINDIGUL,,16,92.94,0.04,yes,16,0.01,3.19,,,0,TRUE,1,,0,,,,0,FALSE,FALSE,FALSE,,,,,,State Assembly Election (AE)
Tamil_Nadu,13,133,2026,5,4,0,14,NATCHIMUTHU. R,,Independent,78,0,,226554,243774,VEDASANDUR,GEN,DINDIGUL,,16,92.94,0.03,yes,6,0.0,3.19,,,0,TRUE,1,,0,,,,0,FALSE,FALSE,FALSE,,,,,,State Assembly Election (AE)
Tamil_Nadu,13,133,2026,5,4,0,15,SURESH. B,,Independent,72,0,,226554,243774,VEDASANDUR,GEN,DINDIGUL,,16,92.94,0.03,yes,17,0.01,3.19,,,0,TRUE,1,,0,,,,0,FALSE,FALSE,FALSE,,,,,,State Assembly Election (AE)
Tamil_Nadu,13,133,2026,5,4,0,16,DHIVAKAR. A,,Independent,55,0,,226554,243774,VEDASANDUR,GEN,DINDIGUL,,16,92.94,0.02,yes,55,0.02,3.19,,,0,TRUE,1,,0,,,,0,FALSE,FALSE,FALSE,,,,,,State Assembly Election (AE)
Tamil_Nadu,13,134,2026,5,4,0,1,ELANGO. R,,Dravida Munnetra Kazhagam,70827,0,,181078,195517,ARAVAKURICHI,GEN,KARUR,,31,92.61,39.11,no,19382,10.7,3.24,,,0,TRUE,1,,0,,,,0,FALSE,FALSE,FALSE,,,,,,State Assembly Election (AE)
Tamil_Nadu,13,134,2026,5,4,0,2,KARTHIKEYAN. P,,Tamilaga Vettri Kazhagam,51445,0,,181078,195517,ARAVAKURICHI,GEN,KARUR,,31,92.61,28.41,no,2156,1.19,3.24,,,0,TRUE,1,,0,,,,0,FALSE,FALSE,FALSE,,,,,,State Assembly Election (AE)
Tamil_Nadu,13,134,2026,5,4,0,3,SELVAKUMAR. K,,All India Anna Dravida Munnetra Kazhagam,49289,0,,181078,195517,ARAVAKURICHI,GEN,KARUR,,31,92.61,27.22,no,44135,24.37,3.24,,,0,TRUE,1,,0,,,,0,FALSE,FALSE,FALSE,,,,,,State Assembly Election (AE)
Tamil_Nadu,13,134,2026,5,4,0,4,NAREN. S,,Naam Tamilar Katchi,5154,0,,181078,195517,ARAVAKURICHI,GEN,KARUR,,31,92.61,2.85,yes,4517,2.49,3.24,,,0,TRUE,1,,0,,,,0,FALSE,FALSE,FALSE,,,,,,State Assembly Election (AE)
Tamil_Nadu,13,134,2026,5,4,0,5,None Of The Above,,None of the Above,637,0,,181078,195517,ARAVAKURICHI,GEN,KARUR,,31,92.61,0.35,yes,239,0.13,3.24,,,0,TRUE,1,,0,,,,0,FALSE,FALSE,FALSE,,,,,,State Assembly Election (AE)
Tamil_Nadu,13,134,2026,5,4,0,6,RAVI. AG,,Tamizhaga Vaazhvurimai Katchi,398,0,,181078,195517,ARAVAKURICHI,GEN,KARUR,,31,92.61,0.22,yes,39,0.02,3.24,,,0,TRUE,1,,0,,,,0,FALSE,FALSE,FALSE,,,,,,State Assembly Election (AE)
Tamil_Nadu,13,134,2026,5,4,0,7,SUGANYA. S,,Bahujan Samaj Party,359,0,,181078,195517,ARAVAKURICHI,GEN,KARUR,,31,92.61,0.2,yes,13,0.01,3.24,,,0,TRUE,1,,0,,,,0,FALSE,FALSE,FALSE,,,,,,State Assembly Election (AE)
Tamil_Nadu,13,134,2026,5,4,0,8,TAMILARASAN. M,,Independent,346,0,,181078,195517,ARAVAKURICHI,GEN,KARUR,,31,92.61,0.19,yes,20,0.01,3.24,,,0,TRUE,1,,0,,,,0,FALSE,FALSE,FALSE,,,,,,State Assembly Election (AE)
Tamil_Nadu,13,134,2026,5,4,0,9,NATARAJAN. P,,Independent,326,0,,181078,195517,ARAVAKURICHI,GEN,KARUR,,31,92.61,0.18,yes,36,0.02,3.24,,,0,TRUE,1,,0,,,,0,FALSE,FALSE,FALSE,,,,,,State Assembly Election (AE)
Tamil_Nadu,13,134,2026,5,4,0,10,ASIYA BEGUM,,All India Puratchi Thalaivar Makkal Munnettra Kazhagam,290,0,,181078,195517,ARAVAKURICHI,GEN,KARUR,,31,92.61,0.16,yes,6,0.0,3.24,,,0,TRUE,1,,0,,,,0,FALSE,FALSE,FALSE,,,,,,State Assembly Election (AE)
Tamil_Nadu,13,134,2026,5,4,0,11,SOWMIYA. R,,Independent,284,0,,181078,195517,ARAVAKURICHI,GEN,KARUR,,31,92.61,0.16,yes,0,0.0,3.24,,,0,TRUE,1,,0,,,,0,FALSE,FALSE,FALSE,,,,,,State Assembly Election (AE)
Tamil_Nadu,13,134,2026,5,4,0,12,BOOPATHY. S,,Independent,284,0,,181078,195517,ARAVAKURICHI,GEN,KARUR,,31,92.61,0.16,yes,73,0.04,3.24,,,0,TRUE,1,,0,,,,0,FALSE,FALSE,FALSE,,,,,,State Assembly Election (AE)
Tamil_Nadu,13,134,2026,5,4,0,13,SAKTHIVEL. R,,Viduthalai Kalam Katchi,211,0,,181078,195517,ARAVAKURICHI,GEN,KARUR,,31,92.61,0.12,yes,53,0.03,3.24,,,0,TRUE,1,,0,,,,0,FALSE,FALSE,FALSE,,,,,,State Assembly Election (AE)
Tamil_Nadu,13,134,2026,5,4,0,14,NARENDRAKUMAR. G,,Independent,158,0,,181078,195517,ARAVAKURICHI,GEN,KARUR,,31,92.61,0.09,yes,36,0.02,3.24,,,0,TRUE,1,,0,,,,0,FALSE,FALSE,FALSE,,,,,,State Assembly Election (AE)
Tamil_Nadu,13,134,2026,5,4,0,15,SIVALINGAM. T,,Independent,122,0,,181078,195517,ARAVAKURICHI,GEN,KARUR,,31,92.61,0.07,yes,8,0.0,3.24,,,0,TRUE,1,,0,,,,0,FALSE,FALSE,FALSE,,,,,,State Assembly Election (AE)
Tamil_Nadu,13,134,2026,5,4,0,16,SILAMBARASAN. P,,Independent,114,0,,181078,195517,ARAVAKURICHI,GEN,KARUR,,31,92.61,0.06,yes,22,0.01,3.24,,,0,TRUE,1,,0,,,,0,FALSE,FALSE,FALSE,,,,,,State Assembly Election (AE)
Tamil_Nadu,13,134,2026,5,4,0,17,NATCHIMUTHU. V,,Independent,92,0,,181078,195517,ARAVAKURICHI,GEN,KARUR,,31,92.61,0.05,yes,6,0.0,3.24,,,0,TRUE,1,,0,,,,0,FALSE,FALSE,FALSE,,,,,,State Assembly Election (AE)
Tamil_Nadu,13,134,2026,5,4,0,18,MANIKANDAN. T,,Independent,86,0,,181078,195517,ARAVAKURICHI,GEN,KARUR,,31,92.61,0.05,yes,16,0.01,3.24,,,0,TRUE,1,,0,,,,0,FALSE,FALSE,FALSE,,,,,,State Assembly Election (AE)
Tamil_Nadu,13,134,2026,5,4,0,19,RAJASEKARAN. N,,Independent,70,0,,181078,195517,ARAVAKURICHI,GEN,KARUR,,31,92.61,0.04,yes,9,0.0,3.24,,,0,TRUE,1,,0,,,,0,FALSE,FALSE,FALSE,,,,,,State Assembly Election (AE)
Tamil_Nadu,13,134,2026,5,4,0,20,ARASUMANI. G,,Independent,61,0,,181078,195517,ARAVAKURICHI,GEN,KARUR,,31,92.61,0.03,yes,0,0.0,3.24,,,0,TRUE,1,,0,,,,0,FALSE,FALSE,FALSE,,,,,,State Assembly Election (AE)
Tamil_Nadu,13,134,2026,5,4,0,21,KIRUBANANTH. S,,Independent,61,0,,181078,195517,ARAVAKURICHI,GEN,KARUR,,31,92.61,0.03,yes,3,0.0,3.24,,,0,TRUE,1,,0,,,,0,FALSE,FALSE,FALSE,,,,,,State Assembly Election (AE)
Tamil_Nadu,13,134,2026,5,4,0,22,MATHIYALAGAN. P,,Independent,58,0,,181078,195517,ARAVAKURICHI,GEN,KARUR,,31,92.61,0.03,yes,2,0.0,3.24,,,0,TRUE,1,,0,,,,0,FALSE,FALSE,FALSE,,,,,,State Assembly Election (AE)
Tamil_Nadu,13,134,2026,5,4,0,23,RAJENDARAN. N,,Independent,56,0,,181078,195517,ARAVAKURICHI,GEN,KARUR,,31,92.61,0.03,yes,5,0.0,3.24,,,0,TRUE,1,,0,,,,0,FALSE,FALSE,FALSE,,,,,,State Assembly Election (AE)
Tamil_Nadu,13,134,2026,5,4,0,24,ARIVALAGAN. M,,Independent,51,0,,181078,195517,ARAVAKURICHI,GEN,KARUR,,31,92.61,0.03,yes,1,0.0,3.24,,,0,TRUE,1,,0,,,,0,FALSE,FALSE,FALSE,,,,,,State Assembly Election (AE)
Tamil_Nadu,13,134,2026,5,4,0,25,KAVIYARASU. T,,Independent,50,0,,181078,195517,ARAVAKURICHI,GEN,KARUR,,31,92.61,0.03,yes,1,0.0,3.24,,,0,TRUE,1,,0,,,,0,FALSE,FALSE,FALSE,,,,,,State Assembly Election (AE)
Tamil_Nadu,13,134,2026,5,4,0,26,KATHIRESAN. M,,Independent,49,0,,181078,195517,ARAVAKURICHI,GEN,KARUR,,31,92.61,0.03,yes,2,0.0,3.24,,,0,TRUE,1,,0,,,,0,FALSE,FALSE,FALSE,,,,,,State Assembly Election (AE)
Tamil_Nadu,13,134,2026,5,4,0,27,PRAVEEN. S,,Independent,47,0,,181078,195517,ARAVAKURICHI,GEN,KARUR,,31,92.61,0.03,yes,0,0.0,3.24,,,0,TRUE,1,,0,,,,0,FALSE,FALSE,FALSE,,,,,,State Assembly Election (AE)
Tamil_Nadu,13,134,2026,5,4,0,28,MOHANKUMAR. K,,Independent,47,0,,181078,195517,ARAVAKURICHI,GEN,KARUR,,31,92.61,0.03,yes,9,0.0,3.24,,,0,TRUE,1,,0,,,,0,FALSE,FALSE,FALSE,,,,,,State Assembly Election (AE)
Tamil_Nadu,13,134,2026,5,4,0,29,RAMALINGAM. V,,Independent,38,0,,181078,195517,ARAVAKURICHI,GEN,KARUR,,31,92.61,0.02,yes,3,0.0,3.24,,,0,TRUE,1,,0,,,,0,FALSE,FALSE,FALSE,,,,,,State Assembly Election (AE)
Tamil_Nadu,13,134,2026,5,4,0,30,RAGUPATHI. S,,Independent,35,0,,181078,195517,ARAVAKURICHI,GEN,KARUR,,31,92.61,0.02,yes,2,0.0,3.24,,,0,TRUE,1,,0,,,,0,FALSE,FALSE,FALSE,,,,,,State Assembly Election (AE)
Tamil_Nadu,13,134,2026,5,4,0,31,MURUGESAN. R,,Independent,33,0,,181078,195517,ARAVAKURICHI,GEN,KARUR,,31,92.61,0.02,yes,33,0.02,3.24,,,0,TRUE,1,,0,,,,0,FALSE,FALSE,FALSE,,,,,,State Assembly Election (AE)
Tamil_Nadu,13,135,2026,5,4,0,1,M.R. VIJAYABHASKAR,,All India Anna Dravida Munnetra Kazhagam,71542,0,,216829,229995,KARUR,GEN,KARUR,,80,94.28,32.99,no,1821,0.84,3.24,,,0,TRUE,1,,0,,,,0,FALSE,FALSE,FALSE,,,,,,State Assembly Election (AE)
Tamil_Nadu,13,135,2026,5,4,0,2,MATHIYALAGAN  V.P,,Tamilaga Vettri Kazhagam,69721,0,,216829,229995,KARUR,GEN,KARUR,,80,94.28,32.15,no,2465,1.14,3.24,,,0,TRUE,1,,0,,,,0,FALSE,FALSE,FALSE,,,,,,State Assembly Election (AE)
Tamil_Nadu,13,135,2026,5,4,0,3,AASEE.M. THIAGARAJAN,,Dravida Munnetra Kazhagam,67256,0,,216829,229995,KARUR,GEN,KARUR,,80,94.28,31.02,no,61791,28.5,3.24,,,0,TRUE,1,,0,,,,0,FALSE,FALSE,FALSE,,,,,,State Assembly Election (AE)
Tamil_Nadu,13,135,2026,5,4,0,4,KARUPPAIYA. R,,Naam Tamilar Katchi,5465,0,,216829,229995,KARUR,GEN,KARUR,,80,94.28,2.52,yes,4926,2.27,3.24,,,0,TRUE,1,,0,,,,0,FALSE,FALSE,FALSE,,,,,,State Assembly Election (AE)
Tamil_Nadu,13,135,2026,5,4,0,5,None Of The Above,,None of the Above,539,0,,216829,229995,KARUR,GEN,KARUR,,80,94.28,0.25,yes,237,0.11,3.24,,,0,TRUE,1,,0,,,,0,FALSE,FALSE,FALSE,,,,,,State Assembly Election (AE)
Tamil_Nadu,13,135,2026,5,4,0,6,JAYAGOPAL. P,,Bahujan Samaj Party,302,0,,216829,229995,KARUR,GEN,KARUR,,80,94.28,0.14,yes,50,0.02,3.24,,,0,TRUE,1,,0,,,,0,FALSE,FALSE,FALSE,,,,,,State Assembly Election (AE)
Tamil_Nadu,13,135,2026,5,4,0,7,GUNASEKARAN. K,,Tamizhaga Vaazhvurimai Katchi,252,0,,216829,229995,KARUR,GEN,KARUR,,80,94.28,0.12,yes,109,0.05,3.24,,,0,TRUE,1,,0,,,,0,FALSE,FALSE,FALSE,,,,,,State Assembly Election (AE)
Tamil_Nadu,13,135,2026,5,4,0,8,KATHIRVEL. K,,Independent,143,0,,216829,229995,KARUR,GEN,KARUR,,80,94.28,0.07,yes,9,0.0,3.24,,,0,TRUE,1,,0,,,,0,FALSE,FALSE,FALSE,,,,,,State Assembly Election (AE)
Tamil_Nadu,13,135,2026,5,4,0,9,KANDASAMY. P,,Independent,134,0,,216829,229995,KARUR,GEN,KARUR,,80,94.28,0.06,yes,31,0.01,3.24,,,0,TRUE,1,,0,,,,0,FALSE,FALSE,FALSE,,,,,,State Assembly Election (AE)
Tamil_Nadu,13,135,2026,5,4,0,10,KATHIRAVAN. P,,Independent,103,0,,216829,229995,KARUR,GEN,KARUR,,80,94.28,0.05,yes,2,0.0,3.24,,,0,TRUE,1,,0,,,,0,FALSE,FALSE,FALSE,,,,,,State Assembly Election (AE)
Tamil_Nadu,13,135,2026,5,4,0,11,RAMACHANDRAN. A,,Ganasangam Party of India,101,0,,216829,229995,KARUR,GEN,KARUR,,80,94.28,0.05,yes,34,0.02,3.24,,,0,TRUE,1,,0,,,,0,FALSE,FALSE,FALSE,,,,,,State Assembly Election (AE)
Tamil_Nadu,13,135,2026,5,4,0,12,ANBAZHAGAN. T,,Independent,67,0,,216829,229995,KARUR,GEN,KARUR,,80,94.28,0.03,yes,8,0.0,3.24,,,0,TRUE,1,,0,,,,0,FALSE,FALSE,FALSE,,,,,,State Assembly Election (AE)
Tamil_Nadu,13,135,2026,5,4,0,13,ELAMATHI. S,,Independent,59,0,,216829,229995,KARUR,GEN,KARUR,,80,94.28,0.03,yes,6,0.0,3.24,,,0,TRUE,1,,0,,,,0,FALSE,FALSE,FALSE,,,,,,State Assembly Election (AE)
Tamil_Nadu,13,135,2026,5,4,0,14,KRISHNAKUMAR. K,,Independent,53,0,,216829,229995,KARUR,GEN,KARUR,,80,94.28,0.02,yes,2,0.0,3.24,,,0,TRUE,1,,0,,,,0,FALSE,FALSE,FALSE,,,,,,State Assembly Election (AE)
Tamil_Nadu,13,135,2026,5,4,0,15,KALIMUTHU. V,,Samaniya Makkal Nala Katchi,51,0,,216829,229995,KARUR,GEN,KARUR,,80,94.28,0.02,yes,4,0.0,3.24,,,0,TRUE,1,,0,,,,0,FALSE,FALSE,FALSE,,,,,,State Assembly Election (AE)
Tamil_Nadu,13,135,2026,5,4,0,16,MURALI. M,,Independent,47,0,,216829,229995,KARUR,GEN,KARUR,,80,94.28,0.02,yes,2,0.0,3.24,,,0,TRUE,1,,0,,,,0,FALSE,FALSE,FALSE,,,,,,State Assembly Election (AE)
Tamil_Nadu,13,135,2026,5,4,0,17,ASARUDHEEN. A,,Independent,45,0,,216829,229995,KARUR,GEN,KARUR,,80,94.28,0.02,yes,2,0.0,3.24,,,0,TRUE,1,,0,,,,0,FALSE,FALSE,FALSE,,,,,,State Assembly Election (AE)
Tamil_Nadu,13,135,2026,5,4,0,18,ARULMANIARASU. P,,Independent,43,0,,216829,229995,KARUR,GEN,KARUR,,80,94.28,0.02,yes,4,0.0,3.24,,,0,TRUE,1,,0,,,,0,FALSE,FALSE,FALSE,,,,,,State Assembly Election (AE)
Tamil_Nadu,13,135,2026,5,4,0,19,SUBASH MALAYALAM. T,,Independent,39,0,,216829,229995,KARUR,GEN,KARUR,,80,94.28,0.02,yes,2,0.0,3.24,,,0,TRUE,1,,0,,,,0,FALSE,FALSE,FALSE,,,,,,State Assembly Election (AE)
Tamil_Nadu,13,135,2026,5,4,0,20,PRAVEENKUMAR. J,,Independent,37,0,,216829,229995,KARUR,GEN,KARUR,,80,94.28,0.02,yes,2,0.0,3.24,,,0,TRUE,1,,0,,,,0,FALSE,FALSE,FALSE,,,,,,State Assembly Election (AE)
Tamil_Nadu,13,135,2026,5,4,0,21,KALAIRAJ. K,,Independent,35,0,,216829,229995,KARUR,GEN,KARUR,,80,94.28,0.02,yes,1,0.0,3.24,,,0,TRUE,1,,0,,,,0,FALSE,FALSE,FALSE,,,,,,State Assembly Election (AE)
Tamil_Nadu,13,135,2026,5,4,0,22,KARUNAMOORTHY. S,,Independent,34,0,,216829,229995,KARUR,GEN,KARUR,,80,94.28,0.02,yes,4,0.0,3.24,,,0,TRUE,1,,0,,,,0,FALSE,FALSE,FALSE,,,,,,State Assembly Election (AE)
Tamil_Nadu,13,135,2026,5,4,0,23,ANBARASAN. N,,Independent,30,0,,216829,229995,KARUR,GEN,KARUR,,80,94.28,0.01,yes,2,0.0,3.24,,,0,TRUE,1,,0,,,,0,FALSE,FALSE,FALSE,,,,,,State Assembly Election (AE)
Tamil_Nadu,13,135,2026,5,4,0,24,SAMPATH. S,,Independent,28,0,,216829,229995,KARUR,GEN,KARUR,,80,94.28,0.01,yes,0,0.0,3.24,,,0,TRUE,1,,0,,,,0,FALSE,FALSE,FALSE,,,,,,State Assembly Election (AE)
Tamil_Nadu,13,135,2026,5,4,0,25,SEETHA LAKSHMI. D,,Independent,28,0,,216829,229995,KARUR,GEN,KARUR,,80,94.28,0.01,yes,0,0.0,3.24,,,0,TRUE,1,,0,,,,0,FALSE,FALSE,FALSE,,,,,,State Assembly Election (AE)
Tamil_Nadu,13,135,2026,5,4,0,26,SENBAGAKUMAR. L,,Independent,28,0,,216829,229995,KARUR,GEN,KARUR,,80,94.28,0.01,yes,0,0.0,3.24,,,0,TRUE,1,,0,,,,0,FALSE,FALSE,FALSE,,,,,,State Assembly Election (AE)
Tamil_Nadu,13,135,2026,5,4,0,27,MAILVAGANAN. B,,Independent,28,0,,216829,229995,KARUR,GEN,KARUR,,80,94.28,0.01,yes,1,0.0,3.24,,,0,TRUE,1,,0,,,,0,FALSE,FALSE,FALSE,,,,,,State Assembly Election (AE)
Tamil_Nadu,13,135,2026,5,4,0,28,KANAGARAJ. S,,Independent,27,0,,216829,229995,KARUR,GEN,KARUR,,80,94.28,0.01,yes,0,0.0,3.24,,,0,TRUE,1,,0,,,,0,FALSE,FALSE,FALSE,,,,,,State Assembly Election (AE)
Tamil_Nadu,13,135,2026,5,4,0,29,SIVAKUMAR. N,,Independent,27,0,,216829,229995,KARUR,GEN,KARUR,,80,94.28,0.01,yes,3,0.0,3.24,,,0,TRUE,1,,0,,,,0,FALSE,FALSE,FALSE,,,,,,State Assembly Election (AE)
Tamil_Nadu,13,135,2026,5,4,0,30,BABU. G,,Independent,24,0,,216829,229995,KARUR,GEN,KARUR,,80,94.28,0.01,yes,1,0.0,3.24,,,0,TRUE,1,,0,,,,0,FALSE,FALSE,FALSE,,,,,,State Assembly Election (AE)
Tamil_Nadu,13,135,2026,5,4,0,31,MUTHU. K.R,,Independent,23,0,,216829,229995,KARUR,GEN,KARUR,,80,94.28,0.01,yes,2,0.0,3.24,,,0,TRUE,1,,0,,,,0,FALSE,FALSE,FALSE,,,,,,State Assembly Election (AE)
Tamil_Nadu,13,135,2026,5,4,0,32,SIVAKUMAR. V,,Independent,21,0,,216829,229995,KARUR,GEN,KARUR,,80,94.28,0.01,yes,0,0.0,3.24,,,0,TRUE,1,,0,,,,0,FALSE,FALSE,FALSE,,,,,,State Assembly Election (AE)
Tamil_Nadu,13,135,2026,5,4,0,33,MOHAMAD ISMAIL. M,,Independent,21,0,,216829,229995,KARUR,GEN,KARUR,,80,94.28,0.01,yes,1,0.0,3.24,,,0,TRUE,1,,0,,,,0,FALSE,FALSE,FALSE,,,,,,State Assembly Election (AE)
Tamil_Nadu,13,135,2026,5,4,0,34,PARAMESWARI,,Independent,20,0,,216829,229995,KARUR,GEN,KARUR,,80,94.28,0.01,yes,0,0.0,3.24,,,0,TRUE,1,,0,,,,0,FALSE,FALSE,FALSE,,,,,,State Assembly Election (AE)
Tamil_Nadu,13,135,2026,5,4,0,35,HARIHARAN. S,,Independent,20,0,,216829,229995,KARUR,GEN,KARUR,,80,94.28,0.01,yes,1,0.0,3.24,,,0,TRUE,1,,0,,,,0,FALSE,FALSE,FALSE,,,,,,State Assembly Election (AE)
Tamil_Nadu,13,135,2026,5,4,0,36,BHARATHI. P,,Independent,19,0,,216829,229995,KARUR,GEN,KARUR,,80,94.28,0.01,yes,1,0.0,3.24,,,0,TRUE,1,,0,,,,0,FALSE,FALSE,FALSE,,,,,,State Assembly Election (AE)
Tamil_Nadu,13,135,2026,5,4,0,37,DEVASTIN AUGUSTIN. G,,Independent,18,0,,216829,229995,KARUR,GEN,KARUR,,80,94.28,0.01,yes,1,0.0,3.24,,,0,TRUE,1,,0,,,,0,FALSE,FALSE,FALSE,,,,,,State Assembly Election (AE)
Tamil_Nadu,13,135,2026,5,4,0,38,SIVAKUMAR. A,,Independent,17,0,,216829,229995,KARUR,GEN,KARUR,,80,94.28,0.01,yes,0,0.0,3.24,,,0,TRUE,1,,0,,,,0,FALSE,FALSE,FALSE,,,,,,State Assembly Election (AE)
Tamil_Nadu,13,135,2026,5,4,0,39,PALAMUTHIR SELVAN. O,,Independent,17,0,,216829,229995,KARUR,GEN,KARUR,,80,94.28,0.01,yes,1,0.0,3.24,,,0,TRUE,1,,0,,,,0,FALSE,FALSE,FALSE,,,,,,State Assembly Election (AE)
Tamil_Nadu,13,135,2026,5,4,0,40,KALIMUTHU. R,,Independent,16,0,,216829,229995,KARUR,GEN,KARUR,,80,94.28,0.01,yes,0,0.0,3.24,,,0,TRUE,1,,0,,,,0,FALSE,FALSE,FALSE,,,,,,State Assembly Election (AE)
Tamil_Nadu,13,135,2026,5,4,0,41,SURIYAKUMAR. J,,Independent,16,0,,216829,229995,KARUR,GEN,KARUR,,80,94.28,0.01,yes,0,0.0,3.24,,,0,TRUE,1,,0,,,,0,FALSE,FALSE,FALSE,,,,,,State Assembly Election (AE)
Tamil_Nadu,13,135,2026,5,4,0,42,MARIAMMAL. P.M,,Independent,16,0,,216829,229995,KARUR,GEN,KARUR,,80,94.28,0.01,yes,1,0.0,3.24,,,0,TRUE,1,,0,,,,0,FALSE,FALSE,FALSE,,,,,,State Assembly Election (AE)
Tamil_Nadu,13,135,2026,5,4,0,43,SATHISH KUMAR. S,,Independent,15,0,,216829,229995,KARUR,GEN,KARUR,,80,94.28,0.01,yes,0,0.0,3.24,,,0,TRUE,1,,0,,,,0,FALSE,FALSE,FALSE,,,,,,State Assembly Election (AE)
Tamil_Nadu,13,135,2026,5,4,0,44,STEPHENRAJ. L,,Independent,15,0,,216829,229995,KARUR,GEN,KARUR,,80,94.28,0.01,yes,1,0.0,3.24,,,0,TRUE,1,,0,,,,0,FALSE,FALSE,FALSE,,,,,,State Assembly Election (AE)
Tamil_Nadu,13,135,2026,5,4,0,45,DINESH KUMAR. K,,Independent,14,0,,216829,229995,KARUR,GEN,KARUR,,80,94.28,0.01,yes,0,0.0,3.24,,,0,TRUE,1,,0,,,,0,FALSE,FALSE,FALSE,,,,,,State Assembly Election (AE)
Tamil_Nadu,13,135,2026,5,4,0,46,NANDHAKUMAR. A,,Independent,14,0,,216829,229995,KARUR,GEN,KARUR,,80,94.28,0.01,yes,0,0.0,3.24,,,0,TRUE,1,,0,,,,0,FALSE,FALSE,FALSE,,,,,,State Assembly Election (AE)
Tamil_Nadu,13,135,2026,5,4,0,47,VANITHA. K.M,,Independent,14,0,,216829,229995,KARUR,GEN,KARUR,,80,94.28,0.01,yes,1,0.0,3.24,,,0,TRUE,1,,0,,,,0,FALSE,FALSE,FALSE,,,,,,State Assembly Election (AE)
Tamil_Nadu,13,135,2026,5,4,0,48,SOUNDARYAN. K,,Independent,13,0,,216829,229995,KARUR,GEN,KARUR,,80,94.28,0.01,yes,0,0.0,3.24,,,0,TRUE,1,,0,,,,0,FALSE,FALSE,FALSE,,,,,,State Assembly Election (AE)
Tamil_Nadu,13,135,2026,5,4,0,49,HARI RAAJ. B,,Independent,13,0,,216829,229995,KARUR,GEN,KARUR,,80,94.28,0.01,yes,1,0.0,3.24,,,0,TRUE,1,,0,,,,0,FALSE,FALSE,FALSE,,,,,,State Assembly Election (AE)
Tamil_Nadu,13,135,2026,5,4,0,50,SATHISH. P,,Independent,12,0,,216829,229995,KARUR,GEN,KARUR,,80,94.28,0.01,yes,1,0.0,3.24,,,0,TRUE,1,,0,,,,0,FALSE,FALSE,FALSE,,,,,,State Assembly Election (AE)
Tamil_Nadu,13,135,2026,5,4,0,51,KANAGARAJ. P,,Independent,11,0,,216829,229995,KARUR,GEN,KARUR,,80,94.28,0.01,yes,0,0.0,3.24,,,0,TRUE,1,,0,,,,0,FALSE,FALSE,FALSE,,,,,,State Assembly Election (AE)
Tamil_Nadu,13,135,2026,5,4,0,52,THIYAGARAJAN. M,,Independent,11,0,,216829,229995,KARUR,GEN,KARUR,,80,94.28,0.01,yes,0,0.0,3.24,,,0,TRUE,1,,0,,,,0,FALSE,FALSE,FALSE,,,,,,State Assembly Election (AE)
Tamil_Nadu,13,135,2026,5,4,0,53,PALANIRAJAN. K,,Independent,11,0,,216829,229995,KARUR,GEN,KARUR,,80,94.28,0.01,yes,0,0.0,3.24,,,0,TRUE,1,,0,,,,0,FALSE,FALSE,FALSE,,,,,,State Assembly Election (AE)
Tamil_Nadu,13,135,2026,5,4,0,54,MANOJ. P,,Independent,11,0,,216829,229995,KARUR,GEN,KARUR,,80,94.28,0.01,yes,0,0.0,3.24,,,0,TRUE,1,,0,,,,0,FALSE,FALSE,FALSE,,,,,,State Assembly Election (AE)
Tamil_Nadu,13,135,2026,5,4,0,55,YOONUS ALI. R,,Independent,11,0,,216829,229995,KARUR,GEN,KARUR,,80,94.28,0.01,yes,1,0.0,3.24,,,0,TRUE,1,,0,,,,0,FALSE,FALSE,FALSE,,,,,,State Assembly Election (AE)
Tamil_Nadu,13,135,2026,5,4,0,56,THIRUGNANAM. M,,Independent,10,0,,216829,229995,KARUR,GEN,KARUR,,80,94.28,0.0,yes,1,0.0,3.24,,,0,TRUE,1,,0,,,,0,FALSE,FALSE,FALSE,,,,,,State Assembly Election (AE)
Tamil_Nadu,13,135,2026,5,4,0,57,SARAVANAN. R,,Independent,9,0,,216829,229995,KARUR,GEN,KARUR,,80,94.28,0.0,yes,0,0.0,3.24,,,0,TRUE,1,,0,,,,0,FALSE,FALSE,FALSE,,,,,,State Assembly Election (AE)
Tamil_Nadu,13,135,2026,5,4,0,58,THAMILALAGAN. A,,Independent,9,0,,216829,229995,KARUR,GEN,KARUR,,80,94.28,0.0,yes,0,0.0,3.24,,,0,TRUE,1,,0,,,,0,FALSE,FALSE,FALSE,,,,,,State Assembly Election (AE)
Tamil_Nadu,13,135,2026,5,4,0,59,VIJAYA BASKAR. R.V,,Independent,9,0,,216829,229995,KARUR,GEN,KARUR,,80,94.28,0.0,yes,1,0.0,3.24,,,0,TRUE,1,,0,,,,0,FALSE,FALSE,FALSE,,,,,,State Assembly Election (AE)
Tamil_Nadu,13,135,2026,5,4,0,60,KARTHIKPERUMAL. R,,Independent,8,0,,216829,229995,KARUR,GEN,KARUR,,80,94.28,0.0,yes,0,0.0,3.24,,,0,TRUE,1,,0,,,,0,FALSE,FALSE,FALSE,,,,,,State Assembly Election (AE)
Tamil_Nadu,13,135,2026,5,4,0,61,GOPALA KRISHNAN. A,,Independent,8,0,,216829,229995,KARUR,GEN,KARUR,,80,94.28,0.0,yes,0,0.0,3.24,,,0,TRUE,1,,0,,,,0,FALSE,FALSE,FALSE,,,,,,State Assembly Election (AE)
Tamil_Nadu,13,135,2026,5,4,0,62,SENTHILKUMAR. G,,Independent,8,0,,216829,229995,KARUR,GEN,KARUR,,80,94.28,0.0,yes,0,0.0,3.24,,,0,TRUE,1,,0,,,,0,FALSE,FALSE,FALSE,,,,,,State Assembly Election (AE)
Tamil_Nadu,13,135,2026,5,4,0,63,SENTHILKUMAR. M,,Independent,8,0,,216829,229995,KARUR,GEN,KARUR,,80,94.28,0.0,yes,0,0.0,3.24,,,0,TRUE,1,,0,,,,0,FALSE,FALSE,FALSE,,,,,,State Assembly Election (AE)
Tamil_Nadu,13,135,2026,5,4,0,64,THANGAVELRAJ. S,,Independent,8,0,,216829,229995,KARUR,GEN,KARUR,,80,94.28,0.0,yes,0,0.0,3.24,,,0,TRUE,1,,0,,,,0,FALSE,FALSE,FALSE,,,,,,State Assembly Election (AE)
Tamil_Nadu,13,135,2026,5,4,0,65,DINESH. B,,Independent,8,0,,216829,229995,KARUR,GEN,KARUR,,80,94.28,0.0,yes,0,0.0,3.24,,,0,TRUE,1,,0,,,,0,FALSE,FALSE,FALSE,,,,,,State Assembly Election (AE)
Tamil_Nadu,13,135,2026,5,4,0,66,RAJAPANDIAN. K,,Independent,8,0,,216829,229995,KARUR,GEN,KARUR,,80,94.28,0.0,yes,1,0.0,3.24,,,0,TRUE,1,,0,,,,0,FALSE,FALSE,FALSE,,,,,,State Assembly Election (AE)
Tamil_Nadu,13,135,2026,5,4,0,67,DANIYA. P,,Independent,7,0,,216829,229995,KARUR,GEN,KARUR,,80,94.28,0.0,yes,2,0.0,3.24,,,0,TRUE,1,,0,,,,0,FALSE,FALSE,FALSE,,,,,,State Assembly Election (AE)
Tamil_Nadu,13,135,2026,5,4,0,68,DURAISAMY. J,,Independent,5,0,,216829,229995,KARUR,GEN,KARUR,,80,94.28,0.0,yes,0,0.0,3.24,,,0,TRUE,1,,0,,,,0,FALSE,FALSE,FALSE,,,,,,State Assembly Election (AE)
Tamil_Nadu,13,135,2026,5,4,0,69,PRASANTH. S,,Independent,5,0,,216829,229995,KARUR,GEN,KARUR,,80,94.28,0.0,yes,0,0.0,3.24,,,0,TRUE,1,,0,,,,0,FALSE,FALSE,FALSE,,,,,,State Assembly Election (AE)
Tamil_Nadu,13,135,2026,5,4,0,70,MANIKANDAN,,Independent,5,0,,216829,229995,KARUR,GEN,KARUR,,80,94.28,0.0,yes,0,0.0,3.24,,,0,TRUE,1,,0,,,,0,FALSE,FALSE,FALSE,,,,,,State Assembly Election (AE)
Tamil_Nadu,13,135,2026,5,4,0,71,MATHANRAJ. P,,Independent,5,0,,216829,229995,KARUR,GEN,KARUR,,80,94.28,0.0,yes,0,0.0,3.24,,,0,TRUE,1,,0,,,,0,FALSE,FALSE,FALSE,,,,,,State Assembly Election (AE)
Tamil_Nadu,13,135,2026,5,4,0,72,VINOTHKUMAR.  N,,Independent,5,0,,216829,229995,KARUR,GEN,KARUR,,80,94.28,0.0,yes,1,0.0,3.24,,,0,TRUE,1,,0,,,,0,FALSE,FALSE,FALSE,,,,,,State Assembly Election (AE)
Tamil_Nadu,13,135,2026,5,4,0,73,PALANIVEL. P,,Independent,4,0,,216829,229995,KARUR,GEN,KARUR,,80,94.28,0.0,yes,0,0.0,3.24,,,0,TRUE,1,,0,,,,0,FALSE,FALSE,FALSE,,,,,,State Assembly Election (AE)
Tamil_Nadu,13,135,2026,5,4,0,74,BASKAR. P,,Independent,4,0,,216829,229995,KARUR,GEN,KARUR,,80,94.28,0.0,yes,0,0.0,3.24,,,0,TRUE,1,,0,,,,0,FALSE,FALSE,FALSE,,,,,,State Assembly Election (AE)
Tamil_Nadu,13,135,2026,5,4,0,75,RAGURAMAN MURUGANANTHAM,,Independent,4,0,,216829,229995,KARUR,GEN,KARUR,,80,94.28,0.0,yes,0,0.0,3.24,,,0,TRUE,1,,0,,,,0,FALSE,FALSE,FALSE,,,,,,State Assembly Election (AE)
Tamil_Nadu,13,135,2026,5,4,0,76,VIJAYAN. K,,Independent,4,0,,216829,229995,KARUR,GEN,KARUR,,80,94.28,0.0,yes,1,0.0,3.24,,,0,TRUE,1,,0,,,,0,FALSE,FALSE,FALSE,,,,,,State Assembly Election (AE)
Tamil_Nadu,13,135,2026,5,4,0,77,SOUNDARA RAJAN. R,,Independent,3,0,,216829,229995,KARUR,GEN,KARUR,,80,94.28,0.0,yes,0,0.0,3.24,,,0,TRUE,1,,0,,,,0,FALSE,FALSE,FALSE,,,,,,State Assembly Election (AE)
Tamil_Nadu,13,135,2026,5,4,0,78,PRAKASH. N,,Independent,3,0,,216829,229995,KARUR,GEN,KARUR,,80,94.28,0.0,yes,0,0.0,3.24,,,0,TRUE,1,,0,,,,0,FALSE,FALSE,FALSE,,,,,,State Assembly Election (AE)
Tamil_Nadu,13,135,2026,5,4,0,79,VINEETH. B,,Independent,3,0,,216829,229995,KARUR,GEN,KARUR,,80,94.28,0.0,yes,1,0.0,3.24,,,0,TRUE,1,,0,,,,0,FALSE,FALSE,FALSE,,,,,,State Assembly Election (AE)
Tamil_Nadu,13,135,2026,5,4,0,80,VIGNESHWARAN. D,,Independent,2,0,,216829,229995,KARUR,GEN,KARUR,,80,94.28,0.0,yes,2,0.0,3.24,,,0,TRUE,1,,0,,,,0,FALSE,FALSE,FALSE,,,,,,State Assembly Election (AE)
Tamil_Nadu,13,136,2026,5,4,0,1,SATHYA. M,,Tamilaga Vettri Kazhagam,62378,0,,189357,202994,KRISHNARAYAPURAM,SC,KARUR,,29,93.28,32.94,no,3503,1.85,3.36,,,0,TRUE,1,,0,,,,0,FALSE,FALSE,FALSE,,,,,,State Assembly Election (AE)
Tamil_Nadu,13,136,2026,5,4,0,2,DR. DHIVYA. S,,All India Anna Dravida Munnetra Kazhagam,58875,0,,189357,202994,KRISHNARAYAPURAM,SC,KARUR,,29,93.28,31.09,no,1583,0.84,3.36,,,0,TRUE,1,,0,,,,0,FALSE,FALSE,FALSE,,,,,,State Assembly Election (AE)
Tamil_Nadu,13,136,2026,5,4,0,3,RAJA. C.K,,Dravida Munnetra Kazhagam,57292,0,,189357,202994,KRISHNARAYAPURAM,SC,KARUR,,29,93.28,30.26,no,51190,27.03,3.36,,,0,TRUE,1,,0,,,,0,FALSE,FALSE,FALSE,,,,,,State Assembly Election (AE)
Tamil_Nadu,13,136,2026,5,4,0,4,SATHIYA. V,,Naam Tamilar Katchi,6102,0,,189357,202994,KRISHNARAYAPURAM,SC,KARUR,,29,93.28,3.22,yes,5577,2.95,3.36,,,0,TRUE,1,,0,,,,0,FALSE,FALSE,FALSE,,,,,,State Assembly Election (AE)
Tamil_Nadu,13,136,2026,5,4,0,5,None Of The Above,,None of the Above,525,0,,189357,202994,KRISHNARAYAPURAM,SC,KARUR,,29,93.28,0.28,yes,149,0.08,3.36,,,0,TRUE,1,,0,,,,0,FALSE,FALSE,FALSE,,,,,,State Assembly Election (AE)
Tamil_Nadu,13,136,2026,5,4,0,6,PARAMESWARAN. M,,Independent,376,0,,189357,202994,KRISHNARAYAPURAM,SC,KARUR,,29,93.28,0.2,yes,70,0.04,3.36,,,0,TRUE,1,,0,,,,0,FALSE,FALSE,FALSE,,,,,,State Assembly Election (AE)
Tamil_Nadu,13,136,2026,5,4,0,7,GOMATHI. M,,Bahujan Samaj Party,306,0,,189357,202994,KRISHNARAYAPURAM,SC,KARUR,,29,93.28,0.16,yes,0,0.0,3.36,,,0,TRUE,1,,0,,,,0,FALSE,FALSE,FALSE,,,,,,State Assembly Election (AE)
Tamil_Nadu,13,136,2026,5,4,0,8,SASIKUMAR. M,,Independent,306,0,,189357,202994,KRISHNARAYAPURAM,SC,KARUR,,29,93.28,0.16,yes,39,0.02,3.36,,,0,TRUE,1,,0,,,,0,FALSE,FALSE,FALSE,,,,,,State Assembly Election (AE)
Tamil_Nadu,13,136,2026,5,4,0,9,MANICKAVEL. R,,Independent,267,0,,189357,202994,KRISHNARAYAPURAM,SC,KARUR,,29,93.28,0.14,yes,10,0.01,3.36,,,0,TRUE,1,,0,,,,0,FALSE,FALSE,FALSE,,,,,,State Assembly Election (AE)
Tamil_Nadu,13,136,2026,5,4,0,10,NAVEENTH. M,,Independent,257,0,,189357,202994,KRISHNARAYAPURAM,SC,KARUR,,29,93.28,0.14,yes,27,0.01,3.36,,,0,TRUE,1,,0,,,,0,FALSE,FALSE,FALSE,,,,,,State Assembly Election (AE)
Tamil_Nadu,13,136,2026,5,4,0,11,BALSAMY. B,,Naadaalum Makkal Katchi,230,0,,189357,202994,KRISHNARAYAPURAM,SC,KARUR,,29,93.28,0.12,yes,2,0.0,3.36,,,0,TRUE,1,,0,,,,0,FALSE,FALSE,FALSE,,,,,,State Assembly Election (AE)
Tamil_Nadu,13,136,2026,5,4,0,12,PRASANTH. D,,Independent,228,0,,189357,202994,KRISHNARAYAPURAM,SC,KARUR,,29,93.28,0.12,yes,2,0.0,3.36,,,0,TRUE,1,,0,,,,0,FALSE,FALSE,FALSE,,,,,,State Assembly Election (AE)
Tamil_Nadu,13,136,2026,5,4,0,13,SAKTHIVEL. A,,Independent,226,0,,189357,202994,KRISHNARAYAPURAM,SC,KARUR,,29,93.28,0.12,yes,14,0.01,3.36,,,0,TRUE,1,,0,,,,0,FALSE,FALSE,FALSE,,,,,,State Assembly Election (AE)
Tamil_Nadu,13,136,2026,5,4,0,14,SENTHIL. P.M,,Independent,212,0,,189357,202994,KRISHNARAYAPURAM,SC,KARUR,,29,93.28,0.11,yes,7,0.0,3.36,,,0,TRUE,1,,0,,,,0,FALSE,FALSE,FALSE,,,,,,State Assembly Election (AE)
Tamil_Nadu,13,136,2026,5,4,0,15,SELVAKUMAR. S,,Independent,205,0,,189357,202994,KRISHNARAYAPURAM,SC,KARUR,,29,93.28,0.11,yes,33,0.02,3.36,,,0,TRUE,1,,0,,,,0,FALSE,FALSE,FALSE,,,,,,State Assembly Election (AE)
Tamil_Nadu,13,136,2026,5,4,0,16,GANESAN. P,,Independent,172,0,,189357,202994,KRISHNARAYAPURAM,SC,KARUR,,29,93.28,0.09,yes,1,0.0,3.36,,,0,TRUE,1,,0,,,,0,FALSE,FALSE,FALSE,,,,,,State Assembly Election (AE)
Tamil_Nadu,13,136,2026,5,4,0,17,CHELLADURAI. M,,Independent,171,0,,189357,202994,KRISHNARAYAPURAM,SC,KARUR,,29,93.28,0.09,yes,4,0.0,3.36,,,0,TRUE,1,,0,,,,0,FALSE,FALSE,FALSE,,,,,,State Assembly Election (AE)
Tamil_Nadu,13,136,2026,5,4,0,18,SARAVANAN. V,,Tamizhaga Vaazhvurimai Katchi,167,0,,189357,202994,KRISHNARAYAPURAM,SC,KARUR,,29,93.28,0.09,yes,2,0.0,3.36,,,0,TRUE,1,,0,,,,0,FALSE,FALSE,FALSE,,,,,,State Assembly Election (AE)
Tamil_Nadu,13,136,2026,5,4,0,19,MURUGAN. S,,Independent,165,0,,189357,202994,KRISHNARAYAPURAM,SC,KARUR,,29,93.28,0.09,yes,42,0.02,3.36,,,0,TRUE,1,,0,,,,0,FALSE,FALSE,FALSE,,,,,,State Assembly Election (AE)
Tamil_Nadu,13,136,2026,5,4,0,20,DINESH KUMAR.A,,Independent,123,0,,189357,202994,KRISHNARAYAPURAM,SC,KARUR,,29,93.28,0.06,yes,2,0.0,3.36,,,0,TRUE,1,,0,,,,0,FALSE,FALSE,FALSE,,,,,,State Assembly Election (AE)
Tamil_Nadu,13,136,2026,5,4,0,21,VIMALRAJ. S,,Independent,121,0,,189357,202994,KRISHNARAYAPURAM,SC,KARUR,,29,93.28,0.06,yes,3,0.0,3.36,,,0,TRUE,1,,0,,,,0,FALSE,FALSE,FALSE,,,,,,State Assembly Election (AE)
Tamil_Nadu,13,136,2026,5,4,0,22,SOUNDRAPANDIAN. S,,Ganasangam Party of India,118,0,,189357,202994,KRISHNARAYAPURAM,SC,KARUR,,29,93.28,0.06,yes,2,0.0,3.36,,,0,TRUE,1,,0,,,,0,FALSE,FALSE,FALSE,,,,,,State Assembly Election (AE)
Tamil_Nadu,13,136,2026,5,4,0,23,DINESH KUMAR. N,,Independent,116,0,,189357,202994,KRISHNARAYAPURAM,SC,KARUR,,29,93.28,0.06,yes,24,0.01,3.36,,,0,TRUE,1,,0,,,,0,FALSE,FALSE,FALSE,,,,,,State Assembly Election (AE)
Tamil_Nadu,13,136,2026,5,4,0,24,MURUGANANDHAM. P.K,,Independent,92,0,,189357,202994,KRISHNARAYAPURAM,SC,KARUR,,29,93.28,0.05,yes,13,0.01,3.36,,,0,TRUE,1,,0,,,,0,FALSE,FALSE,FALSE,,,,,,State Assembly Election (AE)
Tamil_Nadu,13,136,2026,5,4,0,25,RAJAGURU.M,,Samaniya Makkal Nala Katchi,79,0,,189357,202994,KRISHNARAYAPURAM,SC,KARUR,,29,93.28,0.04,yes,8,0.0,3.36,,,0,TRUE,1,,0,,,,0,FALSE,FALSE,FALSE,,,,,,State Assembly Election (AE)
Tamil_Nadu,13,136,2026,5,4,0,26,BABY. P,,Independent,71,0,,189357,202994,KRISHNARAYAPURAM,SC,KARUR,,29,93.28,0.04,yes,3,0.0,3.36,,,0,TRUE,1,,0,,,,0,FALSE,FALSE,FALSE,,,,,,State Assembly Election (AE)
Tamil_Nadu,13,136,2026,5,4,0,27,INDRAGANDHI. P,,Independent,68,0,,189357,202994,KRISHNARAYAPURAM,SC,KARUR,,29,93.28,0.04,yes,4,0.0,3.36,,,0,TRUE,1,,0,,,,0,FALSE,FALSE,FALSE,,,,,,State Assembly Election (AE)
Tamil_Nadu,13,136,2026,5,4,0,28,MAHAMUNI. A,,Independent,64,0,,189357,202994,KRISHNARAYAPURAM,SC,KARUR,,29,93.28,0.03,yes,19,0.01,3.36,,,0,TRUE,1,,0,,,,0,FALSE,FALSE,FALSE,,,,,,State Assembly Election (AE)
Tamil_Nadu,13,136,2026,5,4,0,29,PORSELVAN. B.S,,Independent,45,0,,189357,202994,KRISHNARAYAPURAM,SC,KARUR,,29,93.28,0.02,yes,45,0.02,3.36,,,0,TRUE,1,,0,,,,0,FALSE,FALSE,FALSE,,,,,,State Assembly Election (AE)
Tamil_Nadu,13,137,2026,5,4,0,1,SURIYANUR. A. CHANDRAN,,Dravida Munnetra Kazhagam,68138,0,,209091,223184,KULITHALAI,GEN,KARUR,,30,93.69,32.59,no,579,0.28,3.39,,,0,TRUE,1,,0,,,,0,FALSE,FALSE,FALSE,,,,,,State Assembly Election (AE)
Tamil_Nadu,13,137,2026,5,4,0,2,G.BALASUBRAMANI,,Tamilaga Vettri Kazhagam,67559,0,,209091,223184,KULITHALAI,GEN,KARUR,,30,93.69,32.31,no,7242,3.46,3.39,,,0,TRUE,1,,0,,,,0,FALSE,FALSE,FALSE,,,,,,State Assembly Election (AE)
Tamil_Nadu,13,137,2026,5,4,0,3,S.KARUNAKARAN,,All India Anna Dravida Munnetra Kazhagam,60317,0,,209091,223184,KULITHALAI,GEN,KARUR,,30,93.69,28.85,no,52339,25.03,3.39,,,0,TRUE,1,,0,,,,0,FALSE,FALSE,FALSE,,,,,,State Assembly Election (AE)
Tamil_Nadu,13,137,2026,5,4,0,4,SELVA.NANMAARAN,,Naam Tamilar Katchi,7978,0,,209091,223184,KULITHALAI,GEN,KARUR,,30,93.69,3.82,yes,7366,3.52,3.39,,,0,TRUE,1,,0,,,,0,FALSE,FALSE,FALSE,,,,,,State Assembly Election (AE)
Tamil_Nadu,13,137,2026,5,4,0,5,None Of The Above,,None of the Above,612,0,,209091,223184,KULITHALAI,GEN,KARUR,,30,93.69,0.29,yes,5,0.0,3.39,,,0,TRUE,1,,0,,,,0,FALSE,FALSE,FALSE,,,,,,State Assembly Election (AE)
Tamil_Nadu,13,137,2026,5,4,0,6,S.SENTHILKUMAR,,Independent,607,0,,209091,223184,KULITHALAI,GEN,KARUR,,30,93.69,0.29,yes,119,0.06,3.39,,,0,TRUE,1,,0,,,,0,FALSE,FALSE,FALSE,,,,,,State Assembly Election (AE)
Tamil_Nadu,13,137,2026,5,4,0,7,V.CHINNASAMY,,Independent,488,0,,209091,223184,KULITHALAI,GEN,KARUR,,30,93.69,0.23,yes,36,0.02,3.39,,,0,TRUE,1,,0,,,,0,FALSE,FALSE,FALSE,,,,,,State Assembly Election (AE)
Tamil_Nadu,13,137,2026,5,4,0,8,P.SELVAKUMAR,,Independent,452,0,,209091,223184,KULITHALAI,GEN,KARUR,,30,93.69,0.22,yes,71,0.03,3.39,,,0,TRUE,1,,0,,,,0,FALSE,FALSE,FALSE,,,,,,State Assembly Election (AE)
Tamil_Nadu,13,137,2026,5,4,0,9,D.SARAVANAN,,Independent,381,0,,209091,223184,KULITHALAI,GEN,KARUR,,30,93.69,0.18,yes,51,0.02,3.39,,,0,TRUE,1,,0,,,,0,FALSE,FALSE,FALSE,,,,,,State Assembly Election (AE)
Tamil_Nadu,13,137,2026,5,4,0,10,P.MURUGAN,,Ganasangam Party of India,330,0,,209091,223184,KULITHALAI,GEN,KARUR,,30,93.69,0.16,yes,28,0.01,3.39,,,0,TRUE,1,,0,,,,0,FALSE,FALSE,FALSE,,,,,,State Assembly Election (AE)
Tamil_Nadu,13,137,2026,5,4,0,11,K.SHEIKANWARDEEN,,Independent,302,0,,209091,223184,KULITHALAI,GEN,KARUR,,30,93.69,0.14,yes,85,0.04,3.39,,,0,TRUE,1,,0,,,,0,FALSE,FALSE,FALSE,,,,,,State Assembly Election (AE)
Tamil_Nadu,13,137,2026,5,4,0,12,T.SELVARAJ,,Independent,217,0,,209091,223184,KULITHALAI,GEN,KARUR,,30,93.69,0.1,yes,11,0.01,3.39,,,0,TRUE,1,,0,,,,0,FALSE,FALSE,FALSE,,,,,,State Assembly Election (AE)
Tamil_Nadu,13,137,2026,5,4,0,13,J.SANTHOSH KUMAR,,Independent,206,0,,209091,223184,KULITHALAI,GEN,KARUR,,30,93.69,0.1,yes,24,0.01,3.39,,,0,TRUE,1,,0,,,,0,FALSE,FALSE,FALSE,,,,,,State Assembly Election (AE)
Tamil_Nadu,13,137,2026,5,4,0,14,K.HAKKIM,,Independent,182,0,,209091,223184,KULITHALAI,GEN,KARUR,,30,93.69,0.09,yes,20,0.01,3.39,,,0,TRUE,1,,0,,,,0,FALSE,FALSE,FALSE,,,,,,State Assembly Election (AE)
Tamil_Nadu,13,137,2026,5,4,0,15,B.SAMPATHKUMAR,,Independent,162,0,,209091,223184,KULITHALAI,GEN,KARUR,,30,93.69,0.08,yes,29,0.01,3.39,,,0,TRUE,1,,0,,,,0,FALSE,FALSE,FALSE,,,,,,State Assembly Election (AE)
Tamil_Nadu,13,137,2026,5,4,0,16,CHANDRASEKAR.P,,Independent,133,0,,209091,223184,KULITHALAI,GEN,KARUR,,30,93.69,0.06,yes,16,0.01,3.39,,,0,TRUE,1,,0,,,,0,FALSE,FALSE,FALSE,,,,,,State Assembly Election (AE)
Tamil_Nadu,13,137,2026,5,4,0,17,M.VADIVELAN,,Independent,117,0,,209091,223184,KULITHALAI,GEN,KARUR,,30,93.69,0.06,yes,4,0.0,3.39,,,0,TRUE,1,,0,,,,0,FALSE,FALSE,FALSE,,,,,,State Assembly Election (AE)
Tamil_Nadu,13,137,2026,5,4,0,18,M.ARUNKUMAR,,Independent,113,0,,209091,223184,KULITHALAI,GEN,KARUR,,30,93.69,0.05,yes,18,0.01,3.39,,,0,TRUE,1,,0,,,,0,FALSE,FALSE,FALSE,,,,,,State Assembly Election (AE)
Tamil_Nadu,13,137,2026,5,4,0,19,O.KATHALINGAM,,Independent,95,0,,209091,223184,KULITHALAI,GEN,KARUR,,30,93.69,0.05,yes,11,0.01,3.39,,,0,TRUE,1,,0,,,,0,FALSE,FALSE,FALSE,,,,,,State Assembly Election (AE)
Tamil_Nadu,13,137,2026,5,4,0,20,M.GAYATHIRI,,Independent,84,0,,209091,223184,KULITHALAI,GEN,KARUR,,30,93.69,0.04,yes,1,0.0,3.39,,,0,TRUE,1,,0,,,,0,FALSE,FALSE,FALSE,,,,,,State Assembly Election (AE)
Tamil_Nadu,13,137,2026,5,4,0,21,B.KAJAHMOHIDEEN,,Independent,83,0,,209091,223184,KULITHALAI,GEN,KARUR,,30,93.69,0.04,yes,1,0.0,3.39,,,0,TRUE,1,,0,,,,0,FALSE,FALSE,FALSE,,,,,,State Assembly Election (AE)
Tamil_Nadu,13,137,2026,5,4,0,22,T.MURUGANANTHAM,,Independent,82,0,,209091,223184,KULITHALAI,GEN,KARUR,,30,93.69,0.04,yes,3,0.0,3.39,,,0,TRUE,1,,0,,,,0,FALSE,FALSE,FALSE,,,,,,State Assembly Election (AE)
Tamil_Nadu,13,137,2026,5,4,0,23,K.VEERAMALAI,,Independent,79,0,,209091,223184,KULITHALAI,GEN,KARUR,,30,93.69,0.04,yes,11,0.01,3.39,,,0,TRUE,1,,0,,,,0,FALSE,FALSE,FALSE,,,,,,State Assembly Election (AE)
Tamil_Nadu,13,137,2026,5,4,0,24,S.IMRANKHAN,,Independent,68,0,,209091,223184,KULITHALAI,GEN,KARUR,,30,93.69,0.03,yes,1,0.0,3.39,,,0,TRUE,1,,0,,,,0,FALSE,FALSE,FALSE,,,,,,State Assembly Election (AE)
Tamil_Nadu,13,137,2026,5,4,0,25,M.TAMILSELVAN,,Independent,67,0,,209091,223184,KULITHALAI,GEN,KARUR,,30,93.69,0.03,yes,4,0.0,3.39,,,0,TRUE,1,,0,,,,0,FALSE,FALSE,FALSE,,,,,,State Assembly Election (AE)
Tamil_Nadu,13,137,2026,5,4,0,26,N.RAMAKRISHNAN,,Independent,63,0,,209091,223184,KULITHALAI,GEN,KARUR,,30,93.69,0.03,yes,10,0.0,3.39,,,0,TRUE,1,,0,,,,0,FALSE,FALSE,FALSE,,,,,,State Assembly Election (AE)
Tamil_Nadu,13,137,2026,5,4,0,27,R.ARUNKUMAR,,Independent,53,0,,209091,223184,KULITHALAI,GEN,KARUR,,30,93.69,0.03,yes,7,0.0,3.39,,,0,TRUE,1,,0,,,,0,FALSE,FALSE,FALSE,,,,,,State Assembly Election (AE)
Tamil_Nadu,13,137,2026,5,4,0,28,M.MAYILVAGANAN,,Independent,46,0,,209091,223184,KULITHALAI,GEN,KARUR,,30,93.69,0.02,yes,5,0.0,3.39,,,0,TRUE,1,,0,,,,0,FALSE,FALSE,FALSE,,,,,,State Assembly Election (AE)
Tamil_Nadu,13,137,2026,5,4,0,29,J.MADHAVAN,,Independent,41,0,,209091,223184,KULITHALAI,GEN,KARUR,,30,93.69,0.02,yes,5,0.0,3.39,,,0,TRUE,1,,0,,,,0,FALSE,FALSE,FALSE,,,,,,State Assembly Election (AE)
Tamil_Nadu,13,137,2026,5,4,0,30,J.PRADHAP,,Independent,36,0,,209091,223184,KULITHALAI,GEN,KARUR,,30,93.69,0.02,yes,36,0.02,3.39,,,0,TRUE,1,,0,,,,0,FALSE,FALSE,FALSE,,,,,,State Assembly Election (AE)
Tamil_Nadu,13,138,2026,5,4,0,1,R. KATHIRAVAN,,Tamilaga Vettri Kazhagam,83041,0,,241216,267999,MANAPPARAI,GEN,TIRUCHIRAPPALLI,,19,90.01,34.43,no,1426,0.59,3.34,,,0,TRUE,1,,0,,,,0,FALSE,FALSE,FALSE,,,,,,State Assembly Election (AE)
Tamil_Nadu,13,138,2026,5,4,0,2,DR. PL. VIJAYAKUMAR,,All India Anna Dravida Munnetra Kazhagam,81615,0,,241216,267999,MANAPPARAI,GEN,TIRUCHIRAPPALLI,,19,90.01,33.83,no,20260,8.4,3.34,,,0,TRUE,1,,0,,,,0,FALSE,FALSE,FALSE,,,,,,State Assembly Election (AE)
Tamil_Nadu,13,138,2026,5,4,0,3,P. ABDUL SAMED,,Dravida Munnetra Kazhagam,61355,0,,241216,267999,MANAPPARAI,GEN,TIRUCHIRAPPALLI,,19,90.01,25.44,no,51285,21.26,3.34,,,0,TRUE,1,,0,,,,0,FALSE,FALSE,FALSE,,,,,,State Assembly Election (AE)
Tamil_Nadu,13,138,2026,5,4,0,4,M. ARUNAGIRI,,Naam Tamilar Katchi,10070,0,,241216,267999,MANAPPARAI,GEN,TIRUCHIRAPPALLI,,19,90.01,4.17,yes,9121,3.78,3.34,,,0,TRUE,1,,0,,,,0,FALSE,FALSE,FALSE,,,,,,State Assembly Election (AE)
Tamil_Nadu,13,138,2026,5,4,0,5,None Of The Above,,None of the Above,949,0,,241216,267999,MANAPPARAI,GEN,TIRUCHIRAPPALLI,,19,90.01,0.39,yes,228,0.09,3.34,,,0,TRUE,1,,0,,,,0,FALSE,FALSE,FALSE,,,,,,State Assembly Election (AE)
Tamil_Nadu,13,138,2026,5,4,0,6,AROCKIARAJ .A,,Samaniya Makkal Nala Katchi,721,0,,241216,267999,MANAPPARAI,GEN,TIRUCHIRAPPALLI,,19,90.01,0.3,yes,126,0.05,3.34,,,0,TRUE,1,,0,,,,0,FALSE,FALSE,FALSE,,,,,,State Assembly Election (AE)
Tamil_Nadu,13,138,2026,5,4,0,7,P. VIJAYAKUMAR,,Independent,595,0,,241216,267999,MANAPPARAI,GEN,TIRUCHIRAPPALLI,,19,90.01,0.25,yes,41,0.02,3.34,,,0,TRUE,1,,0,,,,0,FALSE,FALSE,FALSE,,,,,,State Assembly Election (AE)
Tamil_Nadu,13,138,2026,5,4,0,8,RAJESH .M,,Independent,554,0,,241216,267999,MANAPPARAI,GEN,TIRUCHIRAPPALLI,,19,90.01,0.23,yes,221,0.09,3.34,,,0,TRUE,1,,0,,,,0,FALSE,FALSE,FALSE,,,,,,State Assembly Election (AE)
Tamil_Nadu,13,138,2026,5,4,0,9,SARPHUDIN,,Independent,333,0,,241216,267999,MANAPPARAI,GEN,TIRUCHIRAPPALLI,,19,90.01,0.14,yes,58,0.02,3.34,,,0,TRUE,1,,0,,,,0,FALSE,FALSE,FALSE,,,,,,State Assembly Election (AE)
Tamil_Nadu,13,138,2026,5,4,0,10,P. MEENA,,Puthiya Tamilagam,275,0,,241216,267999,MANAPPARAI,GEN,TIRUCHIRAPPALLI,,19,90.01,0.11,yes,1,0.0,3.34,,,0,TRUE,1,,0,,,,0,FALSE,FALSE,FALSE,,,,,,State Assembly Election (AE)
Tamil_Nadu,13,138,2026,5,4,0,11,M. KARUPPAN,,Independent,274,0,,241216,267999,MANAPPARAI,GEN,TIRUCHIRAPPALLI,,19,90.01,0.11,yes,2,0.0,3.34,,,0,TRUE,1,,0,,,,0,FALSE,FALSE,FALSE,,,,,,State Assembly Election (AE)
Tamil_Nadu,13,138,2026,5,4,0,12,A. SENTHIL KUMAR,,Independent,272,0,,241216,267999,MANAPPARAI,GEN,TIRUCHIRAPPALLI,,19,90.01,0.11,yes,34,0.01,3.34,,,0,TRUE,1,,0,,,,0,FALSE,FALSE,FALSE,,,,,,State Assembly Election (AE)
Tamil_Nadu,13,138,2026,5,4,0,13,PERIYAKKA,,Independent,238,0,,241216,267999,MANAPPARAI,GEN,TIRUCHIRAPPALLI,,19,90.01,0.1,yes,55,0.02,3.34,,,0,TRUE,1,,0,,,,0,FALSE,FALSE,FALSE,,,,,,State Assembly Election (AE)
Tamil_Nadu,13,138,2026,5,4,0,14,P. CHINNAN,,Independent,183,0,,241216,267999,MANAPPARAI,GEN,TIRUCHIRAPPALLI,,19,90.01,0.08,yes,3,0.0,3.34,,,0,TRUE,1,,0,,,,0,FALSE,FALSE,FALSE,,,,,,State Assembly Election (AE)
Tamil_Nadu,13,138,2026,5,4,0,15,KATHIRAVAN .M,,Independent,180,0,,241216,267999,MANAPPARAI,GEN,TIRUCHIRAPPALLI,,19,90.01,0.07,yes,7,0.0,3.34,,,0,TRUE,1,,0,,,,0,FALSE,FALSE,FALSE,,,,,,State Assembly Election (AE)
Tamil_Nadu,13,138,2026,5,4,0,16,M. VIJAYA KUMAR,,Independent,173,0,,241216,267999,MANAPPARAI,GEN,TIRUCHIRAPPALLI,,19,90.01,0.07,yes,18,0.01,3.34,,,0,TRUE,1,,0,,,,0,FALSE,FALSE,FALSE,,,,,,State Assembly Election (AE)
Tamil_Nadu,13,138,2026,5,4,0,17,RAJAVARMAN .R,,Tamizhaga Vaazhvurimai Katchi,155,0,,241216,267999,MANAPPARAI,GEN,TIRUCHIRAPPALLI,,19,90.01,0.06,yes,29,0.01,3.34,,,0,TRUE,1,,0,,,,0,FALSE,FALSE,FALSE,,,,,,State Assembly Election (AE)
Tamil_Nadu,13,138,2026,5,4,0,18,KUTTAIAN,,Independent,126,0,,241216,267999,MANAPPARAI,GEN,TIRUCHIRAPPALLI,,19,90.01,0.05,yes,19,0.01,3.34,,,0,TRUE,1,,0,,,,0,FALSE,FALSE,FALSE,,,,,,State Assembly Election (AE)
Tamil_Nadu,13,138,2026,5,4,0,19,A. RAMAN,,Independent,107,0,,241216,267999,MANAPPARAI,GEN,TIRUCHIRAPPALLI,,19,90.01,0.04,yes,107,0.04,3.34,,,0,TRUE,1,,0,,,,0,FALSE,FALSE,FALSE,,,,,,State Assembly Election (AE)
Tamil_Nadu,13,139,2026,5,4,0,1,RAMESH,,Tamilaga Vettri Kazhagam,103235,0,,254985,287027,SRIRANGAM,GEN,TIRUCHIRAPPALLI,,22,88.84,40.49,no,33590,13.17,3.26,,,0,TRUE,1,,0,,,,0,FALSE,FALSE,FALSE,,,,,,State Assembly Election (AE)
Tamil_Nadu,13,139,2026,5,4,0,2,S. DURAIRAJ,,Dravida Munnetra Kazhagam,69645,0,,254985,287027,SRIRANGAM,GEN,TIRUCHIRAPPALLI,,22,88.84,27.31,no,3826,1.5,3.26,,,0,TRUE,1,,0,,,,0,FALSE,FALSE,FALSE,,,,,,State Assembly Election (AE)
Tamil_Nadu,13,139,2026,5,4,0,3,R.MANOHARAN,,All India Anna Dravida Munnetra Kazhagam,65819,0,,254985,287027,SRIRANGAM,GEN,TIRUCHIRAPPALLI,,22,88.84,25.81,no,54793,21.49,3.26,,,0,TRUE,1,,0,,,,0,FALSE,FALSE,FALSE,,,,,,State Assembly Election (AE)
Tamil_Nadu,13,139,2026,5,4,0,4,DHARMARAJ. M,,Naam Tamilar Katchi,11026,0,,254985,287027,SRIRANGAM,GEN,TIRUCHIRAPPALLI,,22,88.84,4.32,yes,10097,3.96,3.26,,,0,TRUE,1,,0,,,,0,FALSE,FALSE,FALSE,,,,,,State Assembly Election (AE)
Tamil_Nadu,13,139,2026,5,4,0,5,None Of The Above,,None of the Above,929,0,,254985,287027,SRIRANGAM,GEN,TIRUCHIRAPPALLI,,22,88.84,0.36,yes,491,0.19,3.26,,,0,TRUE,1,,0,,,,0,FALSE,FALSE,FALSE,,,,,,State Assembly Election (AE)
Tamil_Nadu,13,139,2026,5,4,0,6,VIJAY .A,,All India Puratchi Thalaivar Makkal Munnettra Kazhagam,438,0,,254985,287027,SRIRANGAM,GEN,TIRUCHIRAPPALLI,,22,88.84,0.17,yes,33,0.01,3.26,,,0,TRUE,1,,0,,,,0,FALSE,FALSE,FALSE,,,,,,State Assembly Election (AE)
Tamil_Nadu,13,139,2026,5,4,0,7,MURALI .N,,Tamizhaga Vaazhvurimai Katchi,405,0,,254985,287027,SRIRANGAM,GEN,TIRUCHIRAPPALLI,,22,88.84,0.16,yes,1,0.0,3.26,,,0,TRUE,1,,0,,,,0,FALSE,FALSE,FALSE,,,,,,State Assembly Election (AE)
Tamil_Nadu,13,139,2026,5,4,0,8,RAMESH.R,,Independent,404,0,,254985,287027,SRIRANGAM,GEN,TIRUCHIRAPPALLI,,22,88.84,0.16,yes,33,0.01,3.26,,,0,TRUE,1,,0,,,,0,FALSE,FALSE,FALSE,,,,,,State Assembly Election (AE)
Tamil_Nadu,13,139,2026,5,4,0,9,ALLIMUTHU.M,,Bahujan Samaj Party,371,0,,254985,287027,SRIRANGAM,GEN,TIRUCHIRAPPALLI,,22,88.84,0.15,yes,73,0.03,3.26,,,0,TRUE,1,,0,,,,0,FALSE,FALSE,FALSE,,,,,,State Assembly Election (AE)
Tamil_Nadu,13,139,2026,5,4,0,10,KRISHNAKUMAR.A,,Independent,298,0,,254985,287027,SRIRANGAM,GEN,TIRUCHIRAPPALLI,,22,88.84,0.12,yes,0,0.0,3.26,,,0,TRUE,1,,0,,,,0,FALSE,FALSE,FALSE,,,,,,State Assembly Election (AE)
Tamil_Nadu,13,139,2026,5,4,0,11,SHASHI KIRAN .K .N,,Independent,298,0,,254985,287027,SRIRANGAM,GEN,TIRUCHIRAPPALLI,,22,88.84,0.12,yes,0,0.0,3.26,,,0,TRUE,1,,0,,,,0,FALSE,FALSE,FALSE,,,,,,State Assembly Election (AE)
Tamil_Nadu,13,139,2026,5,4,0,12,S. DURAIRAJ,,Independent,298,0,,254985,287027,SRIRANGAM,GEN,TIRUCHIRAPPALLI,,22,88.84,0.12,yes,6,0.0,3.26,,,0,TRUE,1,,0,,,,0,FALSE,FALSE,FALSE,,,,,,State Assembly Election (AE)
Tamil_Nadu,13,139,2026,5,4,0,13,KAMARAJ.K,,Samaniya Makkal Nala Katchi,292,0,,254985,287027,SRIRANGAM,GEN,TIRUCHIRAPPALLI,,22,88.84,0.11,yes,3,0.0,3.26,,,0,TRUE,1,,0,,,,0,FALSE,FALSE,FALSE,,,,,,State Assembly Election (AE)
Tamil_Nadu,13,139,2026,5,4,0,14,MUTHUKUMAR.P,,Independent,289,0,,254985,287027,SRIRANGAM,GEN,TIRUCHIRAPPALLI,,22,88.84,0.11,yes,28,0.01,3.26,,,0,TRUE,1,,0,,,,0,FALSE,FALSE,FALSE,,,,,,State Assembly Election (AE)
Tamil_Nadu,13,139,2026,5,4,0,15,ANBARASAN.M,,Independent,261,0,,254985,287027,SRIRANGAM,GEN,TIRUCHIRAPPALLI,,22,88.84,0.1,yes,43,0.02,3.26,,,0,TRUE,1,,0,,,,0,FALSE,FALSE,FALSE,,,,,,State Assembly Election (AE)
Tamil_Nadu,13,139,2026,5,4,0,16,KARTHICK.S,,Independent,218,0,,254985,287027,SRIRANGAM,GEN,TIRUCHIRAPPALLI,,22,88.84,0.09,yes,52,0.02,3.26,,,0,TRUE,1,,0,,,,0,FALSE,FALSE,FALSE,,,,,,State Assembly Election (AE)
Tamil_Nadu,13,139,2026,5,4,0,17,KUMAR. P,,Akila Inthiya Makkal Marumalarchi Kazhakam,166,0,,254985,287027,SRIRANGAM,GEN,TIRUCHIRAPPALLI,,22,88.84,0.07,yes,0,0.0,3.26,,,0,TRUE,1,,0,,,,0,FALSE,FALSE,FALSE,,,,,,State Assembly Election (AE)
Tamil_Nadu,13,139,2026,5,4,0,18,NEWTON.A,,Puthiya Tamilagam,166,0,,254985,287027,SRIRANGAM,GEN,TIRUCHIRAPPALLI,,22,88.84,0.07,yes,8,0.0,3.26,,,0,TRUE,1,,0,,,,0,FALSE,FALSE,FALSE,,,,,,State Assembly Election (AE)
Tamil_Nadu,13,139,2026,5,4,0,19,K. SAKTHIVEL,,Anna Puratchi Thalaivar Amma Dravida Munnetra Kazhagam,158,0,,254985,287027,SRIRANGAM,GEN,TIRUCHIRAPPALLI,,22,88.84,0.06,yes,59,0.02,3.26,,,0,TRUE,1,,0,,,,0,FALSE,FALSE,FALSE,,,,,,State Assembly Election (AE)
Tamil_Nadu,13,139,2026,5,4,0,20,RAVICHANDIRAN.N,,Independent,99,0,,254985,287027,SRIRANGAM,GEN,TIRUCHIRAPPALLI,,22,88.84,0.04,yes,13,0.01,3.26,,,0,TRUE,1,,0,,,,0,FALSE,FALSE,FALSE,,,,,,State Assembly Election (AE)
Tamil_Nadu,13,139,2026,5,4,0,21,PARAMASIVAM,,Independent,86,0,,254985,287027,SRIRANGAM,GEN,TIRUCHIRAPPALLI,,22,88.84,0.03,yes,2,0.0,3.26,,,0,TRUE,1,,0,,,,0,FALSE,FALSE,FALSE,,,,,,State Assembly Election (AE)
Tamil_Nadu,13,139,2026,5,4,0,22,MOHAMED MUSTHAFA. M,,Independent,84,0,,254985,287027,SRIRANGAM,GEN,TIRUCHIRAPPALLI,,22,88.84,0.03,yes,84,0.03,3.26,,,0,TRUE,1,,0,,,,0,FALSE,FALSE,FALSE,,,,,,State Assembly Election (AE)
Tamil_Nadu,13,140,2026,5,4,0,1,K.N.NEHRU,,Dravida Munnetra Kazhagam,88235,0,,196347,238920,TIRUCHIRAPPALLI (WEST),GEN,TIRUCHIRAPPALLI,,15,82.18,44.94,no,4786,2.44,2.57,,,0,TRUE,1,,0,,,,0,FALSE,FALSE,FALSE,,,,,,State Assembly Election (AE)
Tamil_Nadu,13,140,2026,5,4,0,2,G.RAMAMOORTHI,,Tamilaga Vettri Kazhagam,83449,0,,196347,238920,TIRUCHIRAPPALLI (WEST),GEN,TIRUCHIRAPPALLI,,15,82.18,42.5,no,69313,35.3,2.57,,,0,TRUE,1,,0,,,,0,FALSE,FALSE,FALSE,,,,,,State Assembly Election (AE)
Tamil_Nadu,13,140,2026,5,4,0,3,M.RAJASEKARAN,,Amma Makkal Munnettra Kazagam,14136,0,,196347,238920,TIRUCHIRAPPALLI (WEST),GEN,TIRUCHIRAPPALLI,,15,82.18,7.2,yes,6666,3.4,2.57,,,0,TRUE,1,,0,,,,0,FALSE,FALSE,FALSE,,,,,,State Assembly Election (AE)
Tamil_Nadu,13,140,2026,5,4,0,4,K.BHUVANESWARI,,Naam Tamilar Katchi,7470,0,,196347,238920,TIRUCHIRAPPALLI (WEST),GEN,TIRUCHIRAPPALLI,,15,82.18,3.8,yes,6372,3.25,2.57,,,0,TRUE,1,,0,,,,0,FALSE,FALSE,FALSE,,,,,,State Assembly Election (AE)
Tamil_Nadu,13,140,2026,5,4,0,5,None Of The Above,,None of the Above,1098,0,,196347,238920,TIRUCHIRAPPALLI (WEST),GEN,TIRUCHIRAPPALLI,,15,82.18,0.56,yes,645,0.33,2.57,,,0,TRUE,1,,0,,,,0,FALSE,FALSE,FALSE,,,,,,State Assembly Election (AE)
Tamil_Nadu,13,140,2026,5,4,0,6,CHINNAIYAN POOSARI,,Bahujan Samaj Party,453,0,,196347,238920,TIRUCHIRAPPALLI (WEST),GEN,TIRUCHIRAPPALLI,,15,82.18,0.23,yes,130,0.07,2.57,,,0,TRUE,1,,0,,,,0,FALSE,FALSE,FALSE,,,,,,State Assembly Election (AE)
Tamil_Nadu,13,140,2026,5,4,0,7,JEEVANANTHAM.M,,Independent,323,0,,196347,238920,TIRUCHIRAPPALLI (WEST),GEN,TIRUCHIRAPPALLI,,15,82.18,0.16,yes,13,0.01,2.57,,,0,TRUE,1,,0,,,,0,FALSE,FALSE,FALSE,,,,,,State Assembly Election (AE)
Tamil_Nadu,13,140,2026,5,4,0,8,R.PRABU,,Tamizhaga Vaazhvurimai Katchi,310,0,,196347,238920,TIRUCHIRAPPALLI (WEST),GEN,TIRUCHIRAPPALLI,,15,82.18,0.16,yes,152,0.08,2.57,,,0,TRUE,1,,0,,,,0,FALSE,FALSE,FALSE,,,,,,State Assembly Election (AE)
Tamil_Nadu,13,140,2026,5,4,0,9,A.VASUDEVAN,,Independent,158,0,,196347,238920,TIRUCHIRAPPALLI (WEST),GEN,TIRUCHIRAPPALLI,,15,82.18,0.08,yes,6,0.0,2.57,,,0,TRUE,1,,0,,,,0,FALSE,FALSE,FALSE,,,,,,State Assembly Election (AE)
Tamil_Nadu,13,140,2026,5,4,0,10,SAMPATH,,Independent,152,0,,196347,238920,TIRUCHIRAPPALLI (WEST),GEN,TIRUCHIRAPPALLI,,15,82.18,0.08,yes,12,0.01,2.57,,,0,TRUE,1,,0,,,,0,FALSE,FALSE,FALSE,,,,,,State Assembly Election (AE)
Tamil_Nadu,13,140,2026,5,4,0,11,A.VEERAMANI,,Samaniya Makkal Nala Katchi,140,0,,196347,238920,TIRUCHIRAPPALLI (WEST),GEN,TIRUCHIRAPPALLI,,15,82.18,0.07,yes,18,0.01,2.57,,,0,TRUE,1,,0,,,,0,FALSE,FALSE,FALSE,,,,,,State Assembly Election (AE)
Tamil_Nadu,13,140,2026,5,4,0,12,SUNDARAPANDIYARAJA,,Independent,122,0,,196347,238920,TIRUCHIRAPPALLI (WEST),GEN,TIRUCHIRAPPALLI,,15,82.18,0.06,yes,5,0.0,2.57,,,0,TRUE,1,,0,,,,0,FALSE,FALSE,FALSE,,,,,,State Assembly Election (AE)
Tamil_Nadu,13,140,2026,5,4,0,13,P.RAJENDRAN,,Independent,117,0,,196347,238920,TIRUCHIRAPPALLI (WEST),GEN,TIRUCHIRAPPALLI,,15,82.18,0.06,yes,9,0.0,2.57,,,0,TRUE,1,,0,,,,0,FALSE,FALSE,FALSE,,,,,,State Assembly Election (AE)
Tamil_Nadu,13,140,2026,5,4,0,14,M.KALAIMANI,,Independent,108,0,,196347,238920,TIRUCHIRAPPALLI (WEST),GEN,TIRUCHIRAPPALLI,,15,82.18,0.06,yes,32,0.02,2.57,,,0,TRUE,1,,0,,,,0,FALSE,FALSE,FALSE,,,,,,State Assembly Election (AE)
Tamil_Nadu,13,140,2026,5,4,0,15,M.CHANDRASEKARAN,,Independent,76,0,,196347,238920,TIRUCHIRAPPALLI (WEST),GEN,TIRUCHIRAPPALLI,,15,82.18,0.04,yes,76,0.04,2.57,,,0,TRUE,1,,0,,,,0,FALSE,FALSE,FALSE,,,,,,State Assembly Election (AE)
Tamil_Nadu,13,141,2026,5,4,0,1,C. JOSEPH VIJAY,,Tamilaga Vettri Kazhagam,91381,0,,182493,220191,TIRUCHIRAPPALLI (EAST),GEN,TIRUCHIRAPPALLI,,21,82.88,50.07,no,27416,15.02,2.59,,,0,TRUE,1,,0,,,,0,FALSE,FALSE,FALSE,,,,,,State Assembly Election (AE)
Tamil_Nadu,13,141,2026,5,4,0,2,S. INIGO IRUDAYARAJ,,Dravida Munnetra Kazhagam,63965,0,,182493,220191,TIRUCHIRAPPALLI (EAST),GEN,TIRUCHIRAPPALLI,,21,82.88,35.05,no,44250,24.25,2.59,,,0,TRUE,1,,0,,,,0,FALSE,FALSE,FALSE,,,,,,State Assembly Election (AE)
Tamil_Nadu,13,141,2026,5,4,0,3,G. RAJASEKARAN,,All India Anna Dravida Munnetra Kazhagam,19715,0,,182493,220191,TIRUCHIRAPPALLI (EAST),GEN,TIRUCHIRAPPALLI,,21,82.88,10.8,yes,14925,8.18,2.59,,,0,TRUE,1,,0,,,,0,FALSE,FALSE,FALSE,,,,,,State Assembly Election (AE)
Tamil_Nadu,13,141,2026,5,4,0,4,DR.KRISHNASAMY .V,,Naam Tamilar Katchi,4790,0,,182493,220191,TIRUCHIRAPPALLI (EAST),GEN,TIRUCHIRAPPALLI,,21,82.88,2.62,yes,4276,2.34,2.59,,,0,TRUE,1,,0,,,,0,FALSE,FALSE,FALSE,,,,,,State Assembly Election (AE)
Tamil_Nadu,13,141,2026,5,4,0,5,None Of The Above,,None of the Above,514,0,,182493,220191,TIRUCHIRAPPALLI (EAST),GEN,TIRUCHIRAPPALLI,,21,82.88,0.28,yes,124,0.07,2.59,,,0,TRUE,1,,0,,,,0,FALSE,FALSE,FALSE,,,,,,State Assembly Election (AE)
Tamil_Nadu,13,141,2026,5,4,0,6,P. CHARLES SAGAYARAJ,,Independent,390,0,,182493,220191,TIRUCHIRAPPALLI (EAST),GEN,TIRUCHIRAPPALLI,,21,82.88,0.21,yes,155,0.08,2.59,,,0,TRUE,1,,0,,,,0,FALSE,FALSE,FALSE,,,,,,State Assembly Election (AE)
Tamil_Nadu,13,141,2026,5,4,0,7,VIJAIA MOHANAAJI .MA,,Vidial Valarchi Perani,235,0,,182493,220191,TIRUCHIRAPPALLI (EAST),GEN,TIRUCHIRAPPALLI,,21,82.88,0.13,yes,1,0.0,2.59,,,0,TRUE,1,,0,,,,0,FALSE,FALSE,FALSE,,,,,,State Assembly Election (AE)
Tamil_Nadu,13,141,2026,5,4,0,8,R. ELANGOVAN,,Bahujan Samaj Party,234,0,,182493,220191,TIRUCHIRAPPALLI (EAST),GEN,TIRUCHIRAPPALLI,,21,82.88,0.13,yes,67,0.04,2.59,,,0,TRUE,1,,0,,,,0,FALSE,FALSE,FALSE,,,,,,State Assembly Election (AE)
Tamil_Nadu,13,141,2026,5,4,0,9,ROYAL RAJA,,Tamizhaga Vaazhvurimai Katchi,167,0,,182493,220191,TIRUCHIRAPPALLI (EAST),GEN,TIRUCHIRAPPALLI,,21,82.88,0.09,yes,26,0.01,2.59,,,0,TRUE,1,,0,,,,0,FALSE,FALSE,FALSE,,,,,,State Assembly Election (AE)
Tamil_Nadu,13,141,2026,5,4,0,10,VIJAY .K,,All India Jananayaka Makkal Kazhagam,141,0,,182493,220191,TIRUCHIRAPPALLI (EAST),GEN,TIRUCHIRAPPALLI,,21,82.88,0.08,yes,3,0.0,2.59,,,0,TRUE,1,,0,,,,0,FALSE,FALSE,FALSE,,,,,,State Assembly Election (AE)
Tamil_Nadu,13,141,2026,5,4,0,11,KANNAN .S,,Independent,138,0,,182493,220191,TIRUCHIRAPPALLI (EAST),GEN,TIRUCHIRAPPALLI,,21,82.88,0.08,yes,6,0.0,2.59,,,0,TRUE,1,,0,,,,0,FALSE,FALSE,FALSE,,,,,,State Assembly Election (AE)
Tamil_Nadu,13,141,2026,5,4,0,12,C. NANDA KUMAR,,All India Puratchi Thalaivar Makkal Munnettra Kazhagam,132,0,,182493,220191,TIRUCHIRAPPALLI (EAST),GEN,TIRUCHIRAPPALLI,,21,82.88,0.07,yes,8,0.0,2.59,,,0,TRUE,1,,0,,,,0,FALSE,FALSE,FALSE,,,,,,State Assembly Election (AE)
Tamil_Nadu,13,141,2026,5,4,0,13,G. SEBASTIAN ANAND,,Independent,124,0,,182493,220191,TIRUCHIRAPPALLI (EAST),GEN,TIRUCHIRAPPALLI,,21,82.88,0.07,yes,15,0.01,2.59,,,0,TRUE,1,,0,,,,0,FALSE,FALSE,FALSE,,,,,,State Assembly Election (AE)
Tamil_Nadu,13,141,2026,5,4,0,14,S. PANNEER SELVAM,,Independent,109,0,,182493,220191,TIRUCHIRAPPALLI (EAST),GEN,TIRUCHIRAPPALLI,,21,82.88,0.06,yes,4,0.0,2.59,,,0,TRUE,1,,0,,,,0,FALSE,FALSE,FALSE,,,,,,State Assembly Election (AE)
Tamil_Nadu,13,141,2026,5,4,0,15,ANAND SELVARAJ,,National Maha Sabha Party,105,0,,182493,220191,TIRUCHIRAPPALLI (EAST),GEN,TIRUCHIRAPPALLI,,21,82.88,0.06,yes,4,0.0,2.59,,,0,TRUE,1,,0,,,,0,FALSE,FALSE,FALSE,,,,,,State Assembly Election (AE)
Tamil_Nadu,13,141,2026,5,4,0,16,SUKUMAR .S,,Thamizhaka Padaippalar Makkal Katchi,101,0,,182493,220191,TIRUCHIRAPPALLI (EAST),GEN,TIRUCHIRAPPALLI,,21,82.88,0.06,yes,22,0.01,2.59,,,0,TRUE,1,,0,,,,0,FALSE,FALSE,FALSE,,,,,,State Assembly Election (AE)
Tamil_Nadu,13,141,2026,5,4,0,17,T. GANGAI ULAGANATHAN,,Independent,79,0,,182493,220191,TIRUCHIRAPPALLI (EAST),GEN,TIRUCHIRAPPALLI,,21,82.88,0.04,yes,16,0.01,2.59,,,0,TRUE,1,,0,,,,0,FALSE,FALSE,FALSE,,,,,,State Assembly Election (AE)
Tamil_Nadu,13,141,2026,5,4,0,18,N. GOBINATH,,Puthiya Tamilagam,63,0,,182493,220191,TIRUCHIRAPPALLI (EAST),GEN,TIRUCHIRAPPALLI,,21,82.88,0.03,yes,15,0.01,2.59,,,0,TRUE,1,,0,,,,0,FALSE,FALSE,FALSE,,,,,,State Assembly Election (AE)
Tamil_Nadu,13,141,2026,5,4,0,19,P. RAJENDRAN,,Independent,48,0,,182493,220191,TIRUCHIRAPPALLI (EAST),GEN,TIRUCHIRAPPALLI,,21,82.88,0.03,yes,17,0.01,2.59,,,0,TRUE,1,,0,,,,0,FALSE,FALSE,FALSE,,,,,,State Assembly Election (AE)
Tamil_Nadu,13,141,2026,5,4,0,20,R. MUTHUKUMAR,,Samaniya Makkal Nala Katchi,31,0,,182493,220191,TIRUCHIRAPPALLI (EAST),GEN,TIRUCHIRAPPALLI,,21,82.88,0.02,yes,0,0.0,2.59,,,0,TRUE,1,,0,,,,0,FALSE,FALSE,FALSE,,,,,,State Assembly Election (AE)
Tamil_Nadu,13,141,2026,5,4,0,21,J. ROBERT CHRISTY,,Independent,31,0,,182493,220191,TIRUCHIRAPPALLI (EAST),GEN,TIRUCHIRAPPALLI,,21,82.88,0.02,yes,31,0.02,2.59,,,0,TRUE,1,,0,,,,0,FALSE,FALSE,FALSE,,,,,,State Assembly Election (AE)
Tamil_Nadu,13,142,2026,5,4,0,1,VIJAYAKUMAR (A) NAVALPATTU S. VIJI,,Tamilaga Vettri Kazhagam,89837,0,,213583,259546,THIRUVERUMBUR,GEN,TIRUCHIRAPPALLI,,27,82.29,42.06,no,8705,4.08,2.92,,,0,TRUE,1,,0,,,,0,FALSE,FALSE,FALSE,,,,,,State Assembly Election (AE)
Tamil_Nadu,13,142,2026,5,4,0,2,ANBIL MAHESH POYYAMOZHI,,Dravida Munnetra Kazhagam,81132,0,,213583,259546,THIRUVERUMBUR,GEN,TIRUCHIRAPPALLI,,27,82.29,37.99,no,51659,24.19,2.92,,,0,TRUE,1,,0,,,,0,FALSE,FALSE,FALSE,,,,,,State Assembly Election (AE)
Tamil_Nadu,13,142,2026,5,4,0,3,KUMAR. P,,All India Anna Dravida Munnetra Kazhagam,29473,0,,213583,259546,THIRUVERUMBUR,GEN,TIRUCHIRAPPALLI,,27,82.29,13.8,yes,20162,9.44,2.92,,,0,TRUE,1,,0,,,,0,FALSE,FALSE,FALSE,,,,,,State Assembly Election (AE)
Tamil_Nadu,13,142,2026,5,4,0,4,RAJESSH. T,,Naam Tamilar Katchi,9311,0,,213583,259546,THIRUVERUMBUR,GEN,TIRUCHIRAPPALLI,,27,82.29,4.36,yes,8566,4.01,2.92,,,0,TRUE,1,,0,,,,0,FALSE,FALSE,FALSE,,,,,,State Assembly Election (AE)
Tamil_Nadu,13,142,2026,5,4,0,5,None Of The Above,,None of the Above,745,0,,213583,259546,THIRUVERUMBUR,GEN,TIRUCHIRAPPALLI,,27,82.29,0.35,yes,304,0.14,2.92,,,0,TRUE,1,,0,,,,0,FALSE,FALSE,FALSE,,,,,,State Assembly Election (AE)
Tamil_Nadu,13,142,2026,5,4,0,6,MURUGANANTHAM. G,,Independent,441,0,,213583,259546,THIRUVERUMBUR,GEN,TIRUCHIRAPPALLI,,27,82.29,0.21,yes,150,0.07,2.92,,,0,TRUE,1,,0,,,,0,FALSE,FALSE,FALSE,,,,,,State Assembly Election (AE)
Tamil_Nadu,13,142,2026,5,4,0,7,POULOSH. D,,Independent,291,0,,213583,259546,THIRUVERUMBUR,GEN,TIRUCHIRAPPALLI,,27,82.29,0.14,yes,38,0.02,2.92,,,0,TRUE,1,,0,,,,0,FALSE,FALSE,FALSE,,,,,,State Assembly Election (AE)
Tamil_Nadu,13,142,2026,5,4,0,8,RANJITH. S,,Tamizhaga Vaazhvurimai Katchi,253,0,,213583,259546,THIRUVERUMBUR,GEN,TIRUCHIRAPPALLI,,27,82.29,0.12,yes,16,0.01,2.92,,,0,TRUE,1,,0,,,,0,FALSE,FALSE,FALSE,,,,,,State Assembly Election (AE)
Tamil_Nadu,13,142,2026,5,4,0,9,PITCHAIMUTHU. A,,Puthiya Tamilagam,237,0,,213583,259546,THIRUVERUMBUR,GEN,TIRUCHIRAPPALLI,,27,82.29,0.11,yes,34,0.02,2.92,,,0,TRUE,1,,0,,,,0,FALSE,FALSE,FALSE,,,,,,State Assembly Election (AE)
Tamil_Nadu,13,142,2026,5,4,0,10,DR. MOHANA CHELVAN. P,,Independent,203,0,,213583,259546,THIRUVERUMBUR,GEN,TIRUCHIRAPPALLI,,27,82.29,0.1,yes,9,0.0,2.92,,,0,TRUE,1,,0,,,,0,FALSE,FALSE,FALSE,,,,,,State Assembly Election (AE)
Tamil_Nadu,13,142,2026,5,4,0,11,VISITHRA. S,,Bahujan Samaj Party,194,0,,213583,259546,THIRUVERUMBUR,GEN,TIRUCHIRAPPALLI,,27,82.29,0.09,yes,12,0.01,2.92,,,0,TRUE,1,,0,,,,0,FALSE,FALSE,FALSE,,,,,,State Assembly Election (AE)
Tamil_Nadu,13,142,2026,5,4,0,12,SHAJAGAN. A,,Independent,182,0,,213583,259546,THIRUVERUMBUR,GEN,TIRUCHIRAPPALLI,,27,82.29,0.09,yes,4,0.0,2.92,,,0,TRUE,1,,0,,,,0,FALSE,FALSE,FALSE,,,,,,State Assembly Election (AE)
Tamil_Nadu,13,142,2026,5,4,0,13,KUMARAVEL. T,,Thamizhaka Padaippalar Makkal Katchi,178,0,,213583,259546,THIRUVERUMBUR,GEN,TIRUCHIRAPPALLI,,27,82.29,0.08,yes,5,0.0,2.92,,,0,TRUE,1,,0,,,,0,FALSE,FALSE,FALSE,,,,,,State Assembly Election (AE)
Tamil_Nadu,13,142,2026,5,4,0,14,VETRIVEL KANNA. P,,Independent,173,0,,213583,259546,THIRUVERUMBUR,GEN,TIRUCHIRAPPALLI,,27,82.29,0.08,yes,40,0.02,2.92,,,0,TRUE,1,,0,,,,0,FALSE,FALSE,FALSE,,,,,,State Assembly Election (AE)
Tamil_Nadu,13,142,2026,5,4,0,15,JAYACHANDRAN. P,,Independent,133,0,,213583,259546,THIRUVERUMBUR,GEN,TIRUCHIRAPPALLI,,27,82.29,0.06,yes,19,0.01,2.92,,,0,TRUE,1,,0,,,,0,FALSE,FALSE,FALSE,,,,,,State Assembly Election (AE)
Tamil_Nadu,13,142,2026,5,4,0,16,JOSEPH. L,,Samaniya Makkal Nala Katchi,114,0,,213583,259546,THIRUVERUMBUR,GEN,TIRUCHIRAPPALLI,,27,82.29,0.05,yes,0,0.0,2.92,,,0,TRUE,1,,0,,,,0,FALSE,FALSE,FALSE,,,,,,State Assembly Election (AE)
Tamil_Nadu,13,142,2026,5,4,0,17,DEEPAK. P,,Independent,114,0,,213583,259546,THIRUVERUMBUR,GEN,TIRUCHIRAPPALLI,,27,82.29,0.05,yes,13,0.01,2.92,,,0,TRUE,1,,0,,,,0,FALSE,FALSE,FALSE,,,,,,State Assembly Election (AE)
Tamil_Nadu,13,142,2026,5,4,0,18,CHARLES. S,,Independent,101,0,,213583,259546,THIRUVERUMBUR,GEN,TIRUCHIRAPPALLI,,27,82.29,0.05,yes,9,0.0,2.92,,,0,TRUE,1,,0,,,,0,FALSE,FALSE,FALSE,,,,,,State Assembly Election (AE)
Tamil_Nadu,13,142,2026,5,4,0,19,SUBBULAKSHMI. R,,Independent,92,0,,213583,259546,THIRUVERUMBUR,GEN,TIRUCHIRAPPALLI,,27,82.29,0.04,yes,28,0.01,2.92,,,0,TRUE,1,,0,,,,0,FALSE,FALSE,FALSE,,,,,,State Assembly Election (AE)
Tamil_Nadu,13,142,2026,5,4,0,20,YESURAJ. I,,Independent,64,0,,213583,259546,THIRUVERUMBUR,GEN,TIRUCHIRAPPALLI,,27,82.29,0.03,yes,10,0.0,2.92,,,0,TRUE,1,,0,,,,0,FALSE,FALSE,FALSE,,,,,,State Assembly Election (AE)
Tamil_Nadu,13,142,2026,5,4,0,21,VIJAYAKUMAR. N,,Independent,54,0,,213583,259546,THIRUVERUMBUR,GEN,TIRUCHIRAPPALLI,,27,82.29,0.03,yes,6,0.0,2.92,,,0,TRUE,1,,0,,,,0,FALSE,FALSE,FALSE,,,,,,State Assembly Election (AE)
Tamil_Nadu,13,142,2026,5,4,0,22,KUMAR. P,,Independent,48,0,,213583,259546,THIRUVERUMBUR,GEN,TIRUCHIRAPPALLI,,27,82.29,0.02,yes,0,0.0,2.92,,,0,TRUE,1,,0,,,,0,FALSE,FALSE,FALSE,,,,,,State Assembly Election (AE)
Tamil_Nadu,13,142,2026,5,4,0,23,VIJAYAKUMAR. C,,Independent,48,0,,213583,259546,THIRUVERUMBUR,GEN,TIRUCHIRAPPALLI,,27,82.29,0.02,yes,1,0.0,2.92,,,0,TRUE,1,,0,,,,0,FALSE,FALSE,FALSE,,,,,,State Assembly Election (AE)
Tamil_Nadu,13,142,2026,5,4,0,24,RAMACHANDRAN. V,,Independent,47,0,,213583,259546,THIRUVERUMBUR,GEN,TIRUCHIRAPPALLI,,27,82.29,0.02,yes,3,0.0,2.92,,,0,TRUE,1,,0,,,,0,FALSE,FALSE,FALSE,,,,,,State Assembly Election (AE)
Tamil_Nadu,13,142,2026,5,4,0,25,HABEEB RAHAMAN. H,,Independent,44,0,,213583,259546,THIRUVERUMBUR,GEN,TIRUCHIRAPPALLI,,27,82.29,0.02,yes,4,0.0,2.92,,,0,TRUE,1,,0,,,,0,FALSE,FALSE,FALSE,,,,,,State Assembly Election (AE)
Tamil_Nadu,13,142,2026,5,4,0,26,KUMAR. K,,Independent,40,0,,213583,259546,THIRUVERUMBUR,GEN,TIRUCHIRAPPALLI,,27,82.29,0.02,yes,6,0.0,2.92,,,0,TRUE,1,,0,,,,0,FALSE,FALSE,FALSE,,,,,,State Assembly Election (AE)
Tamil_Nadu,13,142,2026,5,4,0,27,VINCENTRAJ. A,,Independent,34,0,,213583,259546,THIRUVERUMBUR,GEN,TIRUCHIRAPPALLI,,27,82.29,0.02,yes,34,0.02,2.92,,,0,TRUE,1,,0,,,,0,FALSE,FALSE,FALSE,,,,,,State Assembly Election (AE)
Tamil_Nadu,13,143,2026,5,4,0,1,LEEMAROSE MARTIN,,All India Anna Dravida Munnetra Kazhagam,60795,0,,185213,212177,LALGUDI,GEN,TIRUCHIRAPPALLI,,25,87.29,32.82,no,2739,1.48,3.36,,,0,TRUE,1,,0,,,,0,FALSE,FALSE,FALSE,,,,,,State Assembly Election (AE)
Tamil_Nadu,13,143,2026,5,4,0,2,KU PA KRISHNAN,,Tamilaga Vettri Kazhagam,58056,0,,185213,212177,LALGUDI,GEN,TIRUCHIRAPPALLI,,25,87.29,31.35,no,2491,1.34,3.36,,,0,TRUE,1,,0,,,,0,FALSE,FALSE,FALSE,,,,,,State Assembly Election (AE)
Tamil_Nadu,13,143,2026,5,4,0,3,T. PARIVALLAL,,Dravida Munnetra Kazhagam,55565,0,,185213,212177,LALGUDI,GEN,TIRUCHIRAPPALLI,,25,87.29,30.0,no,48573,26.23,3.36,,,0,TRUE,1,,0,,,,0,FALSE,FALSE,FALSE,,,,,,State Assembly Election (AE)
Tamil_Nadu,13,143,2026,5,4,0,4,N. MADHAN,,Naam Tamilar Katchi,6992,0,,185213,212177,LALGUDI,GEN,TIRUCHIRAPPALLI,,25,87.29,3.78,yes,6589,3.56,3.36,,,0,TRUE,1,,0,,,,0,FALSE,FALSE,FALSE,,,,,,State Assembly Election (AE)
Tamil_Nadu,13,143,2026,5,4,0,5,R. DINESHKUMAR,,Independent,403,0,,185213,212177,LALGUDI,GEN,TIRUCHIRAPPALLI,,25,87.29,0.22,yes,4,0.0,3.36,,,0,TRUE,1,,0,,,,0,FALSE,FALSE,FALSE,,,,,,State Assembly Election (AE)
Tamil_Nadu,13,143,2026,5,4,0,6,K. IMMACULATE MARY,,Samaniya Makkal Nala Katchi,399,0,,185213,212177,LALGUDI,GEN,TIRUCHIRAPPALLI,,25,87.29,0.22,yes,9,0.0,3.36,,,0,TRUE,1,,0,,,,0,FALSE,FALSE,FALSE,,,,,,State Assembly Election (AE)
Tamil_Nadu,13,143,2026,5,4,0,7,None Of The Above,,None of the Above,390,0,,185213,212177,LALGUDI,GEN,TIRUCHIRAPPALLI,,25,87.29,0.21,yes,42,0.02,3.36,,,0,TRUE,1,,0,,,,0,FALSE,FALSE,FALSE,,,,,,State Assembly Election (AE)
Tamil_Nadu,13,143,2026,5,4,0,8,PRATHEEBA,,Bahujan Samaj Party,348,0,,185213,212177,LALGUDI,GEN,TIRUCHIRAPPALLI,,25,87.29,0.19,yes,8,0.0,3.36,,,0,TRUE,1,,0,,,,0,FALSE,FALSE,FALSE,,,,,,State Assembly Election (AE)
Tamil_Nadu,13,143,2026,5,4,0,9,R. PONSILAMBU,,Independent,340,0,,185213,212177,LALGUDI,GEN,TIRUCHIRAPPALLI,,25,87.29,0.18,yes,120,0.06,3.36,,,0,TRUE,1,,0,,,,0,FALSE,FALSE,FALSE,,,,,,State Assembly Election (AE)
Tamil_Nadu,13,143,2026,5,4,0,10,DHANAMOORTHY .R,,Independent,220,0,,185213,212177,LALGUDI,GEN,TIRUCHIRAPPALLI,,25,87.29,0.12,yes,28,0.02,3.36,,,0,TRUE,1,,0,,,,0,FALSE,FALSE,FALSE,,,,,,State Assembly Election (AE)
Tamil_Nadu,13,143,2026,5,4,0,11,JOSEPHIN,,All India Puratchi Thalaivar Makkal Munnettra Kazhagam,192,0,,185213,212177,LALGUDI,GEN,TIRUCHIRAPPALLI,,25,87.29,0.1,yes,9,0.0,3.36,,,0,TRUE,1,,0,,,,0,FALSE,FALSE,FALSE,,,,,,State Assembly Election (AE)
Tamil_Nadu,13,143,2026,5,4,0,12,E. YESUDOSS,,Tamilaga Makkal Nala Katchi,183,0,,185213,212177,LALGUDI,GEN,TIRUCHIRAPPALLI,,25,87.29,0.1,yes,13,0.01,3.36,,,0,TRUE,1,,0,,,,0,FALSE,FALSE,FALSE,,,,,,State Assembly Election (AE)
Tamil_Nadu,13,143,2026,5,4,0,13,V. MUTHUSAMY,,Independent,170,0,,185213,212177,LALGUDI,GEN,TIRUCHIRAPPALLI,,25,87.29,0.09,yes,31,0.02,3.36,,,0,TRUE,1,,0,,,,0,FALSE,FALSE,FALSE,,,,,,State Assembly Election (AE)
Tamil_Nadu,13,143,2026,5,4,0,14,JINNAH JAKEER HUSSAIN,,Independent,139,0,,185213,212177,LALGUDI,GEN,TIRUCHIRAPPALLI,,25,87.29,0.08,yes,4,0.0,3.36,,,0,TRUE,1,,0,,,,0,FALSE,FALSE,FALSE,,,,,,State Assembly Election (AE)
Tamil_Nadu,13,143,2026,5,4,0,15,P. SARAVANAN,,Tamizhaga Vaazhvurimai Katchi,135,0,,185213,212177,LALGUDI,GEN,TIRUCHIRAPPALLI,,25,87.29,0.07,yes,4,0.0,3.36,,,0,TRUE,1,,0,,,,0,FALSE,FALSE,FALSE,,,,,,State Assembly Election (AE)
Tamil_Nadu,13,143,2026,5,4,0,16,P. ELANCHEZHIYAN,,Puthiya Tamilagam,131,0,,185213,212177,LALGUDI,GEN,TIRUCHIRAPPALLI,,25,87.29,0.07,yes,1,0.0,3.36,,,0,TRUE,1,,0,,,,0,FALSE,FALSE,FALSE,,,,,,State Assembly Election (AE)
Tamil_Nadu,13,143,2026,5,4,0,17,K. SENTHILKUMAR,,Independent,130,0,,185213,212177,LALGUDI,GEN,TIRUCHIRAPPALLI,,25,87.29,0.07,yes,10,0.01,3.36,,,0,TRUE,1,,0,,,,0,FALSE,FALSE,FALSE,,,,,,State Assembly Election (AE)
Tamil_Nadu,13,143,2026,5,4,0,18,M. RAMESHKUMAR,,Independent,120,0,,185213,212177,LALGUDI,GEN,TIRUCHIRAPPALLI,,25,87.29,0.06,yes,19,0.01,3.36,,,0,TRUE,1,,0,,,,0,FALSE,FALSE,FALSE,,,,,,State Assembly Election (AE)
Tamil_Nadu,13,143,2026,5,4,0,19,MANSOOR ALIKHAN,,Independent,101,0,,185213,212177,LALGUDI,GEN,TIRUCHIRAPPALLI,,25,87.29,0.05,yes,15,0.01,3.36,,,0,TRUE,1,,0,,,,0,FALSE,FALSE,FALSE,,,,,,State Assembly Election (AE)
Tamil_Nadu,13,143,2026,5,4,0,20,K. DHARMARAJ,,Independent,86,0,,185213,212177,LALGUDI,GEN,TIRUCHIRAPPALLI,,25,87.29,0.05,yes,14,0.01,3.36,,,0,TRUE,1,,0,,,,0,FALSE,FALSE,FALSE,,,,,,State Assembly Election (AE)
Tamil_Nadu,13,143,2026,5,4,0,21,A. JEGAN SALAMONDOSS,,Independent,72,0,,185213,212177,LALGUDI,GEN,TIRUCHIRAPPALLI,,25,87.29,0.04,yes,4,0.0,3.36,,,0,TRUE,1,,0,,,,0,FALSE,FALSE,FALSE,,,,,,State Assembly Election (AE)
Tamil_Nadu,13,143,2026,5,4,0,22,A. AMALAN SAVARIMUTHU,,Independent,68,0,,185213,212177,LALGUDI,GEN,TIRUCHIRAPPALLI,,25,87.29,0.04,yes,2,0.0,3.36,,,0,TRUE,1,,0,,,,0,FALSE,FALSE,FALSE,,,,,,State Assembly Election (AE)
Tamil_Nadu,13,143,2026,5,4,0,23,M. KRISHNAN,,Independent,66,0,,185213,212177,LALGUDI,GEN,TIRUCHIRAPPALLI,,25,87.29,0.04,yes,6,0.0,3.36,,,0,TRUE,1,,0,,,,0,FALSE,FALSE,FALSE,,,,,,State Assembly Election (AE)
Tamil_Nadu,13,143,2026,5,4,0,24,MOHAMED ABUBAKKAR SIDDIQ,,Independent,60,0,,185213,212177,LALGUDI,GEN,TIRUCHIRAPPALLI,,25,87.29,0.03,yes,8,0.0,3.36,,,0,TRUE,1,,0,,,,0,FALSE,FALSE,FALSE,,,,,,State Assembly Election (AE)
Tamil_Nadu,13,143,2026,5,4,0,25,R. TAMILARASAN,,Independent,52,0,,185213,212177,LALGUDI,GEN,TIRUCHIRAPPALLI,,25,87.29,0.03,yes,52,0.03,3.36,,,0,TRUE,1,,0,,,,0,FALSE,FALSE,FALSE,,,,,,State Assembly Election (AE)
Tamil_Nadu,13,144,2026,5,4,0,1,KATHIRAVAN. S,,Dravida Munnetra Kazhagam,81447,0,,209780,236500,MANACHANALLUR,GEN,TIRUCHIRAPPALLI,,23,88.7,38.82,no,12364,5.89,3.23,,,0,TRUE,1,,0,,,,0,FALSE,FALSE,FALSE,,,,,,State Assembly Election (AE)
Tamil_Nadu,13,144,2026,5,4,0,2,V.SARAVANAN,,Tamilaga Vettri Kazhagam,69083,0,,209780,236500,MANACHANALLUR,GEN,TIRUCHIRAPPALLI,,23,88.7,32.93,no,23017,10.97,3.23,,,0,TRUE,1,,0,,,,0,FALSE,FALSE,FALSE,,,,,,State Assembly Election (AE)
Tamil_Nadu,13,144,2026,5,4,0,3,R.V. BHARATHAN,,All India Anna Dravida Munnetra Kazhagam,46066,0,,209780,236500,MANACHANALLUR,GEN,TIRUCHIRAPPALLI,,23,88.7,21.96,no,36777,17.53,3.23,,,0,TRUE,1,,0,,,,0,FALSE,FALSE,FALSE,,,,,,State Assembly Election (AE)
Tamil_Nadu,13,144,2026,5,4,0,4,THENMOZHI. R,,Naam Tamilar Katchi,9289,0,,209780,236500,MANACHANALLUR,GEN,TIRUCHIRAPPALLI,,23,88.7,4.43,yes,8690,4.14,3.23,,,0,TRUE,1,,0,,,,0,FALSE,FALSE,FALSE,,,,,,State Assembly Election (AE)
Tamil_Nadu,13,144,2026,5,4,0,5,None Of The Above,,None of the Above,599,0,,209780,236500,MANACHANALLUR,GEN,TIRUCHIRAPPALLI,,23,88.7,0.29,yes,101,0.05,3.23,,,0,TRUE,1,,0,,,,0,FALSE,FALSE,FALSE,,,,,,State Assembly Election (AE)
Tamil_Nadu,13,144,2026,5,4,0,6,RAMESH KUMAR. G,,Independent,498,0,,209780,236500,MANACHANALLUR,GEN,TIRUCHIRAPPALLI,,23,88.7,0.24,yes,42,0.02,3.23,,,0,TRUE,1,,0,,,,0,FALSE,FALSE,FALSE,,,,,,State Assembly Election (AE)
Tamil_Nadu,13,144,2026,5,4,0,7,NAGARAJAN. V,,Independent,456,0,,209780,236500,MANACHANALLUR,GEN,TIRUCHIRAPPALLI,,23,88.7,0.22,yes,72,0.03,3.23,,,0,TRUE,1,,0,,,,0,FALSE,FALSE,FALSE,,,,,,State Assembly Election (AE)
Tamil_Nadu,13,144,2026,5,4,0,8,BALAKRISHNAN (A) AMOOR BALU,,Bahujan Samaj Party,384,0,,209780,236500,MANACHANALLUR,GEN,TIRUCHIRAPPALLI,,23,88.7,0.18,yes,43,0.02,3.23,,,0,TRUE,1,,0,,,,0,FALSE,FALSE,FALSE,,,,,,State Assembly Election (AE)
Tamil_Nadu,13,144,2026,5,4,0,9,RADHAKRISHNAN. S,,Independent,341,0,,209780,236500,MANACHANALLUR,GEN,TIRUCHIRAPPALLI,,23,88.7,0.16,yes,111,0.05,3.23,,,0,TRUE,1,,0,,,,0,FALSE,FALSE,FALSE,,,,,,State Assembly Election (AE)
Tamil_Nadu,13,144,2026,5,4,0,10,RAMPRASAD. N,,Independent,230,0,,209780,236500,MANACHANALLUR,GEN,TIRUCHIRAPPALLI,,23,88.7,0.11,yes,44,0.02,3.23,,,0,TRUE,1,,0,,,,0,FALSE,FALSE,FALSE,,,,,,State Assembly Election (AE)
Tamil_Nadu,13,144,2026,5,4,0,11,BALU. M,,Puthiya Tamilagam,186,0,,209780,236500,MANACHANALLUR,GEN,TIRUCHIRAPPALLI,,23,88.7,0.09,yes,33,0.02,3.23,,,0,TRUE,1,,0,,,,0,FALSE,FALSE,FALSE,,,,,,State Assembly Election (AE)
Tamil_Nadu,13,144,2026,5,4,0,12,RAJU. V,,Independent,153,0,,209780,236500,MANACHANALLUR,GEN,TIRUCHIRAPPALLI,,23,88.7,0.07,yes,13,0.01,3.23,,,0,TRUE,1,,0,,,,0,FALSE,FALSE,FALSE,,,,,,State Assembly Election (AE)
Tamil_Nadu,13,144,2026,5,4,0,13,K. SENTHILKUMAR,,Samaniya Makkal Nala Katchi,140,0,,209780,236500,MANACHANALLUR,GEN,TIRUCHIRAPPALLI,,23,88.7,0.07,yes,8,0.0,3.23,,,0,TRUE,1,,0,,,,0,FALSE,FALSE,FALSE,,,,,,State Assembly Election (AE)
Tamil_Nadu,13,144,2026,5,4,0,14,KARTHIKEYAN. P,,Independent,132,0,,209780,236500,MANACHANALLUR,GEN,TIRUCHIRAPPALLI,,23,88.7,0.06,yes,2,0.0,3.23,,,0,TRUE,1,,0,,,,0,FALSE,FALSE,FALSE,,,,,,State Assembly Election (AE)
Tamil_Nadu,13,144,2026,5,4,0,15,SARAVANAKUMAR. S,,Independent,130,0,,209780,236500,MANACHANALLUR,GEN,TIRUCHIRAPPALLI,,23,88.7,0.06,yes,13,0.01,3.23,,,0,TRUE,1,,0,,,,0,FALSE,FALSE,FALSE,,,,,,State Assembly Election (AE)
Tamil_Nadu,13,144,2026,5,4,0,16,RAJASEHAR. R,,Independent,117,0,,209780,236500,MANACHANALLUR,GEN,TIRUCHIRAPPALLI,,23,88.7,0.06,yes,4,0.0,3.23,,,0,TRUE,1,,0,,,,0,FALSE,FALSE,FALSE,,,,,,State Assembly Election (AE)
Tamil_Nadu,13,144,2026,5,4,0,17,SHANMUGAM. V.T,,Independent,113,0,,209780,236500,MANACHANALLUR,GEN,TIRUCHIRAPPALLI,,23,88.7,0.05,yes,10,0.0,3.23,,,0,TRUE,1,,0,,,,0,FALSE,FALSE,FALSE,,,,,,State Assembly Election (AE)
Tamil_Nadu,13,144,2026,5,4,0,18,DIVESH. S,,Independent,103,0,,209780,236500,MANACHANALLUR,GEN,TIRUCHIRAPPALLI,,23,88.7,0.05,yes,23,0.01,3.23,,,0,TRUE,1,,0,,,,0,FALSE,FALSE,FALSE,,,,,,State Assembly Election (AE)
Tamil_Nadu,13,144,2026,5,4,0,19,SATHEESKUMAR. K,,Independent,80,0,,209780,236500,MANACHANALLUR,GEN,TIRUCHIRAPPALLI,,23,88.7,0.04,yes,5,0.0,3.23,,,0,TRUE,1,,0,,,,0,FALSE,FALSE,FALSE,,,,,,State Assembly Election (AE)
Tamil_Nadu,13,144,2026,5,4,0,20,REVATHI. S,,Akila Inthiya Makkal Marumalarchi Kazhakam,75,0,,209780,236500,MANACHANALLUR,GEN,TIRUCHIRAPPALLI,,23,88.7,0.04,yes,13,0.01,3.23,,,0,TRUE,1,,0,,,,0,FALSE,FALSE,FALSE,,,,,,State Assembly Election (AE)
Tamil_Nadu,13,144,2026,5,4,0,21,VEERAIYA. C,,Tamizhaga Vaazhvurimai Katchi,62,0,,209780,236500,MANACHANALLUR,GEN,TIRUCHIRAPPALLI,,23,88.7,0.03,yes,10,0.0,3.23,,,0,TRUE,1,,0,,,,0,FALSE,FALSE,FALSE,,,,,,State Assembly Election (AE)
Tamil_Nadu,13,144,2026,5,4,0,22,JAYARAMAN. M,,Independent,52,0,,209780,236500,MANACHANALLUR,GEN,TIRUCHIRAPPALLI,,23,88.7,0.02,yes,8,0.0,3.23,,,0,TRUE,1,,0,,,,0,FALSE,FALSE,FALSE,,,,,,State Assembly Election (AE)
Tamil_Nadu,13,144,2026,5,4,0,23,GOPALAKRISHNAN. V,,Independent,44,0,,209780,236500,MANACHANALLUR,GEN,TIRUCHIRAPPALLI,,23,88.7,0.02,yes,44,0.02,3.23,,,0,TRUE,1,,0,,,,0,FALSE,FALSE,FALSE,,,,,,State Assembly Election (AE)
Tamil_Nadu,13,145,2026,5,4,0,1,M.VIGNESH,,Tamilaga Vettri Kazhagam,71281,0,,189141,214006,MUSIRI,GEN,TIRUCHIRAPPALLI,,12,88.38,37.69,no,17442,9.22,3.32,,,0,TRUE,1,,0,,,,0,FALSE,FALSE,FALSE,,,,,,State Assembly Election (AE)
Tamil_Nadu,13,145,2026,5,4,0,2,N.S.KARUNAIRAAJA,,Dravida Munnetra Kazhagam,53839,0,,189141,214006,MUSIRI,GEN,TIRUCHIRAPPALLI,,12,88.38,28.47,no,1778,0.94,3.32,,,0,TRUE,1,,0,,,,0,FALSE,FALSE,FALSE,,,,,,State Assembly Election (AE)
Tamil_Nadu,13,145,2026,5,4,0,3,N.YOGANATHAN,,All India Anna Dravida Munnetra Kazhagam,52061,0,,189141,214006,MUSIRI,GEN,TIRUCHIRAPPALLI,,12,88.38,27.52,no,43704,23.11,3.32,,,0,TRUE,1,,0,,,,0,FALSE,FALSE,FALSE,,,,,,State Assembly Election (AE)
Tamil_Nadu,13,145,2026,5,4,0,4,G. BAKIYALAKSHMI,,Naam Tamilar Katchi,8357,0,,189141,214006,MUSIRI,GEN,TIRUCHIRAPPALLI,,12,88.38,4.42,yes,7264,3.84,3.32,,,0,TRUE,1,,0,,,,0,FALSE,FALSE,FALSE,,,,,,State Assembly Election (AE)
Tamil_Nadu,13,145,2026,5,4,0,5,None Of The Above,,None of the Above,1093,0,,189141,214006,MUSIRI,GEN,TIRUCHIRAPPALLI,,12,88.38,0.58,yes,416,0.22,3.32,,,0,TRUE,1,,0,,,,0,FALSE,FALSE,FALSE,,,,,,State Assembly Election (AE)
Tamil_Nadu,13,145,2026,5,4,0,6,M.CHINNAIYAN,,Puthiya Tamilagam,677,0,,189141,214006,MUSIRI,GEN,TIRUCHIRAPPALLI,,12,88.38,0.36,yes,190,0.1,3.32,,,0,TRUE,1,,0,,,,0,FALSE,FALSE,FALSE,,,,,,State Assembly Election (AE)
Tamil_Nadu,13,145,2026,5,4,0,7,P.LOGANATHAN M.SC.M.PHIL.,,Independent,487,0,,189141,214006,MUSIRI,GEN,TIRUCHIRAPPALLI,,12,88.38,0.26,yes,179,0.09,3.32,,,0,TRUE,1,,0,,,,0,FALSE,FALSE,FALSE,,,,,,State Assembly Election (AE)
Tamil_Nadu,13,145,2026,5,4,0,8,SENTHILKUMAR,,Independent,308,0,,189141,214006,MUSIRI,GEN,TIRUCHIRAPPALLI,,12,88.38,0.16,yes,27,0.01,3.32,,,0,TRUE,1,,0,,,,0,FALSE,FALSE,FALSE,,,,,,State Assembly Election (AE)
Tamil_Nadu,13,145,2026,5,4,0,9,MALARMANNAN.M,,Samaniya Makkal Nala Katchi,281,0,,189141,214006,MUSIRI,GEN,TIRUCHIRAPPALLI,,12,88.38,0.15,yes,16,0.01,3.32,,,0,TRUE,1,,0,,,,0,FALSE,FALSE,FALSE,,,,,,State Assembly Election (AE)
Tamil_Nadu,13,145,2026,5,4,0,10,C.PALANISAMY,,Tamizhaga Vaazhvurimai Katchi,265,0,,189141,214006,MUSIRI,GEN,TIRUCHIRAPPALLI,,12,88.38,0.14,yes,12,0.01,3.32,,,0,TRUE,1,,0,,,,0,FALSE,FALSE,FALSE,,,,,,State Assembly Election (AE)
Tamil_Nadu,13,145,2026,5,4,0,11,K.DHIVYA,,Rashtriya Samaj Dal (R),253,0,,189141,214006,MUSIRI,GEN,TIRUCHIRAPPALLI,,12,88.38,0.13,yes,14,0.01,3.32,,,0,TRUE,1,,0,,,,0,FALSE,FALSE,FALSE,,,,,,State Assembly Election (AE)
Tamil_Nadu,13,145,2026,5,4,0,12,S.VENKATESHWARAN,,Anti Corruption Dynamic Party,239,0,,189141,214006,MUSIRI,GEN,TIRUCHIRAPPALLI,,12,88.38,0.13,yes,239,0.13,3.32,,,0,TRUE,1,,0,,,,0,FALSE,FALSE,FALSE,,,,,,State Assembly Election (AE)
Tamil_Nadu,13,146,2026,5,4,0,1,RAVISANKAR.M,,Tamilaga Vettri Kazhagam,66263,0,,184426,210685,THURAIYUR,SC,TIRUCHIRAPPALLI,,16,87.54,35.93,no,9614,5.21,3.37,,,0,TRUE,1,,0,,,,0,FALSE,FALSE,FALSE,,,,,,State Assembly Election (AE)
Tamil_Nadu,13,146,2026,5,4,0,2,E.SAROJA,,All India Anna Dravida Munnetra Kazhagam,56649,0,,184426,210685,THURAIYUR,SC,TIRUCHIRAPPALLI,,16,87.54,30.72,no,7427,4.03,3.37,,,0,TRUE,1,,0,,,,0,FALSE,FALSE,FALSE,,,,,,State Assembly Election (AE)
Tamil_Nadu,13,146,2026,5,4,0,3,M.LENIN PRASATH,,Indian National Congress,49222,0,,184426,210685,THURAIYUR,SC,TIRUCHIRAPPALLI,,16,87.54,26.69,no,40786,22.12,3.37,,,0,TRUE,1,,0,,,,0,FALSE,FALSE,FALSE,,,,,,State Assembly Election (AE)
Tamil_Nadu,13,146,2026,5,4,0,4,S  KOWSALYA,,Naam Tamilar Katchi,8436,0,,184426,210685,THURAIYUR,SC,TIRUCHIRAPPALLI,,16,87.54,4.57,yes,7739,4.2,3.37,,,0,TRUE,1,,0,,,,0,FALSE,FALSE,FALSE,,,,,,State Assembly Election (AE)
Tamil_Nadu,13,146,2026,5,4,0,5,None Of The Above,,None of the Above,697,0,,184426,210685,THURAIYUR,SC,TIRUCHIRAPPALLI,,16,87.54,0.38,yes,109,0.06,3.37,,,0,TRUE,1,,0,,,,0,FALSE,FALSE,FALSE,,,,,,State Assembly Election (AE)
Tamil_Nadu,13,146,2026,5,4,0,6,P.SRINIVASAN,,Bahujan Samaj Party,588,0,,184426,210685,THURAIYUR,SC,TIRUCHIRAPPALLI,,16,87.54,0.32,yes,75,0.04,3.37,,,0,TRUE,1,,0,,,,0,FALSE,FALSE,FALSE,,,,,,State Assembly Election (AE)
Tamil_Nadu,13,146,2026,5,4,0,7,GNANAVETTIYAN SIVAPERUMAL .K,,Tamizhaga Vaazhvurimai Katchi,513,0,,184426,210685,THURAIYUR,SC,TIRUCHIRAPPALLI,,16,87.54,0.28,yes,122,0.07,3.37,,,0,TRUE,1,,0,,,,0,FALSE,FALSE,FALSE,,,,,,State Assembly Election (AE)
Tamil_Nadu,13,146,2026,5,4,0,8,M. RAVICHANDRAN,,Independent,391,0,,184426,210685,THURAIYUR,SC,TIRUCHIRAPPALLI,,16,87.54,0.21,yes,35,0.02,3.37,,,0,TRUE,1,,0,,,,0,FALSE,FALSE,FALSE,,,,,,State Assembly Election (AE)
Tamil_Nadu,13,146,2026,5,4,0,9,K.SELVAM,,Independent,356,0,,184426,210685,THURAIYUR,SC,TIRUCHIRAPPALLI,,16,87.54,0.19,yes,30,0.02,3.37,,,0,TRUE,1,,0,,,,0,FALSE,FALSE,FALSE,,,,,,State Assembly Election (AE)
Tamil_Nadu,13,146,2026,5,4,0,10,G. DHINESHKUMAR,,Independent,326,0,,184426,210685,THURAIYUR,SC,TIRUCHIRAPPALLI,,16,87.54,0.18,yes,90,0.05,3.37,,,0,TRUE,1,,0,,,,0,FALSE,FALSE,FALSE,,,,,,State Assembly Election (AE)
Tamil_Nadu,13,146,2026,5,4,0,11,T. RAJAMANICKAM,,Puthiya Tamilagam,236,0,,184426,210685,THURAIYUR,SC,TIRUCHIRAPPALLI,,16,87.54,0.13,yes,23,0.01,3.37,,,0,TRUE,1,,0,,,,0,FALSE,FALSE,FALSE,,,,,,State Assembly Election (AE)
Tamil_Nadu,13,146,2026,5,4,0,12,N. MUTHAZHAGU,,Independent,213,0,,184426,210685,THURAIYUR,SC,TIRUCHIRAPPALLI,,16,87.54,0.12,yes,20,0.01,3.37,,,0,TRUE,1,,0,,,,0,FALSE,FALSE,FALSE,,,,,,State Assembly Election (AE)
Tamil_Nadu,13,146,2026,5,4,0,13,SELVAM .G,,Independent,193,0,,184426,210685,THURAIYUR,SC,TIRUCHIRAPPALLI,,16,87.54,0.1,yes,52,0.03,3.37,,,0,TRUE,1,,0,,,,0,FALSE,FALSE,FALSE,,,,,,State Assembly Election (AE)
Tamil_Nadu,13,146,2026,5,4,0,14,P.SAROJA,,Independent,141,0,,184426,210685,THURAIYUR,SC,TIRUCHIRAPPALLI,,16,87.54,0.08,yes,34,0.02,3.37,,,0,TRUE,1,,0,,,,0,FALSE,FALSE,FALSE,,,,,,State Assembly Election (AE)
Tamil_Nadu,13,146,2026,5,4,0,15,K.SAROJA,,Independent,107,0,,184426,210685,THURAIYUR,SC,TIRUCHIRAPPALLI,,16,87.54,0.06,yes,12,0.01,3.37,,,0,TRUE,1,,0,,,,0,FALSE,FALSE,FALSE,,,,,,State Assembly Election (AE)
Tamil_Nadu,13,146,2026,5,4,0,16,E.SAROJA,,Independent,95,0,,184426,210685,THURAIYUR,SC,TIRUCHIRAPPALLI,,16,87.54,0.05,yes,95,0.05,3.37,,,0,TRUE,1,,0,,,,0,FALSE,FALSE,FALSE,,,,,,State Assembly Election (AE)
Tamil_Nadu,13,147,2026,5,4,0,1,SIVAKUMAR. K,,Tamilaga Vettri Kazhagam,90882,0,,253654,290666,PERAMBALUR,SC,PERAMBALUR,,12,87.27,35.83,no,14393,5.67,3.3,,,0,TRUE,1,,0,,,,0,FALSE,FALSE,FALSE,,,,,,State Assembly Election (AE)
Tamil_Nadu,13,147,2026,5,4,0,2,DR. JAYALAKSHMI. S.T,,Dravida Munnetra Kazhagam,76489,0,,253654,290666,PERAMBALUR,SC,PERAMBALUR,,12,87.27,30.15,no,3773,1.49,3.3,,,0,TRUE,1,,0,,,,0,FALSE,FALSE,FALSE,,,,,,State Assembly Election (AE)
Tamil_Nadu,13,147,2026,5,4,0,3,THAMIZHSELVAN. R,,All India Anna Dravida Munnetra Kazhagam,72716,0,,253654,290666,PERAMBALUR,SC,PERAMBALUR,,12,87.27,28.67,no,63242,24.93,3.3,,,0,TRUE,1,,0,,,,0,FALSE,FALSE,FALSE,,,,,,State Assembly Election (AE)
Tamil_Nadu,13,147,2026,5,4,0,4,SUGANYA. J,,Naam Tamilar Katchi,9474,0,,253654,290666,PERAMBALUR,SC,PERAMBALUR,,12,87.27,3.74,yes,8314,3.28,3.3,,,0,TRUE,1,,0,,,,0,FALSE,FALSE,FALSE,,,,,,State Assembly Election (AE)
Tamil_Nadu,13,147,2026,5,4,0,5,None Of The Above,,None of the Above,1160,0,,253654,290666,PERAMBALUR,SC,PERAMBALUR,,12,87.27,0.46,yes,482,0.19,3.3,,,0,TRUE,1,,0,,,,0,FALSE,FALSE,FALSE,,,,,,State Assembly Election (AE)
Tamil_Nadu,13,147,2026,5,4,0,6,ARIVAZHAGAN. D,,Bahujan Samaj Party,678,0,,253654,290666,PERAMBALUR,SC,PERAMBALUR,,12,87.27,0.27,yes,83,0.03,3.3,,,0,TRUE,1,,0,,,,0,FALSE,FALSE,FALSE,,,,,,State Assembly Election (AE)
Tamil_Nadu,13,147,2026,5,4,0,7,SUBRAMANIAN. R,,Independent,595,0,,253654,290666,PERAMBALUR,SC,PERAMBALUR,,12,87.27,0.23,yes,174,0.07,3.3,,,0,TRUE,1,,0,,,,0,FALSE,FALSE,FALSE,,,,,,State Assembly Election (AE)
Tamil_Nadu,13,147,2026,5,4,0,8,SHIYAMALA. M,,Independent,421,0,,253654,290666,PERAMBALUR,SC,PERAMBALUR,,12,87.27,0.17,yes,61,0.02,3.3,,,0,TRUE,1,,0,,,,0,FALSE,FALSE,FALSE,,,,,,State Assembly Election (AE)
Tamil_Nadu,13,147,2026,5,4,0,9,DHAMODHARAN. S,,Tamizhaga Vaazhvurimai Katchi,360,0,,253654,290666,PERAMBALUR,SC,PERAMBALUR,,12,87.27,0.14,yes,21,0.01,3.3,,,0,TRUE,1,,0,,,,0,FALSE,FALSE,FALSE,,,,,,State Assembly Election (AE)
Tamil_Nadu,13,147,2026,5,4,0,10,CHANDRAKUMAR. P,,Independent,339,0,,253654,290666,PERAMBALUR,SC,PERAMBALUR,,12,87.27,0.13,yes,34,0.01,3.3,,,0,TRUE,1,,0,,,,0,FALSE,FALSE,FALSE,,,,,,State Assembly Election (AE)
Tamil_Nadu,13,147,2026,5,4,0,11,JAYACHANDRAN. B,,Independent,305,0,,253654,290666,PERAMBALUR,SC,PERAMBALUR,,12,87.27,0.12,yes,70,0.03,3.3,,,0,TRUE,1,,0,,,,0,FALSE,FALSE,FALSE,,,,,,State Assembly Election (AE)
Tamil_Nadu,13,147,2026,5,4,0,12,ANANDAJOTHI PARAMASIVAM,,Independent,235,0,,253654,290666,PERAMBALUR,SC,PERAMBALUR,,12,87.27,0.09,yes,235,0.09,3.3,,,0,TRUE,1,,0,,,,0,FALSE,FALSE,FALSE,,,,,,State Assembly Election (AE)
Tamil_Nadu,13,148,2026,5,4,0,1,SIVASANKAR. S.S,,Dravida Munnetra Kazhagam,87237,0,,230570,268095,KUNNAM,GEN,PERAMBALUR,,20,86.0,37.84,no,15557,6.75,3.26,,,0,TRUE,1,,0,,,,0,FALSE,FALSE,FALSE,,,,,,State Assembly Election (AE)
Tamil_Nadu,13,148,2026,5,4,0,2,SARANYA. A,,All India Anna Dravida Munnetra Kazhagam,71680,0,,230570,268095,KUNNAM,GEN,PERAMBALUR,,20,86.0,31.09,no,12510,5.43,3.26,,,0,TRUE,1,,0,,,,0,FALSE,FALSE,FALSE,,,,,,State Assembly Election (AE)
Tamil_Nadu,13,148,2026,5,4,0,3,REVATHI MUTHAMILSELVAN,,Tamilaga Vettri Kazhagam,59170,0,,230570,268095,KUNNAM,GEN,PERAMBALUR,,20,86.0,25.66,no,51688,22.42,3.26,,,0,TRUE,1,,0,,,,0,FALSE,FALSE,FALSE,,,,,,State Assembly Election (AE)
Tamil_Nadu,13,148,2026,5,4,0,4,KEERTHIVASAN. R,,Naam Tamilar Katchi,7482,0,,230570,268095,KUNNAM,GEN,PERAMBALUR,,20,86.0,3.25,yes,6805,2.95,3.26,,,0,TRUE,1,,0,,,,0,FALSE,FALSE,FALSE,,,,,,State Assembly Election (AE)
Tamil_Nadu,13,148,2026,5,4,0,5,THANASEKAR. R,,Independent,677,0,,230570,268095,KUNNAM,GEN,PERAMBALUR,,20,86.0,0.29,yes,131,0.06,3.26,,,0,TRUE,1,,0,,,,0,FALSE,FALSE,FALSE,,,,,,State Assembly Election (AE)
Tamil_Nadu,13,148,2026,5,4,0,6,ELANGOVAN. K,,Naadaalum Makkal Katchi,546,0,,230570,268095,KUNNAM,GEN,PERAMBALUR,,20,86.0,0.24,yes,5,0.0,3.26,,,0,TRUE,1,,0,,,,0,FALSE,FALSE,FALSE,,,,,,State Assembly Election (AE)
Tamil_Nadu,13,148,2026,5,4,0,7,SHAJAHAN,,Independent,541,0,,230570,268095,KUNNAM,GEN,PERAMBALUR,,20,86.0,0.23,yes,34,0.01,3.26,,,0,TRUE,1,,0,,,,0,FALSE,FALSE,FALSE,,,,,,State Assembly Election (AE)
Tamil_Nadu,13,148,2026,5,4,0,8,NALLATHAMBI. P,,Independent,507,0,,230570,268095,KUNNAM,GEN,PERAMBALUR,,20,86.0,0.22,yes,23,0.01,3.26,,,0,TRUE,1,,0,,,,0,FALSE,FALSE,FALSE,,,,,,State Assembly Election (AE)
Tamil_Nadu,13,148,2026,5,4,0,9,None Of The Above,,None of the Above,484,0,,230570,268095,KUNNAM,GEN,PERAMBALUR,,20,86.0,0.21,yes,63,0.03,3.26,,,0,TRUE,1,,0,,,,0,FALSE,FALSE,FALSE,,,,,,State Assembly Election (AE)
Tamil_Nadu,13,148,2026,5,4,0,10,VINOTHKUMAR. M,,Independent,421,0,,230570,268095,KUNNAM,GEN,PERAMBALUR,,20,86.0,0.18,yes,12,0.01,3.26,,,0,TRUE,1,,0,,,,0,FALSE,FALSE,FALSE,,,,,,State Assembly Election (AE)
Tamil_Nadu,13,148,2026,5,4,0,11,NALLUSAMY. K.M,,Bahujan Samaj Party,409,0,,230570,268095,KUNNAM,GEN,PERAMBALUR,,20,86.0,0.18,yes,141,0.06,3.26,,,0,TRUE,1,,0,,,,0,FALSE,FALSE,FALSE,,,,,,State Assembly Election (AE)
Tamil_Nadu,13,148,2026,5,4,0,12,MUTHAMILSELVAN. D,,Independent,268,0,,230570,268095,KUNNAM,GEN,PERAMBALUR,,20,86.0,0.12,yes,58,0.03,3.26,,,0,TRUE,1,,0,,,,0,FALSE,FALSE,FALSE,,,,,,State Assembly Election (AE)
Tamil_Nadu,13,148,2026,5,4,0,13,UDHAYASURIYAN. T,,Independent,210,0,,230570,268095,KUNNAM,GEN,PERAMBALUR,,20,86.0,0.09,yes,21,0.01,3.26,,,0,TRUE,1,,0,,,,0,FALSE,FALSE,FALSE,,,,,,State Assembly Election (AE)
Tamil_Nadu,13,148,2026,5,4,0,14,RAJA. S.P,,Tamizhaga Vaazhvurimai Katchi,189,0,,230570,268095,KUNNAM,GEN,PERAMBALUR,,20,86.0,0.08,yes,17,0.01,3.26,,,0,TRUE,1,,0,,,,0,FALSE,FALSE,FALSE,,,,,,State Assembly Election (AE)
Tamil_Nadu,13,148,2026,5,4,0,15,SIVASANKARAN. P,,Independent,172,0,,230570,268095,KUNNAM,GEN,PERAMBALUR,,20,86.0,0.07,yes,23,0.01,3.26,,,0,TRUE,1,,0,,,,0,FALSE,FALSE,FALSE,,,,,,State Assembly Election (AE)
Tamil_Nadu,13,148,2026,5,4,0,16,ANBUTHAMIZHAN. T,,Thamizh Perarasu Katchi,149,0,,230570,268095,KUNNAM,GEN,PERAMBALUR,,20,86.0,0.06,yes,5,0.0,3.26,,,0,TRUE,1,,0,,,,0,FALSE,FALSE,FALSE,,,,,,State Assembly Election (AE)
Tamil_Nadu,13,148,2026,5,4,0,17,VIVEK. T,,Independent,144,0,,230570,268095,KUNNAM,GEN,PERAMBALUR,,20,86.0,0.06,yes,7,0.0,3.26,,,0,TRUE,1,,0,,,,0,FALSE,FALSE,FALSE,,,,,,State Assembly Election (AE)
Tamil_Nadu,13,148,2026,5,4,0,18,SAMINATHAN. C,,Independent,137,0,,230570,268095,KUNNAM,GEN,PERAMBALUR,,20,86.0,0.06,yes,52,0.02,3.26,,,0,TRUE,1,,0,,,,0,FALSE,FALSE,FALSE,,,,,,State Assembly Election (AE)
Tamil_Nadu,13,148,2026,5,4,0,19,CHANDRASEKAR. P,,Independent,85,0,,230570,268095,KUNNAM,GEN,PERAMBALUR,,20,86.0,0.04,yes,23,0.01,3.26,,,0,TRUE,1,,0,,,,0,FALSE,FALSE,FALSE,,,,,,State Assembly Election (AE)
Tamil_Nadu,13,148,2026,5,4,0,20,KATHIRAVAN. A.C,,Independent,62,0,,230570,268095,KUNNAM,GEN,PERAMBALUR,,20,86.0,0.03,yes,62,0.03,3.26,,,0,TRUE,1,,0,,,,0,FALSE,FALSE,FALSE,,,,,,State Assembly Election (AE)
Tamil_Nadu,13,149,2026,5,4,0,1,RAJENDRAN S,,All India Anna Dravida Munnetra Kazhagam,95219,0,,235858,262942,ARIYALUR,GEN,ARIYALUR,,16,89.7,40.37,no,24498,10.39,3.19,,,0,TRUE,1,,0,,,,0,FALSE,FALSE,FALSE,,,,,,State Assembly Election (AE)
Tamil_Nadu,13,149,2026,5,4,0,2,LATHA BALU,,Dravida Munnetra Kazhagam,70721,0,,235858,262942,ARIYALUR,GEN,ARIYALUR,,16,89.7,29.98,no,13362,5.67,3.19,,,0,TRUE,1,,0,,,,0,FALSE,FALSE,FALSE,,,,,,State Assembly Election (AE)
Tamil_Nadu,13,149,2026,5,4,0,3,SIVAKUMAR M,,Tamilaga Vettri Kazhagam,57359,0,,235858,262942,ARIYALUR,GEN,ARIYALUR,,16,89.7,24.32,no,48832,20.7,3.19,,,0,TRUE,1,,0,,,,0,FALSE,FALSE,FALSE,,,,,,State Assembly Election (AE)
Tamil_Nadu,13,149,2026,5,4,0,4,PUGAZHENDHI D,,Naam Tamilar Katchi,8527,0,,235858,262942,ARIYALUR,GEN,ARIYALUR,,16,89.7,3.62,yes,7836,3.32,3.19,,,0,TRUE,1,,0,,,,0,FALSE,FALSE,FALSE,,,,,,State Assembly Election (AE)
Tamil_Nadu,13,149,2026,5,4,0,5,JOTHIBASU K,,Independent,691,0,,235858,262942,ARIYALUR,GEN,ARIYALUR,,16,89.7,0.29,yes,50,0.02,3.19,,,0,TRUE,1,,0,,,,0,FALSE,FALSE,FALSE,,,,,,State Assembly Election (AE)
Tamil_Nadu,13,149,2026,5,4,0,6,None Of The Above,,None of the Above,641,0,,235858,262942,ARIYALUR,GEN,ARIYALUR,,16,89.7,0.27,yes,4,0.0,3.19,,,0,TRUE,1,,0,,,,0,FALSE,FALSE,FALSE,,,,,,State Assembly Election (AE)
Tamil_Nadu,13,149,2026,5,4,0,7,THANGA. SHANMUGA SUNDARAM,,Naadaalum Makkal Katchi,637,0,,235858,262942,ARIYALUR,GEN,ARIYALUR,,16,89.7,0.27,yes,83,0.04,3.19,,,0,TRUE,1,,0,,,,0,FALSE,FALSE,FALSE,,,,,,State Assembly Election (AE)
Tamil_Nadu,13,149,2026,5,4,0,8,VETRIVEL G,,Independent,554,0,,235858,262942,ARIYALUR,GEN,ARIYALUR,,16,89.7,0.23,yes,79,0.03,3.19,,,0,TRUE,1,,0,,,,0,FALSE,FALSE,FALSE,,,,,,State Assembly Election (AE)
Tamil_Nadu,13,149,2026,5,4,0,9,STALIN V,,Bahujan Samaj Party,475,0,,235858,262942,ARIYALUR,GEN,ARIYALUR,,16,89.7,0.2,yes,216,0.09,3.19,,,0,TRUE,1,,0,,,,0,FALSE,FALSE,FALSE,,,,,,State Assembly Election (AE)
Tamil_Nadu,13,149,2026,5,4,0,10,SEMMALAI T,,Independent,259,0,,235858,262942,ARIYALUR,GEN,ARIYALUR,,16,89.7,0.11,yes,58,0.02,3.19,,,0,TRUE,1,,0,,,,0,FALSE,FALSE,FALSE,,,,,,State Assembly Election (AE)
Tamil_Nadu,13,149,2026,5,4,0,11,RAJKUMAR K,,Independent,201,0,,235858,262942,ARIYALUR,GEN,ARIYALUR,,16,89.7,0.09,yes,24,0.01,3.19,,,0,TRUE,1,,0,,,,0,FALSE,FALSE,FALSE,,,,,,State Assembly Election (AE)
Tamil_Nadu,13,149,2026,5,4,0,12,SUDHAKAR M,,Tamizhaga Vaazhvurimai Katchi,177,0,,235858,262942,ARIYALUR,GEN,ARIYALUR,,16,89.7,0.08,yes,41,0.02,3.19,,,0,TRUE,1,,0,,,,0,FALSE,FALSE,FALSE,,,,,,State Assembly Election (AE)
Tamil_Nadu,13,149,2026,5,4,0,13,KUMAR K,,Independent,136,0,,235858,262942,ARIYALUR,GEN,ARIYALUR,,16,89.7,0.06,yes,19,0.01,3.19,,,0,TRUE,1,,0,,,,0,FALSE,FALSE,FALSE,,,,,,State Assembly Election (AE)
Tamil_Nadu,13,149,2026,5,4,0,14,RAJKUMAR S,,All India Puratchi Thalaivar Makkal Munnettra Kazhagam,117,0,,235858,262942,ARIYALUR,GEN,ARIYALUR,,16,89.7,0.05,yes,43,0.02,3.19,,,0,TRUE,1,,0,,,,0,FALSE,FALSE,FALSE,,,,,,State Assembly Election (AE)
Tamil_Nadu,13,149,2026,5,4,0,15,KRISHNAMOORTHY C,,Independent,74,0,,235858,262942,ARIYALUR,GEN,ARIYALUR,,16,89.7,0.03,yes,4,0.0,3.19,,,0,TRUE,1,,0,,,,0,FALSE,FALSE,FALSE,,,,,,State Assembly Election (AE)
Tamil_Nadu,13,149,2026,5,4,0,16,ELAIYARAJA C,,Independent,70,0,,235858,262942,ARIYALUR,GEN,ARIYALUR,,16,89.7,0.03,yes,70,0.03,3.19,,,0,TRUE,1,,0,,,,0,FALSE,FALSE,FALSE,,,,,,State Assembly Election (AE)
Tamil_Nadu,13,150,2026,5,4,0,1,VAITHILINGAM G.,,Pattali Makkal Katchi,88992,0,,228548,263450,JAYANKONDAM,GEN,ARIYALUR,,20,86.75,38.94,no,18490,8.09,3.26,,,0,TRUE,1,,0,,,,0,FALSE,FALSE,FALSE,,,,,,State Assembly Election (AE)
Tamil_Nadu,13,150,2026,5,4,0,2,KANNAN KA.SO.KA.,,Dravida Munnetra Kazhagam,70502,0,,228548,263450,JAYANKONDAM,GEN,ARIYALUR,,20,86.75,30.85,no,14964,6.55,3.26,,,0,TRUE,1,,0,,,,0,FALSE,FALSE,FALSE,,,,,,State Assembly Election (AE)
Tamil_Nadu,13,150,2026,5,4,0,3,KAVITHA RAJENDRAN G.,,Tamilaga Vettri Kazhagam,55538,0,,228548,263450,JAYANKONDAM,GEN,ARIYALUR,,20,86.75,24.3,no,49346,21.59,3.26,,,0,TRUE,1,,0,,,,0,FALSE,FALSE,FALSE,,,,,,State Assembly Election (AE)
Tamil_Nadu,13,150,2026,5,4,0,4,REVATHI K.,,Naam Tamilar Katchi,6192,0,,228548,263450,JAYANKONDAM,GEN,ARIYALUR,,20,86.75,2.71,yes,4989,2.18,3.26,,,0,TRUE,1,,0,,,,0,FALSE,FALSE,FALSE,,,,,,State Assembly Election (AE)
Tamil_Nadu,13,150,2026,5,4,0,5,RAVISANKAR N.,,Aanaithinthiya Jananayaka Pathukappu Kazhagam,1203,0,,228548,263450,JAYANKONDAM,GEN,ARIYALUR,,20,86.75,0.53,yes,219,0.1,3.26,,,0,TRUE,1,,0,,,,0,FALSE,FALSE,FALSE,,,,,,State Assembly Election (AE)
Tamil_Nadu,13,150,2026,5,4,0,6,CHANTHIRASEKAR S.,,Independent,984,0,,228548,263450,JAYANKONDAM,GEN,ARIYALUR,,20,86.75,0.43,yes,192,0.08,3.26,,,0,TRUE,1,,0,,,,0,FALSE,FALSE,FALSE,,,,,,State Assembly Election (AE)
Tamil_Nadu,13,150,2026,5,4,0,7,VINOTHSAVARIREMIJEAS C.,,Independent,792,0,,228548,263450,JAYANKONDAM,GEN,ARIYALUR,,20,86.75,0.35,yes,81,0.04,3.26,,,0,TRUE,1,,0,,,,0,FALSE,FALSE,FALSE,,,,,,State Assembly Election (AE)
Tamil_Nadu,13,150,2026,5,4,0,8,RAVANAN M.,,Naadaalum Makkal Katchi,711,0,,228548,263450,JAYANKONDAM,GEN,ARIYALUR,,20,86.75,0.31,yes,103,0.05,3.26,,,0,TRUE,1,,0,,,,0,FALSE,FALSE,FALSE,,,,,,State Assembly Election (AE)
Tamil_Nadu,13,150,2026,5,4,0,9,SANKAR M.,,Rashtriya Samaj Dal (R),608,0,,228548,263450,JAYANKONDAM,GEN,ARIYALUR,,20,86.75,0.27,yes,25,0.01,3.26,,,0,TRUE,1,,0,,,,0,FALSE,FALSE,FALSE,,,,,,State Assembly Election (AE)
Tamil_Nadu,13,150,2026,5,4,0,10,ANANDHAKUMAR R.,,Independent,583,0,,228548,263450,JAYANKONDAM,GEN,ARIYALUR,,20,86.75,0.26,yes,55,0.02,3.26,,,0,TRUE,1,,0,,,,0,FALSE,FALSE,FALSE,,,,,,State Assembly Election (AE)
Tamil_Nadu,13,150,2026,5,4,0,11,JAYABALAN G.,,Vada Tamil Nadu Munnetra Katchi,528,0,,228548,263450,JAYANKONDAM,GEN,ARIYALUR,,20,86.75,0.23,yes,53,0.02,3.26,,,0,TRUE,1,,0,,,,0,FALSE,FALSE,FALSE,,,,,,State Assembly Election (AE)
Tamil_Nadu,13,150,2026,5,4,0,12,CHINNADURAI S.,,Bahujan Samaj Party,475,0,,228548,263450,JAYANKONDAM,GEN,ARIYALUR,,20,86.75,0.21,yes,59,0.03,3.26,,,0,TRUE,1,,0,,,,0,FALSE,FALSE,FALSE,,,,,,State Assembly Election (AE)
Tamil_Nadu,13,150,2026,5,4,0,13,None Of The Above,,None of the Above,416,0,,228548,263450,JAYANKONDAM,GEN,ARIYALUR,,20,86.75,0.18,yes,147,0.06,3.26,,,0,TRUE,1,,0,,,,0,FALSE,FALSE,FALSE,,,,,,State Assembly Election (AE)
Tamil_Nadu,13,150,2026,5,4,0,14,PAGUTHARIVALAN A.,,Tamizhaga Vaazhvurimai Katchi,269,0,,228548,263450,JAYANKONDAM,GEN,ARIYALUR,,20,86.75,0.12,yes,92,0.04,3.26,,,0,TRUE,1,,0,,,,0,FALSE,FALSE,FALSE,,,,,,State Assembly Election (AE)
Tamil_Nadu,13,150,2026,5,4,0,15,GURUNATHAN N.,,Independent,177,0,,228548,263450,JAYANKONDAM,GEN,ARIYALUR,,20,86.75,0.08,yes,19,0.01,3.26,,,0,TRUE,1,,0,,,,0,FALSE,FALSE,FALSE,,,,,,State Assembly Election (AE)
Tamil_Nadu,13,150,2026,5,4,0,16,KANNAN K.,,Independent,158,0,,228548,263450,JAYANKONDAM,GEN,ARIYALUR,,20,86.75,0.07,yes,7,0.0,3.26,,,0,TRUE,1,,0,,,,0,FALSE,FALSE,FALSE,,,,,,State Assembly Election (AE)
Tamil_Nadu,13,150,2026,5,4,0,17,AZHAGESAN V.R.,,Desiya Makkal Sakthi Katchi,151,0,,228548,263450,JAYANKONDAM,GEN,ARIYALUR,,20,86.75,0.07,yes,36,0.02,3.26,,,0,TRUE,1,,0,,,,0,FALSE,FALSE,FALSE,,,,,,State Assembly Election (AE)
Tamil_Nadu,13,150,2026,5,4,0,18,ISAC NEWTAN J.,,Independent,115,0,,228548,263450,JAYANKONDAM,GEN,ARIYALUR,,20,86.75,0.05,yes,15,0.01,3.26,,,0,TRUE,1,,0,,,,0,FALSE,FALSE,FALSE,,,,,,State Assembly Election (AE)
Tamil_Nadu,13,150,2026,5,4,0,19,VEZHAVENTHAN D.,,Independent,100,0,,228548,263450,JAYANKONDAM,GEN,ARIYALUR,,20,86.75,0.04,yes,46,0.02,3.26,,,0,TRUE,1,,0,,,,0,FALSE,FALSE,FALSE,,,,,,State Assembly Election (AE)
Tamil_Nadu,13,150,2026,5,4,0,20,VENKATAJALAPATHI R.,,Independent,54,0,,228548,263450,JAYANKONDAM,GEN,ARIYALUR,,20,86.75,0.02,yes,54,0.02,3.26,,,0,TRUE,1,,0,,,,0,FALSE,FALSE,FALSE,,,,,,State Assembly Election (AE)
Tamil_Nadu,13,151,2026,5,4,0,1,GANESAN C.V,,Dravida Munnetra Kazhagam,63106,0,,175754,208984,TITTAKUDI,SC,CUDDALORE,,15,84.1,35.91,no,2629,1.5,3.26,,,0,TRUE,1,,0,,,,0,FALSE,FALSE,FALSE,,,,,,State Assembly Election (AE)
Tamil_Nadu,13,151,2026,5,4,0,2,RAJASEKAR A,,Tamilaga Vettri Kazhagam,60477,0,,175754,208984,TITTAKUDI,SC,CUDDALORE,,15,84.1,34.41,no,17975,10.23,3.26,,,0,TRUE,1,,0,,,,0,FALSE,FALSE,FALSE,,,,,,State Assembly Election (AE)
Tamil_Nadu,13,151,2026,5,4,0,3,MURUGUMARAN N,,All India Anna Dravida Munnetra Kazhagam,42502,0,,175754,208984,TITTAKUDI,SC,CUDDALORE,,15,84.1,24.18,no,36793,20.93,3.26,,,0,TRUE,1,,0,,,,0,FALSE,FALSE,FALSE,,,,,,State Assembly Election (AE)
Tamil_Nadu,13,151,2026,5,4,0,4,MAHALAKSHMI V,,Naam Tamilar Katchi,5709,0,,175754,208984,TITTAKUDI,SC,CUDDALORE,,15,84.1,3.25,yes,5125,2.92,3.26,,,0,TRUE,1,,0,,,,0,FALSE,FALSE,FALSE,,,,,,State Assembly Election (AE)
Tamil_Nadu,13,151,2026,5,4,0,5,None Of The Above,,None of the Above,584,0,,175754,208984,TITTAKUDI,SC,CUDDALORE,,15,84.1,0.33,yes,35,0.02,3.26,,,0,TRUE,1,,0,,,,0,FALSE,FALSE,FALSE,,,,,,State Assembly Election (AE)
Tamil_Nadu,13,151,2026,5,4,0,6,VELMURUGAN G,,Independent,549,0,,175754,208984,TITTAKUDI,SC,CUDDALORE,,15,84.1,0.31,yes,106,0.06,3.26,,,0,TRUE,1,,0,,,,0,FALSE,FALSE,FALSE,,,,,,State Assembly Election (AE)
Tamil_Nadu,13,151,2026,5,4,0,7,PALANIVEL R,,All India Puratchi Thalaivar Makkal Munnettra Kazhagam,443,0,,175754,208984,TITTAKUDI,SC,CUDDALORE,,15,84.1,0.25,yes,42,0.02,3.26,,,0,TRUE,1,,0,,,,0,FALSE,FALSE,FALSE,,,,,,State Assembly Election (AE)
Tamil_Nadu,13,151,2026,5,4,0,8,MURUGAN A,,Independent,401,0,,175754,208984,TITTAKUDI,SC,CUDDALORE,,15,84.1,0.23,yes,2,0.0,3.26,,,0,TRUE,1,,0,,,,0,FALSE,FALSE,FALSE,,,,,,State Assembly Election (AE)
Tamil_Nadu,13,151,2026,5,4,0,9,RAVICHANDRAN K.P,,Bahujan Samaj Party,399,0,,175754,208984,TITTAKUDI,SC,CUDDALORE,,15,84.1,0.23,yes,37,0.02,3.26,,,0,TRUE,1,,0,,,,0,FALSE,FALSE,FALSE,,,,,,State Assembly Election (AE)
Tamil_Nadu,13,151,2026,5,4,0,10,SATHYA M,,Aanaithinthiya Jananayaka Pathukappu Kazhagam,362,0,,175754,208984,TITTAKUDI,SC,CUDDALORE,,15,84.1,0.21,yes,24,0.01,3.26,,,0,TRUE,1,,0,,,,0,FALSE,FALSE,FALSE,,,,,,State Assembly Election (AE)
Tamil_Nadu,13,151,2026,5,4,0,11,JAYA K,,Tamizhaga Vaazhvurimai Katchi,338,0,,175754,208984,TITTAKUDI,SC,CUDDALORE,,15,84.1,0.19,yes,23,0.01,3.26,,,0,TRUE,1,,0,,,,0,FALSE,FALSE,FALSE,,,,,,State Assembly Election (AE)
Tamil_Nadu,13,151,2026,5,4,0,12,PERINBAM D,,Independent,315,0,,175754,208984,TITTAKUDI,SC,CUDDALORE,,15,84.1,0.18,yes,40,0.02,3.26,,,0,TRUE,1,,0,,,,0,FALSE,FALSE,FALSE,,,,,,State Assembly Election (AE)
Tamil_Nadu,13,151,2026,5,4,0,13,SILAMBARASAN J,,Independent,275,0,,175754,208984,TITTAKUDI,SC,CUDDALORE,,15,84.1,0.16,yes,117,0.07,3.26,,,0,TRUE,1,,0,,,,0,FALSE,FALSE,FALSE,,,,,,State Assembly Election (AE)
Tamil_Nadu,13,151,2026,5,4,0,14,JAYARAMAN N,,Bahujan Dravida Party,158,0,,175754,208984,TITTAKUDI,SC,CUDDALORE,,15,84.1,0.09,yes,22,0.01,3.26,,,0,TRUE,1,,0,,,,0,FALSE,FALSE,FALSE,,,,,,State Assembly Election (AE)
Tamil_Nadu,13,151,2026,5,4,0,15,PADMANATHAN V,,Independent,136,0,,175754,208984,TITTAKUDI,SC,CUDDALORE,,15,84.1,0.08,yes,136,0.08,3.26,,,0,TRUE,1,,0,,,,0,FALSE,FALSE,FALSE,,,,,,State Assembly Election (AE)
Tamil_Nadu,13,152,2026,5,4,0,1,PREMALLATHA VIJAYAKANT,,Desiya Murpokku Dravida Kazhagam,69351,0,,209186,240783,VRIDDHACHALAM,GEN,CUDDALORE,,19,86.88,33.15,no,2387,1.14,3.39,,,0,TRUE,1,,0,,,,0,FALSE,FALSE,FALSE,,,,,,State Assembly Election (AE)
Tamil_Nadu,13,152,2026,5,4,0,2,VIJAY.S,,Tamilaga Vettri Kazhagam,66964,0,,209186,240783,VRIDDHACHALAM,GEN,CUDDALORE,,19,86.88,32.01,no,7173,3.43,3.39,,,0,TRUE,1,,0,,,,0,FALSE,FALSE,FALSE,,,,,,State Assembly Election (AE)
Tamil_Nadu,13,152,2026,5,4,0,3,DR.TAMIZHARASI.P,,Pattali Makkal Katchi,59791,0,,209186,240783,VRIDDHACHALAM,GEN,CUDDALORE,,19,86.88,28.58,no,53744,25.69,3.39,,,0,TRUE,1,,0,,,,0,FALSE,FALSE,FALSE,,,,,,State Assembly Election (AE)
Tamil_Nadu,13,152,2026,5,4,0,4,ANANTHI DHANDAPANI,,Naam Tamilar Katchi,6047,0,,209186,240783,VRIDDHACHALAM,GEN,CUDDALORE,,19,86.88,2.89,yes,4151,1.98,3.39,,,0,TRUE,1,,0,,,,0,FALSE,FALSE,FALSE,,,,,,State Assembly Election (AE)
Tamil_Nadu,13,152,2026,5,4,0,5,ARIVAZHAGAN.E.N,,Tamizhaga Vaazhvurimai Katchi,1896,0,,209186,240783,VRIDDHACHALAM,GEN,CUDDALORE,,19,86.88,0.91,yes,992,0.47,3.39,,,0,TRUE,1,,0,,,,0,FALSE,FALSE,FALSE,,,,,,State Assembly Election (AE)
Tamil_Nadu,13,152,2026,5,4,0,6,ARIVUDAINAMBI.S,,Anti Corruption Dynamic Party,904,0,,209186,240783,VRIDDHACHALAM,GEN,CUDDALORE,,19,86.88,0.43,yes,149,0.07,3.39,,,0,TRUE,1,,0,,,,0,FALSE,FALSE,FALSE,,,,,,State Assembly Election (AE)
Tamil_Nadu,13,152,2026,5,4,0,7,None Of The Above,,None of the Above,755,0,,209186,240783,VRIDDHACHALAM,GEN,CUDDALORE,,19,86.88,0.36,yes,17,0.01,3.39,,,0,TRUE,1,,0,,,,0,FALSE,FALSE,FALSE,,,,,,State Assembly Election (AE)
Tamil_Nadu,13,152,2026,5,4,0,8,DURAI.K,,Independent,738,0,,209186,240783,VRIDDHACHALAM,GEN,CUDDALORE,,19,86.88,0.35,yes,127,0.06,3.39,,,0,TRUE,1,,0,,,,0,FALSE,FALSE,FALSE,,,,,,State Assembly Election (AE)
Tamil_Nadu,13,152,2026,5,4,0,9,GNANASUNDARI.M,,Aanaithinthiya Jananayaka Pathukappu Kazhagam,611,0,,209186,240783,VRIDDHACHALAM,GEN,CUDDALORE,,19,86.88,0.29,yes,237,0.11,3.39,,,0,TRUE,1,,0,,,,0,FALSE,FALSE,FALSE,,,,,,State Assembly Election (AE)
Tamil_Nadu,13,152,2026,5,4,0,10,SIVAPRAKASAM.V,,Bahujan Samaj Party,374,0,,209186,240783,VRIDDHACHALAM,GEN,CUDDALORE,,19,86.88,0.18,yes,46,0.02,3.39,,,0,TRUE,1,,0,,,,0,FALSE,FALSE,FALSE,,,,,,State Assembly Election (AE)
Tamil_Nadu,13,152,2026,5,4,0,11,SRINIVASAN.R,,Independent,328,0,,209186,240783,VRIDDHACHALAM,GEN,CUDDALORE,,19,86.88,0.16,yes,76,0.04,3.39,,,0,TRUE,1,,0,,,,0,FALSE,FALSE,FALSE,,,,,,State Assembly Election (AE)
Tamil_Nadu,13,152,2026,5,4,0,12,BALU.P,,Independent,252,0,,209186,240783,VRIDDHACHALAM,GEN,CUDDALORE,,19,86.88,0.12,yes,27,0.01,3.39,,,0,TRUE,1,,0,,,,0,FALSE,FALSE,FALSE,,,,,,State Assembly Election (AE)
Tamil_Nadu,13,152,2026,5,4,0,13,SIDHARTHAN.S,,Desiya Makkal Sakthi Katchi,225,0,,209186,240783,VRIDDHACHALAM,GEN,CUDDALORE,,19,86.88,0.11,yes,50,0.02,3.39,,,0,TRUE,1,,0,,,,0,FALSE,FALSE,FALSE,,,,,,State Assembly Election (AE)
Tamil_Nadu,13,152,2026,5,4,0,14,EZHILKUMAR.K,,Independent,175,0,,209186,240783,VRIDDHACHALAM,GEN,CUDDALORE,,19,86.88,0.08,yes,12,0.01,3.39,,,0,TRUE,1,,0,,,,0,FALSE,FALSE,FALSE,,,,,,State Assembly Election (AE)
Tamil_Nadu,13,152,2026,5,4,0,15,DEIVEEGADASS.M,,Independent,163,0,,209186,240783,VRIDDHACHALAM,GEN,CUDDALORE,,19,86.88,0.08,yes,1,0.0,3.39,,,0,TRUE,1,,0,,,,0,FALSE,FALSE,FALSE,,,,,,State Assembly Election (AE)
Tamil_Nadu,13,152,2026,5,4,0,16,JAYAPRAKASH.S,,Independent,162,0,,209186,240783,VRIDDHACHALAM,GEN,CUDDALORE,,19,86.88,0.08,yes,1,0.0,3.39,,,0,TRUE,1,,0,,,,0,FALSE,FALSE,FALSE,,,,,,State Assembly Election (AE)
Tamil_Nadu,13,152,2026,5,4,0,17,SIVASANKARAN.K,,Independent,161,0,,209186,240783,VRIDDHACHALAM,GEN,CUDDALORE,,19,86.88,0.08,yes,1,0.0,3.39,,,0,TRUE,1,,0,,,,0,FALSE,FALSE,FALSE,,,,,,State Assembly Election (AE)
Tamil_Nadu,13,152,2026,5,4,0,18,SATHIYA.B,,Anna Makkal Katchi,160,0,,209186,240783,VRIDDHACHALAM,GEN,CUDDALORE,,19,86.88,0.08,yes,31,0.01,3.39,,,0,TRUE,1,,0,,,,0,FALSE,FALSE,FALSE,,,,,,State Assembly Election (AE)
Tamil_Nadu,13,152,2026,5,4,0,19,PRABAKARAN.T,,Independent,129,0,,209186,240783,VRIDDHACHALAM,GEN,CUDDALORE,,19,86.88,0.06,yes,129,0.06,3.39,,,0,TRUE,1,,0,,,,0,FALSE,FALSE,FALSE,,,,,,State Assembly Election (AE)
Tamil_Nadu,13,153,2026,5,4,0,1,RAJENDRAN.R,,All India Anna Dravida Munnetra Kazhagam,63731,0,,168780,191271,NEYVELI,GEN,CUDDALORE,,12,88.24,37.76,no,10962,6.49,3.49,,,0,TRUE,1,,0,,,,0,FALSE,FALSE,FALSE,,,,,,State Assembly Election (AE)
Tamil_Nadu,13,153,2026,5,4,0,2,SABA.RAJENDRAN,,Dravida Munnetra Kazhagam,52769,0,,168780,191271,NEYVELI,GEN,CUDDALORE,,12,88.24,31.26,no,18478,10.95,3.49,,,0,TRUE,1,,0,,,,0,FALSE,FALSE,FALSE,,,,,,State Assembly Election (AE)
Tamil_Nadu,13,153,2026,5,4,0,3,ANAND.K,,Tamilaga Vettri Kazhagam,34291,0,,168780,191271,NEYVELI,GEN,CUDDALORE,,12,88.24,20.32,no,22910,13.57,3.49,,,0,TRUE,1,,0,,,,0,FALSE,FALSE,FALSE,,,,,,State Assembly Election (AE)
Tamil_Nadu,13,153,2026,5,4,0,4,THIRUMALVALAVAN.T,,Tamizhaga Vaazhvurimai Katchi,11381,0,,168780,191271,NEYVELI,GEN,CUDDALORE,,12,88.24,6.74,yes,6937,4.11,3.49,,,0,TRUE,1,,0,,,,0,FALSE,FALSE,FALSE,,,,,,State Assembly Election (AE)
Tamil_Nadu,13,153,2026,5,4,0,5,VEERAMANI.B,,Naam Tamilar Katchi,4444,0,,168780,191271,NEYVELI,GEN,CUDDALORE,,12,88.24,2.63,yes,3676,2.18,3.49,,,0,TRUE,1,,0,,,,0,FALSE,FALSE,FALSE,,,,,,State Assembly Election (AE)
Tamil_Nadu,13,153,2026,5,4,0,6,None Of The Above,,None of the Above,768,0,,168780,191271,NEYVELI,GEN,CUDDALORE,,12,88.24,0.46,yes,309,0.18,3.49,,,0,TRUE,1,,0,,,,0,FALSE,FALSE,FALSE,,,,,,State Assembly Election (AE)
Tamil_Nadu,13,153,2026,5,4,0,7,KARTHIKEYAN.C.M,,Independent,459,0,,168780,191271,NEYVELI,GEN,CUDDALORE,,12,88.24,0.27,yes,112,0.07,3.49,,,0,TRUE,1,,0,,,,0,FALSE,FALSE,FALSE,,,,,,State Assembly Election (AE)
Tamil_Nadu,13,153,2026,5,4,0,8,MANIMARAN.P,,Independent,347,0,,168780,191271,NEYVELI,GEN,CUDDALORE,,12,88.24,0.21,yes,126,0.07,3.49,,,0,TRUE,1,,0,,,,0,FALSE,FALSE,FALSE,,,,,,State Assembly Election (AE)
Tamil_Nadu,13,153,2026,5,4,0,9,CHEZHIYAN.G,,Independent,221,0,,168780,191271,NEYVELI,GEN,CUDDALORE,,12,88.24,0.13,yes,85,0.05,3.49,,,0,TRUE,1,,0,,,,0,FALSE,FALSE,FALSE,,,,,,State Assembly Election (AE)
Tamil_Nadu,13,153,2026,5,4,0,10,MAYAKRISHNAN.K,,Veerath Thiyagi Viswanathadoss Thozhilalarkal Katchi,136,0,,168780,191271,NEYVELI,GEN,CUDDALORE,,12,88.24,0.08,yes,5,0.0,3.49,,,0,TRUE,1,,0,,,,0,FALSE,FALSE,FALSE,,,,,,State Assembly Election (AE)
Tamil_Nadu,13,153,2026,5,4,0,11,JOTHIMURUGAN.V,,Bahujan Samaj Party,131,0,,168780,191271,NEYVELI,GEN,CUDDALORE,,12,88.24,0.08,yes,29,0.02,3.49,,,0,TRUE,1,,0,,,,0,FALSE,FALSE,FALSE,,,,,,State Assembly Election (AE)
Tamil_Nadu,13,153,2026,5,4,0,12,SATHIYASEELAN.M,,Independent,102,0,,168780,191271,NEYVELI,GEN,CUDDALORE,,12,88.24,0.06,yes,102,0.06,3.49,,,0,TRUE,1,,0,,,,0,FALSE,FALSE,FALSE,,,,,,State Assembly Election (AE)
Tamil_Nadu,13,154,2026,5,4,0,1,MOHAN. K,,All India Anna Dravida Munnetra Kazhagam,78398,0,,210767,241767,PANRUTI,GEN,CUDDALORE,,10,87.18,37.2,no,10663,5.06,3.2,,,0,TRUE,1,,0,,,,0,FALSE,FALSE,FALSE,,,,,,State Assembly Election (AE)
Tamil_Nadu,13,154,2026,5,4,0,2,ABDUR RAHMAN. A.R,,Viduthalai Chiruthaigal Katchi,67735,0,,210767,241767,PANRUTI,GEN,CUDDALORE,,10,87.18,32.14,no,11713,5.56,3.2,,,0,TRUE,1,,0,,,,0,FALSE,FALSE,FALSE,,,,,,State Assembly Election (AE)
Tamil_Nadu,13,154,2026,5,4,0,3,MANIKANDAN. M,,Tamilaga Vettri Kazhagam,56022,0,,210767,241767,PANRUTI,GEN,CUDDALORE,,10,87.18,26.58,no,51138,24.26,3.2,,,0,TRUE,1,,0,,,,0,FALSE,FALSE,FALSE,,,,,,State Assembly Election (AE)
Tamil_Nadu,13,154,2026,5,4,0,4,BANUPRIYA. M,,Naam Tamilar Katchi,4884,0,,210767,241767,PANRUTI,GEN,CUDDALORE,,10,87.18,2.32,yes,3435,1.63,3.2,,,0,TRUE,1,,0,,,,0,FALSE,FALSE,FALSE,,,,,,State Assembly Election (AE)
Tamil_Nadu,13,154,2026,5,4,0,5,SURENDAR. R,,Tamizhaga Vaazhvurimai Katchi,1449,0,,210767,241767,PANRUTI,GEN,CUDDALORE,,10,87.18,0.69,yes,542,0.26,3.2,,,0,TRUE,1,,0,,,,0,FALSE,FALSE,FALSE,,,,,,State Assembly Election (AE)
Tamil_Nadu,13,154,2026,5,4,0,6,None Of The Above,,None of the Above,907,0,,210767,241767,PANRUTI,GEN,CUDDALORE,,10,87.18,0.43,yes,476,0.23,3.2,,,0,TRUE,1,,0,,,,0,FALSE,FALSE,FALSE,,,,,,State Assembly Election (AE)
Tamil_Nadu,13,154,2026,5,4,0,7,MOHAMMED SAFI. A,,Independent,431,0,,210767,241767,PANRUTI,GEN,CUDDALORE,,10,87.18,0.2,yes,19,0.01,3.2,,,0,TRUE,1,,0,,,,0,FALSE,FALSE,FALSE,,,,,,State Assembly Election (AE)
Tamil_Nadu,13,154,2026,5,4,0,8,SRIKANTHU. S,,Bahujan Samaj Party,412,0,,210767,241767,PANRUTI,GEN,CUDDALORE,,10,87.18,0.2,yes,24,0.01,3.2,,,0,TRUE,1,,0,,,,0,FALSE,FALSE,FALSE,,,,,,State Assembly Election (AE)
Tamil_Nadu,13,154,2026,5,4,0,9,PRAKASH. R,,Thamizhaka Padaippalar Makkal Katchi,388,0,,210767,241767,PANRUTI,GEN,CUDDALORE,,10,87.18,0.18,yes,247,0.12,3.2,,,0,TRUE,1,,0,,,,0,FALSE,FALSE,FALSE,,,,,,State Assembly Election (AE)
Tamil_Nadu,13,154,2026,5,4,0,10,RAMALINGAM. A,,Independent,141,0,,210767,241767,PANRUTI,GEN,CUDDALORE,,10,87.18,0.07,yes,141,0.07,3.2,,,0,TRUE,1,,0,,,,0,FALSE,FALSE,FALSE,,,,,,State Assembly Election (AE)
Tamil_Nadu,13,155,2026,5,4,0,1,B.RAJKUMAR,,Tamilaga Vettri Kazhagam,70856,0,,190378,223149,CUDDALORE,GEN,CUDDALORE,,16,85.31,37.22,no,15519,8.15,3.24,,,0,TRUE,1,,0,,,,0,FALSE,FALSE,FALSE,,,,,,State Assembly Election (AE)
Tamil_Nadu,13,155,2026,5,4,0,2,A.S.CHANDARASEKARAN,,Indian National Congress,55337,0,,190378,223149,CUDDALORE,GEN,CUDDALORE,,16,85.31,29.07,no,79,0.04,3.24,,,0,TRUE,1,,0,,,,0,FALSE,FALSE,FALSE,,,,,,State Assembly Election (AE)
Tamil_Nadu,13,155,2026,5,4,0,3,M.C.SAMPATH,,All India Anna Dravida Munnetra Kazhagam,55258,0,,190378,223149,CUDDALORE,GEN,CUDDALORE,,16,85.31,29.03,no,49492,26.0,3.24,,,0,TRUE,1,,0,,,,0,FALSE,FALSE,FALSE,,,,,,State Assembly Election (AE)
Tamil_Nadu,13,155,2026,5,4,0,4,S.SARASU,,Naam Tamilar Katchi,5766,0,,190378,223149,CUDDALORE,GEN,CUDDALORE,,16,85.31,3.03,yes,4872,2.56,3.24,,,0,TRUE,1,,0,,,,0,FALSE,FALSE,FALSE,,,,,,State Assembly Election (AE)
Tamil_Nadu,13,155,2026,5,4,0,5,None Of The Above,,None of the Above,894,0,,190378,223149,CUDDALORE,GEN,CUDDALORE,,16,85.31,0.47,yes,271,0.14,3.24,,,0,TRUE,1,,0,,,,0,FALSE,FALSE,FALSE,,,,,,State Assembly Election (AE)
Tamil_Nadu,13,155,2026,5,4,0,6,K.LENIN,,Tamizhaga Vaazhvurimai Katchi,623,0,,190378,223149,CUDDALORE,GEN,CUDDALORE,,16,85.31,0.33,yes,248,0.13,3.24,,,0,TRUE,1,,0,,,,0,FALSE,FALSE,FALSE,,,,,,State Assembly Election (AE)
Tamil_Nadu,13,155,2026,5,4,0,7,S. RAMASAMY,,All India Puratchi Thalaivar Makkal Munnettra Kazhagam,375,0,,190378,223149,CUDDALORE,GEN,CUDDALORE,,16,85.31,0.2,yes,48,0.03,3.24,,,0,TRUE,1,,0,,,,0,FALSE,FALSE,FALSE,,,,,,State Assembly Election (AE)
Tamil_Nadu,13,155,2026,5,4,0,8,P.NAGASUNDARAM,,Independent,327,0,,190378,223149,CUDDALORE,GEN,CUDDALORE,,16,85.31,0.17,yes,113,0.06,3.24,,,0,TRUE,1,,0,,,,0,FALSE,FALSE,FALSE,,,,,,State Assembly Election (AE)
Tamil_Nadu,13,155,2026,5,4,0,9,R. VEERAMANI,,Independent,214,0,,190378,223149,CUDDALORE,GEN,CUDDALORE,,16,85.31,0.11,yes,3,0.0,3.24,,,0,TRUE,1,,0,,,,0,FALSE,FALSE,FALSE,,,,,,State Assembly Election (AE)
Tamil_Nadu,13,155,2026,5,4,0,10,R.RAMACHANDRAN,,Independent,211,0,,190378,223149,CUDDALORE,GEN,CUDDALORE,,16,85.31,0.11,yes,75,0.04,3.24,,,0,TRUE,1,,0,,,,0,FALSE,FALSE,FALSE,,,,,,State Assembly Election (AE)
Tamil_Nadu,13,155,2026,5,4,0,11,P.NATARAJAN,,Bahujan Samaj Party,136,0,,190378,223149,CUDDALORE,GEN,CUDDALORE,,16,85.31,0.07,yes,39,0.02,3.24,,,0,TRUE,1,,0,,,,0,FALSE,FALSE,FALSE,,,,,,State Assembly Election (AE)
Tamil_Nadu,13,155,2026,5,4,0,12,E.GURUBARAN,,Independent,97,0,,190378,223149,CUDDALORE,GEN,CUDDALORE,,16,85.31,0.05,yes,0,0.0,3.24,,,0,TRUE,1,,0,,,,0,FALSE,FALSE,FALSE,,,,,,State Assembly Election (AE)
Tamil_Nadu,13,155,2026,5,4,0,13,R.MAYAVAN,,Independent,97,0,,190378,223149,CUDDALORE,GEN,CUDDALORE,,16,85.31,0.05,yes,23,0.01,3.24,,,0,TRUE,1,,0,,,,0,FALSE,FALSE,FALSE,,,,,,State Assembly Election (AE)
Tamil_Nadu,13,155,2026,5,4,0,14,E.FAROOK ALI,,Independent,74,0,,190378,223149,CUDDALORE,GEN,CUDDALORE,,16,85.31,0.04,yes,12,0.01,3.24,,,0,TRUE,1,,0,,,,0,FALSE,FALSE,FALSE,,,,,,State Assembly Election (AE)
Tamil_Nadu,13,155,2026,5,4,0,15,V. SUGANTHI,,Independent,62,0,,190378,223149,CUDDALORE,GEN,CUDDALORE,,16,85.31,0.03,yes,11,0.01,3.24,,,0,TRUE,1,,0,,,,0,FALSE,FALSE,FALSE,,,,,,State Assembly Election (AE)
Tamil_Nadu,13,155,2026,5,4,0,16,S.RAJAMOHAN,,Independent,51,0,,190378,223149,CUDDALORE,GEN,CUDDALORE,,16,85.31,0.03,yes,51,0.03,3.24,,,0,TRUE,1,,0,,,,0,FALSE,FALSE,FALSE,,,,,,State Assembly Election (AE)
Tamil_Nadu,13,156,2026,5,4,0,1,M.R.K.PANNEERSELVAM,,Dravida Munnetra Kazhagam,76695,0,,213965,238189,KURINJIPADI,GEN,CUDDALORE,,12,89.83,35.84,no,7589,3.55,3.38,,,0,TRUE,1,,0,,,,0,FALSE,FALSE,FALSE,,,,,,State Assembly Election (AE)
Tamil_Nadu,13,156,2026,5,4,0,2,A  BHUVANENTHIRAN,,All India Anna Dravida Munnetra Kazhagam,69106,0,,213965,238189,KURINJIPADI,GEN,CUDDALORE,,12,89.83,32.3,no,15996,7.48,3.38,,,0,TRUE,1,,0,,,,0,FALSE,FALSE,FALSE,,,,,,State Assembly Election (AE)
Tamil_Nadu,13,156,2026,5,4,0,3,RAJKUMAR D,,Tamilaga Vettri Kazhagam,53110,0,,213965,238189,KURINJIPADI,GEN,CUDDALORE,,12,89.83,24.82,no,45997,21.5,3.38,,,0,TRUE,1,,0,,,,0,FALSE,FALSE,FALSE,,,,,,State Assembly Election (AE)
Tamil_Nadu,13,156,2026,5,4,0,4,T  KANNAN,,Tamizhaga Vaazhvurimai Katchi,7113,0,,213965,238189,KURINJIPADI,GEN,CUDDALORE,,12,89.83,3.32,yes,2300,1.07,3.38,,,0,TRUE,1,,0,,,,0,FALSE,FALSE,FALSE,,,,,,State Assembly Election (AE)
Tamil_Nadu,13,156,2026,5,4,0,5,KAVITHA RENGANATHAN,,Naam Tamilar Katchi,4813,0,,213965,238189,KURINJIPADI,GEN,CUDDALORE,,12,89.83,2.25,yes,3885,1.82,3.38,,,0,TRUE,1,,0,,,,0,FALSE,FALSE,FALSE,,,,,,State Assembly Election (AE)
Tamil_Nadu,13,156,2026,5,4,0,6,ARUMUGAM  R,,Independent,928,0,,213965,238189,KURINJIPADI,GEN,CUDDALORE,,12,89.83,0.43,yes,299,0.14,3.38,,,0,TRUE,1,,0,,,,0,FALSE,FALSE,FALSE,,,,,,State Assembly Election (AE)
Tamil_Nadu,13,156,2026,5,4,0,7,None Of The Above,,None of the Above,629,0,,213965,238189,KURINJIPADI,GEN,CUDDALORE,,12,89.83,0.29,yes,171,0.08,3.38,,,0,TRUE,1,,0,,,,0,FALSE,FALSE,FALSE,,,,,,State Assembly Election (AE)
Tamil_Nadu,13,156,2026,5,4,0,8,MANIMALA  R,,Independent,458,0,,213965,238189,KURINJIPADI,GEN,CUDDALORE,,12,89.83,0.21,yes,135,0.06,3.38,,,0,TRUE,1,,0,,,,0,FALSE,FALSE,FALSE,,,,,,State Assembly Election (AE)
Tamil_Nadu,13,156,2026,5,4,0,9,R  SRINIVASAN,,Tamil Telugu National Party,323,0,,213965,238189,KURINJIPADI,GEN,CUDDALORE,,12,89.83,0.15,yes,50,0.02,3.38,,,0,TRUE,1,,0,,,,0,FALSE,FALSE,FALSE,,,,,,State Assembly Election (AE)
Tamil_Nadu,13,156,2026,5,4,0,10,M  KANAGARAJ,,Bahujan Samaj Party,273,0,,213965,238189,KURINJIPADI,GEN,CUDDALORE,,12,89.83,0.13,yes,8,0.0,3.38,,,0,TRUE,1,,0,,,,0,FALSE,FALSE,FALSE,,,,,,State Assembly Election (AE)
Tamil_Nadu,13,156,2026,5,4,0,11,DHANAKESAVAMOORTHY A.C.T,,Independent,265,0,,213965,238189,KURINJIPADI,GEN,CUDDALORE,,12,89.83,0.12,yes,13,0.01,3.38,,,0,TRUE,1,,0,,,,0,FALSE,FALSE,FALSE,,,,,,State Assembly Election (AE)
Tamil_Nadu,13,156,2026,5,4,0,12,MUTHAZHAGAN  N,,Independent,252,0,,213965,238189,KURINJIPADI,GEN,CUDDALORE,,12,89.83,0.12,yes,252,0.12,3.38,,,0,TRUE,1,,0,,,,0,FALSE,FALSE,FALSE,,,,,,State Assembly Election (AE)
Tamil_Nadu,13,157,2026,5,4,0,1,ARUNMOZHITHEVAN . A,,All India Anna Dravida Munnetra Kazhagam,75707,0,,207310,233259,BHUVANAGIRI,GEN,CUDDALORE,,14,88.88,36.52,no,2487,1.2,3.16,,,0,TRUE,1,,0,,,,0,FALSE,FALSE,FALSE,,,,,,State Assembly Election (AE)
Tamil_Nadu,13,157,2026,5,4,0,2,SARAVANAN. DURAI . K,,Dravida Munnetra Kazhagam,73220,0,,207310,233259,BHUVANAGIRI,GEN,CUDDALORE,,14,88.88,35.32,no,23316,11.25,3.16,,,0,TRUE,1,,0,,,,0,FALSE,FALSE,FALSE,,,,,,State Assembly Election (AE)
Tamil_Nadu,13,157,2026,5,4,0,3,MAHALINGAM . T,,Tamilaga Vettri Kazhagam,49904,0,,207310,233259,BHUVANAGIRI,GEN,CUDDALORE,,14,88.88,24.07,no,44799,21.61,3.16,,,0,TRUE,1,,0,,,,0,FALSE,FALSE,FALSE,,,,,,State Assembly Election (AE)
Tamil_Nadu,13,157,2026,5,4,0,4,SUMATHI . S,,Naam Tamilar Katchi,5105,0,,207310,233259,BHUVANAGIRI,GEN,CUDDALORE,,14,88.88,2.46,yes,4193,2.02,3.16,,,0,TRUE,1,,0,,,,0,FALSE,FALSE,FALSE,,,,,,State Assembly Election (AE)
Tamil_Nadu,13,157,2026,5,4,0,5,MUTHAMIZHAN . SEVA,,Tamizhaga Vaazhvurimai Katchi,912,0,,207310,233259,BHUVANAGIRI,GEN,CUDDALORE,,14,88.88,0.44,yes,231,0.11,3.16,,,0,TRUE,1,,0,,,,0,FALSE,FALSE,FALSE,,,,,,State Assembly Election (AE)
Tamil_Nadu,13,157,2026,5,4,0,6,None Of The Above,,None of the Above,681,0,,207310,233259,BHUVANAGIRI,GEN,CUDDALORE,,14,88.88,0.33,yes,318,0.15,3.16,,,0,TRUE,1,,0,,,,0,FALSE,FALSE,FALSE,,,,,,State Assembly Election (AE)
Tamil_Nadu,13,157,2026,5,4,0,7,KUMARAVELU . M,,Bahujan Samaj Party,363,0,,207310,233259,BHUVANAGIRI,GEN,CUDDALORE,,14,88.88,0.18,yes,24,0.01,3.16,,,0,TRUE,1,,0,,,,0,FALSE,FALSE,FALSE,,,,,,State Assembly Election (AE)
Tamil_Nadu,13,157,2026,5,4,0,8,BALAMURUGAN . G. C,,Independent,339,0,,207310,233259,BHUVANAGIRI,GEN,CUDDALORE,,14,88.88,0.16,yes,15,0.01,3.16,,,0,TRUE,1,,0,,,,0,FALSE,FALSE,FALSE,,,,,,State Assembly Election (AE)
Tamil_Nadu,13,157,2026,5,4,0,9,BALAMURUGAN . M. R,,Independent,324,0,,207310,233259,BHUVANAGIRI,GEN,CUDDALORE,,14,88.88,0.16,yes,16,0.01,3.16,,,0,TRUE,1,,0,,,,0,FALSE,FALSE,FALSE,,,,,,State Assembly Election (AE)
Tamil_Nadu,13,157,2026,5,4,0,10,ARUNMOZHI . V,,Independent,308,0,,207310,233259,BHUVANAGIRI,GEN,CUDDALORE,,14,88.88,0.15,yes,69,0.03,3.16,,,0,TRUE,1,,0,,,,0,FALSE,FALSE,FALSE,,,,,,State Assembly Election (AE)
Tamil_Nadu,13,157,2026,5,4,0,11,RAJA SEKAR . G,,Independent,239,0,,207310,233259,BHUVANAGIRI,GEN,CUDDALORE,,14,88.88,0.12,yes,150,0.07,3.16,,,0,TRUE,1,,0,,,,0,FALSE,FALSE,FALSE,,,,,,State Assembly Election (AE)
Tamil_Nadu,13,157,2026,5,4,0,12,SARAVANAN . J,,Independent,89,0,,207310,233259,BHUVANAGIRI,GEN,CUDDALORE,,14,88.88,0.04,yes,19,0.01,3.16,,,0,TRUE,1,,0,,,,0,FALSE,FALSE,FALSE,,,,,,State Assembly Election (AE)
Tamil_Nadu,13,157,2026,5,4,0,13,IYYAPPAN . S,,Independent,70,0,,207310,233259,BHUVANAGIRI,GEN,CUDDALORE,,14,88.88,0.03,yes,21,0.01,3.16,,,0,TRUE,1,,0,,,,0,FALSE,FALSE,FALSE,,,,,,State Assembly Election (AE)
Tamil_Nadu,13,157,2026,5,4,0,14,EZHILVENTHAN . P,,Independent,49,0,,207310,233259,BHUVANAGIRI,GEN,CUDDALORE,,14,88.88,0.02,yes,49,0.02,3.16,,,0,TRUE,1,,0,,,,0,FALSE,FALSE,FALSE,,,,,,State Assembly Election (AE)
Tamil_Nadu,13,158,2026,5,4,0,1,THAMIMUN ANSARI. M,,Dravida Munnetra Kazhagam,69739,0,,196586,231236,CHIDAMBARAM,GEN,CUDDALORE,,12,85.02,35.48,no,5747,2.92,3.23,,,0,TRUE,1,,0,,,,0,FALSE,FALSE,FALSE,,,,,,State Assembly Election (AE)
Tamil_Nadu,13,158,2026,5,4,0,2,PANDIAN. K.A,,All India Anna Dravida Munnetra Kazhagam,63992,0,,196586,231236,CHIDAMBARAM,GEN,CUDDALORE,,12,85.02,32.55,no,9408,4.79,3.23,,,0,TRUE,1,,0,,,,0,FALSE,FALSE,FALSE,,,,,,State Assembly Election (AE)
Tamil_Nadu,13,158,2026,5,4,0,3,NEDUNCHEZHIYAN,,Tamilaga Vettri Kazhagam,54584,0,,196586,231236,CHIDAMBARAM,GEN,CUDDALORE,,12,85.02,27.77,no,48415,24.63,3.23,,,0,TRUE,1,,0,,,,0,FALSE,FALSE,FALSE,,,,,,State Assembly Election (AE)
Tamil_Nadu,13,158,2026,5,4,0,4,THAMIZH,,Naam Tamilar Katchi,6169,0,,196586,231236,CHIDAMBARAM,GEN,CUDDALORE,,12,85.02,3.14,yes,5353,2.72,3.23,,,0,TRUE,1,,0,,,,0,FALSE,FALSE,FALSE,,,,,,State Assembly Election (AE)
Tamil_Nadu,13,158,2026,5,4,0,5,None Of The Above,,None of the Above,816,0,,196586,231236,CHIDAMBARAM,GEN,CUDDALORE,,12,85.02,0.42,yes,477,0.24,3.23,,,0,TRUE,1,,0,,,,0,FALSE,FALSE,FALSE,,,,,,State Assembly Election (AE)
Tamil_Nadu,13,158,2026,5,4,0,6,DHANASEKARAN. M,,All India Puratchi Thalaivar Makkal Munnettra Kazhagam,339,0,,196586,231236,CHIDAMBARAM,GEN,CUDDALORE,,12,85.02,0.17,yes,128,0.07,3.23,,,0,TRUE,1,,0,,,,0,FALSE,FALSE,FALSE,,,,,,State Assembly Election (AE)
Tamil_Nadu,13,158,2026,5,4,0,7,MANIMARAN. D,,Independent,211,0,,196586,231236,CHIDAMBARAM,GEN,CUDDALORE,,12,85.02,0.11,yes,48,0.02,3.23,,,0,TRUE,1,,0,,,,0,FALSE,FALSE,FALSE,,,,,,State Assembly Election (AE)
Tamil_Nadu,13,158,2026,5,4,0,8,THIRUGNANAM. K,,Independent,163,0,,196586,231236,CHIDAMBARAM,GEN,CUDDALORE,,12,85.02,0.08,yes,3,0.0,3.23,,,0,TRUE,1,,0,,,,0,FALSE,FALSE,FALSE,,,,,,State Assembly Election (AE)
Tamil_Nadu,13,158,2026,5,4,0,9,ER. JAYAKKUMAR. R,,Independent,160,0,,196586,231236,CHIDAMBARAM,GEN,CUDDALORE,,12,85.02,0.08,yes,3,0.0,3.23,,,0,TRUE,1,,0,,,,0,FALSE,FALSE,FALSE,,,,,,State Assembly Election (AE)
Tamil_Nadu,13,158,2026,5,4,0,10,VENKATESAN. D,,Independent,157,0,,196586,231236,CHIDAMBARAM,GEN,CUDDALORE,,12,85.02,0.08,yes,27,0.01,3.23,,,0,TRUE,1,,0,,,,0,FALSE,FALSE,FALSE,,,,,,State Assembly Election (AE)
Tamil_Nadu,13,158,2026,5,4,0,11,EASAN NATARAJAN. T,,Independent,130,0,,196586,231236,CHIDAMBARAM,GEN,CUDDALORE,,12,85.02,0.07,yes,4,0.0,3.23,,,0,TRUE,1,,0,,,,0,FALSE,FALSE,FALSE,,,,,,State Assembly Election (AE)
Tamil_Nadu,13,158,2026,5,4,0,12,MUNISANKAR. K,,Anna Puratchi Thalaivar Amma Dravida Munnetra Kazhagam,126,0,,196586,231236,CHIDAMBARAM,GEN,CUDDALORE,,12,85.02,0.06,yes,126,0.06,3.23,,,0,TRUE,1,,0,,,,0,FALSE,FALSE,FALSE,,,,,,State Assembly Election (AE)
Tamil_Nadu,13,159,2026,5,4,0,1,L.E. JOTHIMANI,,Viduthalai Chiruthaigal Katchi,85179,0,,187905,226333,KATTUMANNARKOIL,SC,CUDDALORE,,12,83.02,45.33,no,33063,17.6,2.98,,,0,TRUE,1,,0,,,,0,FALSE,FALSE,FALSE,,,,,,State Assembly Election (AE)
Tamil_Nadu,13,159,2026,5,4,0,2,A. SOZHAN,,Pattali Makkal Katchi,52116,0,,187905,226333,KATTUMANNARKOIL,SC,CUDDALORE,,12,83.02,27.74,no,8960,4.77,2.98,,,0,TRUE,1,,0,,,,0,FALSE,FALSE,FALSE,,,,,,State Assembly Election (AE)
Tamil_Nadu,13,159,2026,5,4,0,3,S. SEENUVASAN,,Tamilaga Vettri Kazhagam,43156,0,,187905,226333,KATTUMANNARKOIL,SC,CUDDALORE,,12,83.02,22.97,no,38593,20.54,2.98,,,0,TRUE,1,,0,,,,0,FALSE,FALSE,FALSE,,,,,,State Assembly Election (AE)
Tamil_Nadu,13,159,2026,5,4,0,4,SIVAJOTHI .M,,Naam Tamilar Katchi,4563,0,,187905,226333,KATTUMANNARKOIL,SC,CUDDALORE,,12,83.02,2.43,yes,4000,2.13,2.98,,,0,TRUE,1,,0,,,,0,FALSE,FALSE,FALSE,,,,,,State Assembly Election (AE)
Tamil_Nadu,13,159,2026,5,4,0,5,ALAVANTHAR .M,,Tamizhaga Vaazhvurimai Katchi,563,0,,187905,226333,KATTUMANNARKOIL,SC,CUDDALORE,,12,83.02,0.3,yes,54,0.03,2.98,,,0,TRUE,1,,0,,,,0,FALSE,FALSE,FALSE,,,,,,State Assembly Election (AE)
Tamil_Nadu,13,159,2026,5,4,0,6,SANKARKUMAR .S,,Independent,509,0,,187905,226333,KATTUMANNARKOIL,SC,CUDDALORE,,12,83.02,0.27,yes,44,0.02,2.98,,,0,TRUE,1,,0,,,,0,FALSE,FALSE,FALSE,,,,,,State Assembly Election (AE)
Tamil_Nadu,13,159,2026,5,4,0,7,None Of The Above,,None of the Above,465,0,,187905,226333,KATTUMANNARKOIL,SC,CUDDALORE,,12,83.02,0.25,yes,123,0.07,2.98,,,0,TRUE,1,,0,,,,0,FALSE,FALSE,FALSE,,,,,,State Assembly Election (AE)
Tamil_Nadu,13,159,2026,5,4,0,8,S. MURALI,,Aanaithinthiya Jananayaka Pathukappu Kazhagam,342,0,,187905,226333,KATTUMANNARKOIL,SC,CUDDALORE,,12,83.02,0.18,yes,18,0.01,2.98,,,0,TRUE,1,,0,,,,0,FALSE,FALSE,FALSE,,,,,,State Assembly Election (AE)
Tamil_Nadu,13,159,2026,5,4,0,9,M.A.T. ARCHUNAN,,Independent,324,0,,187905,226333,KATTUMANNARKOIL,SC,CUDDALORE,,12,83.02,0.17,yes,72,0.04,2.98,,,0,TRUE,1,,0,,,,0,FALSE,FALSE,FALSE,,,,,,State Assembly Election (AE)
Tamil_Nadu,13,159,2026,5,4,0,10,SATHEESHKUMAR .M,,Bahujan Samaj Party,252,0,,187905,226333,KATTUMANNARKOIL,SC,CUDDALORE,,12,83.02,0.13,yes,5,0.0,2.98,,,0,TRUE,1,,0,,,,0,FALSE,FALSE,FALSE,,,,,,State Assembly Election (AE)
Tamil_Nadu,13,159,2026,5,4,0,11,G. KALYANA SUNDARAM,,All India Jananayaka Makkal Kazhagam,247,0,,187905,226333,KATTUMANNARKOIL,SC,CUDDALORE,,12,83.02,0.13,yes,58,0.03,2.98,,,0,TRUE,1,,0,,,,0,FALSE,FALSE,FALSE,,,,,,State Assembly Election (AE)
Tamil_Nadu,13,159,2026,5,4,0,12,BABU .B,,Rashtriya Samaj Dal (R),189,0,,187905,226333,KATTUMANNARKOIL,SC,CUDDALORE,,12,83.02,0.1,yes,189,0.1,2.98,,,0,TRUE,1,,0,,,,0,FALSE,FALSE,FALSE,,,,,,State Assembly Election (AE)
Tamil_Nadu,13,160,2026,5,4,0,1,SENTHILSELVAN.R,,Dravida Munnetra Kazhagam,71449,0,,200448,241319,SIRKAZHI,SC,MAYILADUTHURAI,,11,83.06,35.64,no,11417,5.7,3.28,,,0,TRUE,1,,0,,,,0,FALSE,FALSE,FALSE,,,,,,State Assembly Election (AE)
Tamil_Nadu,13,160,2026,5,4,0,2,SAKTHI.M,,All India Anna Dravida Munnetra Kazhagam,60032,0,,200448,241319,SIRKAZHI,SC,MAYILADUTHURAI,,11,83.06,29.95,no,883,0.44,3.28,,,0,TRUE,1,,0,,,,0,FALSE,FALSE,FALSE,,,,,,State Assembly Election (AE)
Tamil_Nadu,13,160,2026,5,4,0,3,GOPINATH.S,,Tamilaga Vettri Kazhagam,59149,0,,200448,241319,SIRKAZHI,SC,MAYILADUTHURAI,,11,83.06,29.51,no,51752,25.82,3.28,,,0,TRUE,1,,0,,,,0,FALSE,FALSE,FALSE,,,,,,State Assembly Election (AE)
Tamil_Nadu,13,160,2026,5,4,0,4,SUBASH.R,,Naam Tamilar Katchi,7397,0,,200448,241319,SIRKAZHI,SC,MAYILADUTHURAI,,11,83.06,3.69,yes,6757,3.37,3.28,,,0,TRUE,1,,0,,,,0,FALSE,FALSE,FALSE,,,,,,State Assembly Election (AE)
Tamil_Nadu,13,160,2026,5,4,0,5,GAJENDRAN.KANAGA,,Bahujan Samaj Party,640,0,,200448,241319,SIRKAZHI,SC,MAYILADUTHURAI,,11,83.06,0.32,yes,85,0.04,3.28,,,0,TRUE,1,,0,,,,0,FALSE,FALSE,FALSE,,,,,,State Assembly Election (AE)
Tamil_Nadu,13,160,2026,5,4,0,6,None Of The Above,,None of the Above,555,0,,200448,241319,SIRKAZHI,SC,MAYILADUTHURAI,,11,83.06,0.28,yes,190,0.09,3.28,,,0,TRUE,1,,0,,,,0,FALSE,FALSE,FALSE,,,,,,State Assembly Election (AE)
Tamil_Nadu,13,160,2026,5,4,0,7,MALATHI.A,,All India Puratchi Thalaivar Makkal Munnettra Kazhagam,365,0,,200448,241319,SIRKAZHI,SC,MAYILADUTHURAI,,11,83.06,0.18,yes,116,0.06,3.28,,,0,TRUE,1,,0,,,,0,FALSE,FALSE,FALSE,,,,,,State Assembly Election (AE)
Tamil_Nadu,13,160,2026,5,4,0,8,PANDIYAN.C.R,,Indhu Dravida Makkal Katchi,249,0,,200448,241319,SIRKAZHI,SC,MAYILADUTHURAI,,11,83.06,0.12,yes,32,0.02,3.28,,,0,TRUE,1,,0,,,,0,FALSE,FALSE,FALSE,,,,,,State Assembly Election (AE)
Tamil_Nadu,13,160,2026,5,4,0,9,TAMILVENTHAN.R,,Independent,217,0,,200448,241319,SIRKAZHI,SC,MAYILADUTHURAI,,11,83.06,0.11,yes,16,0.01,3.28,,,0,TRUE,1,,0,,,,0,FALSE,FALSE,FALSE,,,,,,State Assembly Election (AE)
Tamil_Nadu,13,160,2026,5,4,0,10,PETHAPERUMAL.K,,Tamizhaga Vaazhvurimai Katchi,201,0,,200448,241319,SIRKAZHI,SC,MAYILADUTHURAI,,11,83.06,0.1,yes,7,0.0,3.28,,,0,TRUE,1,,0,,,,0,FALSE,FALSE,FALSE,,,,,,State Assembly Election (AE)
Tamil_Nadu,13,160,2026,5,4,0,11,BABUSANKAR.R,,Our Mahathma National Party,194,0,,200448,241319,SIRKAZHI,SC,MAYILADUTHURAI,,11,83.06,0.1,yes,194,0.1,3.28,,,0,TRUE,1,,0,,,,0,FALSE,FALSE,FALSE,,,,,,State Assembly Election (AE)
Tamil_Nadu,13,161,2026,5,4,0,1,JAMAL MOHAMED YOUNOOS. Y.N,,Indian National Congress,68011,0,,188461,234554,MAYILADUTHURAI,GEN,MAYILADUTHURAI,,21,80.35,36.09,no,10845,5.75,3.32,,,0,TRUE,1,,0,,,,0,FALSE,FALSE,FALSE,,,,,,State Assembly Election (AE)
Tamil_Nadu,13,161,2026,5,4,0,2,PALANISAMY. A   M.COM.,,Pattali Makkal Katchi,57166,0,,188461,234554,MAYILADUTHURAI,GEN,MAYILADUTHURAI,,21,80.35,30.33,no,4628,2.46,3.32,,,0,TRUE,1,,0,,,,0,FALSE,FALSE,FALSE,,,,,,State Assembly Election (AE)
Tamil_Nadu,13,161,2026,5,4,0,3,HAROON RASHEED. S.S,,Tamilaga Vettri Kazhagam,52538,0,,188461,234554,MAYILADUTHURAI,GEN,MAYILADUTHURAI,,21,80.35,27.88,no,45652,24.22,3.32,,,0,TRUE,1,,0,,,,0,FALSE,FALSE,FALSE,,,,,,State Assembly Election (AE)
Tamil_Nadu,13,161,2026,5,4,0,4,KASIRAMAN. K,,Naam Tamilar Katchi,6886,0,,188461,234554,MAYILADUTHURAI,GEN,MAYILADUTHURAI,,21,80.35,3.65,yes,6412,3.4,3.32,,,0,TRUE,1,,0,,,,0,FALSE,FALSE,FALSE,,,,,,State Assembly Election (AE)
Tamil_Nadu,13,161,2026,5,4,0,5,None Of The Above,,None of the Above,474,0,,188461,234554,MAYILADUTHURAI,GEN,MAYILADUTHURAI,,21,80.35,0.25,yes,113,0.06,3.32,,,0,TRUE,1,,0,,,,0,FALSE,FALSE,FALSE,,,,,,State Assembly Election (AE)
Tamil_Nadu,13,161,2026,5,4,0,6,ARAVAAZHI. K,,All India Jananayaka Makkal Kazhagam,361,0,,188461,234554,MAYILADUTHURAI,GEN,MAYILADUTHURAI,,21,80.35,0.19,yes,32,0.02,3.32,,,0,TRUE,1,,0,,,,0,FALSE,FALSE,FALSE,,,,,,State Assembly Election (AE)
Tamil_Nadu,13,161,2026,5,4,0,7,VEERASAMY. T,,Independent,329,0,,188461,234554,MAYILADUTHURAI,GEN,MAYILADUTHURAI,,21,80.35,0.17,yes,17,0.01,3.32,,,0,TRUE,1,,0,,,,0,FALSE,FALSE,FALSE,,,,,,State Assembly Election (AE)
Tamil_Nadu,13,161,2026,5,4,0,8,SARAVANAN. K,,Tamizhaga Vaazhvurimai Katchi,312,0,,188461,234554,MAYILADUTHURAI,GEN,MAYILADUTHURAI,,21,80.35,0.17,yes,5,0.0,3.32,,,0,TRUE,1,,0,,,,0,FALSE,FALSE,FALSE,,,,,,State Assembly Election (AE)
Tamil_Nadu,13,161,2026,5,4,0,9,GANGADHARAN. R,,Independent,307,0,,188461,234554,MAYILADUTHURAI,GEN,MAYILADUTHURAI,,21,80.35,0.16,yes,9,0.0,3.32,,,0,TRUE,1,,0,,,,0,FALSE,FALSE,FALSE,,,,,,State Assembly Election (AE)
Tamil_Nadu,13,161,2026,5,4,0,10,MANIMARAN,,Veerath Thiyagi Viswanathadoss Thozhilalarkal Katchi,298,0,,188461,234554,MAYILADUTHURAI,GEN,MAYILADUTHURAI,,21,80.35,0.16,yes,21,0.01,3.32,,,0,TRUE,1,,0,,,,0,FALSE,FALSE,FALSE,,,,,,State Assembly Election (AE)
Tamil_Nadu,13,161,2026,5,4,0,11,SAMPATH. L,,Independent,277,0,,188461,234554,MAYILADUTHURAI,GEN,MAYILADUTHURAI,,21,80.35,0.15,yes,0,0.0,3.32,,,0,TRUE,1,,0,,,,0,FALSE,FALSE,FALSE,,,,,,State Assembly Election (AE)
Tamil_Nadu,13,161,2026,5,4,0,12,THIMOTHY. T,,Independent,277,0,,188461,234554,MAYILADUTHURAI,GEN,MAYILADUTHURAI,,21,80.35,0.15,yes,32,0.02,3.32,,,0,TRUE,1,,0,,,,0,FALSE,FALSE,FALSE,,,,,,State Assembly Election (AE)
Tamil_Nadu,13,161,2026,5,4,0,13,NAVANITHAM. S,,Independent,245,0,,188461,234554,MAYILADUTHURAI,GEN,MAYILADUTHURAI,,21,80.35,0.13,yes,39,0.02,3.32,,,0,TRUE,1,,0,,,,0,FALSE,FALSE,FALSE,,,,,,State Assembly Election (AE)
Tamil_Nadu,13,161,2026,5,4,0,14,VENKATESAN. K,,Bahujan Samaj Party,206,0,,188461,234554,MAYILADUTHURAI,GEN,MAYILADUTHURAI,,21,80.35,0.11,yes,8,0.0,3.32,,,0,TRUE,1,,0,,,,0,FALSE,FALSE,FALSE,,,,,,State Assembly Election (AE)
Tamil_Nadu,13,161,2026,5,4,0,15,ANANTHAKUMAR. R,,Independent,198,0,,188461,234554,MAYILADUTHURAI,GEN,MAYILADUTHURAI,,21,80.35,0.11,yes,52,0.03,3.32,,,0,TRUE,1,,0,,,,0,FALSE,FALSE,FALSE,,,,,,State Assembly Election (AE)
Tamil_Nadu,13,161,2026,5,4,0,16,GOBALA KRISHNAN. S,,Independent,146,0,,188461,234554,MAYILADUTHURAI,GEN,MAYILADUTHURAI,,21,80.35,0.08,yes,40,0.02,3.32,,,0,TRUE,1,,0,,,,0,FALSE,FALSE,FALSE,,,,,,State Assembly Election (AE)
Tamil_Nadu,13,161,2026,5,4,0,17,NATARAJAN. R,,Independent,106,0,,188461,234554,MAYILADUTHURAI,GEN,MAYILADUTHURAI,,21,80.35,0.06,yes,2,0.0,3.32,,,0,TRUE,1,,0,,,,0,FALSE,FALSE,FALSE,,,,,,State Assembly Election (AE)
Tamil_Nadu,13,161,2026,5,4,0,18,BHARATHIRAJA. B,,Independent,104,0,,188461,234554,MAYILADUTHURAI,GEN,MAYILADUTHURAI,,21,80.35,0.06,yes,22,0.01,3.32,,,0,TRUE,1,,0,,,,0,FALSE,FALSE,FALSE,,,,,,State Assembly Election (AE)
Tamil_Nadu,13,161,2026,5,4,0,19,JAMAL MOHAMED,,Independent,82,0,,188461,234554,MAYILADUTHURAI,GEN,MAYILADUTHURAI,,21,80.35,0.04,yes,4,0.0,3.32,,,0,TRUE,1,,0,,,,0,FALSE,FALSE,FALSE,,,,,,State Assembly Election (AE)
Tamil_Nadu,13,161,2026,5,4,0,20,KARTHICK. A,,Samaniya Makkal Nala Katchi,78,0,,188461,234554,MAYILADUTHURAI,GEN,MAYILADUTHURAI,,21,80.35,0.04,yes,18,0.01,3.32,,,0,TRUE,1,,0,,,,0,FALSE,FALSE,FALSE,,,,,,State Assembly Election (AE)
Tamil_Nadu,13,161,2026,5,4,0,21,RAMKUMAR. S BBA.LLB,,Independent,60,0,,188461,234554,MAYILADUTHURAI,GEN,MAYILADUTHURAI,,21,80.35,0.03,yes,60,0.03,3.32,,,0,TRUE,1,,0,,,,0,FALSE,FALSE,FALSE,,,,,,State Assembly Election (AE)
Tamil_Nadu,13,162,2026,5,4,0,1,NIVEDHA M MURUGAN,,Dravida Munnetra Kazhagam,81096,0,,219324,259262,POOMPUHAR,GEN,MAYILADUTHURAI,,14,84.6,36.98,no,8260,3.77,3.2,,,0,TRUE,1,,0,,,,0,FALSE,FALSE,FALSE,,,,,,State Assembly Election (AE)
Tamil_Nadu,13,162,2026,5,4,0,2,PAVUNRAJ. S,,All India Anna Dravida Munnetra Kazhagam,72836,0,,219324,259262,POOMPUHAR,GEN,MAYILADUTHURAI,,14,84.6,33.21,no,16934,7.72,3.2,,,0,TRUE,1,,0,,,,0,FALSE,FALSE,FALSE,,,,,,State Assembly Election (AE)
Tamil_Nadu,13,162,2026,5,4,0,3,VIJAYALAIYAN. J,,Tamilaga Vettri Kazhagam,55902,0,,219324,259262,POOMPUHAR,GEN,MAYILADUTHURAI,,14,84.6,25.49,no,49549,22.59,3.2,,,0,TRUE,1,,0,,,,0,FALSE,FALSE,FALSE,,,,,,State Assembly Election (AE)
Tamil_Nadu,13,162,2026,5,4,0,4,ILAYANAGULAN. K,,Naam Tamilar Katchi,6353,0,,219324,259262,POOMPUHAR,GEN,MAYILADUTHURAI,,14,84.6,2.9,yes,5623,2.56,3.2,,,0,TRUE,1,,0,,,,0,FALSE,FALSE,FALSE,,,,,,State Assembly Election (AE)
Tamil_Nadu,13,162,2026,5,4,0,5,MAYA VENKATESAN. M,,Independent,730,0,,219324,259262,POOMPUHAR,GEN,MAYILADUTHURAI,,14,84.6,0.33,yes,144,0.07,3.2,,,0,TRUE,1,,0,,,,0,FALSE,FALSE,FALSE,,,,,,State Assembly Election (AE)
Tamil_Nadu,13,162,2026,5,4,0,6,None Of The Above,,None of the Above,586,0,,219324,259262,POOMPUHAR,GEN,MAYILADUTHURAI,,14,84.6,0.27,yes,160,0.07,3.2,,,0,TRUE,1,,0,,,,0,FALSE,FALSE,FALSE,,,,,,State Assembly Election (AE)
Tamil_Nadu,13,162,2026,5,4,0,7,SHANGAMITHTHIRAN. A,,Independent,426,0,,219324,259262,POOMPUHAR,GEN,MAYILADUTHURAI,,14,84.6,0.19,yes,81,0.04,3.2,,,0,TRUE,1,,0,,,,0,FALSE,FALSE,FALSE,,,,,,State Assembly Election (AE)
Tamil_Nadu,13,162,2026,5,4,0,8,PRABAKARAN. V,,Bahujan Samaj Party,345,0,,219324,259262,POOMPUHAR,GEN,MAYILADUTHURAI,,14,84.6,0.16,yes,33,0.02,3.2,,,0,TRUE,1,,0,,,,0,FALSE,FALSE,FALSE,,,,,,State Assembly Election (AE)
Tamil_Nadu,13,162,2026,5,4,0,9,MUJIBUR RAHMAN. E.M.M,,Independent,312,0,,219324,259262,POOMPUHAR,GEN,MAYILADUTHURAI,,14,84.6,0.14,yes,48,0.02,3.2,,,0,TRUE,1,,0,,,,0,FALSE,FALSE,FALSE,,,,,,State Assembly Election (AE)
Tamil_Nadu,13,162,2026,5,4,0,10,PURATCHIDASAN. T,,Anaithinthiya Anna Dravida Makkal Seyal katchi,264,0,,219324,259262,POOMPUHAR,GEN,MAYILADUTHURAI,,14,84.6,0.12,yes,85,0.04,3.2,,,0,TRUE,1,,0,,,,0,FALSE,FALSE,FALSE,,,,,,State Assembly Election (AE)
Tamil_Nadu,13,162,2026,5,4,0,11,INBARAJ. T,,Independent,179,0,,219324,259262,POOMPUHAR,GEN,MAYILADUTHURAI,,14,84.6,0.08,yes,72,0.03,3.2,,,0,TRUE,1,,0,,,,0,FALSE,FALSE,FALSE,,,,,,State Assembly Election (AE)
Tamil_Nadu,13,162,2026,5,4,0,12,NOOR NISHA. M,,Independent,107,0,,219324,259262,POOMPUHAR,GEN,MAYILADUTHURAI,,14,84.6,0.05,yes,2,0.0,3.2,,,0,TRUE,1,,0,,,,0,FALSE,FALSE,FALSE,,,,,,State Assembly Election (AE)
Tamil_Nadu,13,162,2026,5,4,0,13,ANANDARAJ. D,,Independent,105,0,,219324,259262,POOMPUHAR,GEN,MAYILADUTHURAI,,14,84.6,0.05,yes,22,0.01,3.2,,,0,TRUE,1,,0,,,,0,FALSE,FALSE,FALSE,,,,,,State Assembly Election (AE)
Tamil_Nadu,13,162,2026,5,4,0,14,MURUGAN. S,,Independent,83,0,,219324,259262,POOMPUHAR,GEN,MAYILADUTHURAI,,14,84.6,0.04,yes,83,0.04,3.2,,,0,TRUE,1,,0,,,,0,FALSE,FALSE,FALSE,,,,,,State Assembly Election (AE)
Tamil_Nadu,13,163,2026,5,4,0,1,M.H.JAWAHIRULLAH,,Dravida Munnetra Kazhagam,56305,0,,151326,174683,NAGAPATTINAM,GEN,NAGAPATTINAM,,14,86.63,37.21,no,9781,6.46,3.23,,,0,TRUE,1,,0,,,,0,FALSE,FALSE,FALSE,,,,,,State Assembly Election (AE)
Tamil_Nadu,13,163,2026,5,4,0,2,M.SUGUMAR,,Tamilaga Vettri Kazhagam,46524,0,,151326,174683,NAGAPATTINAM,GEN,NAGAPATTINAM,,14,86.63,30.74,no,4938,3.26,3.23,,,0,TRUE,1,,0,,,,0,FALSE,FALSE,FALSE,,,,,,State Assembly Election (AE)
Tamil_Nadu,13,163,2026,5,4,0,3,THANKA.KATHIRAVAN,,All India Anna Dravida Munnetra Kazhagam,41586,0,,151326,174683,NAGAPATTINAM,GEN,NAGAPATTINAM,,14,86.63,27.48,no,36238,23.95,3.23,,,0,TRUE,1,,0,,,,0,FALSE,FALSE,FALSE,,,,,,State Assembly Election (AE)
Tamil_Nadu,13,163,2026,5,4,0,4,FATHIMA FARHANA.S,,Naam Tamilar Katchi,5348,0,,151326,174683,NAGAPATTINAM,GEN,NAGAPATTINAM,,14,86.63,3.53,yes,4869,3.22,3.23,,,0,TRUE,1,,0,,,,0,FALSE,FALSE,FALSE,,,,,,State Assembly Election (AE)
Tamil_Nadu,13,163,2026,5,4,0,5,None Of The Above,,None of the Above,479,0,,151326,174683,NAGAPATTINAM,GEN,NAGAPATTINAM,,14,86.63,0.32,yes,272,0.18,3.23,,,0,TRUE,1,,0,,,,0,FALSE,FALSE,FALSE,,,,,,State Assembly Election (AE)
Tamil_Nadu,13,163,2026,5,4,0,6,J.V.DURAI,,All India Youth Development Party,207,0,,151326,174683,NAGAPATTINAM,GEN,NAGAPATTINAM,,14,86.63,0.14,yes,43,0.03,3.23,,,0,TRUE,1,,0,,,,0,FALSE,FALSE,FALSE,,,,,,State Assembly Election (AE)
Tamil_Nadu,13,163,2026,5,4,0,7,N.VIJAYARAGAVAN,,Independent,164,0,,151326,174683,NAGAPATTINAM,GEN,NAGAPATTINAM,,14,86.63,0.11,yes,9,0.01,3.23,,,0,TRUE,1,,0,,,,0,FALSE,FALSE,FALSE,,,,,,State Assembly Election (AE)
Tamil_Nadu,13,163,2026,5,4,0,8,N P BHASHGARAN,,Independent,155,0,,151326,174683,NAGAPATTINAM,GEN,NAGAPATTINAM,,14,86.63,0.1,yes,5,0.0,3.23,,,0,TRUE,1,,0,,,,0,FALSE,FALSE,FALSE,,,,,,State Assembly Election (AE)
Tamil_Nadu,13,163,2026,5,4,0,9,S.PREM,,Independent,150,0,,151326,174683,NAGAPATTINAM,GEN,NAGAPATTINAM,,14,86.63,0.1,yes,14,0.01,3.23,,,0,TRUE,1,,0,,,,0,FALSE,FALSE,FALSE,,,,,,State Assembly Election (AE)
Tamil_Nadu,13,163,2026,5,4,0,10,SAKTHIVEL,,Independent,136,0,,151326,174683,NAGAPATTINAM,GEN,NAGAPATTINAM,,14,86.63,0.09,yes,50,0.03,3.23,,,0,TRUE,1,,0,,,,0,FALSE,FALSE,FALSE,,,,,,State Assembly Election (AE)
Tamil_Nadu,13,163,2026,5,4,0,11,K.RAJASEKAR,,Puthiya Tamilagam,86,0,,151326,174683,NAGAPATTINAM,GEN,NAGAPATTINAM,,14,86.63,0.06,yes,14,0.01,3.23,,,0,TRUE,1,,0,,,,0,FALSE,FALSE,FALSE,,,,,,State Assembly Election (AE)
Tamil_Nadu,13,163,2026,5,4,0,12,M.IYYANKALAI,,Independent,72,0,,151326,174683,NAGAPATTINAM,GEN,NAGAPATTINAM,,14,86.63,0.05,yes,12,0.01,3.23,,,0,TRUE,1,,0,,,,0,FALSE,FALSE,FALSE,,,,,,State Assembly Election (AE)
Tamil_Nadu,13,163,2026,5,4,0,13,VALLABADAS.E,,Tamizhaga Vaazhvurimai Katchi,60,0,,151326,174683,NAGAPATTINAM,GEN,NAGAPATTINAM,,14,86.63,0.04,yes,6,0.0,3.23,,,0,TRUE,1,,0,,,,0,FALSE,FALSE,FALSE,,,,,,State Assembly Election (AE)
Tamil_Nadu,13,163,2026,5,4,0,14,T.KATHIRAVAN,,Independent,54,0,,151326,174683,NAGAPATTINAM,GEN,NAGAPATTINAM,,14,86.63,0.04,yes,54,0.04,3.23,,,0,TRUE,1,,0,,,,0,FALSE,FALSE,FALSE,,,,,,State Assembly Election (AE)
Tamil_Nadu,13,164,2026,5,4,0,1,LATHA. T,,Communist Party of India (Marxist),56108,0,,151637,170558,KILVELUR,GEN,NAGAPATTINAM,,8,88.91,37.0,no,2278,1.5,3.23,,,0,TRUE,1,,0,,,,0,FALSE,FALSE,FALSE,,,,,,State Assembly Election (AE)
Tamil_Nadu,13,164,2026,5,4,0,2,SENTHIL PANDIAN. P,,Tamilaga Vettri Kazhagam,53830,0,,151637,170558,KILVELUR,GEN,NAGAPATTINAM,,8,88.91,35.5,no,22155,14.61,3.23,,,0,TRUE,1,,0,,,,0,FALSE,FALSE,FALSE,,,,,,State Assembly Election (AE)
Tamil_Nadu,13,164,2026,5,4,0,3,VADIVEL RAVANAN. S,,Pattali Makkal Katchi,31675,0,,151637,170558,KILVELUR,GEN,NAGAPATTINAM,,8,88.91,20.89,no,23606,15.57,3.23,,,0,TRUE,1,,0,,,,0,FALSE,FALSE,FALSE,,,,,,State Assembly Election (AE)
Tamil_Nadu,13,164,2026,5,4,0,4,KARTHIKA. M,,Naam Tamilar Katchi,8069,0,,151637,170558,KILVELUR,GEN,NAGAPATTINAM,,8,88.91,5.32,yes,7506,4.95,3.23,,,0,TRUE,1,,0,,,,0,FALSE,FALSE,FALSE,,,,,,State Assembly Election (AE)
Tamil_Nadu,13,164,2026,5,4,0,5,SURENTHAR. K,,Puthiya Tamilagam,563,0,,151637,170558,KILVELUR,GEN,NAGAPATTINAM,,8,88.91,0.37,yes,18,0.01,3.23,,,0,TRUE,1,,0,,,,0,FALSE,FALSE,FALSE,,,,,,State Assembly Election (AE)
Tamil_Nadu,13,164,2026,5,4,0,6,None Of The Above,,None of the Above,545,0,,151637,170558,KILVELUR,GEN,NAGAPATTINAM,,8,88.91,0.36,yes,108,0.07,3.23,,,0,TRUE,1,,0,,,,0,FALSE,FALSE,FALSE,,,,,,State Assembly Election (AE)
Tamil_Nadu,13,164,2026,5,4,0,7,VEDHA MUKUNDHAN,,Aanaithinthiya Jananayaka Pathukappu Kazhagam,437,0,,151637,170558,KILVELUR,GEN,NAGAPATTINAM,,8,88.91,0.29,yes,27,0.02,3.23,,,0,TRUE,1,,0,,,,0,FALSE,FALSE,FALSE,,,,,,State Assembly Election (AE)
Tamil_Nadu,13,164,2026,5,4,0,8,JAIVISHNUDEVI. M,,Independent,410,0,,151637,170558,KILVELUR,GEN,NAGAPATTINAM,,8,88.91,0.27,yes,410,0.27,3.23,,,0,TRUE,1,,0,,,,0,FALSE,FALSE,FALSE,,,,,,State Assembly Election (AE)
Tamil_Nadu,13,165,2026,5,4,0,1,MANIAN. O.S,,All India Anna Dravida Munnetra Kazhagam,59172,0,,162216,187439,VEDARANYAM,GEN,NAGAPATTINAM,,12,86.54,36.48,no,7331,4.52,3.39,,,0,TRUE,1,,0,,,,0,FALSE,FALSE,FALSE,,,,,,State Assembly Election (AE)
Tamil_Nadu,13,165,2026,5,4,0,2,PUGAZHENDI. M,,Dravida Munnetra Kazhagam,51841,0,,162216,187439,VEDARANYAM,GEN,NAGAPATTINAM,,12,86.54,31.96,no,13494,8.32,3.39,,,0,TRUE,1,,0,,,,0,FALSE,FALSE,FALSE,,,,,,State Assembly Election (AE)
Tamil_Nadu,13,165,2026,5,4,0,3,KINGSLY GERALD. A,,Tamilaga Vettri Kazhagam,38347,0,,162216,187439,VEDARANYAM,GEN,NAGAPATTINAM,,12,86.54,23.64,no,27951,17.23,3.39,,,0,TRUE,1,,0,,,,0,FALSE,FALSE,FALSE,,,,,,State Assembly Election (AE)
Tamil_Nadu,13,165,2026,5,4,0,4,KARTHICK. T,,Naam Tamilar Katchi,10396,0,,162216,187439,VEDARANYAM,GEN,NAGAPATTINAM,,12,86.54,6.41,yes,9833,6.06,3.39,,,0,TRUE,1,,0,,,,0,FALSE,FALSE,FALSE,,,,,,State Assembly Election (AE)
Tamil_Nadu,13,165,2026,5,4,0,5,None Of The Above,,None of the Above,563,0,,162216,187439,VEDARANYAM,GEN,NAGAPATTINAM,,12,86.54,0.35,yes,181,0.11,3.39,,,0,TRUE,1,,0,,,,0,FALSE,FALSE,FALSE,,,,,,State Assembly Election (AE)
Tamil_Nadu,13,165,2026,5,4,0,6,LINGESWARAN. M,,All India Puratchi Thalaivar Makkal Munnettra Kazhagam,382,0,,162216,187439,VEDARANYAM,GEN,NAGAPATTINAM,,12,86.54,0.24,yes,19,0.01,3.39,,,0,TRUE,1,,0,,,,0,FALSE,FALSE,FALSE,,,,,,State Assembly Election (AE)
Tamil_Nadu,13,165,2026,5,4,0,7,VEERAKUMAR. V,,Independent,363,0,,162216,187439,VEDARANYAM,GEN,NAGAPATTINAM,,12,86.54,0.22,yes,39,0.02,3.39,,,0,TRUE,1,,0,,,,0,FALSE,FALSE,FALSE,,,,,,State Assembly Election (AE)
Tamil_Nadu,13,165,2026,5,4,0,8,THIVASKAR. B,,Independent,324,0,,162216,187439,VEDARANYAM,GEN,NAGAPATTINAM,,12,86.54,0.2,yes,65,0.04,3.39,,,0,TRUE,1,,0,,,,0,FALSE,FALSE,FALSE,,,,,,State Assembly Election (AE)
Tamil_Nadu,13,165,2026,5,4,0,9,RAJASIMMAN. D,,Independent,259,0,,162216,187439,VEDARANYAM,GEN,NAGAPATTINAM,,12,86.54,0.16,yes,52,0.03,3.39,,,0,TRUE,1,,0,,,,0,FALSE,FALSE,FALSE,,,,,,State Assembly Election (AE)
Tamil_Nadu,13,165,2026,5,4,0,10,SATHIYASEELAN. M,,Independent,207,0,,162216,187439,VEDARANYAM,GEN,NAGAPATTINAM,,12,86.54,0.13,yes,3,0.0,3.39,,,0,TRUE,1,,0,,,,0,FALSE,FALSE,FALSE,,,,,,State Assembly Election (AE)
Tamil_Nadu,13,165,2026,5,4,0,11,GOWTHAMAN. M,,Independent,204,0,,162216,187439,VEDARANYAM,GEN,NAGAPATTINAM,,12,86.54,0.13,yes,46,0.03,3.39,,,0,TRUE,1,,0,,,,0,FALSE,FALSE,FALSE,,,,,,State Assembly Election (AE)
Tamil_Nadu,13,165,2026,5,4,0,12,SELVAKUMAR. S,,Independent,158,0,,162216,187439,VEDARANYAM,GEN,NAGAPATTINAM,,12,86.54,0.1,yes,158,0.1,3.39,,,0,TRUE,1,,0,,,,0,FALSE,FALSE,FALSE,,,,,,State Assembly Election (AE)
Tamil_Nadu,13,166,2026,5,4,0,1,MARIMUTHU.K,,Communist Party of India,74062,0,,191030,226845,THIRUTHURAIPOONDI,SC,THIRUVARUR,,10,84.21,38.77,no,12922,6.76,3.26,,,0,TRUE,1,,0,,,,0,FALSE,FALSE,FALSE,,,,,,State Assembly Election (AE)
Tamil_Nadu,13,166,2026,5,4,0,2,PANDIYAN.S,,Tamilaga Vettri Kazhagam,61140,0,,191030,226845,THIRUTHURAIPOONDI,SC,THIRUVARUR,,10,84.21,32.01,no,18067,9.46,3.26,,,0,TRUE,1,,0,,,,0,FALSE,FALSE,FALSE,,,,,,State Assembly Election (AE)
Tamil_Nadu,13,166,2026,5,4,0,3,BALATHANDAYUTHAM.U,,All India Anna Dravida Munnetra Kazhagam,43073,0,,191030,226845,THIRUTHURAIPOONDI,SC,THIRUVARUR,,10,84.21,22.55,no,32897,17.22,3.26,,,0,TRUE,1,,0,,,,0,FALSE,FALSE,FALSE,,,,,,State Assembly Election (AE)
Tamil_Nadu,13,166,2026,5,4,0,4,VINOTHINI.R,,Naam Tamilar Katchi,10176,0,,191030,226845,THIRUTHURAIPOONDI,SC,THIRUVARUR,,10,84.21,5.33,yes,9379,4.91,3.26,,,0,TRUE,1,,0,,,,0,FALSE,FALSE,FALSE,,,,,,State Assembly Election (AE)
Tamil_Nadu,13,166,2026,5,4,0,5,None Of The Above,,None of the Above,797,0,,191030,226845,THIRUTHURAIPOONDI,SC,THIRUVARUR,,10,84.21,0.42,yes,272,0.14,3.26,,,0,TRUE,1,,0,,,,0,FALSE,FALSE,FALSE,,,,,,State Assembly Election (AE)
Tamil_Nadu,13,166,2026,5,4,0,6,VIMALA.A,,Bahujan Samaj Party,525,0,,191030,226845,THIRUTHURAIPOONDI,SC,THIRUVARUR,,10,84.21,0.27,yes,75,0.04,3.26,,,0,TRUE,1,,0,,,,0,FALSE,FALSE,FALSE,,,,,,State Assembly Election (AE)
Tamil_Nadu,13,166,2026,5,4,0,7,ARUMUGAM.N,,Tamizhaga Vaazhvurimai Katchi,450,0,,191030,226845,THIRUTHURAIPOONDI,SC,THIRUVARUR,,10,84.21,0.24,yes,85,0.04,3.26,,,0,TRUE,1,,0,,,,0,FALSE,FALSE,FALSE,,,,,,State Assembly Election (AE)
Tamil_Nadu,13,166,2026,5,4,0,8,JAYASANGAR.A,,Independent,365,0,,191030,226845,THIRUTHURAIPOONDI,SC,THIRUVARUR,,10,84.21,0.19,yes,87,0.05,3.26,,,0,TRUE,1,,0,,,,0,FALSE,FALSE,FALSE,,,,,,State Assembly Election (AE)
Tamil_Nadu,13,166,2026,5,4,0,9,SIVAPRAKASAM.V,,Independent,278,0,,191030,226845,THIRUTHURAIPOONDI,SC,THIRUVARUR,,10,84.21,0.15,yes,114,0.06,3.26,,,0,TRUE,1,,0,,,,0,FALSE,FALSE,FALSE,,,,,,State Assembly Election (AE)
Tamil_Nadu,13,166,2026,5,4,0,10,MURUGANANTHAM.V,,Independent,164,0,,191030,226845,THIRUTHURAIPOONDI,SC,THIRUVARUR,,10,84.21,0.09,yes,164,0.09,3.26,,,0,TRUE,1,,0,,,,0,FALSE,FALSE,FALSE,,,,,,State Assembly Election (AE)
Tamil_Nadu,13,167,2026,5,4,0,1,KAMARAJ. S,,Amma Makkal Munnettra Kazagam,68416,0,,194100,234430,MANNARGUDI,GEN,THIRUVARUR,,16,82.8,35.25,no,1566,0.81,3.37,,,0,TRUE,1,,0,,,,0,FALSE,FALSE,FALSE,,,,,,State Assembly Election (AE)
Tamil_Nadu,13,167,2026,5,4,0,2,RAJAA.T.R.B,,Dravida Munnetra Kazhagam,66850,0,,194100,234430,MANNARGUDI,GEN,THIRUVARUR,,16,82.8,34.44,no,22584,11.64,3.37,,,0,TRUE,1,,0,,,,0,FALSE,FALSE,FALSE,,,,,,State Assembly Election (AE)
Tamil_Nadu,13,167,2026,5,4,0,3,RAJARAJAN.U,,Tamilaga Vettri Kazhagam,44266,0,,194100,234430,MANNARGUDI,GEN,THIRUVARUR,,16,82.8,22.81,no,36026,18.56,3.37,,,0,TRUE,1,,0,,,,0,FALSE,FALSE,FALSE,,,,,,State Assembly Election (AE)
Tamil_Nadu,13,167,2026,5,4,0,4,BHARATHISELVAN.R,,Naam Tamilar Katchi,8240,0,,194100,234430,MANNARGUDI,GEN,THIRUVARUR,,16,82.8,4.25,yes,6291,3.24,3.37,,,0,TRUE,1,,0,,,,0,FALSE,FALSE,FALSE,,,,,,State Assembly Election (AE)
Tamil_Nadu,13,167,2026,5,4,0,5,RASUPILLAI.S,,All India Puratchi Thalaivar Makkal Munnettra Kazhagam,1949,0,,194100,234430,MANNARGUDI,GEN,THIRUVARUR,,16,82.8,1.0,yes,1285,0.66,3.37,,,0,TRUE,1,,0,,,,0,FALSE,FALSE,FALSE,,,,,,State Assembly Election (AE)
Tamil_Nadu,13,167,2026,5,4,0,6,KAMARAJ.A,,Independent,664,0,,194100,234430,MANNARGUDI,GEN,THIRUVARUR,,16,82.8,0.34,yes,5,0.0,3.37,,,0,TRUE,1,,0,,,,0,FALSE,FALSE,FALSE,,,,,,State Assembly Election (AE)
Tamil_Nadu,13,167,2026,5,4,0,7,NAMASIVAYAM.N,,Independent,659,0,,194100,234430,MANNARGUDI,GEN,THIRUVARUR,,16,82.8,0.34,yes,24,0.01,3.37,,,0,TRUE,1,,0,,,,0,FALSE,FALSE,FALSE,,,,,,State Assembly Election (AE)
Tamil_Nadu,13,167,2026,5,4,0,8,GOVINDARAJ.G,,Tamizhaga Vaazhvurimai Katchi,635,0,,194100,234430,MANNARGUDI,GEN,THIRUVARUR,,16,82.8,0.33,yes,2,0.0,3.37,,,0,TRUE,1,,0,,,,0,FALSE,FALSE,FALSE,,,,,,State Assembly Election (AE)
Tamil_Nadu,13,167,2026,5,4,0,9,PRABHU. S,,Independent,633,0,,194100,234430,MANNARGUDI,GEN,THIRUVARUR,,16,82.8,0.33,yes,228,0.12,3.37,,,0,TRUE,1,,0,,,,0,FALSE,FALSE,FALSE,,,,,,State Assembly Election (AE)
Tamil_Nadu,13,167,2026,5,4,0,10,None Of The Above,,None of the Above,405,0,,194100,234430,MANNARGUDI,GEN,THIRUVARUR,,16,82.8,0.21,yes,18,0.01,3.37,,,0,TRUE,1,,0,,,,0,FALSE,FALSE,FALSE,,,,,,State Assembly Election (AE)
Tamil_Nadu,13,167,2026,5,4,0,11,KAMARAJ.S,,Bahujan Samaj Party,387,0,,194100,234430,MANNARGUDI,GEN,THIRUVARUR,,16,82.8,0.2,yes,44,0.02,3.37,,,0,TRUE,1,,0,,,,0,FALSE,FALSE,FALSE,,,,,,State Assembly Election (AE)
Tamil_Nadu,13,167,2026,5,4,0,12,BHARATHI.B,,Puthiya Tamilagam,343,0,,194100,234430,MANNARGUDI,GEN,THIRUVARUR,,16,82.8,0.18,yes,58,0.03,3.37,,,0,TRUE,1,,0,,,,0,FALSE,FALSE,FALSE,,,,,,State Assembly Election (AE)
Tamil_Nadu,13,167,2026,5,4,0,13,ARULPRAKASH. P,,Independent,285,0,,194100,234430,MANNARGUDI,GEN,THIRUVARUR,,16,82.8,0.15,yes,136,0.07,3.37,,,0,TRUE,1,,0,,,,0,FALSE,FALSE,FALSE,,,,,,State Assembly Election (AE)
Tamil_Nadu,13,167,2026,5,4,0,14,DURAI ARASAN.K,,Independent,149,0,,194100,234430,MANNARGUDI,GEN,THIRUVARUR,,16,82.8,0.08,yes,34,0.02,3.37,,,0,TRUE,1,,0,,,,0,FALSE,FALSE,FALSE,,,,,,State Assembly Election (AE)
Tamil_Nadu,13,167,2026,5,4,0,15,MUTHUVEL.V,,Tamilaga Makkal Nala Katchi,115,0,,194100,234430,MANNARGUDI,GEN,THIRUVARUR,,16,82.8,0.06,yes,11,0.01,3.37,,,0,TRUE,1,,0,,,,0,FALSE,FALSE,FALSE,,,,,,State Assembly Election (AE)
Tamil_Nadu,13,167,2026,5,4,0,16,MARIMUTHU.A.V.M,,Independent,104,0,,194100,234430,MANNARGUDI,GEN,THIRUVARUR,,16,82.8,0.05,yes,104,0.05,3.37,,,0,TRUE,1,,0,,,,0,FALSE,FALSE,FALSE,,,,,,State Assembly Election (AE)
Tamil_Nadu,13,168,2026,5,4,0,1,KALAIVANAN POONDI  K,,Dravida Munnetra Kazhagam,93408,0,,217875,260027,THIRUVARUR,GEN,THIRUVARUR,,9,83.79,42.87,no,18148,8.33,3.0,,,0,TRUE,1,,0,,,,0,FALSE,FALSE,FALSE,,,,,,State Assembly Election (AE)
Tamil_Nadu,13,168,2026,5,4,0,2,VEERAMANI V,,Tamilaga Vettri Kazhagam,75260,0,,217875,260027,THIRUVARUR,GEN,THIRUVARUR,,9,83.79,34.54,no,38873,17.84,3.0,,,0,TRUE,1,,0,,,,0,FALSE,FALSE,FALSE,,,,,,State Assembly Election (AE)
Tamil_Nadu,13,168,2026,5,4,0,3,CHANDRASEKARAN  GOVI,,Bharatiya Janata Party,36387,0,,217875,260027,THIRUVARUR,GEN,THIRUVARUR,,9,83.79,16.7,no,26356,12.1,3.0,,,0,TRUE,1,,0,,,,0,FALSE,FALSE,FALSE,,,,,,State Assembly Election (AE)
Tamil_Nadu,13,168,2026,5,4,0,4,ASWINI B,,Naam Tamilar Katchi,10031,0,,217875,260027,THIRUVARUR,GEN,THIRUVARUR,,9,83.79,4.6,yes,9206,4.23,3.0,,,0,TRUE,1,,0,,,,0,FALSE,FALSE,FALSE,,,,,,State Assembly Election (AE)
Tamil_Nadu,13,168,2026,5,4,0,5,None Of The Above,,None of the Above,825,0,,217875,260027,THIRUVARUR,GEN,THIRUVARUR,,9,83.79,0.38,yes,232,0.11,3.0,,,0,TRUE,1,,0,,,,0,FALSE,FALSE,FALSE,,,,,,State Assembly Election (AE)
Tamil_Nadu,13,168,2026,5,4,0,6,SAHUL HAMEED M,,Independent,593,0,,217875,260027,THIRUVARUR,GEN,THIRUVARUR,,9,83.79,0.27,yes,67,0.03,3.0,,,0,TRUE,1,,0,,,,0,FALSE,FALSE,FALSE,,,,,,State Assembly Election (AE)
Tamil_Nadu,13,168,2026,5,4,0,7,THIYAGARAJAN .M,,Puthiya Tamilagam,526,0,,217875,260027,THIRUVARUR,GEN,THIRUVARUR,,9,83.79,0.24,yes,23,0.01,3.0,,,0,TRUE,1,,0,,,,0,FALSE,FALSE,FALSE,,,,,,State Assembly Election (AE)
Tamil_Nadu,13,168,2026,5,4,0,8,KANTHAN A,,Tamizhaga Vaazhvurimai Katchi,503,0,,217875,260027,THIRUVARUR,GEN,THIRUVARUR,,9,83.79,0.23,yes,161,0.07,3.0,,,0,TRUE,1,,0,,,,0,FALSE,FALSE,FALSE,,,,,,State Assembly Election (AE)
Tamil_Nadu,13,168,2026,5,4,0,9,MUTHARASAN S,,Independent,342,0,,217875,260027,THIRUVARUR,GEN,THIRUVARUR,,9,83.79,0.16,yes,342,0.16,3.0,,,0,TRUE,1,,0,,,,0,FALSE,FALSE,FALSE,,,,,,State Assembly Election (AE)
Tamil_Nadu,13,169,2026,5,4,0,1,KAMARAJ. R,,All India Anna Dravida Munnetra Kazhagam,103462,0,,231444,267432,NANNILAM,GEN,THIRUVARUR,,15,86.54,44.7,no,41724,18.03,3.05,,,0,TRUE,1,,0,,,,0,FALSE,FALSE,FALSE,,,,,,State Assembly Election (AE)
Tamil_Nadu,13,169,2026,5,4,0,2,MOHAMED MUBARAK,,Dravida Munnetra Kazhagam,61738,0,,231444,267432,NANNILAM,GEN,THIRUVARUR,,15,86.54,26.68,no,7208,3.11,3.05,,,0,TRUE,1,,0,,,,0,FALSE,FALSE,FALSE,,,,,,State Assembly Election (AE)
Tamil_Nadu,13,169,2026,5,4,0,3,PRABHAKARAN. S,,Tamilaga Vettri Kazhagam,54530,0,,231444,267432,NANNILAM,GEN,THIRUVARUR,,15,86.54,23.56,no,46084,19.91,3.05,,,0,TRUE,1,,0,,,,0,FALSE,FALSE,FALSE,,,,,,State Assembly Election (AE)
Tamil_Nadu,13,169,2026,5,4,0,4,THENMOZHI DILIPKUMAR,,Naam Tamilar Katchi,8446,0,,231444,267432,NANNILAM,GEN,THIRUVARUR,,15,86.54,3.65,yes,7510,3.24,3.05,,,0,TRUE,1,,0,,,,0,FALSE,FALSE,FALSE,,,,,,State Assembly Election (AE)
Tamil_Nadu,13,169,2026,5,4,0,5,None Of The Above,,None of the Above,936,0,,231444,267432,NANNILAM,GEN,THIRUVARUR,,15,86.54,0.4,yes,75,0.03,3.05,,,0,TRUE,1,,0,,,,0,FALSE,FALSE,FALSE,,,,,,State Assembly Election (AE)
Tamil_Nadu,13,169,2026,5,4,0,6,RAJA. S,,All India Puratchi Thalaivar Makkal Munnettra Kazhagam,861,0,,231444,267432,NANNILAM,GEN,THIRUVARUR,,15,86.54,0.37,yes,572,0.25,3.05,,,0,TRUE,1,,0,,,,0,FALSE,FALSE,FALSE,,,,,,State Assembly Election (AE)
Tamil_Nadu,13,169,2026,5,4,0,7,SIVARAMAN. T,,Tamizhaga Vaazhvurimai Katchi,289,0,,231444,267432,NANNILAM,GEN,THIRUVARUR,,15,86.54,0.12,yes,38,0.02,3.05,,,0,TRUE,1,,0,,,,0,FALSE,FALSE,FALSE,,,,,,State Assembly Election (AE)
Tamil_Nadu,13,169,2026,5,4,0,8,RAVICHANDRAN. R,,Independent,251,0,,231444,267432,NANNILAM,GEN,THIRUVARUR,,15,86.54,0.11,yes,27,0.01,3.05,,,0,TRUE,1,,0,,,,0,FALSE,FALSE,FALSE,,,,,,State Assembly Election (AE)
Tamil_Nadu,13,169,2026,5,4,0,9,RAJASEKAR. R,,Independent,224,0,,231444,267432,NANNILAM,GEN,THIRUVARUR,,15,86.54,0.1,yes,5,0.0,3.05,,,0,TRUE,1,,0,,,,0,FALSE,FALSE,FALSE,,,,,,State Assembly Election (AE)
Tamil_Nadu,13,169,2026,5,4,0,10,TAMILSELVAN. M,,Puthiya Tamilagam,219,0,,231444,267432,NANNILAM,GEN,THIRUVARUR,,15,86.54,0.09,yes,76,0.03,3.05,,,0,TRUE,1,,0,,,,0,FALSE,FALSE,FALSE,,,,,,State Assembly Election (AE)
Tamil_Nadu,13,169,2026,5,4,0,11,MOHUMED RIYAS. K,,Independent,143,0,,231444,267432,NANNILAM,GEN,THIRUVARUR,,15,86.54,0.06,yes,39,0.02,3.05,,,0,TRUE,1,,0,,,,0,FALSE,FALSE,FALSE,,,,,,State Assembly Election (AE)
Tamil_Nadu,13,169,2026,5,4,0,12,SURESH. V,,Independent,104,0,,231444,267432,NANNILAM,GEN,THIRUVARUR,,15,86.54,0.04,yes,1,0.0,3.05,,,0,TRUE,1,,0,,,,0,FALSE,FALSE,FALSE,,,,,,State Assembly Election (AE)
Tamil_Nadu,13,169,2026,5,4,0,13,BHARATHIMOHAN.  K.S,,Independent,103,0,,231444,267432,NANNILAM,GEN,THIRUVARUR,,15,86.54,0.04,yes,17,0.01,3.05,,,0,TRUE,1,,0,,,,0,FALSE,FALSE,FALSE,,,,,,State Assembly Election (AE)
Tamil_Nadu,13,169,2026,5,4,0,14,SHANMUGARAJA. D,,Independent,86,0,,231444,267432,NANNILAM,GEN,THIRUVARUR,,15,86.54,0.04,yes,34,0.01,3.05,,,0,TRUE,1,,0,,,,0,FALSE,FALSE,FALSE,,,,,,State Assembly Election (AE)
Tamil_Nadu,13,169,2026,5,4,0,15,SANKAR. R,,Independent,52,0,,231444,267432,NANNILAM,GEN,THIRUVARUR,,15,86.54,0.02,yes,52,0.02,3.05,,,0,TRUE,1,,0,,,,0,FALSE,FALSE,FALSE,,,,,,State Assembly Election (AE)
Tamil_Nadu,13,170,2026,5,4,0,1,GOVI.CHEZHIAAN,,Dravida Munnetra Kazhagam,79951,0,,208944,256930,THIRUVIDAIMARUDUR,SC,THANJAVUR,,15,81.32,38.26,no,14116,6.76,3.22,,,0,TRUE,1,,0,,,,0,FALSE,FALSE,FALSE,,,,,,State Assembly Election (AE)
Tamil_Nadu,13,170,2026,5,4,0,2,S.PRABAKARAN,,Tamilaga Vettri Kazhagam,65835,0,,208944,256930,THIRUVIDAIMARUDUR,SC,THANJAVUR,,15,81.32,31.51,no,12913,6.18,3.22,,,0,TRUE,1,,0,,,,0,FALSE,FALSE,FALSE,,,,,,State Assembly Election (AE)
Tamil_Nadu,13,170,2026,5,4,0,3,ELAMATHI SUBRAMANIAN,,All India Anna Dravida Munnetra Kazhagam,52922,0,,208944,256930,THIRUVIDAIMARUDUR,SC,THANJAVUR,,15,81.32,25.33,no,46559,22.28,3.22,,,0,TRUE,1,,0,,,,0,FALSE,FALSE,FALSE,,,,,,State Assembly Election (AE)
Tamil_Nadu,13,170,2026,5,4,0,4,M.DIVYA BHARATHI,,Naam Tamilar Katchi,6363,0,,208944,256930,THIRUVIDAIMARUDUR,SC,THANJAVUR,,15,81.32,3.05,yes,5320,2.55,3.22,,,0,TRUE,1,,0,,,,0,FALSE,FALSE,FALSE,,,,,,State Assembly Election (AE)
Tamil_Nadu,13,170,2026,5,4,0,5,T.M.PURATCHI MANI,,Bahujan Samaj Party,1043,0,,208944,256930,THIRUVIDAIMARUDUR,SC,THANJAVUR,,15,81.32,0.5,yes,296,0.14,3.22,,,0,TRUE,1,,0,,,,0,FALSE,FALSE,FALSE,,,,,,State Assembly Election (AE)
Tamil_Nadu,13,170,2026,5,4,0,6,None Of The Above,,None of the Above,747,0,,208944,256930,THIRUVIDAIMARUDUR,SC,THANJAVUR,,15,81.32,0.36,yes,159,0.08,3.22,,,0,TRUE,1,,0,,,,0,FALSE,FALSE,FALSE,,,,,,State Assembly Election (AE)
Tamil_Nadu,13,170,2026,5,4,0,7,P.MANIKANDAN,,Independent,588,0,,208944,256930,THIRUVIDAIMARUDUR,SC,THANJAVUR,,15,81.32,0.28,yes,267,0.13,3.22,,,0,TRUE,1,,0,,,,0,FALSE,FALSE,FALSE,,,,,,State Assembly Election (AE)
Tamil_Nadu,13,170,2026,5,4,0,8,KANNAIYAN. T,,Communist Party of India (Marxist-Leninist) (Liberation),321,0,,208944,256930,THIRUVIDAIMARUDUR,SC,THANJAVUR,,15,81.32,0.15,yes,48,0.02,3.22,,,0,TRUE,1,,0,,,,0,FALSE,FALSE,FALSE,,,,,,State Assembly Election (AE)
Tamil_Nadu,13,170,2026,5,4,0,9,A.VISWANATHAN,,Tamizhaga Vaazhvurimai Katchi,273,0,,208944,256930,THIRUVIDAIMARUDUR,SC,THANJAVUR,,15,81.32,0.13,yes,7,0.0,3.22,,,0,TRUE,1,,0,,,,0,FALSE,FALSE,FALSE,,,,,,State Assembly Election (AE)
Tamil_Nadu,13,170,2026,5,4,0,10,DHANASEKAR,,Independent,266,0,,208944,256930,THIRUVIDAIMARUDUR,SC,THANJAVUR,,15,81.32,0.13,yes,92,0.04,3.22,,,0,TRUE,1,,0,,,,0,FALSE,FALSE,FALSE,,,,,,State Assembly Election (AE)
Tamil_Nadu,13,170,2026,5,4,0,11,L.PRABAKARAN,,Independent,174,0,,208944,256930,THIRUVIDAIMARUDUR,SC,THANJAVUR,,15,81.32,0.08,yes,31,0.01,3.22,,,0,TRUE,1,,0,,,,0,FALSE,FALSE,FALSE,,,,,,State Assembly Election (AE)
Tamil_Nadu,13,170,2026,5,4,0,12,M.TAMILMARAN,,Independent,143,0,,208944,256930,THIRUVIDAIMARUDUR,SC,THANJAVUR,,15,81.32,0.07,yes,4,0.0,3.22,,,0,TRUE,1,,0,,,,0,FALSE,FALSE,FALSE,,,,,,State Assembly Election (AE)
Tamil_Nadu,13,170,2026,5,4,0,13,SELVARANI. S,,Independent,139,0,,208944,256930,THIRUVIDAIMARUDUR,SC,THANJAVUR,,15,81.32,0.07,yes,44,0.02,3.22,,,0,TRUE,1,,0,,,,0,FALSE,FALSE,FALSE,,,,,,State Assembly Election (AE)
Tamil_Nadu,13,170,2026,5,4,0,14,KEERTHIGA. K,,Independent,95,0,,208944,256930,THIRUVIDAIMARUDUR,SC,THANJAVUR,,15,81.32,0.05,yes,11,0.01,3.22,,,0,TRUE,1,,0,,,,0,FALSE,FALSE,FALSE,,,,,,State Assembly Election (AE)
Tamil_Nadu,13,170,2026,5,4,0,15,ARAVINDARAJ. R,,Independent,84,0,,208944,256930,THIRUVIDAIMARUDUR,SC,THANJAVUR,,15,81.32,0.04,yes,84,0.04,3.22,,,0,TRUE,1,,0,,,,0,FALSE,FALSE,FALSE,,,,,,State Assembly Election (AE)
Tamil_Nadu,13,171,2026,5,4,0,1,VINOTH,,Tamilaga Vettri Kazhagam,78650,0,,208288,254318,KUMBAKONAM,GEN,THANJAVUR,,14,81.9,37.76,no,679,0.33,3.11,,,0,TRUE,1,,0,,,,0,FALSE,FALSE,FALSE,,,,,,State Assembly Election (AE)
Tamil_Nadu,13,171,2026,5,4,0,2,ANBALAGAN G,,Dravida Munnetra Kazhagam,77971,0,,208288,254318,KUMBAKONAM,GEN,THANJAVUR,,14,81.9,37.43,no,37868,18.18,3.11,,,0,TRUE,1,,0,,,,0,FALSE,FALSE,FALSE,,,,,,State Assembly Election (AE)
Tamil_Nadu,13,171,2026,5,4,0,3,ASHOKKUMAR R,,Bharatiya Janata Party,40103,0,,208288,254318,KUMBAKONAM,GEN,THANJAVUR,,14,81.9,19.25,no,32393,15.55,3.11,,,0,TRUE,1,,0,,,,0,FALSE,FALSE,FALSE,,,,,,State Assembly Election (AE)
Tamil_Nadu,13,171,2026,5,4,0,4,ANANDH M,,Naam Tamilar Katchi,7710,0,,208288,254318,KUMBAKONAM,GEN,THANJAVUR,,14,81.9,3.7,yes,6305,3.03,3.11,,,0,TRUE,1,,0,,,,0,FALSE,FALSE,FALSE,,,,,,State Assembly Election (AE)
Tamil_Nadu,13,171,2026,5,4,0,5,STALIN MA KA,,Independent,1405,0,,208288,254318,KUMBAKONAM,GEN,THANJAVUR,,14,81.9,0.67,yes,445,0.21,3.11,,,0,TRUE,1,,0,,,,0,FALSE,FALSE,FALSE,,,,,,State Assembly Election (AE)
Tamil_Nadu,13,171,2026,5,4,0,6,None Of The Above,,None of the Above,960,0,,208288,254318,KUMBAKONAM,GEN,THANJAVUR,,14,81.9,0.46,yes,576,0.28,3.11,,,0,TRUE,1,,0,,,,0,FALSE,FALSE,FALSE,,,,,,State Assembly Election (AE)
Tamil_Nadu,13,171,2026,5,4,0,7,SRINIVASAN V,,Independent,384,0,,208288,254318,KUMBAKONAM,GEN,THANJAVUR,,14,81.9,0.18,yes,143,0.07,3.11,,,0,TRUE,1,,0,,,,0,FALSE,FALSE,FALSE,,,,,,State Assembly Election (AE)
Tamil_Nadu,13,171,2026,5,4,0,8,ARIVAZHAGAN K,,Independent,241,0,,208288,254318,KUMBAKONAM,GEN,THANJAVUR,,14,81.9,0.12,yes,8,0.0,3.11,,,0,TRUE,1,,0,,,,0,FALSE,FALSE,FALSE,,,,,,State Assembly Election (AE)
Tamil_Nadu,13,171,2026,5,4,0,9,SUNDAR G,,Thamizh Desiya Munnetra Kazhagam,233,0,,208288,254318,KUMBAKONAM,GEN,THANJAVUR,,14,81.9,0.11,yes,37,0.02,3.11,,,0,TRUE,1,,0,,,,0,FALSE,FALSE,FALSE,,,,,,State Assembly Election (AE)
Tamil_Nadu,13,171,2026,5,4,0,10,AROKIYARAJ V,,Tamizhaga Vaazhvurimai Katchi,196,0,,208288,254318,KUMBAKONAM,GEN,THANJAVUR,,14,81.9,0.09,yes,23,0.01,3.11,,,0,TRUE,1,,0,,,,0,FALSE,FALSE,FALSE,,,,,,State Assembly Election (AE)
Tamil_Nadu,13,171,2026,5,4,0,11,VIJAYAKUMAR C,,Independent,173,0,,208288,254318,KUMBAKONAM,GEN,THANJAVUR,,14,81.9,0.08,yes,83,0.04,3.11,,,0,TRUE,1,,0,,,,0,FALSE,FALSE,FALSE,,,,,,State Assembly Election (AE)
Tamil_Nadu,13,171,2026,5,4,0,12,KARTHI G,,Independent,90,0,,208288,254318,KUMBAKONAM,GEN,THANJAVUR,,14,81.9,0.04,yes,1,0.0,3.11,,,0,TRUE,1,,0,,,,0,FALSE,FALSE,FALSE,,,,,,State Assembly Election (AE)
Tamil_Nadu,13,171,2026,5,4,0,13,RAMAMOORTHI R,,Independent,89,0,,208288,254318,KUMBAKONAM,GEN,THANJAVUR,,14,81.9,0.04,yes,6,0.0,3.11,,,0,TRUE,1,,0,,,,0,FALSE,FALSE,FALSE,,,,,,State Assembly Election (AE)
Tamil_Nadu,13,171,2026,5,4,0,14,SENTHAMILSELVI S,,Independent,83,0,,208288,254318,KUMBAKONAM,GEN,THANJAVUR,,14,81.9,0.04,yes,83,0.04,3.11,,,0,TRUE,1,,0,,,,0,FALSE,FALSE,FALSE,,,,,,State Assembly Election (AE)
Tamil_Nadu,13,172,2026,5,4,0,1,A.M. SHAHJAHAN,,Indian Union Muslim League,69284,0,,207723,256518,PAPANASAM,GEN,THANJAVUR,,14,80.98,33.35,no,1065,0.51,3.37,,,0,TRUE,1,,0,,,,0,FALSE,FALSE,FALSE,,,,,,State Assembly Election (AE)
Tamil_Nadu,13,172,2026,5,4,0,2,AZARUDEEN UDUMAN ALI,,Tamilaga Vettri Kazhagam,68219,0,,207723,256518,PAPANASAM,GEN,THANJAVUR,,14,80.98,32.84,no,11147,5.37,3.37,,,0,TRUE,1,,0,,,,0,FALSE,FALSE,FALSE,,,,,,State Assembly Election (AE)
Tamil_Nadu,13,172,2026,5,4,0,3,DORAI. SHANMUGA PRABU,,All India Anna Dravida Munnetra Kazhagam,57072,0,,207723,256518,PAPANASAM,GEN,THANJAVUR,,14,80.98,27.48,no,47468,22.85,3.37,,,0,TRUE,1,,0,,,,0,FALSE,FALSE,FALSE,,,,,,State Assembly Election (AE)
Tamil_Nadu,13,172,2026,5,4,0,4,ANIS FATHIMA,,Naam Tamilar Katchi,9604,0,,207723,256518,PAPANASAM,GEN,THANJAVUR,,14,80.98,4.62,yes,8888,4.28,3.37,,,0,TRUE,1,,0,,,,0,FALSE,FALSE,FALSE,,,,,,State Assembly Election (AE)
Tamil_Nadu,13,172,2026,5,4,0,5,None Of The Above,,None of the Above,716,0,,207723,256518,PAPANASAM,GEN,THANJAVUR,,14,80.98,0.34,yes,192,0.09,3.37,,,0,TRUE,1,,0,,,,0,FALSE,FALSE,FALSE,,,,,,State Assembly Election (AE)
Tamil_Nadu,13,172,2026,5,4,0,6,C. CHANDRASEKARAN,,Thamizh Desiya Munnetra Kazhagam,524,0,,207723,256518,PAPANASAM,GEN,THANJAVUR,,14,80.98,0.25,yes,21,0.01,3.37,,,0,TRUE,1,,0,,,,0,FALSE,FALSE,FALSE,,,,,,State Assembly Election (AE)
Tamil_Nadu,13,172,2026,5,4,0,7,A. ANIS FATHIMA ABDUL RAHIM,,Independent,503,0,,207723,256518,PAPANASAM,GEN,THANJAVUR,,14,80.98,0.24,yes,148,0.07,3.37,,,0,TRUE,1,,0,,,,0,FALSE,FALSE,FALSE,,,,,,State Assembly Election (AE)
Tamil_Nadu,13,172,2026,5,4,0,8,K. MASILAMANI,,Communist Party of India (Marxist-Leninist) (Liberation),355,0,,207723,256518,PAPANASAM,GEN,THANJAVUR,,14,80.98,0.17,yes,48,0.02,3.37,,,0,TRUE,1,,0,,,,0,FALSE,FALSE,FALSE,,,,,,State Assembly Election (AE)
Tamil_Nadu,13,172,2026,5,4,0,9,B. DHAMODHARAN,,Tamizhaga Vaazhvurimai Katchi,307,0,,207723,256518,PAPANASAM,GEN,THANJAVUR,,14,80.98,0.15,yes,10,0.0,3.37,,,0,TRUE,1,,0,,,,0,FALSE,FALSE,FALSE,,,,,,State Assembly Election (AE)
Tamil_Nadu,13,172,2026,5,4,0,10,S. NATARAJAN,,Independent,297,0,,207723,256518,PAPANASAM,GEN,THANJAVUR,,14,80.98,0.14,yes,49,0.02,3.37,,,0,TRUE,1,,0,,,,0,FALSE,FALSE,FALSE,,,,,,State Assembly Election (AE)
Tamil_Nadu,13,172,2026,5,4,0,11,V. THIYAGARAJAN,,Independent,248,0,,207723,256518,PAPANASAM,GEN,THANJAVUR,,14,80.98,0.12,yes,43,0.02,3.37,,,0,TRUE,1,,0,,,,0,FALSE,FALSE,FALSE,,,,,,State Assembly Election (AE)
Tamil_Nadu,13,172,2026,5,4,0,12,V. KULANDHAIVELU,,Independent,205,0,,207723,256518,PAPANASAM,GEN,THANJAVUR,,14,80.98,0.1,yes,4,0.0,3.37,,,0,TRUE,1,,0,,,,0,FALSE,FALSE,FALSE,,,,,,State Assembly Election (AE)
Tamil_Nadu,13,172,2026,5,4,0,13,A S THANGARASU,,Independent,201,0,,207723,256518,PAPANASAM,GEN,THANJAVUR,,14,80.98,0.1,yes,13,0.01,3.37,,,0,TRUE,1,,0,,,,0,FALSE,FALSE,FALSE,,,,,,State Assembly Election (AE)
Tamil_Nadu,13,172,2026,5,4,0,14,K. RAJENDRAN,,Independent,188,0,,207723,256518,PAPANASAM,GEN,THANJAVUR,,14,80.98,0.09,yes,188,0.09,3.37,,,0,TRUE,1,,0,,,,0,FALSE,FALSE,FALSE,,,,,,State Assembly Election (AE)
Tamil_Nadu,13,173,2026,5,4,0,1,DURAI. CHANDRASEKARAN,,Dravida Munnetra Kazhagam,80425,0,,222111,258374,THIRUVAIYARU,GEN,THANJAVUR,,14,85.96,36.21,no,8555,3.85,3.34,,,0,TRUE,1,,0,,,,0,FALSE,FALSE,FALSE,,,,,,State Assembly Election (AE)
Tamil_Nadu,13,173,2026,5,4,0,2,MATHI. MANIKANDAN,,Tamilaga Vettri Kazhagam,71870,0,,222111,258374,THIRUVAIYARU,GEN,THANJAVUR,,14,85.96,32.36,no,16749,7.54,3.34,,,0,TRUE,1,,0,,,,0,FALSE,FALSE,FALSE,,,,,,State Assembly Election (AE)
Tamil_Nadu,13,173,2026,5,4,0,3,VELU. KARTHIKEYAN,,Amma Makkal Munnettra Kazagam,55121,0,,222111,258374,THIRUVAIYARU,GEN,THANJAVUR,,14,85.96,24.82,no,44440,20.01,3.34,,,0,TRUE,1,,0,,,,0,FALSE,FALSE,FALSE,,,,,,State Assembly Election (AE)
Tamil_Nadu,13,173,2026,5,4,0,4,DURAI. SENTHILNATHAN,,Naam Tamilar Katchi,10681,0,,222111,258374,THIRUVAIYARU,GEN,THANJAVUR,,14,85.96,4.81,yes,9551,4.3,3.34,,,0,TRUE,1,,0,,,,0,FALSE,FALSE,FALSE,,,,,,State Assembly Election (AE)
Tamil_Nadu,13,173,2026,5,4,0,5,VIJAYA BABU,,Tamizhaga Vaazhvurimai Katchi,1130,0,,222111,258374,THIRUVAIYARU,GEN,THANJAVUR,,14,85.96,0.51,yes,182,0.08,3.34,,,0,TRUE,1,,0,,,,0,FALSE,FALSE,FALSE,,,,,,State Assembly Election (AE)
Tamil_Nadu,13,173,2026,5,4,0,6,None Of The Above,,None of the Above,948,0,,222111,258374,THIRUVAIYARU,GEN,THANJAVUR,,14,85.96,0.43,yes,591,0.27,3.34,,,0,TRUE,1,,0,,,,0,FALSE,FALSE,FALSE,,,,,,State Assembly Election (AE)
Tamil_Nadu,13,173,2026,5,4,0,7,RAJASEKARAN. S,,Independent,357,0,,222111,258374,THIRUVAIYARU,GEN,THANJAVUR,,14,85.96,0.16,yes,5,0.0,3.34,,,0,TRUE,1,,0,,,,0,FALSE,FALSE,FALSE,,,,,,State Assembly Election (AE)
Tamil_Nadu,13,173,2026,5,4,0,8,V. VENU,,Puthiya Tamilagam,352,0,,222111,258374,THIRUVAIYARU,GEN,THANJAVUR,,14,85.96,0.16,yes,46,0.02,3.34,,,0,TRUE,1,,0,,,,0,FALSE,FALSE,FALSE,,,,,,State Assembly Election (AE)
Tamil_Nadu,13,173,2026,5,4,0,9,R. RAJKUMAR,,Independent,306,0,,222111,258374,THIRUVAIYARU,GEN,THANJAVUR,,14,85.96,0.14,yes,13,0.01,3.34,,,0,TRUE,1,,0,,,,0,FALSE,FALSE,FALSE,,,,,,State Assembly Election (AE)
Tamil_Nadu,13,173,2026,5,4,0,10,S. VIJAYAKUMAR,,Anna Puratchi Thalaivar Amma Dravida Munnetra Kazhagam,293,0,,222111,258374,THIRUVAIYARU,GEN,THANJAVUR,,14,85.96,0.13,yes,115,0.05,3.34,,,0,TRUE,1,,0,,,,0,FALSE,FALSE,FALSE,,,,,,State Assembly Election (AE)
Tamil_Nadu,13,173,2026,5,4,0,11,R. SATHIYANARAYANAN,,Independent,178,0,,222111,258374,THIRUVAIYARU,GEN,THANJAVUR,,14,85.96,0.08,yes,11,0.0,3.34,,,0,TRUE,1,,0,,,,0,FALSE,FALSE,FALSE,,,,,,State Assembly Election (AE)
Tamil_Nadu,13,173,2026,5,4,0,12,JAYAINDHRAESWARAN,,Independent,167,0,,222111,258374,THIRUVAIYARU,GEN,THANJAVUR,,14,85.96,0.08,yes,11,0.0,3.34,,,0,TRUE,1,,0,,,,0,FALSE,FALSE,FALSE,,,,,,State Assembly Election (AE)
Tamil_Nadu,13,173,2026,5,4,0,13,ER.S. ARJUN,,Independent,156,0,,222111,258374,THIRUVAIYARU,GEN,THANJAVUR,,14,85.96,0.07,yes,29,0.01,3.34,,,0,TRUE,1,,0,,,,0,FALSE,FALSE,FALSE,,,,,,State Assembly Election (AE)
Tamil_Nadu,13,173,2026,5,4,0,14,ABIMAN,,Independent,127,0,,222111,258374,THIRUVAIYARU,GEN,THANJAVUR,,14,85.96,0.06,yes,127,0.06,3.34,,,0,TRUE,1,,0,,,,0,FALSE,FALSE,FALSE,,,,,,State Assembly Election (AE)
Tamil_Nadu,13,174,2026,5,4,0,1,R. VIJAYSARAVANAN,,Tamilaga Vettri Kazhagam,87705,0,,198798,252676,THANJAVUR,GEN,THANJAVUR,,12,78.68,44.12,no,16955,8.53,2.93,,,0,TRUE,1,,0,,,,0,FALSE,FALSE,FALSE,,,,,,State Assembly Election (AE)
Tamil_Nadu,13,174,2026,5,4,0,2,SHAN. RAMANATHAN,,Dravida Munnetra Kazhagam,70750,0,,198798,252676,THANJAVUR,GEN,THANJAVUR,,12,78.68,35.59,no,43960,22.11,2.93,,,0,TRUE,1,,0,,,,0,FALSE,FALSE,FALSE,,,,,,State Assembly Election (AE)
Tamil_Nadu,13,174,2026,5,4,0,3,KARUPPU MURUGANANTHAM,,Bharatiya Janata Party,26790,0,,198798,252676,THANJAVUR,GEN,THANJAVUR,,12,78.68,13.48,yes,17407,8.76,2.93,,,0,TRUE,1,,0,,,,0,FALSE,FALSE,FALSE,,,,,,State Assembly Election (AE)
Tamil_Nadu,13,174,2026,5,4,0,4,N. KRISHNAKUMAR,,Naam Tamilar Katchi,9383,0,,198798,252676,THANJAVUR,GEN,THANJAVUR,,12,78.68,4.72,yes,8109,4.08,2.93,,,0,TRUE,1,,0,,,,0,FALSE,FALSE,FALSE,,,,,,State Assembly Election (AE)
Tamil_Nadu,13,174,2026,5,4,0,5,None Of The Above,,None of the Above,1274,0,,198798,252676,THANJAVUR,GEN,THANJAVUR,,12,78.68,0.64,yes,430,0.22,2.93,,,0,TRUE,1,,0,,,,0,FALSE,FALSE,FALSE,,,,,,State Assembly Election (AE)
Tamil_Nadu,13,174,2026,5,4,0,6,R. MURALIDHARAN,,Independent,844,0,,198798,252676,THANJAVUR,GEN,THANJAVUR,,12,78.68,0.42,yes,44,0.02,2.93,,,0,TRUE,1,,0,,,,0,FALSE,FALSE,FALSE,,,,,,State Assembly Election (AE)
Tamil_Nadu,13,174,2026,5,4,0,7,S. KARIKALA CHOLAN,,Independent,800,0,,198798,252676,THANJAVUR,GEN,THANJAVUR,,12,78.68,0.4,yes,287,0.14,2.93,,,0,TRUE,1,,0,,,,0,FALSE,FALSE,FALSE,,,,,,State Assembly Election (AE)
Tamil_Nadu,13,174,2026,5,4,0,8,S. MUTHUVEL,,Bahujan Dravida Party,513,0,,198798,252676,THANJAVUR,GEN,THANJAVUR,,12,78.68,0.26,yes,247,0.12,2.93,,,0,TRUE,1,,0,,,,0,FALSE,FALSE,FALSE,,,,,,State Assembly Election (AE)
Tamil_Nadu,13,174,2026,5,4,0,9,H. MOHAMED ABDUL KHADIR,,Tamizhaga Vaazhvurimai Katchi,266,0,,198798,252676,THANJAVUR,GEN,THANJAVUR,,12,78.68,0.13,yes,87,0.04,2.93,,,0,TRUE,1,,0,,,,0,FALSE,FALSE,FALSE,,,,,,State Assembly Election (AE)
Tamil_Nadu,13,174,2026,5,4,0,10,M. SANTHOSH,,Independent,179,0,,198798,252676,THANJAVUR,GEN,THANJAVUR,,12,78.68,0.09,yes,22,0.01,2.93,,,0,TRUE,1,,0,,,,0,FALSE,FALSE,FALSE,,,,,,State Assembly Election (AE)
Tamil_Nadu,13,174,2026,5,4,0,11,D. KUMARAN,,Independent,157,0,,198798,252676,THANJAVUR,GEN,THANJAVUR,,12,78.68,0.08,yes,20,0.01,2.93,,,0,TRUE,1,,0,,,,0,FALSE,FALSE,FALSE,,,,,,State Assembly Election (AE)
Tamil_Nadu,13,174,2026,5,4,0,12,R. SABTHAGIRI,,Independent,137,0,,198798,252676,THANJAVUR,GEN,THANJAVUR,,12,78.68,0.07,yes,137,0.07,2.93,,,0,TRUE,1,,0,,,,0,FALSE,FALSE,FALSE,,,,,,State Assembly Election (AE)
Tamil_Nadu,13,175,2026,5,4,0,1,R. VAITHILINGAM,,Dravida Munnetra Kazhagam,86759,0,,195304,233542,ORATHANADU,GEN,THANJAVUR,,10,83.63,44.42,no,35028,17.94,3.11,,,0,TRUE,1,,0,,,,0,FALSE,FALSE,FALSE,,,,,,State Assembly Election (AE)
Tamil_Nadu,13,175,2026,5,4,0,2,DR. K. ARVIND,,Tamilaga Vettri Kazhagam,51731,0,,195304,233542,ORATHANADU,GEN,THANJAVUR,,10,83.63,26.49,no,7471,3.83,3.11,,,0,TRUE,1,,0,,,,0,FALSE,FALSE,FALSE,,,,,,State Assembly Election (AE)
Tamil_Nadu,13,175,2026,5,4,0,3,M. SEKAR,,All India Anna Dravida Munnetra Kazhagam,44260,0,,195304,233542,ORATHANADU,GEN,THANJAVUR,,10,83.63,22.66,no,34125,17.47,3.11,,,0,TRUE,1,,0,,,,0,FALSE,FALSE,FALSE,,,,,,State Assembly Election (AE)
Tamil_Nadu,13,175,2026,5,4,0,4,S.THIRUMURUGAN,,Naam Tamilar Katchi,10135,0,,195304,233542,ORATHANADU,GEN,THANJAVUR,,10,83.63,5.19,yes,9504,4.87,3.11,,,0,TRUE,1,,0,,,,0,FALSE,FALSE,FALSE,,,,,,State Assembly Election (AE)
Tamil_Nadu,13,175,2026,5,4,0,5,None Of The Above,,None of the Above,631,0,,195304,233542,ORATHANADU,GEN,THANJAVUR,,10,83.63,0.32,yes,83,0.04,3.11,,,0,TRUE,1,,0,,,,0,FALSE,FALSE,FALSE,,,,,,State Assembly Election (AE)
Tamil_Nadu,13,175,2026,5,4,0,6,M. SELVARAJ,,Party for the Rights of Other backward Classes,548,0,,195304,233542,ORATHANADU,GEN,THANJAVUR,,10,83.63,0.28,yes,194,0.1,3.11,,,0,TRUE,1,,0,,,,0,FALSE,FALSE,FALSE,,,,,,State Assembly Election (AE)
Tamil_Nadu,13,175,2026,5,4,0,7,M. KANAGARAJ,,Independent,354,0,,195304,233542,ORATHANADU,GEN,THANJAVUR,,10,83.63,0.18,yes,2,0.0,3.11,,,0,TRUE,1,,0,,,,0,FALSE,FALSE,FALSE,,,,,,State Assembly Election (AE)
Tamil_Nadu,13,175,2026,5,4,0,8,C. GUNASEKARAN,,Thamizh Desiya Munnetra Kazhagam,352,0,,195304,233542,ORATHANADU,GEN,THANJAVUR,,10,83.63,0.18,yes,75,0.04,3.11,,,0,TRUE,1,,0,,,,0,FALSE,FALSE,FALSE,,,,,,State Assembly Election (AE)
Tamil_Nadu,13,175,2026,5,4,0,9,T. VIJAYAKUMAR,,Independent,277,0,,195304,233542,ORATHANADU,GEN,THANJAVUR,,10,83.63,0.14,yes,20,0.01,3.11,,,0,TRUE,1,,0,,,,0,FALSE,FALSE,FALSE,,,,,,State Assembly Election (AE)
Tamil_Nadu,13,175,2026,5,4,0,10,A. AJESHKANNAN,,Independent,257,0,,195304,233542,ORATHANADU,GEN,THANJAVUR,,10,83.63,0.13,yes,257,0.13,3.11,,,0,TRUE,1,,0,,,,0,FALSE,FALSE,FALSE,,,,,,State Assembly Election (AE)
Tamil_Nadu,13,176,2026,5,4,0,1,ANNADURAI K,,Dravida Munnetra Kazhagam,65963,0,,183745,242420,PATTUKKOTTAI,GEN,THANJAVUR,,12,75.8,35.9,no,13754,7.49,3.48,,,0,TRUE,1,,0,,,,0,FALSE,FALSE,FALSE,,,,,,State Assembly Election (AE)
Tamil_Nadu,13,176,2026,5,4,0,2,MATHAN C,,Tamilaga Vettri Kazhagam,52209,0,,183745,242420,PATTUKKOTTAI,GEN,THANJAVUR,,12,75.8,28.41,no,2634,1.43,3.48,,,0,TRUE,1,,0,,,,0,FALSE,FALSE,FALSE,,,,,,State Assembly Election (AE)
Tamil_Nadu,13,176,2026,5,4,0,3,SEKAR C V,,All India Anna Dravida Munnetra Kazhagam,49575,0,,183745,242420,PATTUKKOTTAI,GEN,THANJAVUR,,12,75.8,26.98,no,36430,19.83,3.48,,,0,TRUE,1,,0,,,,0,FALSE,FALSE,FALSE,,,,,,State Assembly Election (AE)
Tamil_Nadu,13,176,2026,5,4,0,4,KANNAN S,,Naam Tamilar Katchi,13145,0,,183745,242420,PATTUKKOTTAI,GEN,THANJAVUR,,12,75.8,7.15,yes,12407,6.75,3.48,,,0,TRUE,1,,0,,,,0,FALSE,FALSE,FALSE,,,,,,State Assembly Election (AE)
Tamil_Nadu,13,176,2026,5,4,0,5,None Of The Above,,None of the Above,738,0,,183745,242420,PATTUKKOTTAI,GEN,THANJAVUR,,12,75.8,0.4,yes,217,0.12,3.48,,,0,TRUE,1,,0,,,,0,FALSE,FALSE,FALSE,,,,,,State Assembly Election (AE)
Tamil_Nadu,13,176,2026,5,4,0,6,GURUMOORTHY M,,Puthiya Tamilagam,521,0,,183745,242420,PATTUKKOTTAI,GEN,THANJAVUR,,12,75.8,0.28,yes,139,0.08,3.48,,,0,TRUE,1,,0,,,,0,FALSE,FALSE,FALSE,,,,,,State Assembly Election (AE)
Tamil_Nadu,13,176,2026,5,4,0,7,ANNADURAI C N,,Independent,382,0,,183745,242420,PATTUKKOTTAI,GEN,THANJAVUR,,12,75.8,0.21,yes,93,0.05,3.48,,,0,TRUE,1,,0,,,,0,FALSE,FALSE,FALSE,,,,,,State Assembly Election (AE)
Tamil_Nadu,13,176,2026,5,4,0,8,ZIAUDEEN A J,,Independent,289,0,,183745,242420,PATTUKKOTTAI,GEN,THANJAVUR,,12,75.8,0.16,yes,39,0.02,3.48,,,0,TRUE,1,,0,,,,0,FALSE,FALSE,FALSE,,,,,,State Assembly Election (AE)
Tamil_Nadu,13,176,2026,5,4,0,9,MOHAMED SHARIF M,,Independent,250,0,,183745,242420,PATTUKKOTTAI,GEN,THANJAVUR,,12,75.8,0.14,yes,10,0.01,3.48,,,0,TRUE,1,,0,,,,0,FALSE,FALSE,FALSE,,,,,,State Assembly Election (AE)
Tamil_Nadu,13,176,2026,5,4,0,10,MUTHUKUMAR D,,Independent,240,0,,183745,242420,PATTUKKOTTAI,GEN,THANJAVUR,,12,75.8,0.13,yes,2,0.0,3.48,,,0,TRUE,1,,0,,,,0,FALSE,FALSE,FALSE,,,,,,State Assembly Election (AE)
Tamil_Nadu,13,176,2026,5,4,0,11,SURESH M R,,Independent,238,0,,183745,242420,PATTUKKOTTAI,GEN,THANJAVUR,,12,75.8,0.13,yes,43,0.02,3.48,,,0,TRUE,1,,0,,,,0,FALSE,FALSE,FALSE,,,,,,State Assembly Election (AE)
Tamil_Nadu,13,176,2026,5,4,0,12,SURESH R,,Independent,195,0,,183745,242420,PATTUKKOTTAI,GEN,THANJAVUR,,12,75.8,0.11,yes,195,0.11,3.48,,,0,TRUE,1,,0,,,,0,FALSE,FALSE,FALSE,,,,,,State Assembly Election (AE)
Tamil_Nadu,13,177,2026,5,4,0,1,ASHOKKUMAR. N,,Dravida Munnetra Kazhagam,60919,0,,176274,213946,PERAVURANI,GEN,THANJAVUR,,11,82.39,34.56,no,3162,1.79,3.37,,,0,TRUE,1,,0,,,,0,FALSE,FALSE,FALSE,,,,,,State Assembly Election (AE)
Tamil_Nadu,13,177,2026,5,4,0,2,GOVI.ELANGO,,All India Anna Dravida Munnetra Kazhagam,57757,0,,176274,213946,PERAVURANI,GEN,THANJAVUR,,11,82.39,32.77,no,12181,6.91,3.37,,,0,TRUE,1,,0,,,,0,FALSE,FALSE,FALSE,,,,,,State Assembly Election (AE)
Tamil_Nadu,13,177,2026,5,4,0,3,D.CHANDRAKANDEEBAN,,Tamilaga Vettri Kazhagam,45576,0,,176274,213946,PERAVURANI,GEN,THANJAVUR,,11,82.39,25.86,no,36454,20.68,3.37,,,0,TRUE,1,,0,,,,0,FALSE,FALSE,FALSE,,,,,,State Assembly Election (AE)
Tamil_Nadu,13,177,2026,5,4,0,4,BHUVANA MANIYARASAN,,Naam Tamilar Katchi,9122,0,,176274,213946,PERAVURANI,GEN,THANJAVUR,,11,82.39,5.17,yes,8427,4.78,3.37,,,0,TRUE,1,,0,,,,0,FALSE,FALSE,FALSE,,,,,,State Assembly Election (AE)
Tamil_Nadu,13,177,2026,5,4,0,5,None Of The Above,,None of the Above,695,0,,176274,213946,PERAVURANI,GEN,THANJAVUR,,11,82.39,0.39,yes,135,0.08,3.37,,,0,TRUE,1,,0,,,,0,FALSE,FALSE,FALSE,,,,,,State Assembly Election (AE)
Tamil_Nadu,13,177,2026,5,4,0,6,R.RAVI,,All India Puratchi Thalaivar Makkal Munnettra Kazhagam,560,0,,176274,213946,PERAVURANI,GEN,THANJAVUR,,11,82.39,0.32,yes,143,0.08,3.37,,,0,TRUE,1,,0,,,,0,FALSE,FALSE,FALSE,,,,,,State Assembly Election (AE)
Tamil_Nadu,13,177,2026,5,4,0,7,PASUMAIBHOOMI NATARAJAN,,Independent,417,0,,176274,213946,PERAVURANI,GEN,THANJAVUR,,11,82.39,0.24,yes,2,0.0,3.37,,,0,TRUE,1,,0,,,,0,FALSE,FALSE,FALSE,,,,,,State Assembly Election (AE)
Tamil_Nadu,13,177,2026,5,4,0,8,NEIVELI SASIKUMAR,,Tamizhaga Vaazhvurimai Katchi,415,0,,176274,213946,PERAVURANI,GEN,THANJAVUR,,11,82.39,0.24,yes,121,0.07,3.37,,,0,TRUE,1,,0,,,,0,FALSE,FALSE,FALSE,,,,,,State Assembly Election (AE)
Tamil_Nadu,13,177,2026,5,4,0,9,T.ARULMURUGAN,,Independent,294,0,,176274,213946,PERAVURANI,GEN,THANJAVUR,,11,82.39,0.17,yes,16,0.01,3.37,,,0,TRUE,1,,0,,,,0,FALSE,FALSE,FALSE,,,,,,State Assembly Election (AE)
Tamil_Nadu,13,177,2026,5,4,0,10,G.CHITHIRAVELU,,Puthiya Tamilagam,278,0,,176274,213946,PERAVURANI,GEN,THANJAVUR,,11,82.39,0.16,yes,37,0.02,3.37,,,0,TRUE,1,,0,,,,0,FALSE,FALSE,FALSE,,,,,,State Assembly Election (AE)
Tamil_Nadu,13,177,2026,5,4,0,11,U.UTHAYAKUMAR,,Independent,241,0,,176274,213946,PERAVURANI,GEN,THANJAVUR,,11,82.39,0.14,yes,241,0.14,3.37,,,0,TRUE,1,,0,,,,0,FALSE,FALSE,FALSE,,,,,,State Assembly Election (AE)
Tamil_Nadu,13,178,2026,5,4,0,1,N. SUBRAMANIAN,,Tamilaga Vettri Kazhagam,58795,0,,167618,196024,GANDHARVAKOTTAI,SC,PUDUKKOTTAI,,11,85.51,35.08,no,11039,6.59,3.5,,,0,TRUE,1,,0,,,,0,FALSE,FALSE,FALSE,,,,,,State Assembly Election (AE)
Tamil_Nadu,13,178,2026,5,4,0,2,C. UTHAYAKUMAR,,Bharatiya Janata Party,47756,0,,167618,196024,GANDHARVAKOTTAI,SC,PUDUKKOTTAI,,11,85.51,28.49,no,1022,0.61,3.5,,,0,TRUE,1,,0,,,,0,FALSE,FALSE,FALSE,,,,,,State Assembly Election (AE)
Tamil_Nadu,13,178,2026,5,4,0,3,M. CHINNADURAI,,Communist Party of India (Marxist),46734,0,,167618,196024,GANDHARVAKOTTAI,SC,PUDUKKOTTAI,,11,85.51,27.88,no,36545,21.8,3.5,,,0,TRUE,1,,0,,,,0,FALSE,FALSE,FALSE,,,,,,State Assembly Election (AE)
Tamil_Nadu,13,178,2026,5,4,0,4,NATHIYA,,Naam Tamilar Katchi,10189,0,,167618,196024,GANDHARVAKOTTAI,SC,PUDUKKOTTAI,,11,85.51,6.08,yes,9062,5.41,3.5,,,0,TRUE,1,,0,,,,0,FALSE,FALSE,FALSE,,,,,,State Assembly Election (AE)
Tamil_Nadu,13,178,2026,5,4,0,5,None Of The Above,,None of the Above,1127,0,,167618,196024,GANDHARVAKOTTAI,SC,PUDUKKOTTAI,,11,85.51,0.67,yes,474,0.28,3.5,,,0,TRUE,1,,0,,,,0,FALSE,FALSE,FALSE,,,,,,State Assembly Election (AE)
Tamil_Nadu,13,178,2026,5,4,0,6,ARUNKUMAR . S,,Independent,653,0,,167618,196024,GANDHARVAKOTTAI,SC,PUDUKKOTTAI,,11,85.51,0.39,yes,11,0.01,3.5,,,0,TRUE,1,,0,,,,0,FALSE,FALSE,FALSE,,,,,,State Assembly Election (AE)
Tamil_Nadu,13,178,2026,5,4,0,7,SENTHILKUMAR N,,Independent,642,0,,167618,196024,GANDHARVAKOTTAI,SC,PUDUKKOTTAI,,11,85.51,0.38,yes,58,0.03,3.5,,,0,TRUE,1,,0,,,,0,FALSE,FALSE,FALSE,,,,,,State Assembly Election (AE)
Tamil_Nadu,13,178,2026,5,4,0,8,M. LAKSHMANAN,,Independent,584,0,,167618,196024,GANDHARVAKOTTAI,SC,PUDUKKOTTAI,,11,85.51,0.35,yes,179,0.11,3.5,,,0,TRUE,1,,0,,,,0,FALSE,FALSE,FALSE,,,,,,State Assembly Election (AE)
Tamil_Nadu,13,178,2026,5,4,0,9,DHANARASU,,Namadhu Makkal Katchi,405,0,,167618,196024,GANDHARVAKOTTAI,SC,PUDUKKOTTAI,,11,85.51,0.24,yes,1,0.0,3.5,,,0,TRUE,1,,0,,,,0,FALSE,FALSE,FALSE,,,,,,State Assembly Election (AE)
Tamil_Nadu,13,178,2026,5,4,0,10,T. MURUGESAN,,Independent,404,0,,167618,196024,GANDHARVAKOTTAI,SC,PUDUKKOTTAI,,11,85.51,0.24,yes,75,0.04,3.5,,,0,TRUE,1,,0,,,,0,FALSE,FALSE,FALSE,,,,,,State Assembly Election (AE)
Tamil_Nadu,13,178,2026,5,4,0,11,SASIKUMAR P,,Independent,329,0,,167618,196024,GANDHARVAKOTTAI,SC,PUDUKKOTTAI,,11,85.51,0.2,yes,329,0.2,3.5,,,0,TRUE,1,,0,,,,0,FALSE,FALSE,FALSE,,,,,,State Assembly Election (AE)
Tamil_Nadu,13,179,2026,5,4,0,1,VIJAYABASKAR. C,,All India Anna Dravida Munnetra Kazhagam,105773,0,,203921,225090,VIRALIMALAI,GEN,PUDUKKOTTAI,,27,90.6,51.87,no,62073,30.44,2.81,,,0,TRUE,1,,0,,,,0,FALSE,FALSE,FALSE,,,,,,State Assembly Election (AE)
Tamil_Nadu,13,179,2026,5,4,0,2,MURUGESAN. P,,Tamilaga Vettri Kazhagam,43700,0,,203921,225090,VIRALIMALAI,GEN,PUDUKKOTTAI,,27,90.6,21.43,no,3303,1.62,2.81,,,0,TRUE,1,,0,,,,0,FALSE,FALSE,FALSE,,,,,,State Assembly Election (AE)
Tamil_Nadu,13,179,2026,5,4,0,3,CHELLAPANDIYAN. K.K,,Dravida Munnetra Kazhagam,40397,0,,203921,225090,VIRALIMALAI,GEN,PUDUKKOTTAI,,27,90.6,19.81,no,30930,15.17,2.81,,,0,TRUE,1,,0,,,,0,FALSE,FALSE,FALSE,,,,,,State Assembly Election (AE)
Tamil_Nadu,13,179,2026,5,4,0,4,SATHYALAKSHMI. K,,Naam Tamilar Katchi,9467,0,,203921,225090,VIRALIMALAI,GEN,PUDUKKOTTAI,,27,90.6,4.64,yes,8633,4.23,2.81,,,0,TRUE,1,,0,,,,0,FALSE,FALSE,FALSE,,,,,,State Assembly Election (AE)
Tamil_Nadu,13,179,2026,5,4,0,5,KARTHIKA PRAKASH,,All India Puratchi Thalaivar Makkal Munnettra Kazhagam,834,0,,203921,225090,VIRALIMALAI,GEN,PUDUKKOTTAI,,27,90.6,0.41,yes,279,0.14,2.81,,,0,TRUE,1,,0,,,,0,FALSE,FALSE,FALSE,,,,,,State Assembly Election (AE)
Tamil_Nadu,13,179,2026,5,4,0,6,MAHENDIRAN. K,,Independent,555,0,,203921,225090,VIRALIMALAI,GEN,PUDUKKOTTAI,,27,90.6,0.27,yes,131,0.06,2.81,,,0,TRUE,1,,0,,,,0,FALSE,FALSE,FALSE,,,,,,State Assembly Election (AE)
Tamil_Nadu,13,179,2026,5,4,0,7,THIRUVENDRAN. V,,Independent,424,0,,203921,225090,VIRALIMALAI,GEN,PUDUKKOTTAI,,27,90.6,0.21,yes,49,0.02,2.81,,,0,TRUE,1,,0,,,,0,FALSE,FALSE,FALSE,,,,,,State Assembly Election (AE)
Tamil_Nadu,13,179,2026,5,4,0,8,None Of The Above,,None of the Above,375,0,,203921,225090,VIRALIMALAI,GEN,PUDUKKOTTAI,,27,90.6,0.18,yes,114,0.06,2.81,,,0,TRUE,1,,0,,,,0,FALSE,FALSE,FALSE,,,,,,State Assembly Election (AE)
Tamil_Nadu,13,179,2026,5,4,0,9,PALANISAMY. K,,Veerath Thiyagi Viswanathadoss Thozhilalarkal Katchi,261,0,,203921,225090,VIRALIMALAI,GEN,PUDUKKOTTAI,,27,90.6,0.13,yes,10,0.0,2.81,,,0,TRUE,1,,0,,,,0,FALSE,FALSE,FALSE,,,,,,State Assembly Election (AE)
Tamil_Nadu,13,179,2026,5,4,0,10,SELVARAJ. A,,Puthiya Tamilagam,251,0,,203921,225090,VIRALIMALAI,GEN,PUDUKKOTTAI,,27,90.6,0.12,yes,33,0.02,2.81,,,0,TRUE,1,,0,,,,0,FALSE,FALSE,FALSE,,,,,,State Assembly Election (AE)
Tamil_Nadu,13,179,2026,5,4,0,11,THIRUMURUGAN. K,,Independent,218,0,,203921,225090,VIRALIMALAI,GEN,PUDUKKOTTAI,,27,90.6,0.11,yes,3,0.0,2.81,,,0,TRUE,1,,0,,,,0,FALSE,FALSE,FALSE,,,,,,State Assembly Election (AE)
Tamil_Nadu,13,179,2026,5,4,0,12,BALAVEL MURUGESAN. T,,Independent,215,0,,203921,225090,VIRALIMALAI,GEN,PUDUKKOTTAI,,27,90.6,0.11,yes,10,0.0,2.81,,,0,TRUE,1,,0,,,,0,FALSE,FALSE,FALSE,,,,,,State Assembly Election (AE)
Tamil_Nadu,13,179,2026,5,4,0,13,BALASUBRAMANIAN. K.K,,Independent,205,0,,203921,225090,VIRALIMALAI,GEN,PUDUKKOTTAI,,27,90.6,0.1,yes,48,0.02,2.81,,,0,TRUE,1,,0,,,,0,FALSE,FALSE,FALSE,,,,,,State Assembly Election (AE)
Tamil_Nadu,13,179,2026,5,4,0,14,MANIKANDAN. M,,Independent,157,0,,203921,225090,VIRALIMALAI,GEN,PUDUKKOTTAI,,27,90.6,0.08,yes,4,0.0,2.81,,,0,TRUE,1,,0,,,,0,FALSE,FALSE,FALSE,,,,,,State Assembly Election (AE)
Tamil_Nadu,13,179,2026,5,4,0,15,JAYAGANDHI. R,,Independent,153,0,,203921,225090,VIRALIMALAI,GEN,PUDUKKOTTAI,,27,90.6,0.08,yes,19,0.01,2.81,,,0,TRUE,1,,0,,,,0,FALSE,FALSE,FALSE,,,,,,State Assembly Election (AE)
Tamil_Nadu,13,179,2026,5,4,0,16,PALANISAMY. A,,Independent,134,0,,203921,225090,VIRALIMALAI,GEN,PUDUKKOTTAI,,27,90.6,0.07,yes,4,0.0,2.81,,,0,TRUE,1,,0,,,,0,FALSE,FALSE,FALSE,,,,,,State Assembly Election (AE)
Tamil_Nadu,13,179,2026,5,4,0,17,BALASUBRAMANIAN. M,,Independent,130,0,,203921,225090,VIRALIMALAI,GEN,PUDUKKOTTAI,,27,90.6,0.06,yes,34,0.02,2.81,,,0,TRUE,1,,0,,,,0,FALSE,FALSE,FALSE,,,,,,State Assembly Election (AE)
Tamil_Nadu,13,179,2026,5,4,0,18,ADAIKALARAJ. S,,Independent,96,0,,203921,225090,VIRALIMALAI,GEN,PUDUKKOTTAI,,27,90.6,0.05,yes,6,0.0,2.81,,,0,TRUE,1,,0,,,,0,FALSE,FALSE,FALSE,,,,,,State Assembly Election (AE)
Tamil_Nadu,13,179,2026,5,4,0,19,VEERAMANI. M,,Independent,90,0,,203921,225090,VIRALIMALAI,GEN,PUDUKKOTTAI,,27,90.6,0.04,yes,15,0.01,2.81,,,0,TRUE,1,,0,,,,0,FALSE,FALSE,FALSE,,,,,,State Assembly Election (AE)
Tamil_Nadu,13,179,2026,5,4,0,20,SUBBAIAH. R,,Independent,75,0,,203921,225090,VIRALIMALAI,GEN,PUDUKKOTTAI,,27,90.6,0.04,yes,2,0.0,2.81,,,0,TRUE,1,,0,,,,0,FALSE,FALSE,FALSE,,,,,,State Assembly Election (AE)
Tamil_Nadu,13,179,2026,5,4,0,21,JOTHIVEL. A,,Independent,73,0,,203921,225090,VIRALIMALAI,GEN,PUDUKKOTTAI,,27,90.6,0.04,yes,3,0.0,2.81,,,0,TRUE,1,,0,,,,0,FALSE,FALSE,FALSE,,,,,,State Assembly Election (AE)
Tamil_Nadu,13,179,2026,5,4,0,22,THIRUMURUGAN. A,,Independent,70,0,,203921,225090,VIRALIMALAI,GEN,PUDUKKOTTAI,,27,90.6,0.03,yes,10,0.0,2.81,,,0,TRUE,1,,0,,,,0,FALSE,FALSE,FALSE,,,,,,State Assembly Election (AE)
Tamil_Nadu,13,179,2026,5,4,0,23,CHANDRAJOTHI. M,,Independent,60,0,,203921,225090,VIRALIMALAI,GEN,PUDUKKOTTAI,,27,90.6,0.03,yes,2,0.0,2.81,,,0,TRUE,1,,0,,,,0,FALSE,FALSE,FALSE,,,,,,State Assembly Election (AE)
Tamil_Nadu,13,179,2026,5,4,0,24,MATHIYALAGAN. G,,Independent,58,0,,203921,225090,VIRALIMALAI,GEN,PUDUKKOTTAI,,27,90.6,0.03,yes,2,0.0,2.81,,,0,TRUE,1,,0,,,,0,FALSE,FALSE,FALSE,,,,,,State Assembly Election (AE)
Tamil_Nadu,13,179,2026,5,4,0,25,VEERAMANI. M,,Independent,56,0,,203921,225090,VIRALIMALAI,GEN,PUDUKKOTTAI,,27,90.6,0.03,yes,4,0.0,2.81,,,0,TRUE,1,,0,,,,0,FALSE,FALSE,FALSE,,,,,,State Assembly Election (AE)
Tamil_Nadu,13,179,2026,5,4,0,26,ALAGAR. P ADVOCATE,,Independent,52,0,,203921,225090,VIRALIMALAI,GEN,PUDUKKOTTAI,,27,90.6,0.03,yes,10,0.0,2.81,,,0,TRUE,1,,0,,,,0,FALSE,FALSE,FALSE,,,,,,State Assembly Election (AE)
Tamil_Nadu,13,179,2026,5,4,0,27,RAJA. P,,Independent,42,0,,203921,225090,VIRALIMALAI,GEN,PUDUKKOTTAI,,27,90.6,0.02,yes,42,0.02,2.81,,,0,TRUE,1,,0,,,,0,FALSE,FALSE,FALSE,,,,,,State Assembly Election (AE)
Tamil_Nadu,13,180,2026,5,4,0,1,V. MUTHURAJA,,Dravida Munnetra Kazhagam,66825,0,,190378,225944,PUDUKKOTTAI,GEN,PUDUKKOTTAI,,31,84.26,35.1,no,1867,0.98,3.45,,,0,TRUE,1,,0,,,,0,FALSE,FALSE,FALSE,,,,,,State Assembly Election (AE)
Tamil_Nadu,13,180,2026,5,4,0,2,K.M. SHARIFF,,Tamilaga Vettri Kazhagam,64958,0,,190378,225944,PUDUKKOTTAI,GEN,PUDUKKOTTAI,,31,84.26,34.12,no,23869,12.54,3.45,,,0,TRUE,1,,0,,,,0,FALSE,FALSE,FALSE,,,,,,State Assembly Election (AE)
Tamil_Nadu,13,180,2026,5,4,0,3,N. RAMACHANDRAN,,Bharatiya Janata Party,41089,0,,190378,225944,PUDUKKOTTAI,GEN,PUDUKKOTTAI,,31,84.26,21.58,no,29416,15.45,3.45,,,0,TRUE,1,,0,,,,0,FALSE,FALSE,FALSE,,,,,,State Assembly Election (AE)
Tamil_Nadu,13,180,2026,5,4,0,4,EZHILARASI VIJAYENDRAN,,Naam Tamilar Katchi,11673,0,,190378,225944,PUDUKKOTTAI,GEN,PUDUKKOTTAI,,31,84.26,6.13,yes,11004,5.78,3.45,,,0,TRUE,1,,0,,,,0,FALSE,FALSE,FALSE,,,,,,State Assembly Election (AE)
Tamil_Nadu,13,180,2026,5,4,0,5,K. KAILASAKUMAR,,Independent,669,0,,190378,225944,PUDUKKOTTAI,GEN,PUDUKKOTTAI,,31,84.26,0.35,yes,159,0.08,3.45,,,0,TRUE,1,,0,,,,0,FALSE,FALSE,FALSE,,,,,,State Assembly Election (AE)
Tamil_Nadu,13,180,2026,5,4,0,6,E. RAMALINGAM,,Party for the Rights of Other backward Classes,510,0,,190378,225944,PUDUKKOTTAI,GEN,PUDUKKOTTAI,,31,84.26,0.27,yes,43,0.02,3.45,,,0,TRUE,1,,0,,,,0,FALSE,FALSE,FALSE,,,,,,State Assembly Election (AE)
Tamil_Nadu,13,180,2026,5,4,0,7,None Of The Above,,None of the Above,467,0,,190378,225944,PUDUKKOTTAI,GEN,PUDUKKOTTAI,,31,84.26,0.25,yes,1,0.0,3.45,,,0,TRUE,1,,0,,,,0,FALSE,FALSE,FALSE,,,,,,State Assembly Election (AE)
Tamil_Nadu,13,180,2026,5,4,0,8,SENTHILNATHAN .B,,Independent,466,0,,190378,225944,PUDUKKOTTAI,GEN,PUDUKKOTTAI,,31,84.26,0.24,yes,94,0.05,3.45,,,0,TRUE,1,,0,,,,0,FALSE,FALSE,FALSE,,,,,,State Assembly Election (AE)
Tamil_Nadu,13,180,2026,5,4,0,9,S. NIYAZ AHAMED,,Tamizhaga Vaazhvurimai Katchi,372,0,,190378,225944,PUDUKKOTTAI,GEN,PUDUKKOTTAI,,31,84.26,0.2,yes,21,0.01,3.45,,,0,TRUE,1,,0,,,,0,FALSE,FALSE,FALSE,,,,,,State Assembly Election (AE)
Tamil_Nadu,13,180,2026,5,4,0,10,S. SELVARAJ,,Independent,351,0,,190378,225944,PUDUKKOTTAI,GEN,PUDUKKOTTAI,,31,84.26,0.18,yes,27,0.01,3.45,,,0,TRUE,1,,0,,,,0,FALSE,FALSE,FALSE,,,,,,State Assembly Election (AE)
Tamil_Nadu,13,180,2026,5,4,0,11,G. DURAISARAVANAN,,Independent,324,0,,190378,225944,PUDUKKOTTAI,GEN,PUDUKKOTTAI,,31,84.26,0.17,yes,85,0.04,3.45,,,0,TRUE,1,,0,,,,0,FALSE,FALSE,FALSE,,,,,,State Assembly Election (AE)
Tamil_Nadu,13,180,2026,5,4,0,12,C. GOVINDASAMY,,Independent,239,0,,190378,225944,PUDUKKOTTAI,GEN,PUDUKKOTTAI,,31,84.26,0.13,yes,6,0.0,3.45,,,0,TRUE,1,,0,,,,0,FALSE,FALSE,FALSE,,,,,,State Assembly Election (AE)
Tamil_Nadu,13,180,2026,5,4,0,13,C. KARUPPAIAH,,Independent,233,0,,190378,225944,PUDUKKOTTAI,GEN,PUDUKKOTTAI,,31,84.26,0.12,yes,1,0.0,3.45,,,0,TRUE,1,,0,,,,0,FALSE,FALSE,FALSE,,,,,,State Assembly Election (AE)
Tamil_Nadu,13,180,2026,5,4,0,14,A. SUBARESH RAJA,,Independent,232,0,,190378,225944,PUDUKKOTTAI,GEN,PUDUKKOTTAI,,31,84.26,0.12,yes,22,0.01,3.45,,,0,TRUE,1,,0,,,,0,FALSE,FALSE,FALSE,,,,,,State Assembly Election (AE)
Tamil_Nadu,13,180,2026,5,4,0,15,KANGATHARAN .P,,Independent,210,0,,190378,225944,PUDUKKOTTAI,GEN,PUDUKKOTTAI,,31,84.26,0.11,yes,17,0.01,3.45,,,0,TRUE,1,,0,,,,0,FALSE,FALSE,FALSE,,,,,,State Assembly Election (AE)
Tamil_Nadu,13,180,2026,5,4,0,16,D. RAMESH,,Independent,193,0,,190378,225944,PUDUKKOTTAI,GEN,PUDUKKOTTAI,,31,84.26,0.1,yes,1,0.0,3.45,,,0,TRUE,1,,0,,,,0,FALSE,FALSE,FALSE,,,,,,State Assembly Election (AE)
Tamil_Nadu,13,180,2026,5,4,0,17,R. SIVAKUMAR,,Independent,192,0,,190378,225944,PUDUKKOTTAI,GEN,PUDUKKOTTAI,,31,84.26,0.1,yes,2,0.0,3.45,,,0,TRUE,1,,0,,,,0,FALSE,FALSE,FALSE,,,,,,State Assembly Election (AE)
Tamil_Nadu,13,180,2026,5,4,0,18,R. RAMACHANDRAN,,Independent,190,0,,190378,225944,PUDUKKOTTAI,GEN,PUDUKKOTTAI,,31,84.26,0.1,yes,61,0.03,3.45,,,0,TRUE,1,,0,,,,0,FALSE,FALSE,FALSE,,,,,,State Assembly Election (AE)
Tamil_Nadu,13,180,2026,5,4,0,19,V.R. JAYAKUMAR,,Independent,129,0,,190378,225944,PUDUKKOTTAI,GEN,PUDUKKOTTAI,,31,84.26,0.07,yes,1,0.0,3.45,,,0,TRUE,1,,0,,,,0,FALSE,FALSE,FALSE,,,,,,State Assembly Election (AE)
Tamil_Nadu,13,180,2026,5,4,0,20,RAMACHANDRAN .C,,Independent,128,0,,190378,225944,PUDUKKOTTAI,GEN,PUDUKKOTTAI,,31,84.26,0.07,yes,6,0.0,3.45,,,0,TRUE,1,,0,,,,0,FALSE,FALSE,FALSE,,,,,,State Assembly Election (AE)
Tamil_Nadu,13,180,2026,5,4,0,21,K. RENGAN,,Puthiya Tamilagam,122,0,,190378,225944,PUDUKKOTTAI,GEN,PUDUKKOTTAI,,31,84.26,0.06,yes,10,0.01,3.45,,,0,TRUE,1,,0,,,,0,FALSE,FALSE,FALSE,,,,,,State Assembly Election (AE)
Tamil_Nadu,13,180,2026,5,4,0,22,C. KARUPPAIAH,,Independent,112,0,,190378,225944,PUDUKKOTTAI,GEN,PUDUKKOTTAI,,31,84.26,0.06,yes,10,0.01,3.45,,,0,TRUE,1,,0,,,,0,FALSE,FALSE,FALSE,,,,,,State Assembly Election (AE)
Tamil_Nadu,13,180,2026,5,4,0,23,K. DHANAGOPAL,,Independent,102,0,,190378,225944,PUDUKKOTTAI,GEN,PUDUKKOTTAI,,31,84.26,0.05,yes,2,0.0,3.45,,,0,TRUE,1,,0,,,,0,FALSE,FALSE,FALSE,,,,,,State Assembly Election (AE)
Tamil_Nadu,13,180,2026,5,4,0,24,G. MANIMEGALAI,,Communist Party of India (Marxist-Leninist) (Liberation),100,0,,190378,225944,PUDUKKOTTAI,GEN,PUDUKKOTTAI,,31,84.26,0.05,yes,11,0.01,3.45,,,0,TRUE,1,,0,,,,0,FALSE,FALSE,FALSE,,,,,,State Assembly Election (AE)
Tamil_Nadu,13,180,2026,5,4,0,25,C. RAMACHANDRAN,,Independent,89,0,,190378,225944,PUDUKKOTTAI,GEN,PUDUKKOTTAI,,31,84.26,0.05,yes,6,0.0,3.45,,,0,TRUE,1,,0,,,,0,FALSE,FALSE,FALSE,,,,,,State Assembly Election (AE)
Tamil_Nadu,13,180,2026,5,4,0,26,M. A. MUTHUKUMAR,,Independent,83,0,,190378,225944,PUDUKKOTTAI,GEN,PUDUKKOTTAI,,31,84.26,0.04,yes,2,0.0,3.45,,,0,TRUE,1,,0,,,,0,FALSE,FALSE,FALSE,,,,,,State Assembly Election (AE)
Tamil_Nadu,13,180,2026,5,4,0,27,G. ARIVAZHAGAN,,Independent,81,0,,190378,225944,PUDUKKOTTAI,GEN,PUDUKKOTTAI,,31,84.26,0.04,yes,7,0.0,3.45,,,0,TRUE,1,,0,,,,0,FALSE,FALSE,FALSE,,,,,,State Assembly Election (AE)
Tamil_Nadu,13,180,2026,5,4,0,28,A. RAJASEKAR,,Veerath Thiyagi Viswanathadoss Thozhilalarkal Katchi,74,0,,190378,225944,PUDUKKOTTAI,GEN,PUDUKKOTTAI,,31,84.26,0.04,yes,10,0.01,3.45,,,0,TRUE,1,,0,,,,0,FALSE,FALSE,FALSE,,,,,,State Assembly Election (AE)
Tamil_Nadu,13,180,2026,5,4,0,29,K. MURUGESAN,,Independent,64,0,,190378,225944,PUDUKKOTTAI,GEN,PUDUKKOTTAI,,31,84.26,0.03,yes,2,0.0,3.45,,,0,TRUE,1,,0,,,,0,FALSE,FALSE,FALSE,,,,,,State Assembly Election (AE)
Tamil_Nadu,13,180,2026,5,4,0,30,G. MUTHURAJ,,Independent,62,0,,190378,225944,PUDUKKOTTAI,GEN,PUDUKKOTTAI,,31,84.26,0.03,yes,23,0.01,3.45,,,0,TRUE,1,,0,,,,0,FALSE,FALSE,FALSE,,,,,,State Assembly Election (AE)
Tamil_Nadu,13,180,2026,5,4,0,31,A. RADHAKRISHNAN,,Independent,39,0,,190378,225944,PUDUKKOTTAI,GEN,PUDUKKOTTAI,,31,84.26,0.02,yes,39,0.02,3.45,,,0,TRUE,1,,0,,,,0,FALSE,FALSE,FALSE,,,,,,State Assembly Election (AE)
Tamil_Nadu,13,181,2026,5,4,0,1,REGUPATHY.S,,Dravida Munnetra Kazhagam,58201,0,,182612,220568,THIRUMAYAM,GEN,PUDUKKOTTAI,,15,82.79,31.87,no,1492,0.82,3.42,,,0,TRUE,1,,0,,,,0,FALSE,FALSE,FALSE,,,,,,State Assembly Election (AE)
Tamil_Nadu,13,181,2026,5,4,0,2,CHINTHAMANI.C,,Tamilaga Vettri Kazhagam,56709,0,,182612,220568,THIRUMAYAM,GEN,PUDUKKOTTAI,,15,82.79,31.05,no,1245,0.68,3.42,,,0,TRUE,1,,0,,,,0,FALSE,FALSE,FALSE,,,,,,State Assembly Election (AE)
Tamil_Nadu,13,181,2026,5,4,0,3,VAIRAMUTHU.PK,,All India Anna Dravida Munnetra Kazhagam,55464,0,,182612,220568,THIRUMAYAM,GEN,PUDUKKOTTAI,,15,82.79,30.37,no,46362,25.39,3.42,,,0,TRUE,1,,0,,,,0,FALSE,FALSE,FALSE,,,,,,State Assembly Election (AE)
Tamil_Nadu,13,181,2026,5,4,0,4,LAKSHMI SRINIVASAN,,Naam Tamilar Katchi,9102,0,,182612,220568,THIRUMAYAM,GEN,PUDUKKOTTAI,,15,82.79,4.98,yes,8157,4.47,3.42,,,0,TRUE,1,,0,,,,0,FALSE,FALSE,FALSE,,,,,,State Assembly Election (AE)
Tamil_Nadu,13,181,2026,5,4,0,5,None Of The Above,,None of the Above,945,0,,182612,220568,THIRUMAYAM,GEN,PUDUKKOTTAI,,15,82.79,0.52,yes,586,0.32,3.42,,,0,TRUE,1,,0,,,,0,FALSE,FALSE,FALSE,,,,,,State Assembly Election (AE)
Tamil_Nadu,13,181,2026,5,4,0,6,SUBBIAH.A,,Puthiya Tamilagam,359,0,,182612,220568,THIRUMAYAM,GEN,PUDUKKOTTAI,,15,82.79,0.2,yes,70,0.04,3.42,,,0,TRUE,1,,0,,,,0,FALSE,FALSE,FALSE,,,,,,State Assembly Election (AE)
Tamil_Nadu,13,181,2026,5,4,0,7,DURAIRAJAN.M,,Independent,289,0,,182612,220568,THIRUMAYAM,GEN,PUDUKKOTTAI,,15,82.79,0.16,yes,2,0.0,3.42,,,0,TRUE,1,,0,,,,0,FALSE,FALSE,FALSE,,,,,,State Assembly Election (AE)
Tamil_Nadu,13,181,2026,5,4,0,8,RAMNATH.T,,Independent,287,0,,182612,220568,THIRUMAYAM,GEN,PUDUKKOTTAI,,15,82.79,0.16,yes,8,0.0,3.42,,,0,TRUE,1,,0,,,,0,FALSE,FALSE,FALSE,,,,,,State Assembly Election (AE)
Tamil_Nadu,13,181,2026,5,4,0,9,SUBRAMANIAN.P,,Independent,279,0,,182612,220568,THIRUMAYAM,GEN,PUDUKKOTTAI,,15,82.79,0.15,yes,41,0.02,3.42,,,0,TRUE,1,,0,,,,0,FALSE,FALSE,FALSE,,,,,,State Assembly Election (AE)
Tamil_Nadu,13,181,2026,5,4,0,10,ESWAR.S,,Independent,238,0,,182612,220568,THIRUMAYAM,GEN,PUDUKKOTTAI,,15,82.79,0.13,yes,10,0.01,3.42,,,0,TRUE,1,,0,,,,0,FALSE,FALSE,FALSE,,,,,,State Assembly Election (AE)
Tamil_Nadu,13,181,2026,5,4,0,11,MUTHUKARUPPAN.CN,,Party for the Rights of Other backward Classes,228,0,,182612,220568,THIRUMAYAM,GEN,PUDUKKOTTAI,,15,82.79,0.12,yes,35,0.02,3.42,,,0,TRUE,1,,0,,,,0,FALSE,FALSE,FALSE,,,,,,State Assembly Election (AE)
Tamil_Nadu,13,181,2026,5,4,0,12,CHINNATHAMBI.P,,Independent,193,0,,182612,220568,THIRUMAYAM,GEN,PUDUKKOTTAI,,15,82.79,0.11,yes,58,0.03,3.42,,,0,TRUE,1,,0,,,,0,FALSE,FALSE,FALSE,,,,,,State Assembly Election (AE)
Tamil_Nadu,13,181,2026,5,4,0,13,RAJA.K,,All India Puratchi Thalaivar Makkal Munnettra Kazhagam,135,0,,182612,220568,THIRUMAYAM,GEN,PUDUKKOTTAI,,15,82.79,0.07,yes,38,0.02,3.42,,,0,TRUE,1,,0,,,,0,FALSE,FALSE,FALSE,,,,,,State Assembly Election (AE)
Tamil_Nadu,13,181,2026,5,4,0,14,RAMSINGH.SK,,Tamizhaga Vaazhvurimai Katchi,97,0,,182612,220568,THIRUMAYAM,GEN,PUDUKKOTTAI,,15,82.79,0.05,yes,11,0.01,3.42,,,0,TRUE,1,,0,,,,0,FALSE,FALSE,FALSE,,,,,,State Assembly Election (AE)
Tamil_Nadu,13,181,2026,5,4,0,15,SATHISHKUMAR.M,,Independent,86,0,,182612,220568,THIRUMAYAM,GEN,PUDUKKOTTAI,,15,82.79,0.05,yes,86,0.05,3.42,,,0,TRUE,1,,0,,,,0,FALSE,FALSE,FALSE,,,,,,State Assembly Election (AE)
Tamil_Nadu,13,182,2026,5,4,0,1,SIVA.V.MEYYANATHAN,,Dravida Munnetra Kazhagam,64929,0,,180483,212078,ALANGUDI,GEN,PUDUKKOTTAI,,15,85.1,35.98,no,12977,7.19,3.42,,,0,TRUE,1,,0,,,,0,FALSE,FALSE,FALSE,,,,,,State Assembly Election (AE)
Tamil_Nadu,13,182,2026,5,4,0,2,KANDASAMY,,Tamilaga Vettri Kazhagam,51952,0,,180483,212078,ALANGUDI,GEN,PUDUKKOTTAI,,15,85.1,28.78,no,1889,1.05,3.42,,,0,TRUE,1,,0,,,,0,FALSE,FALSE,FALSE,,,,,,State Assembly Election (AE)
Tamil_Nadu,13,182,2026,5,4,0,3,DHANA VIMAL,,All India Anna Dravida Munnetra Kazhagam,50063,0,,180483,212078,ALANGUDI,GEN,PUDUKKOTTAI,,15,85.1,27.74,no,39411,21.84,3.42,,,0,TRUE,1,,0,,,,0,FALSE,FALSE,FALSE,,,,,,State Assembly Election (AE)
Tamil_Nadu,13,182,2026,5,4,0,4,R.RAJARAM,,Naam Tamilar Katchi,10652,0,,180483,212078,ALANGUDI,GEN,PUDUKKOTTAI,,15,85.1,5.9,yes,9979,5.53,3.42,,,0,TRUE,1,,0,,,,0,FALSE,FALSE,FALSE,,,,,,State Assembly Election (AE)
Tamil_Nadu,13,182,2026,5,4,0,5,None Of The Above,,None of the Above,673,0,,180483,212078,ALANGUDI,GEN,PUDUKKOTTAI,,15,85.1,0.37,yes,55,0.03,3.42,,,0,TRUE,1,,0,,,,0,FALSE,FALSE,FALSE,,,,,,State Assembly Election (AE)
Tamil_Nadu,13,182,2026,5,4,0,6,D.PUSHPARAJ,,All India Puratchi Thalaivar Makkal Munnettra Kazhagam,618,0,,180483,212078,ALANGUDI,GEN,PUDUKKOTTAI,,15,85.1,0.34,yes,88,0.05,3.42,,,0,TRUE,1,,0,,,,0,FALSE,FALSE,FALSE,,,,,,State Assembly Election (AE)
Tamil_Nadu,13,182,2026,5,4,0,7,R.SURESH,,Party for the Rights of Other backward Classes,530,0,,180483,212078,ALANGUDI,GEN,PUDUKKOTTAI,,15,85.1,0.29,yes,346,0.19,3.42,,,0,TRUE,1,,0,,,,0,FALSE,FALSE,FALSE,,,,,,State Assembly Election (AE)
Tamil_Nadu,13,182,2026,5,4,0,8,S MALAIYANDI,,Akila Inthiya Makkal Marumalarchi Kazhakam,184,0,,180483,212078,ALANGUDI,GEN,PUDUKKOTTAI,,15,85.1,0.1,yes,10,0.01,3.42,,,0,TRUE,1,,0,,,,0,FALSE,FALSE,FALSE,,,,,,State Assembly Election (AE)
Tamil_Nadu,13,182,2026,5,4,0,9,K.MURUGESAN,,Independent,174,0,,180483,212078,ALANGUDI,GEN,PUDUKKOTTAI,,15,85.1,0.1,yes,16,0.01,3.42,,,0,TRUE,1,,0,,,,0,FALSE,FALSE,FALSE,,,,,,State Assembly Election (AE)
Tamil_Nadu,13,182,2026,5,4,0,10,SASIKUMAR.P,,Independent,158,0,,180483,212078,ALANGUDI,GEN,PUDUKKOTTAI,,15,85.1,0.09,yes,22,0.01,3.42,,,0,TRUE,1,,0,,,,0,FALSE,FALSE,FALSE,,,,,,State Assembly Election (AE)
Tamil_Nadu,13,182,2026,5,4,0,11,B.SELVAM,,Independent,136,0,,180483,212078,ALANGUDI,GEN,PUDUKKOTTAI,,15,85.1,0.08,yes,4,0.0,3.42,,,0,TRUE,1,,0,,,,0,FALSE,FALSE,FALSE,,,,,,State Assembly Election (AE)
Tamil_Nadu,13,182,2026,5,4,0,12,S.VANMEGANADHAN,,Independent,132,0,,180483,212078,ALANGUDI,GEN,PUDUKKOTTAI,,15,85.1,0.07,yes,7,0.0,3.42,,,0,TRUE,1,,0,,,,0,FALSE,FALSE,FALSE,,,,,,State Assembly Election (AE)
Tamil_Nadu,13,182,2026,5,4,0,13,M.NAGARAJAN,,Independent,125,0,,180483,212078,ALANGUDI,GEN,PUDUKKOTTAI,,15,85.1,0.07,yes,34,0.02,3.42,,,0,TRUE,1,,0,,,,0,FALSE,FALSE,FALSE,,,,,,State Assembly Election (AE)
Tamil_Nadu,13,182,2026,5,4,0,14,T.THIRUMARAN,,Independent,91,0,,180483,212078,ALANGUDI,GEN,PUDUKKOTTAI,,15,85.1,0.05,yes,25,0.01,3.42,,,0,TRUE,1,,0,,,,0,FALSE,FALSE,FALSE,,,,,,State Assembly Election (AE)
Tamil_Nadu,13,182,2026,5,4,0,15,V.KANNADASSAN,,Independent,66,0,,180483,212078,ALANGUDI,GEN,PUDUKKOTTAI,,15,85.1,0.04,yes,66,0.04,3.42,,,0,TRUE,1,,0,,,,0,FALSE,FALSE,FALSE,,,,,,State Assembly Election (AE)
Tamil_Nadu,13,183,2026,5,4,0,1,MOHAMED FARVAS. J,,Tamilaga Vettri Kazhagam,73244,0,,182730,229792,ARANTHANGI,GEN,PUDUKKOTTAI,,16,79.52,40.08,no,10062,5.51,3.2,,,0,TRUE,1,,0,,,,0,FALSE,FALSE,FALSE,,,,,,State Assembly Election (AE)
Tamil_Nadu,13,183,2026,5,4,0,2,RAMACHANDRAN . T,,Indian National Congress,63182,0,,182730,229792,ARANTHANGI,GEN,PUDUKKOTTAI,,16,79.52,34.58,no,31726,17.36,3.2,,,0,TRUE,1,,0,,,,0,FALSE,FALSE,FALSE,,,,,,State Assembly Election (AE)
Tamil_Nadu,13,183,2026,5,4,0,3,KAVITHA SRIKANTH,,Bharatiya Janata Party,31456,0,,182730,229792,ARANTHANGI,GEN,PUDUKKOTTAI,,16,79.52,17.21,no,21481,11.76,3.2,,,0,TRUE,1,,0,,,,0,FALSE,FALSE,FALSE,,,,,,State Assembly Election (AE)
Tamil_Nadu,13,183,2026,5,4,0,4,MUTHULAKSHMI. S,,Naam Tamilar Katchi,9975,0,,182730,229792,ARANTHANGI,GEN,PUDUKKOTTAI,,16,79.52,5.46,yes,9177,5.02,3.2,,,0,TRUE,1,,0,,,,0,FALSE,FALSE,FALSE,,,,,,State Assembly Election (AE)
Tamil_Nadu,13,183,2026,5,4,0,5,SHAHUL HAMEED . N,,Independent,798,0,,182730,229792,ARANTHANGI,GEN,PUDUKKOTTAI,,16,79.52,0.44,yes,24,0.01,3.2,,,0,TRUE,1,,0,,,,0,FALSE,FALSE,FALSE,,,,,,State Assembly Election (AE)
Tamil_Nadu,13,183,2026,5,4,0,6,NAZIM KHAN. M,,Tamizhaga Vaazhvurimai Katchi,774,0,,182730,229792,ARANTHANGI,GEN,PUDUKKOTTAI,,16,79.52,0.42,yes,12,0.01,3.2,,,0,TRUE,1,,0,,,,0,FALSE,FALSE,FALSE,,,,,,State Assembly Election (AE)
Tamil_Nadu,13,183,2026,5,4,0,7,KALIMUTHU. P,,Independent,762,0,,182730,229792,ARANTHANGI,GEN,PUDUKKOTTAI,,16,79.52,0.42,yes,182,0.1,3.2,,,0,TRUE,1,,0,,,,0,FALSE,FALSE,FALSE,,,,,,State Assembly Election (AE)
Tamil_Nadu,13,183,2026,5,4,0,8,None Of The Above,,None of the Above,580,0,,182730,229792,ARANTHANGI,GEN,PUDUKKOTTAI,,16,79.52,0.32,yes,172,0.09,3.2,,,0,TRUE,1,,0,,,,0,FALSE,FALSE,FALSE,,,,,,State Assembly Election (AE)
Tamil_Nadu,13,183,2026,5,4,0,9,DHETCHNA MOORTHY. DOCTOR. S,,Independent,408,0,,182730,229792,ARANTHANGI,GEN,PUDUKKOTTAI,,16,79.52,0.22,yes,86,0.05,3.2,,,0,TRUE,1,,0,,,,0,FALSE,FALSE,FALSE,,,,,,State Assembly Election (AE)
Tamil_Nadu,13,183,2026,5,4,0,10,ABDUL JAFFAR. S,,Independent,322,0,,182730,229792,ARANTHANGI,GEN,PUDUKKOTTAI,,16,79.52,0.18,yes,17,0.01,3.2,,,0,TRUE,1,,0,,,,0,FALSE,FALSE,FALSE,,,,,,State Assembly Election (AE)
Tamil_Nadu,13,183,2026,5,4,0,11,MURUGARETHINAM. T,,Independent,305,0,,182730,229792,ARANTHANGI,GEN,PUDUKKOTTAI,,16,79.52,0.17,yes,12,0.01,3.2,,,0,TRUE,1,,0,,,,0,FALSE,FALSE,FALSE,,,,,,State Assembly Election (AE)
Tamil_Nadu,13,183,2026,5,4,0,12,SUNDAR . A,,Independent,293,0,,182730,229792,ARANTHANGI,GEN,PUDUKKOTTAI,,16,79.52,0.16,yes,83,0.05,3.2,,,0,TRUE,1,,0,,,,0,FALSE,FALSE,FALSE,,,,,,State Assembly Election (AE)
Tamil_Nadu,13,183,2026,5,4,0,13,ARUNAGIRI . M,,Independent,210,0,,182730,229792,ARANTHANGI,GEN,PUDUKKOTTAI,,16,79.52,0.11,yes,61,0.03,3.2,,,0,TRUE,1,,0,,,,0,FALSE,FALSE,FALSE,,,,,,State Assembly Election (AE)
Tamil_Nadu,13,183,2026,5,4,0,14,KARTHIKEYAN. N,,Independent,149,0,,182730,229792,ARANTHANGI,GEN,PUDUKKOTTAI,,16,79.52,0.08,yes,11,0.01,3.2,,,0,TRUE,1,,0,,,,0,FALSE,FALSE,FALSE,,,,,,State Assembly Election (AE)
Tamil_Nadu,13,183,2026,5,4,0,15,AIYAPPAN,,Independent,138,0,,182730,229792,ARANTHANGI,GEN,PUDUKKOTTAI,,16,79.52,0.08,yes,4,0.0,3.2,,,0,TRUE,1,,0,,,,0,FALSE,FALSE,FALSE,,,,,,State Assembly Election (AE)
Tamil_Nadu,13,183,2026,5,4,0,16,UDAIYAPPAN. M,,Independent,134,0,,182730,229792,ARANTHANGI,GEN,PUDUKKOTTAI,,16,79.52,0.07,yes,134,0.07,3.2,,,0,TRUE,1,,0,,,,0,FALSE,FALSE,FALSE,,,,,,State Assembly Election (AE)
Tamil_Nadu,13,184,2026,5,4,0,1,DR.PRABHU. TK,,Tamilaga Vettri Kazhagam,101358,0,,229267,305925,KARAIKUDI,GEN,SIVAGANGA,,26,74.94,44.21,no,46074,20.1,3.41,,,0,TRUE,1,,0,,,,0,FALSE,FALSE,FALSE,,,,,,State Assembly Election (AE)
Tamil_Nadu,13,184,2026,5,4,0,2,MANGUDI. S,,Indian National Congress,55284,0,,229267,305925,KARAIKUDI,GEN,SIVAGANGA,,26,74.94,24.11,no,21932,9.57,3.41,,,0,TRUE,1,,0,,,,0,FALSE,FALSE,FALSE,,,,,,State Assembly Election (AE)
Tamil_Nadu,13,184,2026,5,4,0,3,DHERPOKI V.PANDI,,Amma Makkal Munnettra Kazagam,33352,0,,229267,305925,KARAIKUDI,GEN,SIVAGANGA,,26,74.94,14.55,yes,2559,1.12,3.41,,,0,TRUE,1,,0,,,,0,FALSE,FALSE,FALSE,,,,,,State Assembly Election (AE)
Tamil_Nadu,13,184,2026,5,4,0,4,SEEMAN,,Naam Tamilar Katchi,30793,0,,229267,305925,KARAIKUDI,GEN,SIVAGANGA,,26,74.94,13.43,yes,29997,13.08,3.41,,,0,TRUE,1,,0,,,,0,FALSE,FALSE,FALSE,,,,,,State Assembly Election (AE)
Tamil_Nadu,13,184,2026,5,4,0,5,NEWTON BABU. C,,Puthiya Tamilagam,796,0,,229267,305925,KARAIKUDI,GEN,SIVAGANGA,,26,74.94,0.35,yes,107,0.05,3.41,,,0,TRUE,1,,0,,,,0,FALSE,FALSE,FALSE,,,,,,State Assembly Election (AE)
Tamil_Nadu,13,184,2026,5,4,0,6,VELU. K,,Independent,689,0,,229267,305925,KARAIKUDI,GEN,SIVAGANGA,,26,74.94,0.3,yes,87,0.04,3.41,,,0,TRUE,1,,0,,,,0,FALSE,FALSE,FALSE,,,,,,State Assembly Election (AE)
Tamil_Nadu,13,184,2026,5,4,0,7,KALIMUTHU. A,,All India Puratchi Thalaivar Makkal Munnettra Kazhagam,602,0,,229267,305925,KARAIKUDI,GEN,SIVAGANGA,,26,74.94,0.26,yes,12,0.01,3.41,,,0,TRUE,1,,0,,,,0,FALSE,FALSE,FALSE,,,,,,State Assembly Election (AE)
Tamil_Nadu,13,184,2026,5,4,0,8,KARUPPIAH. K,,Republican Party of India (Athawale),590,0,,229267,305925,KARAIKUDI,GEN,SIVAGANGA,,26,74.94,0.26,yes,59,0.03,3.41,,,0,TRUE,1,,0,,,,0,FALSE,FALSE,FALSE,,,,,,State Assembly Election (AE)
Tamil_Nadu,13,184,2026,5,4,0,9,DINESH. K,,Independent,531,0,,229267,305925,KARAIKUDI,GEN,SIVAGANGA,,26,74.94,0.23,yes,12,0.01,3.41,,,0,TRUE,1,,0,,,,0,FALSE,FALSE,FALSE,,,,,,State Assembly Election (AE)
Tamil_Nadu,13,184,2026,5,4,0,10,None Of The Above,,None of the Above,519,0,,229267,305925,KARAIKUDI,GEN,SIVAGANGA,,26,74.94,0.23,yes,17,0.01,3.41,,,0,TRUE,1,,0,,,,0,FALSE,FALSE,FALSE,,,,,,State Assembly Election (AE)
Tamil_Nadu,13,184,2026,5,4,0,11,PRABU. G,,Independent,502,0,,229267,305925,KARAIKUDI,GEN,SIVAGANGA,,26,74.94,0.22,yes,31,0.01,3.41,,,0,TRUE,1,,0,,,,0,FALSE,FALSE,FALSE,,,,,,State Assembly Election (AE)
Tamil_Nadu,13,184,2026,5,4,0,12,MANIMARAN. R,,Independent,471,0,,229267,305925,KARAIKUDI,GEN,SIVAGANGA,,26,74.94,0.21,yes,2,0.0,3.41,,,0,TRUE,1,,0,,,,0,FALSE,FALSE,FALSE,,,,,,State Assembly Election (AE)
Tamil_Nadu,13,184,2026,5,4,0,13,KALIDASS. R,,Independent,469,0,,229267,305925,KARAIKUDI,GEN,SIVAGANGA,,26,74.94,0.2,yes,11,0.0,3.41,,,0,TRUE,1,,0,,,,0,FALSE,FALSE,FALSE,,,,,,State Assembly Election (AE)
Tamil_Nadu,13,184,2026,5,4,0,14,RANJITHKUMAR BALUSAMY,,Bahujan Samaj Party,458,0,,229267,305925,KARAIKUDI,GEN,SIVAGANGA,,26,74.94,0.2,yes,97,0.04,3.41,,,0,TRUE,1,,0,,,,0,FALSE,FALSE,FALSE,,,,,,State Assembly Election (AE)
Tamil_Nadu,13,184,2026,5,4,0,15,PANDI. S,,Independent,361,0,,229267,305925,KARAIKUDI,GEN,SIVAGANGA,,26,74.94,0.16,yes,40,0.02,3.41,,,0,TRUE,1,,0,,,,0,FALSE,FALSE,FALSE,,,,,,State Assembly Election (AE)
Tamil_Nadu,13,184,2026,5,4,0,16,JEEVITHA. A,,Independent,321,0,,229267,305925,KARAIKUDI,GEN,SIVAGANGA,,26,74.94,0.14,yes,6,0.0,3.41,,,0,TRUE,1,,0,,,,0,FALSE,FALSE,FALSE,,,,,,State Assembly Election (AE)
Tamil_Nadu,13,184,2026,5,4,0,17,AZIZ ABDUL RAHMAN. J,,Samaniya Makkal Nala Katchi,315,0,,229267,305925,KARAIKUDI,GEN,SIVAGANGA,,26,74.94,0.14,yes,52,0.02,3.41,,,0,TRUE,1,,0,,,,0,FALSE,FALSE,FALSE,,,,,,State Assembly Election (AE)
Tamil_Nadu,13,184,2026,5,4,0,18,SHANTHI. B,,Independent,263,0,,229267,305925,KARAIKUDI,GEN,SIVAGANGA,,26,74.94,0.11,yes,5,0.0,3.41,,,0,TRUE,1,,0,,,,0,FALSE,FALSE,FALSE,,,,,,State Assembly Election (AE)
Tamil_Nadu,13,184,2026,5,4,0,19,LAKSHMANAN. R,,Independent,258,0,,229267,305925,KARAIKUDI,GEN,SIVAGANGA,,26,74.94,0.11,yes,22,0.01,3.41,,,0,TRUE,1,,0,,,,0,FALSE,FALSE,FALSE,,,,,,State Assembly Election (AE)
Tamil_Nadu,13,184,2026,5,4,0,20,VEERAMANIKANDAN. V,,Independent,236,0,,229267,305925,KARAIKUDI,GEN,SIVAGANGA,,26,74.94,0.1,yes,20,0.01,3.41,,,0,TRUE,1,,0,,,,0,FALSE,FALSE,FALSE,,,,,,State Assembly Election (AE)
Tamil_Nadu,13,184,2026,5,4,0,21,RAMU. M,,Independent,216,0,,229267,305925,KARAIKUDI,GEN,SIVAGANGA,,26,74.94,0.09,yes,0,0.0,3.41,,,0,TRUE,1,,0,,,,0,FALSE,FALSE,FALSE,,,,,,State Assembly Election (AE)
Tamil_Nadu,13,184,2026,5,4,0,22,SURESH. V,,Independent,216,0,,229267,305925,KARAIKUDI,GEN,SIVAGANGA,,26,74.94,0.09,yes,41,0.02,3.41,,,0,TRUE,1,,0,,,,0,FALSE,FALSE,FALSE,,,,,,State Assembly Election (AE)
Tamil_Nadu,13,184,2026,5,4,0,23,MUTHUKUMAR. K,,Independent,175,0,,229267,305925,KARAIKUDI,GEN,SIVAGANGA,,26,74.94,0.08,yes,6,0.0,3.41,,,0,TRUE,1,,0,,,,0,FALSE,FALSE,FALSE,,,,,,State Assembly Election (AE)
Tamil_Nadu,13,184,2026,5,4,0,24,SELVI. K,,Independent,169,0,,229267,305925,KARAIKUDI,GEN,SIVAGANGA,,26,74.94,0.07,yes,3,0.0,3.41,,,0,TRUE,1,,0,,,,0,FALSE,FALSE,FALSE,,,,,,State Assembly Election (AE)
Tamil_Nadu,13,184,2026,5,4,0,25,UDHUMAN ALI. M.S,,Independent,166,0,,229267,305925,KARAIKUDI,GEN,SIVAGANGA,,26,74.94,0.07,yes,9,0.0,3.41,,,0,TRUE,1,,0,,,,0,FALSE,FALSE,FALSE,,,,,,State Assembly Election (AE)
Tamil_Nadu,13,184,2026,5,4,0,26,RAMANATHAN. S.V,,Independent,157,0,,229267,305925,KARAIKUDI,GEN,SIVAGANGA,,26,74.94,0.07,yes,157,0.07,3.41,,,0,TRUE,1,,0,,,,0,FALSE,FALSE,FALSE,,,,,,State Assembly Election (AE)
Tamil_Nadu,13,185,2026,5,4,0,1,SEENIVASA SETHUPATHY. R,,Tamilaga Vettri Kazhagam,83375,0,,215710,226691,TIRUPPATHUR,GEN,SIVAGANGA,,16,95.16,38.65,no,1,0.0,3.11,,,0,TRUE,1,,0,,,,0,FALSE,FALSE,FALSE,,,,,,State Assembly Election (AE)
Tamil_Nadu,13,185,2026,5,4,0,2,PERIAKARUPPAN. KR,,Dravida Munnetra Kazhagam,83374,0,,215710,226691,TIRUPPATHUR,GEN,SIVAGANGA,,16,95.16,38.65,no,54320,25.18,3.11,,,0,TRUE,1,,0,,,,0,FALSE,FALSE,FALSE,,,,,,State Assembly Election (AE)
Tamil_Nadu,13,185,2026,5,4,0,3,THIRUMARAN. K.C,,Bharatiya Janata Party,29054,0,,215710,226691,TIRUPPATHUR,GEN,SIVAGANGA,,16,95.16,13.47,yes,13763,6.38,3.11,,,0,TRUE,1,,0,,,,0,FALSE,FALSE,FALSE,,,,,,State Assembly Election (AE)
Tamil_Nadu,13,185,2026,5,4,0,4,RAMYA MOHAN,,Naam Tamilar Katchi,15291,0,,215710,226691,TIRUPPATHUR,GEN,SIVAGANGA,,16,95.16,7.09,yes,14538,6.74,3.11,,,0,TRUE,1,,0,,,,0,FALSE,FALSE,FALSE,,,,,,State Assembly Election (AE)
Tamil_Nadu,13,185,2026,5,4,0,5,RAJA. K.P.M,,Independent,753,0,,215710,226691,TIRUPPATHUR,GEN,SIVAGANGA,,16,95.16,0.35,yes,6,0.0,3.11,,,0,TRUE,1,,0,,,,0,FALSE,FALSE,FALSE,,,,,,State Assembly Election (AE)
Tamil_Nadu,13,185,2026,5,4,0,6,None Of The Above,,None of the Above,747,0,,215710,226691,TIRUPPATHUR,GEN,SIVAGANGA,,16,95.16,0.35,yes,136,0.06,3.11,,,0,TRUE,1,,0,,,,0,FALSE,FALSE,FALSE,,,,,,State Assembly Election (AE)
Tamil_Nadu,13,185,2026,5,4,0,7,UMADEVI. S,,All India Puratchi Thalaivar Makkal Munnettra Kazhagam,611,0,,215710,226691,TIRUPPATHUR,GEN,SIVAGANGA,,16,95.16,0.28,yes,115,0.05,3.11,,,0,TRUE,1,,0,,,,0,FALSE,FALSE,FALSE,,,,,,State Assembly Election (AE)
Tamil_Nadu,13,185,2026,5,4,0,8,VISHWANATHAN. S,,Independent,496,0,,215710,226691,TIRUPPATHUR,GEN,SIVAGANGA,,16,95.16,0.23,yes,113,0.05,3.11,,,0,TRUE,1,,0,,,,0,FALSE,FALSE,FALSE,,,,,,State Assembly Election (AE)
Tamil_Nadu,13,185,2026,5,4,0,9,SHANMUGAM. M,,Independent,383,0,,215710,226691,TIRUPPATHUR,GEN,SIVAGANGA,,16,95.16,0.18,yes,3,0.0,3.11,,,0,TRUE,1,,0,,,,0,FALSE,FALSE,FALSE,,,,,,State Assembly Election (AE)
Tamil_Nadu,13,185,2026,5,4,0,10,DR.VINAYAGA MEYYARASU. T,,Independent,380,0,,215710,226691,TIRUPPATHUR,GEN,SIVAGANGA,,16,95.16,0.18,yes,30,0.01,3.11,,,0,TRUE,1,,0,,,,0,FALSE,FALSE,FALSE,,,,,,State Assembly Election (AE)
Tamil_Nadu,13,185,2026,5,4,0,11,MARIMUTHU. S,,Independent,350,0,,215710,226691,TIRUPPATHUR,GEN,SIVAGANGA,,16,95.16,0.16,yes,84,0.04,3.11,,,0,TRUE,1,,0,,,,0,FALSE,FALSE,FALSE,,,,,,State Assembly Election (AE)
Tamil_Nadu,13,185,2026,5,4,0,12,BAKIYALAKSHMI. M,,Independent,266,0,,215710,226691,TIRUPPATHUR,GEN,SIVAGANGA,,16,95.16,0.12,yes,43,0.02,3.11,,,0,TRUE,1,,0,,,,0,FALSE,FALSE,FALSE,,,,,,State Assembly Election (AE)
Tamil_Nadu,13,185,2026,5,4,0,13,PIRAMAN. P,,Independent,223,0,,215710,226691,TIRUPPATHUR,GEN,SIVAGANGA,,16,95.16,0.1,yes,80,0.04,3.11,,,0,TRUE,1,,0,,,,0,FALSE,FALSE,FALSE,,,,,,State Assembly Election (AE)
Tamil_Nadu,13,185,2026,5,4,0,14,MALLIKA. A,,Independent,143,0,,215710,226691,TIRUPPATHUR,GEN,SIVAGANGA,,16,95.16,0.07,yes,8,0.0,3.11,,,0,TRUE,1,,0,,,,0,FALSE,FALSE,FALSE,,,,,,State Assembly Election (AE)
Tamil_Nadu,13,185,2026,5,4,0,15,SETHU. P,,Independent,135,0,,215710,226691,TIRUPPATHUR,GEN,SIVAGANGA,,16,95.16,0.06,yes,6,0.0,3.11,,,0,TRUE,1,,0,,,,0,FALSE,FALSE,FALSE,,,,,,State Assembly Election (AE)
Tamil_Nadu,13,185,2026,5,4,0,16,PANCHAVARNAM. M,,Independent,129,0,,215710,226691,TIRUPPATHUR,GEN,SIVAGANGA,,16,95.16,0.06,yes,129,0.06,3.11,,,0,TRUE,1,,0,,,,0,FALSE,FALSE,FALSE,,,,,,State Assembly Election (AE)
Tamil_Nadu,13,186,2026,5,4,0,1,KULANTHAI RANI A,,Tamilaga Vettri Kazhagam,73737,0,,214067,278124,SIVAGANGA,GEN,SIVAGANGA,,18,76.97,34.45,no,15081,7.04,3.66,,,0,TRUE,1,,0,,,,0,FALSE,FALSE,FALSE,,,,,,State Assembly Election (AE)
Tamil_Nadu,13,186,2026,5,4,0,2,SENTHILNATHAN PR,,All India Anna Dravida Munnetra Kazhagam,58656,0,,214067,278124,SIVAGANGA,GEN,SIVAGANGA,,18,76.97,27.4,no,1356,0.63,3.66,,,0,TRUE,1,,0,,,,0,FALSE,FALSE,FALSE,,,,,,State Assembly Election (AE)
Tamil_Nadu,13,186,2026,5,4,0,3,KARUNAAS S,,Dravida Munnetra Kazhagam,57300,0,,214067,278124,SIVAGANGA,GEN,SIVAGANGA,,18,76.97,26.77,no,38279,17.88,3.66,,,0,TRUE,1,,0,,,,0,FALSE,FALSE,FALSE,,,,,,State Assembly Election (AE)
Tamil_Nadu,13,186,2026,5,4,0,4,INDHUJA R,,Naam Tamilar Katchi,19021,0,,214067,278124,SIVAGANGA,GEN,SIVAGANGA,,18,76.97,8.89,yes,17835,8.33,3.66,,,0,TRUE,1,,0,,,,0,FALSE,FALSE,FALSE,,,,,,State Assembly Election (AE)
Tamil_Nadu,13,186,2026,5,4,0,5,MURUGANANTHAM GURU,,All India Puratchi Thalaivar Makkal Munnettra Kazhagam,1186,0,,214067,278124,SIVAGANGA,GEN,SIVAGANGA,,18,76.97,0.55,yes,133,0.06,3.66,,,0,TRUE,1,,0,,,,0,FALSE,FALSE,FALSE,,,,,,State Assembly Election (AE)
Tamil_Nadu,13,186,2026,5,4,0,6,None Of The Above,,None of the Above,1053,0,,214067,278124,SIVAGANGA,GEN,SIVAGANGA,,18,76.97,0.49,yes,606,0.28,3.66,,,0,TRUE,1,,0,,,,0,FALSE,FALSE,FALSE,,,,,,State Assembly Election (AE)
Tamil_Nadu,13,186,2026,5,4,0,7,MARIMUTHU K,,Bahujan Samaj Party,447,0,,214067,278124,SIVAGANGA,GEN,SIVAGANGA,,18,76.97,0.21,yes,78,0.04,3.66,,,0,TRUE,1,,0,,,,0,FALSE,FALSE,FALSE,,,,,,State Assembly Election (AE)
Tamil_Nadu,13,186,2026,5,4,0,8,KARTHIK M,,Independent,369,0,,214067,278124,SIVAGANGA,GEN,SIVAGANGA,,18,76.97,0.17,yes,50,0.02,3.66,,,0,TRUE,1,,0,,,,0,FALSE,FALSE,FALSE,,,,,,State Assembly Election (AE)
Tamil_Nadu,13,186,2026,5,4,0,9,RAJAMANICKAM M,,Desiya Makkal Sakthi Katchi,319,0,,214067,278124,SIVAGANGA,GEN,SIVAGANGA,,18,76.97,0.15,yes,37,0.02,3.66,,,0,TRUE,1,,0,,,,0,FALSE,FALSE,FALSE,,,,,,State Assembly Election (AE)
Tamil_Nadu,13,186,2026,5,4,0,10,PAULSAMY,,Independent,282,0,,214067,278124,SIVAGANGA,GEN,SIVAGANGA,,18,76.97,0.13,yes,0,0.0,3.66,,,0,TRUE,1,,0,,,,0,FALSE,FALSE,FALSE,,,,,,State Assembly Election (AE)
Tamil_Nadu,13,186,2026,5,4,0,11,PRABAKARAN S.T,,Independent,282,0,,214067,278124,SIVAGANGA,GEN,SIVAGANGA,,18,76.97,0.13,yes,18,0.01,3.66,,,0,TRUE,1,,0,,,,0,FALSE,FALSE,FALSE,,,,,,State Assembly Election (AE)
Tamil_Nadu,13,186,2026,5,4,0,12,NAGAPRABU,,Independent,264,0,,214067,278124,SIVAGANGA,GEN,SIVAGANGA,,18,76.97,0.12,yes,1,0.0,3.66,,,0,TRUE,1,,0,,,,0,FALSE,FALSE,FALSE,,,,,,State Assembly Election (AE)
Tamil_Nadu,13,186,2026,5,4,0,13,RAJESH X,,Tamizhaga Vaazhvurimai Katchi,263,0,,214067,278124,SIVAGANGA,GEN,SIVAGANGA,,18,76.97,0.12,yes,40,0.02,3.66,,,0,TRUE,1,,0,,,,0,FALSE,FALSE,FALSE,,,,,,State Assembly Election (AE)
Tamil_Nadu,13,186,2026,5,4,0,14,RAJKUMAR C,,Party for the Rights of Other backward Classes,223,0,,214067,278124,SIVAGANGA,GEN,SIVAGANGA,,18,76.97,0.1,yes,13,0.01,3.66,,,0,TRUE,1,,0,,,,0,FALSE,FALSE,FALSE,,,,,,State Assembly Election (AE)
Tamil_Nadu,13,186,2026,5,4,0,15,KALEESWARAN M,,Independent,210,0,,214067,278124,SIVAGANGA,GEN,SIVAGANGA,,18,76.97,0.1,yes,15,0.01,3.66,,,0,TRUE,1,,0,,,,0,FALSE,FALSE,FALSE,,,,,,State Assembly Election (AE)
Tamil_Nadu,13,186,2026,5,4,0,16,RAMESH K,,Independent,195,0,,214067,278124,SIVAGANGA,GEN,SIVAGANGA,,18,76.97,0.09,yes,34,0.02,3.66,,,0,TRUE,1,,0,,,,0,FALSE,FALSE,FALSE,,,,,,State Assembly Election (AE)
Tamil_Nadu,13,186,2026,5,4,0,17,SANTHANAM,,Independent,161,0,,214067,278124,SIVAGANGA,GEN,SIVAGANGA,,18,76.97,0.08,yes,62,0.03,3.66,,,0,TRUE,1,,0,,,,0,FALSE,FALSE,FALSE,,,,,,State Assembly Election (AE)
Tamil_Nadu,13,186,2026,5,4,0,18,IRUDAYARAJ V,,Independent,99,0,,214067,278124,SIVAGANGA,GEN,SIVAGANGA,,18,76.97,0.05,yes,99,0.05,3.66,,,0,TRUE,1,,0,,,,0,FALSE,FALSE,FALSE,,,,,,State Assembly Election (AE)
Tamil_Nadu,13,187,2026,5,4,0,1,ELANGOVAN.D,,Tamilaga Vettri Kazhagam,69971,0,,208643,259382,MANAMADURAI,SC,SIVAGANGA,,15,80.44,33.54,no,1208,0.58,3.68,,,0,TRUE,1,,0,,,,0,FALSE,FALSE,FALSE,,,,,,State Assembly Election (AE)
Tamil_Nadu,13,187,2026,5,4,0,2,TAMILARASI.A,,Dravida Munnetra Kazhagam,68763,0,,208643,259382,MANAMADURAI,SC,SIVAGANGA,,15,80.44,32.96,no,26153,12.53,3.68,,,0,TRUE,1,,0,,,,0,FALSE,FALSE,FALSE,,,,,,State Assembly Election (AE)
Tamil_Nadu,13,187,2026,5,4,0,3,BALAGANAPATHY.V,,Bharatiya Janata Party,42610,0,,208643,259382,MANAMADURAI,SC,SIVAGANGA,,15,80.44,20.42,no,22934,10.99,3.68,,,0,TRUE,1,,0,,,,0,FALSE,FALSE,FALSE,,,,,,State Assembly Election (AE)
Tamil_Nadu,13,187,2026,5,4,0,4,SHANMUGAPRIYA.M,,Naam Tamilar Katchi,19676,0,,208643,259382,MANAMADURAI,SC,SIVAGANGA,,15,80.44,9.43,yes,17984,8.62,3.68,,,0,TRUE,1,,0,,,,0,FALSE,FALSE,FALSE,,,,,,State Assembly Election (AE)
Tamil_Nadu,13,187,2026,5,4,0,5,ARUMUGAM.V,,Republican Party of India,1692,0,,208643,259382,MANAMADURAI,SC,SIVAGANGA,,15,80.44,0.81,yes,6,0.0,3.68,,,0,TRUE,1,,0,,,,0,FALSE,FALSE,FALSE,,,,,,State Assembly Election (AE)
Tamil_Nadu,13,187,2026,5,4,0,6,THILAGARAJ.K,,All India Puratchi Thalaivar Makkal Munnettra Kazhagam,1686,0,,208643,259382,MANAMADURAI,SC,SIVAGANGA,,15,80.44,0.81,yes,840,0.4,3.68,,,0,TRUE,1,,0,,,,0,FALSE,FALSE,FALSE,,,,,,State Assembly Election (AE)
Tamil_Nadu,13,187,2026,5,4,0,7,None Of The Above,,None of the Above,846,0,,208643,259382,MANAMADURAI,SC,SIVAGANGA,,15,80.44,0.41,yes,140,0.07,3.68,,,0,TRUE,1,,0,,,,0,FALSE,FALSE,FALSE,,,,,,State Assembly Election (AE)
Tamil_Nadu,13,187,2026,5,4,0,8,RAJAMANIKKAM.A,,Puthiya Tamilagam,706,0,,208643,259382,MANAMADURAI,SC,SIVAGANGA,,15,80.44,0.34,yes,94,0.05,3.68,,,0,TRUE,1,,0,,,,0,FALSE,FALSE,FALSE,,,,,,State Assembly Election (AE)
Tamil_Nadu,13,187,2026,5,4,0,9,BHARATHIDASAN.S,,Independent,612,0,,208643,259382,MANAMADURAI,SC,SIVAGANGA,,15,80.44,0.29,yes,128,0.06,3.68,,,0,TRUE,1,,0,,,,0,FALSE,FALSE,FALSE,,,,,,State Assembly Election (AE)
Tamil_Nadu,13,187,2026,5,4,0,10,ARUNPANDIAN.A,,Tamizhaga Vaazhvurimai Katchi,484,0,,208643,259382,MANAMADURAI,SC,SIVAGANGA,,15,80.44,0.23,yes,56,0.03,3.68,,,0,TRUE,1,,0,,,,0,FALSE,FALSE,FALSE,,,,,,State Assembly Election (AE)
Tamil_Nadu,13,187,2026,5,4,0,11,VEERAPANDI.V,,Independent,428,0,,208643,259382,MANAMADURAI,SC,SIVAGANGA,,15,80.44,0.21,yes,100,0.05,3.68,,,0,TRUE,1,,0,,,,0,FALSE,FALSE,FALSE,,,,,,State Assembly Election (AE)
Tamil_Nadu,13,187,2026,5,4,0,12,RAJU.J.M,,Independent,328,0,,208643,259382,MANAMADURAI,SC,SIVAGANGA,,15,80.44,0.16,yes,11,0.01,3.68,,,0,TRUE,1,,0,,,,0,FALSE,FALSE,FALSE,,,,,,State Assembly Election (AE)
Tamil_Nadu,13,187,2026,5,4,0,13,SATHISH.T,,Independent,317,0,,208643,259382,MANAMADURAI,SC,SIVAGANGA,,15,80.44,0.15,yes,54,0.03,3.68,,,0,TRUE,1,,0,,,,0,FALSE,FALSE,FALSE,,,,,,State Assembly Election (AE)
Tamil_Nadu,13,187,2026,5,4,0,14,SHANKARGANESAN.S,,Independent,263,0,,208643,259382,MANAMADURAI,SC,SIVAGANGA,,15,80.44,0.13,yes,2,0.0,3.68,,,0,TRUE,1,,0,,,,0,FALSE,FALSE,FALSE,,,,,,State Assembly Election (AE)
Tamil_Nadu,13,187,2026,5,4,0,15,KARUPPUSAMI.V,,Independent,261,0,,208643,259382,MANAMADURAI,SC,SIVAGANGA,,15,80.44,0.13,yes,261,0.13,3.68,,,0,TRUE,1,,0,,,,0,FALSE,FALSE,FALSE,,,,,,State Assembly Election (AE)
Tamil_Nadu,13,188,2026,5,4,0,1,P.VISWANATHAN,,Indian National Congress,60080,0,,190726,229821,MELUR,GEN,MADURAI,,14,82.99,31.5,no,2724,1.43,3.56,,,0,TRUE,1,,0,,,,0,FALSE,FALSE,FALSE,,,,,,State Assembly Election (AE)
Tamil_Nadu,13,188,2026,5,4,0,2,A.MADURAIVEERAN,,Tamilaga Vettri Kazhagam,57356,0,,190726,229821,MELUR,GEN,MADURAI,,14,82.99,30.07,no,612,0.32,3.56,,,0,TRUE,1,,0,,,,0,FALSE,FALSE,FALSE,,,,,,State Assembly Election (AE)
Tamil_Nadu,13,188,2026,5,4,0,3,P.PERIYAPULLAN (A) SELVAM,,All India Anna Dravida Munnetra Kazhagam,56744,0,,190726,229821,MELUR,GEN,MADURAI,,14,82.99,29.75,no,47174,24.73,3.56,,,0,TRUE,1,,0,,,,0,FALSE,FALSE,FALSE,,,,,,State Assembly Election (AE)
Tamil_Nadu,13,188,2026,5,4,0,4,KOTTAIKUMAR,,Naam Tamilar Katchi,9570,0,,190726,229821,MELUR,GEN,MADURAI,,14,82.99,5.02,yes,6942,3.64,3.56,,,0,TRUE,1,,0,,,,0,FALSE,FALSE,FALSE,,,,,,State Assembly Election (AE)
Tamil_Nadu,13,188,2026,5,4,0,5,SONIAGANDHI,,All India Puratchi Thalaivar Makkal Munnettra Kazhagam,2628,0,,190726,229821,MELUR,GEN,MADURAI,,14,82.99,1.38,yes,458,0.24,3.56,,,0,TRUE,1,,0,,,,0,FALSE,FALSE,FALSE,,,,,,State Assembly Election (AE)
Tamil_Nadu,13,188,2026,5,4,0,6,M.MURUGAN,,Independent,2170,0,,190726,229821,MELUR,GEN,MADURAI,,14,82.99,1.14,yes,1616,0.85,3.56,,,0,TRUE,1,,0,,,,0,FALSE,FALSE,FALSE,,,,,,State Assembly Election (AE)
Tamil_Nadu,13,188,2026,5,4,0,7,None Of The Above,,None of the Above,554,0,,190726,229821,MELUR,GEN,MADURAI,,14,82.99,0.29,yes,131,0.07,3.56,,,0,TRUE,1,,0,,,,0,FALSE,FALSE,FALSE,,,,,,State Assembly Election (AE)
Tamil_Nadu,13,188,2026,5,4,0,8,M.PANNEERSELVAM,,Puthiya Tamilagam,423,0,,190726,229821,MELUR,GEN,MADURAI,,14,82.99,0.22,yes,106,0.06,3.56,,,0,TRUE,1,,0,,,,0,FALSE,FALSE,FALSE,,,,,,State Assembly Election (AE)
Tamil_Nadu,13,188,2026,5,4,0,9,C.RAMESH,,Independent,317,0,,190726,229821,MELUR,GEN,MADURAI,,14,82.99,0.17,yes,41,0.02,3.56,,,0,TRUE,1,,0,,,,0,FALSE,FALSE,FALSE,,,,,,State Assembly Election (AE)
Tamil_Nadu,13,188,2026,5,4,0,10,K.MEYYAR,,Communist Party of India (Marxist-Leninist) (Liberation),276,0,,190726,229821,MELUR,GEN,MADURAI,,14,82.99,0.14,yes,7,0.0,3.56,,,0,TRUE,1,,0,,,,0,FALSE,FALSE,FALSE,,,,,,State Assembly Election (AE)
Tamil_Nadu,13,188,2026,5,4,0,11,C.MOHANRAM,,Independent,269,0,,190726,229821,MELUR,GEN,MADURAI,,14,82.99,0.14,yes,131,0.07,3.56,,,0,TRUE,1,,0,,,,0,FALSE,FALSE,FALSE,,,,,,State Assembly Election (AE)
Tamil_Nadu,13,188,2026,5,4,0,12,K.MANIKANDAPRABU,,Independent,138,0,,190726,229821,MELUR,GEN,MADURAI,,14,82.99,0.07,yes,22,0.01,3.56,,,0,TRUE,1,,0,,,,0,FALSE,FALSE,FALSE,,,,,,State Assembly Election (AE)
Tamil_Nadu,13,188,2026,5,4,0,13,S.BOOPATHI,,Independent,116,0,,190726,229821,MELUR,GEN,MADURAI,,14,82.99,0.06,yes,31,0.02,3.56,,,0,TRUE,1,,0,,,,0,FALSE,FALSE,FALSE,,,,,,State Assembly Election (AE)
Tamil_Nadu,13,188,2026,5,4,0,14,K.SETHURAMAN,,Independent,85,0,,190726,229821,MELUR,GEN,MADURAI,,14,82.99,0.04,yes,85,0.04,3.56,,,0,TRUE,1,,0,,,,0,FALSE,FALSE,FALSE,,,,,,State Assembly Election (AE)
Tamil_Nadu,13,189,2026,5,4,0,1,KARTHIKEYAN S,,Tamilaga Vettri Kazhagam,118777,0,,271566,336527,MADURAI EAST,GEN,MADURAI,,16,80.7,43.74,no,16547,6.09,2.87,,,0,TRUE,1,,0,,,,0,FALSE,FALSE,FALSE,,,,,,State Assembly Election (AE)
Tamil_Nadu,13,189,2026,5,4,0,2,MOORTHY P,,Dravida Munnetra Kazhagam,102230,0,,271566,336527,MADURAI EAST,GEN,MADURAI,,16,80.7,37.64,no,71214,26.22,2.87,,,0,TRUE,1,,0,,,,0,FALSE,FALSE,FALSE,,,,,,State Assembly Election (AE)
Tamil_Nadu,13,189,2026,5,4,0,3,MAHENDRAN K,,All India Anna Dravida Munnetra Kazhagam,31016,0,,271566,336527,MADURAI EAST,GEN,MADURAI,,16,80.7,11.42,yes,17387,6.4,2.87,,,0,TRUE,1,,0,,,,0,FALSE,FALSE,FALSE,,,,,,State Assembly Election (AE)
Tamil_Nadu,13,189,2026,5,4,0,4,SELVAM K,,Naam Tamilar Katchi,13629,0,,271566,336527,MADURAI EAST,GEN,MADURAI,,16,80.7,5.02,yes,12038,4.43,2.87,,,0,TRUE,1,,0,,,,0,FALSE,FALSE,FALSE,,,,,,State Assembly Election (AE)
Tamil_Nadu,13,189,2026,5,4,0,5,PRINCE S,,Republican Party of India (Athawale),1591,0,,271566,336527,MADURAI EAST,GEN,MADURAI,,16,80.7,0.59,yes,414,0.15,2.87,,,0,TRUE,1,,0,,,,0,FALSE,FALSE,FALSE,,,,,,State Assembly Election (AE)
Tamil_Nadu,13,189,2026,5,4,0,6,None Of The Above,,None of the Above,1177,0,,271566,336527,MADURAI EAST,GEN,MADURAI,,16,80.7,0.43,yes,427,0.16,2.87,,,0,TRUE,1,,0,,,,0,FALSE,FALSE,FALSE,,,,,,State Assembly Election (AE)
Tamil_Nadu,13,189,2026,5,4,0,7,KARTHIKEYAN G,,Independent,750,0,,271566,336527,MADURAI EAST,GEN,MADURAI,,16,80.7,0.28,yes,156,0.06,2.87,,,0,TRUE,1,,0,,,,0,FALSE,FALSE,FALSE,,,,,,State Assembly Election (AE)
Tamil_Nadu,13,189,2026,5,4,0,8,BHARATHIRAJA A,,Puthiya Tamilagam,594,0,,271566,336527,MADURAI EAST,GEN,MADURAI,,16,80.7,0.22,yes,33,0.01,2.87,,,0,TRUE,1,,0,,,,0,FALSE,FALSE,FALSE,,,,,,State Assembly Election (AE)
Tamil_Nadu,13,189,2026,5,4,0,9,MUGESHKUMAR M,,Independent,561,0,,271566,336527,MADURAI EAST,GEN,MADURAI,,16,80.7,0.21,yes,321,0.12,2.87,,,0,TRUE,1,,0,,,,0,FALSE,FALSE,FALSE,,,,,,State Assembly Election (AE)
Tamil_Nadu,13,189,2026,5,4,0,10,PITCHAI V,,Independent,240,0,,271566,336527,MADURAI EAST,GEN,MADURAI,,16,80.7,0.09,yes,23,0.01,2.87,,,0,TRUE,1,,0,,,,0,FALSE,FALSE,FALSE,,,,,,State Assembly Election (AE)
Tamil_Nadu,13,189,2026,5,4,0,11,ARUN PANDIAN A J,,Independent,217,0,,271566,336527,MADURAI EAST,GEN,MADURAI,,16,80.7,0.08,yes,21,0.01,2.87,,,0,TRUE,1,,0,,,,0,FALSE,FALSE,FALSE,,,,,,State Assembly Election (AE)
Tamil_Nadu,13,189,2026,5,4,0,12,ARASU S,,Independent,196,0,,271566,336527,MADURAI EAST,GEN,MADURAI,,16,80.7,0.07,yes,33,0.01,2.87,,,0,TRUE,1,,0,,,,0,FALSE,FALSE,FALSE,,,,,,State Assembly Election (AE)
Tamil_Nadu,13,189,2026,5,4,0,13,AJAY KANNAN A,,Independent,163,0,,271566,336527,MADURAI EAST,GEN,MADURAI,,16,80.7,0.06,yes,4,0.0,2.87,,,0,TRUE,1,,0,,,,0,FALSE,FALSE,FALSE,,,,,,State Assembly Election (AE)
Tamil_Nadu,13,189,2026,5,4,0,14,BOOMIRAJAN K,,Tamizhaga Vaazhvurimai Katchi,159,0,,271566,336527,MADURAI EAST,GEN,MADURAI,,16,80.7,0.06,yes,14,0.01,2.87,,,0,TRUE,1,,0,,,,0,FALSE,FALSE,FALSE,,,,,,State Assembly Election (AE)
Tamil_Nadu,13,189,2026,5,4,0,15,VELLADURAI A,,Independent,145,0,,271566,336527,MADURAI EAST,GEN,MADURAI,,16,80.7,0.05,yes,24,0.01,2.87,,,0,TRUE,1,,0,,,,0,FALSE,FALSE,FALSE,,,,,,State Assembly Election (AE)
Tamil_Nadu,13,189,2026,5,4,0,16,CHANDRA MOULISWARAN A,,Independent,121,0,,271566,336527,MADURAI EAST,GEN,MADURAI,,16,80.7,0.04,yes,121,0.04,2.87,,,0,TRUE,1,,0,,,,0,FALSE,FALSE,FALSE,,,,,,State Assembly Election (AE)
Tamil_Nadu,13,190,2026,5,4,0,1,KARUPPAIAH.M.V,,Tamilaga Vettri Kazhagam,63907,0,,189080,214785,SHOLAVANDAN,SC,MADURAI,,15,88.03,33.8,no,2678,1.42,3.44,,,0,TRUE,1,,0,,,,0,FALSE,FALSE,FALSE,,,,,,State Assembly Election (AE)
Tamil_Nadu,13,190,2026,5,4,0,2,VENKATESAN.A,,Dravida Munnetra Kazhagam,61229,0,,189080,214785,SHOLAVANDAN,SC,MADURAI,,15,88.03,32.38,no,11735,6.21,3.44,,,0,TRUE,1,,0,,,,0,FALSE,FALSE,FALSE,,,,,,State Assembly Election (AE)
Tamil_Nadu,13,190,2026,5,4,0,3,MANICKAM.K,,All India Anna Dravida Munnetra Kazhagam,49494,0,,189080,214785,SHOLAVANDAN,SC,MADURAI,,15,88.03,26.18,no,39064,20.66,3.44,,,0,TRUE,1,,0,,,,0,FALSE,FALSE,FALSE,,,,,,State Assembly Election (AE)
Tamil_Nadu,13,190,2026,5,4,0,4,NAGALAKSHMI THIRUMARAN.T,,Naam Tamilar Katchi,10430,0,,189080,214785,SHOLAVANDAN,SC,MADURAI,,15,88.03,5.52,yes,8339,4.41,3.44,,,0,TRUE,1,,0,,,,0,FALSE,FALSE,FALSE,,,,,,State Assembly Election (AE)
Tamil_Nadu,13,190,2026,5,4,0,5,BALAMURUGAN.K,,All India Puratchi Thalaivar Makkal Munnettra Kazhagam,2091,0,,189080,214785,SHOLAVANDAN,SC,MADURAI,,15,88.03,1.11,yes,1520,0.8,3.44,,,0,TRUE,1,,0,,,,0,FALSE,FALSE,FALSE,,,,,,State Assembly Election (AE)
Tamil_Nadu,13,190,2026,5,4,0,6,None Of The Above,,None of the Above,571,0,,189080,214785,SHOLAVANDAN,SC,MADURAI,,15,88.03,0.3,yes,306,0.16,3.44,,,0,TRUE,1,,0,,,,0,FALSE,FALSE,FALSE,,,,,,State Assembly Election (AE)
Tamil_Nadu,13,190,2026,5,4,0,7,RAGHU.K,,Puthiya Tamilagam,265,0,,189080,214785,SHOLAVANDAN,SC,MADURAI,,15,88.03,0.14,yes,62,0.03,3.44,,,0,TRUE,1,,0,,,,0,FALSE,FALSE,FALSE,,,,,,State Assembly Election (AE)
Tamil_Nadu,13,190,2026,5,4,0,8,BALAMURUGAN.R,,Independent,203,0,,189080,214785,SHOLAVANDAN,SC,MADURAI,,15,88.03,0.11,yes,8,0.0,3.44,,,0,TRUE,1,,0,,,,0,FALSE,FALSE,FALSE,,,,,,State Assembly Election (AE)
Tamil_Nadu,13,190,2026,5,4,0,9,THANGAPANDI.P,,Tamizhaga Vaazhvurimai Katchi,195,0,,189080,214785,SHOLAVANDAN,SC,MADURAI,,15,88.03,0.1,yes,8,0.0,3.44,,,0,TRUE,1,,0,,,,0,FALSE,FALSE,FALSE,,,,,,State Assembly Election (AE)
Tamil_Nadu,13,190,2026,5,4,0,10,RANJITH KUMAR.S,,Independent,187,0,,189080,214785,SHOLAVANDAN,SC,MADURAI,,15,88.03,0.1,yes,1,0.0,3.44,,,0,TRUE,1,,0,,,,0,FALSE,FALSE,FALSE,,,,,,State Assembly Election (AE)
Tamil_Nadu,13,190,2026,5,4,0,11,GUNASEKARAN.P,,Independent,186,0,,189080,214785,SHOLAVANDAN,SC,MADURAI,,15,88.03,0.1,yes,43,0.02,3.44,,,0,TRUE,1,,0,,,,0,FALSE,FALSE,FALSE,,,,,,State Assembly Election (AE)
Tamil_Nadu,13,190,2026,5,4,0,12,BALAMURUGAN.C,,Independent,143,0,,189080,214785,SHOLAVANDAN,SC,MADURAI,,15,88.03,0.08,yes,71,0.04,3.44,,,0,TRUE,1,,0,,,,0,FALSE,FALSE,FALSE,,,,,,State Assembly Election (AE)
Tamil_Nadu,13,190,2026,5,4,0,13,AJAY SUBASH.B,,Independent,72,0,,189080,214785,SHOLAVANDAN,SC,MADURAI,,15,88.03,0.04,yes,7,0.0,3.44,,,0,TRUE,1,,0,,,,0,FALSE,FALSE,FALSE,,,,,,State Assembly Election (AE)
Tamil_Nadu,13,190,2026,5,4,0,14,RAMADOSS.C,,Indhu Dravida Makkal Katchi,65,0,,189080,214785,SHOLAVANDAN,SC,MADURAI,,15,88.03,0.03,yes,23,0.01,3.44,,,0,TRUE,1,,0,,,,0,FALSE,FALSE,FALSE,,,,,,State Assembly Election (AE)
Tamil_Nadu,13,190,2026,5,4,0,15,KRISHNASAMY.P,,Independent,42,0,,189080,214785,SHOLAVANDAN,SC,MADURAI,,15,88.03,0.02,yes,42,0.02,3.44,,,0,TRUE,1,,0,,,,0,FALSE,FALSE,FALSE,,,,,,State Assembly Election (AE)
Tamil_Nadu,13,191,2026,5,4,0,1,A.KALLANAI,,Tamilaga Vettri Kazhagam,72853,0,,161801,221174,MADURAI NORTH,GEN,MADURAI,,14,73.16,45.03,no,18038,11.15,2.91,,,0,TRUE,1,,0,,,,0,FALSE,FALSE,FALSE,,,,,,State Assembly Election (AE)
Tamil_Nadu,13,191,2026,5,4,0,2,G.THALAPATHI,,Dravida Munnetra Kazhagam,54815,0,,161801,221174,MADURAI NORTH,GEN,MADURAI,,14,73.16,33.88,no,29833,18.44,2.91,,,0,TRUE,1,,0,,,,0,FALSE,FALSE,FALSE,,,,,,State Assembly Election (AE)
Tamil_Nadu,13,191,2026,5,4,0,3,P.SARAVANAN,,All India Anna Dravida Munnetra Kazhagam,24982,0,,161801,221174,MADURAI NORTH,GEN,MADURAI,,14,73.16,15.44,yes,17567,10.86,2.91,,,0,TRUE,1,,0,,,,0,FALSE,FALSE,FALSE,,,,,,State Assembly Election (AE)
Tamil_Nadu,13,191,2026,5,4,0,4,V THIRUNAVUKKARASU,,Naam Tamilar Katchi,7415,0,,161801,221174,MADURAI NORTH,GEN,MADURAI,,14,73.16,4.58,yes,6662,4.12,2.91,,,0,TRUE,1,,0,,,,0,FALSE,FALSE,FALSE,,,,,,State Assembly Election (AE)
Tamil_Nadu,13,191,2026,5,4,0,5,None Of The Above,,None of the Above,753,0,,161801,221174,MADURAI NORTH,GEN,MADURAI,,14,73.16,0.47,yes,589,0.36,2.91,,,0,TRUE,1,,0,,,,0,FALSE,FALSE,FALSE,,,,,,State Assembly Election (AE)
Tamil_Nadu,13,191,2026,5,4,0,6,D.MOHAMED ISMAIL,,Independent,164,0,,161801,221174,MADURAI NORTH,GEN,MADURAI,,14,73.16,0.1,yes,26,0.02,2.91,,,0,TRUE,1,,0,,,,0,FALSE,FALSE,FALSE,,,,,,State Assembly Election (AE)
Tamil_Nadu,13,191,2026,5,4,0,7,R RAJKUMAR,,Naam Indiar Party,138,0,,161801,221174,MADURAI NORTH,GEN,MADURAI,,14,73.16,0.09,yes,3,0.0,2.91,,,0,TRUE,1,,0,,,,0,FALSE,FALSE,FALSE,,,,,,State Assembly Election (AE)
Tamil_Nadu,13,191,2026,5,4,0,8,A.RAJANGAM,,Independent,135,0,,161801,221174,MADURAI NORTH,GEN,MADURAI,,14,73.16,0.08,yes,13,0.01,2.91,,,0,TRUE,1,,0,,,,0,FALSE,FALSE,FALSE,,,,,,State Assembly Election (AE)
Tamil_Nadu,13,191,2026,5,4,0,9,M J VOLTAIRE,,Socialist Unity Centre Of India (COMMUNIST),122,0,,161801,221174,MADURAI NORTH,GEN,MADURAI,,14,73.16,0.08,yes,0,0.0,2.91,,,0,TRUE,1,,0,,,,0,FALSE,FALSE,FALSE,,,,,,State Assembly Election (AE)
Tamil_Nadu,13,191,2026,5,4,0,10,M.P.SANKARAPANDI,,Independent,122,0,,161801,221174,MADURAI NORTH,GEN,MADURAI,,14,73.16,0.08,yes,21,0.01,2.91,,,0,TRUE,1,,0,,,,0,FALSE,FALSE,FALSE,,,,,,State Assembly Election (AE)
Tamil_Nadu,13,191,2026,5,4,0,11,P MUTHUSAMY,,Independent,101,0,,161801,221174,MADURAI NORTH,GEN,MADURAI,,14,73.16,0.06,yes,7,0.0,2.91,,,0,TRUE,1,,0,,,,0,FALSE,FALSE,FALSE,,,,,,State Assembly Election (AE)
Tamil_Nadu,13,191,2026,5,4,0,12,C.SATHISHKUMAR,,Independent,94,0,,161801,221174,MADURAI NORTH,GEN,MADURAI,,14,73.16,0.06,yes,12,0.01,2.91,,,0,TRUE,1,,0,,,,0,FALSE,FALSE,FALSE,,,,,,State Assembly Election (AE)
Tamil_Nadu,13,191,2026,5,4,0,13,J.KESAVARAJAH,,Independent,82,0,,161801,221174,MADURAI NORTH,GEN,MADURAI,,14,73.16,0.05,yes,57,0.04,2.91,,,0,TRUE,1,,0,,,,0,FALSE,FALSE,FALSE,,,,,,State Assembly Election (AE)
Tamil_Nadu,13,191,2026,5,4,0,14,N.KUPPUSAMY,,Independent,25,0,,161801,221174,MADURAI NORTH,GEN,MADURAI,,14,73.16,0.02,yes,25,0.02,2.91,,,0,TRUE,1,,0,,,,0,FALSE,FALSE,FALSE,,,,,,State Assembly Election (AE)
Tamil_Nadu,13,192,2026,5,4,0,1,M.M.GOPISON,,Tamilaga Vettri Kazhagam,62415,0,,141503,179919,MADURAI SOUTH,GEN,MADURAI,,7,78.65,44.11,no,21529,15.21,3.05,,,0,TRUE,1,,0,,,,0,FALSE,FALSE,FALSE,,,,,,State Assembly Election (AE)
Tamil_Nadu,13,192,2026,5,4,0,2,M.BOOMINATHAN,,Dravida Munnetra Kazhagam,40886,0,,141503,179919,MADURAI SOUTH,GEN,MADURAI,,7,78.65,28.89,no,9786,6.92,3.05,,,0,TRUE,1,,0,,,,0,FALSE,FALSE,FALSE,,,,,,State Assembly Election (AE)
Tamil_Nadu,13,192,2026,5,4,0,3,RAAMA SREENIVASAN,,Bharatiya Janata Party,31100,0,,141503,179919,MADURAI SOUTH,GEN,MADURAI,,7,78.65,21.98,no,25237,17.83,3.05,,,0,TRUE,1,,0,,,,0,FALSE,FALSE,FALSE,,,,,,State Assembly Election (AE)
Tamil_Nadu,13,192,2026,5,4,0,4,B.M.SUMATHY,,Naam Tamilar Katchi,5863,0,,141503,179919,MADURAI SOUTH,GEN,MADURAI,,7,78.65,4.14,yes,5251,3.71,3.05,,,0,TRUE,1,,0,,,,0,FALSE,FALSE,FALSE,,,,,,State Assembly Election (AE)
Tamil_Nadu,13,192,2026,5,4,0,5,None Of The Above,,None of the Above,612,0,,141503,179919,MADURAI SOUTH,GEN,MADURAI,,7,78.65,0.43,yes,242,0.17,3.05,,,0,TRUE,1,,0,,,,0,FALSE,FALSE,FALSE,,,,,,State Assembly Election (AE)
Tamil_Nadu,13,192,2026,5,4,0,6,S.IRUTHYARAJ,,Tamizhaga Vaazhvurimai Katchi,370,0,,141503,179919,MADURAI SOUTH,GEN,MADURAI,,7,78.65,0.26,yes,113,0.08,3.05,,,0,TRUE,1,,0,,,,0,FALSE,FALSE,FALSE,,,,,,State Assembly Election (AE)
Tamil_Nadu,13,192,2026,5,4,0,7,K.JEYA,,Independent,257,0,,141503,179919,MADURAI SOUTH,GEN,MADURAI,,7,78.65,0.18,yes,257,0.18,3.05,,,0,TRUE,1,,0,,,,0,FALSE,FALSE,FALSE,,,,,,State Assembly Election (AE)
Tamil_Nadu,13,193,2026,5,4,0,1,MADHAR BADHURUDEEN,,Tamilaga Vettri Kazhagam,63414,0,,148586,199618,MADURAI CENTRAL,GEN,MADURAI,,13,74.44,42.68,no,19128,12.87,3.09,,,0,TRUE,1,,0,,,,0,FALSE,FALSE,FALSE,,,,,,State Assembly Election (AE)
Tamil_Nadu,13,193,2026,5,4,0,2,PALANIVEL THIAGA RAJAN,,Dravida Munnetra Kazhagam,44286,0,,148586,199618,MADURAI CENTRAL,GEN,MADURAI,,13,74.44,29.8,no,10748,7.23,3.09,,,0,TRUE,1,,0,,,,0,FALSE,FALSE,FALSE,,,,,,State Assembly Election (AE)
Tamil_Nadu,13,193,2026,5,4,0,3,SUNDAR  C,,All India Anna Dravida Munnetra Kazhagam,33538,0,,148586,199618,MADURAI CENTRAL,GEN,MADURAI,,13,74.44,22.57,no,27989,18.84,3.09,,,0,TRUE,1,,0,,,,0,FALSE,FALSE,FALSE,,,,,,State Assembly Election (AE)
Tamil_Nadu,13,193,2026,5,4,0,4,ABDUL HAKEEM  K,,Naam Tamilar Katchi,5549,0,,148586,199618,MADURAI CENTRAL,GEN,MADURAI,,13,74.44,3.73,yes,4893,3.29,3.09,,,0,TRUE,1,,0,,,,0,FALSE,FALSE,FALSE,,,,,,State Assembly Election (AE)
Tamil_Nadu,13,193,2026,5,4,0,5,None Of The Above,,None of the Above,656,0,,148586,199618,MADURAI CENTRAL,GEN,MADURAI,,13,74.44,0.44,yes,343,0.23,3.09,,,0,TRUE,1,,0,,,,0,FALSE,FALSE,FALSE,,,,,,State Assembly Election (AE)
Tamil_Nadu,13,193,2026,5,4,0,6,SAKKARAVARTHY P,,All India Puratchi Thalaivar Makkal Munnettra Kazhagam,313,0,,148586,199618,MADURAI CENTRAL,GEN,MADURAI,,13,74.44,0.21,yes,45,0.03,3.09,,,0,TRUE,1,,0,,,,0,FALSE,FALSE,FALSE,,,,,,State Assembly Election (AE)
Tamil_Nadu,13,193,2026,5,4,0,7,RAMAR PANDI  T,,Bahujan Samaj Party,268,0,,148586,199618,MADURAI CENTRAL,GEN,MADURAI,,13,74.44,0.18,yes,123,0.08,3.09,,,0,TRUE,1,,0,,,,0,FALSE,FALSE,FALSE,,,,,,State Assembly Election (AE)
Tamil_Nadu,13,193,2026,5,4,0,8,AVADAINATHAN  V,,Independent,145,0,,148586,199618,MADURAI CENTRAL,GEN,MADURAI,,13,74.44,0.1,yes,40,0.03,3.09,,,0,TRUE,1,,0,,,,0,FALSE,FALSE,FALSE,,,,,,State Assembly Election (AE)
Tamil_Nadu,13,193,2026,5,4,0,9,SALEEM,,Independent,105,0,,148586,199618,MADURAI CENTRAL,GEN,MADURAI,,13,74.44,0.07,yes,13,0.01,3.09,,,0,TRUE,1,,0,,,,0,FALSE,FALSE,FALSE,,,,,,State Assembly Election (AE)
Tamil_Nadu,13,193,2026,5,4,0,10,RAJENDRAN R,,Independent,92,0,,148586,199618,MADURAI CENTRAL,GEN,MADURAI,,13,74.44,0.06,yes,9,0.01,3.09,,,0,TRUE,1,,0,,,,0,FALSE,FALSE,FALSE,,,,,,State Assembly Election (AE)
Tamil_Nadu,13,193,2026,5,4,0,11,MANIVANNAN,,Independent,83,0,,148586,199618,MADURAI CENTRAL,GEN,MADURAI,,13,74.44,0.06,yes,11,0.01,3.09,,,0,TRUE,1,,0,,,,0,FALSE,FALSE,FALSE,,,,,,State Assembly Election (AE)
Tamil_Nadu,13,193,2026,5,4,0,12,GURU KARTHICK T,,Independent,72,0,,148586,199618,MADURAI CENTRAL,GEN,MADURAI,,13,74.44,0.05,yes,7,0.0,3.09,,,0,TRUE,1,,0,,,,0,FALSE,FALSE,FALSE,,,,,,State Assembly Election (AE)
Tamil_Nadu,13,193,2026,5,4,0,13,SIVAPERUMAL V,,Independent,65,0,,148586,199618,MADURAI CENTRAL,GEN,MADURAI,,13,74.44,0.04,yes,65,0.04,3.09,,,0,TRUE,1,,0,,,,0,FALSE,FALSE,FALSE,,,,,,State Assembly Election (AE)
Tamil_Nadu,13,194,2026,5,4,0,1,THANGAPANDI SR,,Tamilaga Vettri Kazhagam,88250,0,,216403,275516,MADURAI WEST,GEN,MADURAI,,15,78.54,40.78,no,11931,5.51,3.07,,,0,TRUE,1,,0,,,,0,FALSE,FALSE,FALSE,,,,,,State Assembly Election (AE)
Tamil_Nadu,13,194,2026,5,4,0,2,BALAJI R,,Dravida Munnetra Kazhagam,76319,0,,216403,275516,MADURAI WEST,GEN,MADURAI,,15,78.54,35.27,no,37358,17.26,3.07,,,0,TRUE,1,,0,,,,0,FALSE,FALSE,FALSE,,,,,,State Assembly Election (AE)
Tamil_Nadu,13,194,2026,5,4,0,3,SELLUR K RAJU,,All India Anna Dravida Munnetra Kazhagam,38961,0,,216403,275516,MADURAI WEST,GEN,MADURAI,,15,78.54,18.0,no,28387,13.12,3.07,,,0,TRUE,1,,0,,,,0,FALSE,FALSE,FALSE,,,,,,State Assembly Election (AE)
Tamil_Nadu,13,194,2026,5,4,0,4,VIGNESHKUMAR S,,Naam Tamilar Katchi,10574,0,,216403,275516,MADURAI WEST,GEN,MADURAI,,15,78.54,4.89,yes,9681,4.47,3.07,,,0,TRUE,1,,0,,,,0,FALSE,FALSE,FALSE,,,,,,State Assembly Election (AE)
Tamil_Nadu,13,194,2026,5,4,0,5,None Of The Above,,None of the Above,893,0,,216403,275516,MADURAI WEST,GEN,MADURAI,,15,78.54,0.41,yes,636,0.29,3.07,,,0,TRUE,1,,0,,,,0,FALSE,FALSE,FALSE,,,,,,State Assembly Election (AE)
Tamil_Nadu,13,194,2026,5,4,0,6,RAJKUMAR S,,Independent,257,0,,216403,275516,MADURAI WEST,GEN,MADURAI,,15,78.54,0.12,yes,67,0.03,3.07,,,0,TRUE,1,,0,,,,0,FALSE,FALSE,FALSE,,,,,,State Assembly Election (AE)
Tamil_Nadu,13,194,2026,5,4,0,7,MUTHUKUMAR S,,Independent,190,0,,216403,275516,MADURAI WEST,GEN,MADURAI,,15,78.54,0.09,yes,0,0.0,3.07,,,0,TRUE,1,,0,,,,0,FALSE,FALSE,FALSE,,,,,,State Assembly Election (AE)
Tamil_Nadu,13,194,2026,5,4,0,8,VENKATESAN M,,Independent,190,0,,216403,275516,MADURAI WEST,GEN,MADURAI,,15,78.54,0.09,yes,20,0.01,3.07,,,0,TRUE,1,,0,,,,0,FALSE,FALSE,FALSE,,,,,,State Assembly Election (AE)
Tamil_Nadu,13,194,2026,5,4,0,9,MADURAI VEERAN S,,Tamizhaga Vaazhvurimai Katchi,170,0,,216403,275516,MADURAI WEST,GEN,MADURAI,,15,78.54,0.08,yes,40,0.02,3.07,,,0,TRUE,1,,0,,,,0,FALSE,FALSE,FALSE,,,,,,State Assembly Election (AE)
Tamil_Nadu,13,194,2026,5,4,0,10,ANANDH K,,Independent,130,0,,216403,275516,MADURAI WEST,GEN,MADURAI,,15,78.54,0.06,yes,4,0.0,3.07,,,0,TRUE,1,,0,,,,0,FALSE,FALSE,FALSE,,,,,,State Assembly Election (AE)
Tamil_Nadu,13,194,2026,5,4,0,11,THARMA PRABU V S,,Independent,126,0,,216403,275516,MADURAI WEST,GEN,MADURAI,,15,78.54,0.06,yes,10,0.0,3.07,,,0,TRUE,1,,0,,,,0,FALSE,FALSE,FALSE,,,,,,State Assembly Election (AE)
Tamil_Nadu,13,194,2026,5,4,0,12,MUTHUPANDI R,,Vishwa Tamil Kazhagam,116,0,,216403,275516,MADURAI WEST,GEN,MADURAI,,15,78.54,0.05,yes,27,0.01,3.07,,,0,TRUE,1,,0,,,,0,FALSE,FALSE,FALSE,,,,,,State Assembly Election (AE)
Tamil_Nadu,13,194,2026,5,4,0,13,MUTHUKUMAR D,,Independent,89,0,,216403,275516,MADURAI WEST,GEN,MADURAI,,15,78.54,0.04,yes,3,0.0,3.07,,,0,TRUE,1,,0,,,,0,FALSE,FALSE,FALSE,,,,,,State Assembly Election (AE)
Tamil_Nadu,13,194,2026,5,4,0,14,RAHAMADULLAH S,,Independent,86,0,,216403,275516,MADURAI WEST,GEN,MADURAI,,15,78.54,0.04,yes,34,0.02,3.07,,,0,TRUE,1,,0,,,,0,FALSE,FALSE,FALSE,,,,,,State Assembly Election (AE)
Tamil_Nadu,13,194,2026,5,4,0,15,MANOJ KUMAR R,,Independent,52,0,,216403,275516,MADURAI WEST,GEN,MADURAI,,15,78.54,0.02,yes,52,0.02,3.07,,,0,TRUE,1,,0,,,,0,FALSE,FALSE,FALSE,,,,,,State Assembly Election (AE)
Tamil_Nadu,13,195,2026,5,4,0,1,NIRMALKUMAR. R.,,Tamilaga Vettri Kazhagam,114316,0,,255466,311400,THIRUPARANKUNDRAM,GEN,MADURAI,,16,82.04,44.75,no,41553,16.27,3.1,,,0,TRUE,1,,0,,,,0,FALSE,FALSE,FALSE,,,,,,State Assembly Election (AE)
Tamil_Nadu,13,195,2026,5,4,0,2,KIRUTHIGA THANGAPANDI,,Dravida Munnetra Kazhagam,72763,0,,255466,311400,THIRUPARANKUNDRAM,GEN,MADURAI,,16,82.04,28.48,no,22898,8.96,3.1,,,0,TRUE,1,,0,,,,0,FALSE,FALSE,FALSE,,,,,,State Assembly Election (AE)
Tamil_Nadu,13,195,2026,5,4,0,3,RAJANCHELLAPPA. V.V.,,All India Anna Dravida Munnetra Kazhagam,49865,0,,255466,311400,THIRUPARANKUNDRAM,GEN,MADURAI,,16,82.04,19.52,no,35515,13.9,3.1,,,0,TRUE,1,,0,,,,0,FALSE,FALSE,FALSE,,,,,,State Assembly Election (AE)
Tamil_Nadu,13,195,2026,5,4,0,4,SATHYADEVI. T.,,Naam Tamilar Katchi,14350,0,,255466,311400,THIRUPARANKUNDRAM,GEN,MADURAI,,16,82.04,5.62,yes,13202,5.17,3.1,,,0,TRUE,1,,0,,,,0,FALSE,FALSE,FALSE,,,,,,State Assembly Election (AE)
Tamil_Nadu,13,195,2026,5,4,0,5,None Of The Above,,None of the Above,1148,0,,255466,311400,THIRUPARANKUNDRAM,GEN,MADURAI,,16,82.04,0.45,yes,60,0.02,3.1,,,0,TRUE,1,,0,,,,0,FALSE,FALSE,FALSE,,,,,,State Assembly Election (AE)
Tamil_Nadu,13,195,2026,5,4,0,6,THANAPANDIAN. T.,,All India Puratchi Thalaivar Makkal Munnettra Kazhagam,1088,0,,255466,311400,THIRUPARANKUNDRAM,GEN,MADURAI,,16,82.04,0.43,yes,720,0.28,3.1,,,0,TRUE,1,,0,,,,0,FALSE,FALSE,FALSE,,,,,,State Assembly Election (AE)
Tamil_Nadu,13,195,2026,5,4,0,7,SETHURAMAN. A.,,Puthiya Tamilagam,368,0,,255466,311400,THIRUPARANKUNDRAM,GEN,MADURAI,,16,82.04,0.14,yes,15,0.01,3.1,,,0,TRUE,1,,0,,,,0,FALSE,FALSE,FALSE,,,,,,State Assembly Election (AE)
Tamil_Nadu,13,195,2026,5,4,0,8,RAJ. P.,,Independent,353,0,,255466,311400,THIRUPARANKUNDRAM,GEN,MADURAI,,16,82.04,0.14,yes,104,0.04,3.1,,,0,TRUE,1,,0,,,,0,FALSE,FALSE,FALSE,,,,,,State Assembly Election (AE)
Tamil_Nadu,13,195,2026,5,4,0,9,MOOKKAYEE. C.,,Ezhuchi Tamilargal Munnetra Kazhagam,249,0,,255466,311400,THIRUPARANKUNDRAM,GEN,MADURAI,,16,82.04,0.1,yes,18,0.01,3.1,,,0,TRUE,1,,0,,,,0,FALSE,FALSE,FALSE,,,,,,State Assembly Election (AE)
Tamil_Nadu,13,195,2026,5,4,0,10,CHELLADURAI. R,,Naam Indiar Party,231,0,,255466,311400,THIRUPARANKUNDRAM,GEN,MADURAI,,16,82.04,0.09,yes,68,0.03,3.1,,,0,TRUE,1,,0,,,,0,FALSE,FALSE,FALSE,,,,,,State Assembly Election (AE)
Tamil_Nadu,13,195,2026,5,4,0,11,SYED IBRAHIM. M.,,Tamizhaga Vaazhvurimai Katchi,163,0,,255466,311400,THIRUPARANKUNDRAM,GEN,MADURAI,,16,82.04,0.06,yes,23,0.01,3.1,,,0,TRUE,1,,0,,,,0,FALSE,FALSE,FALSE,,,,,,State Assembly Election (AE)
Tamil_Nadu,13,195,2026,5,4,0,12,RENGANATHAN DORAISAMY,,Rashtriya Samaj Dal (R),140,0,,255466,311400,THIRUPARANKUNDRAM,GEN,MADURAI,,16,82.04,0.05,yes,4,0.0,3.1,,,0,TRUE,1,,0,,,,0,FALSE,FALSE,FALSE,,,,,,State Assembly Election (AE)
Tamil_Nadu,13,195,2026,5,4,0,13,VALLARASAN. K.,,Independent,136,0,,255466,311400,THIRUPARANKUNDRAM,GEN,MADURAI,,16,82.04,0.05,yes,14,0.01,3.1,,,0,TRUE,1,,0,,,,0,FALSE,FALSE,FALSE,,,,,,State Assembly Election (AE)
Tamil_Nadu,13,195,2026,5,4,0,14,UKKRA PANDIAN. S.,,Independent,122,0,,255466,311400,THIRUPARANKUNDRAM,GEN,MADURAI,,16,82.04,0.05,yes,14,0.01,3.1,,,0,TRUE,1,,0,,,,0,FALSE,FALSE,FALSE,,,,,,State Assembly Election (AE)
Tamil_Nadu,13,195,2026,5,4,0,15,ARUMUGAM. G.,,Independent,108,0,,255466,311400,THIRUPARANKUNDRAM,GEN,MADURAI,,16,82.04,0.04,yes,42,0.02,3.1,,,0,TRUE,1,,0,,,,0,FALSE,FALSE,FALSE,,,,,,State Assembly Election (AE)
Tamil_Nadu,13,195,2026,5,4,0,16,POUNRAJ. N.,,Independent,66,0,,255466,311400,THIRUPARANKUNDRAM,GEN,MADURAI,,16,82.04,0.03,yes,66,0.03,3.1,,,0,TRUE,1,,0,,,,0,FALSE,FALSE,FALSE,,,,,,State Assembly Election (AE)
Tamil_Nadu,13,196,2026,5,4,0,1,MANIMARAN.M,,Dravida Munnetra Kazhagam,88291,0,,230980,261238,THIRUMANGALAM,GEN,MADURAI,,16,88.42,38.22,no,23807,10.31,3.38,,,0,TRUE,1,,0,,,,0,FALSE,FALSE,FALSE,,,,,,State Assembly Election (AE)
Tamil_Nadu,13,196,2026,5,4,0,2,UDHAYAKUMAR.R.B,,All India Anna Dravida Munnetra Kazhagam,64484,0,,230980,261238,THIRUMANGALAM,GEN,MADURAI,,16,88.42,27.92,no,3658,1.58,3.38,,,0,TRUE,1,,0,,,,0,FALSE,FALSE,FALSE,,,,,,State Assembly Election (AE)
Tamil_Nadu,13,196,2026,5,4,0,3,SATHISHKUMAR.N,,Tamilaga Vettri Kazhagam,60826,0,,230980,261238,THIRUMANGALAM,GEN,MADURAI,,16,88.42,26.33,no,49687,21.51,3.38,,,0,TRUE,1,,0,,,,0,FALSE,FALSE,FALSE,,,,,,State Assembly Election (AE)
Tamil_Nadu,13,196,2026,5,4,0,4,MUNISH.N,,Naam Tamilar Katchi,11139,0,,230980,261238,THIRUMANGALAM,GEN,MADURAI,,16,88.42,4.82,yes,8288,3.59,3.38,,,0,TRUE,1,,0,,,,0,FALSE,FALSE,FALSE,,,,,,State Assembly Election (AE)
Tamil_Nadu,13,196,2026,5,4,0,5,JEEVITHA NACHIYAR.B,,All India Puratchi Thalaivar Makkal Munnettra Kazhagam,2851,0,,230980,261238,THIRUMANGALAM,GEN,MADURAI,,16,88.42,1.23,yes,1918,0.83,3.38,,,0,TRUE,1,,0,,,,0,FALSE,FALSE,FALSE,,,,,,State Assembly Election (AE)
Tamil_Nadu,13,196,2026,5,4,0,6,None Of The Above,,None of the Above,933,0,,230980,261238,THIRUMANGALAM,GEN,MADURAI,,16,88.42,0.4,yes,9,0.0,3.38,,,0,TRUE,1,,0,,,,0,FALSE,FALSE,FALSE,,,,,,State Assembly Election (AE)
Tamil_Nadu,13,196,2026,5,4,0,7,BHARATH.M,,Independent,924,0,,230980,261238,THIRUMANGALAM,GEN,MADURAI,,16,88.42,0.4,yes,497,0.22,3.38,,,0,TRUE,1,,0,,,,0,FALSE,FALSE,FALSE,,,,,,State Assembly Election (AE)
Tamil_Nadu,13,196,2026,5,4,0,8,VENGATESWARAN.B,,Independent,427,0,,230980,261238,THIRUMANGALAM,GEN,MADURAI,,16,88.42,0.18,yes,144,0.06,3.38,,,0,TRUE,1,,0,,,,0,FALSE,FALSE,FALSE,,,,,,State Assembly Election (AE)
Tamil_Nadu,13,196,2026,5,4,0,9,KALAISELVI.R,,Ahila India Dhayaga Makkal Munnetra Katchi,283,0,,230980,261238,THIRUMANGALAM,GEN,MADURAI,,16,88.42,0.12,yes,30,0.01,3.38,,,0,TRUE,1,,0,,,,0,FALSE,FALSE,FALSE,,,,,,State Assembly Election (AE)
Tamil_Nadu,13,196,2026,5,4,0,10,MURUGAN.S,,Independent,253,0,,230980,261238,THIRUMANGALAM,GEN,MADURAI,,16,88.42,0.11,yes,120,0.05,3.38,,,0,TRUE,1,,0,,,,0,FALSE,FALSE,FALSE,,,,,,State Assembly Election (AE)
Tamil_Nadu,13,196,2026,5,4,0,11,ALAGAR.A,,Ezhuchi Tamilargal Munnetra Kazhagam,133,0,,230980,261238,THIRUMANGALAM,GEN,MADURAI,,16,88.42,0.06,yes,21,0.01,3.38,,,0,TRUE,1,,0,,,,0,FALSE,FALSE,FALSE,,,,,,State Assembly Election (AE)
Tamil_Nadu,13,196,2026,5,4,0,12,AYYANAN.P,,Independent,112,0,,230980,261238,THIRUMANGALAM,GEN,MADURAI,,16,88.42,0.05,yes,7,0.0,3.38,,,0,TRUE,1,,0,,,,0,FALSE,FALSE,FALSE,,,,,,State Assembly Election (AE)
Tamil_Nadu,13,196,2026,5,4,0,13,SAKKARAVARTHY.P,,Independent,105,0,,230980,261238,THIRUMANGALAM,GEN,MADURAI,,16,88.42,0.05,yes,21,0.01,3.38,,,0,TRUE,1,,0,,,,0,FALSE,FALSE,FALSE,,,,,,State Assembly Election (AE)
Tamil_Nadu,13,196,2026,5,4,0,14,NAGOOR.M,,Independent,84,0,,230980,261238,THIRUMANGALAM,GEN,MADURAI,,16,88.42,0.04,yes,1,0.0,3.38,,,0,TRUE,1,,0,,,,0,FALSE,FALSE,FALSE,,,,,,State Assembly Election (AE)
Tamil_Nadu,13,196,2026,5,4,0,15,MUTHURAJA.M,,Independent,83,0,,230980,261238,THIRUMANGALAM,GEN,MADURAI,,16,88.42,0.04,yes,31,0.01,3.38,,,0,TRUE,1,,0,,,,0,FALSE,FALSE,FALSE,,,,,,State Assembly Election (AE)
Tamil_Nadu,13,196,2026,5,4,0,16,GIRISHKUMAR.A,,Independent,52,0,,230980,261238,THIRUMANGALAM,GEN,MADURAI,,16,88.42,0.02,yes,52,0.02,3.38,,,0,TRUE,1,,0,,,,0,FALSE,FALSE,FALSE,,,,,,State Assembly Election (AE)
Tamil_Nadu,13,197,2026,5,4,0,1,VIJAY. M,,Tamilaga Vettri Kazhagam,65743,0,,224048,266192,USILAMPATTI,GEN,MADURAI,,13,84.17,29.34,no,1805,0.81,4.03,,,0,TRUE,1,,0,,,,0,FALSE,FALSE,FALSE,,,,,,State Assembly Election (AE)
Tamil_Nadu,13,197,2026,5,4,0,2,MAHENDRAN. I,,All India Anna Dravida Munnetra Kazhagam,63938,0,,224048,266192,USILAMPATTI,GEN,MADURAI,,13,84.17,28.54,no,4473,2.0,4.03,,,0,TRUE,1,,0,,,,0,FALSE,FALSE,FALSE,,,,,,State Assembly Election (AE)
Tamil_Nadu,13,197,2026,5,4,0,3,SARAVANAKUMAR. T,,Indian National Congress,59465,0,,224048,266192,USILAMPATTI,GEN,MADURAI,,13,84.17,26.54,no,42845,19.12,4.03,,,0,TRUE,1,,0,,,,0,FALSE,FALSE,FALSE,,,,,,State Assembly Election (AE)
Tamil_Nadu,13,197,2026,5,4,0,4,AYYAPPAN. P,,All India Puratchi Thalaivar Makkal Munnettra Kazhagam,16620,0,,224048,266192,USILAMPATTI,GEN,MADURAI,,13,84.17,7.42,yes,1435,0.64,4.03,,,0,TRUE,1,,0,,,,0,FALSE,FALSE,FALSE,,,,,,State Assembly Election (AE)
Tamil_Nadu,13,197,2026,5,4,0,5,ABIRAMI. D,,Naam Tamilar Katchi,15185,0,,224048,266192,USILAMPATTI,GEN,MADURAI,,13,84.17,6.78,yes,14461,6.45,4.03,,,0,TRUE,1,,0,,,,0,FALSE,FALSE,FALSE,,,,,,State Assembly Election (AE)
Tamil_Nadu,13,197,2026,5,4,0,6,VELLAIPANDI. V,,Bahujan Samaj Party,724,0,,224048,266192,USILAMPATTI,GEN,MADURAI,,13,84.17,0.32,yes,32,0.01,4.03,,,0,TRUE,1,,0,,,,0,FALSE,FALSE,FALSE,,,,,,State Assembly Election (AE)
Tamil_Nadu,13,197,2026,5,4,0,7,None Of The Above,,None of the Above,692,0,,224048,266192,USILAMPATTI,GEN,MADURAI,,13,84.17,0.31,yes,349,0.16,4.03,,,0,TRUE,1,,0,,,,0,FALSE,FALSE,FALSE,,,,,,State Assembly Election (AE)
Tamil_Nadu,13,197,2026,5,4,0,8,PRAVEENA. S,,Independent,343,0,,224048,266192,USILAMPATTI,GEN,MADURAI,,13,84.17,0.15,yes,6,0.0,4.03,,,0,TRUE,1,,0,,,,0,FALSE,FALSE,FALSE,,,,,,State Assembly Election (AE)
Tamil_Nadu,13,197,2026,5,4,0,9,THIAGARAJAN. O. V,,Independent,337,0,,224048,266192,USILAMPATTI,GEN,MADURAI,,13,84.17,0.15,yes,37,0.02,4.03,,,0,TRUE,1,,0,,,,0,FALSE,FALSE,FALSE,,,,,,State Assembly Election (AE)
Tamil_Nadu,13,197,2026,5,4,0,10,MUTHU. N,,Independent,300,0,,224048,266192,USILAMPATTI,GEN,MADURAI,,13,84.17,0.13,yes,30,0.01,4.03,,,0,TRUE,1,,0,,,,0,FALSE,FALSE,FALSE,,,,,,State Assembly Election (AE)
Tamil_Nadu,13,197,2026,5,4,0,11,THIRUMOORTHY. A,,Independent,270,0,,224048,266192,USILAMPATTI,GEN,MADURAI,,13,84.17,0.12,yes,8,0.0,4.03,,,0,TRUE,1,,0,,,,0,FALSE,FALSE,FALSE,,,,,,State Assembly Election (AE)
Tamil_Nadu,13,197,2026,5,4,0,12,KIRANYA. S,,Independent,262,0,,224048,266192,USILAMPATTI,GEN,MADURAI,,13,84.17,0.12,yes,93,0.04,4.03,,,0,TRUE,1,,0,,,,0,FALSE,FALSE,FALSE,,,,,,State Assembly Election (AE)
Tamil_Nadu,13,197,2026,5,4,0,13,DHANASEKARAN. T,,Independent,169,0,,224048,266192,USILAMPATTI,GEN,MADURAI,,13,84.17,0.08,yes,169,0.08,4.03,,,0,TRUE,1,,0,,,,0,FALSE,FALSE,FALSE,,,,,,State Assembly Election (AE)
Tamil_Nadu,13,198,2026,5,4,0,1,MAHARAJAN.A,,Dravida Munnetra Kazhagam,74324,0,,217329,256529,ANDIPATTI,GEN,THENI,,19,84.72,34.2,no,9554,4.4,3.41,,,0,TRUE,1,,0,,,,0,FALSE,FALSE,FALSE,,,,,,State Assembly Election (AE)
Tamil_Nadu,13,198,2026,5,4,0,2,PANDI.V,,Tamilaga Vettri Kazhagam,64770,0,,217329,256529,ANDIPATTI,GEN,THENI,,19,84.72,29.8,no,1427,0.66,3.41,,,0,TRUE,1,,0,,,,0,FALSE,FALSE,FALSE,,,,,,State Assembly Election (AE)
Tamil_Nadu,13,198,2026,5,4,0,3,LOGIRAJAN.A,,All India Anna Dravida Munnetra Kazhagam,63343,0,,217329,256529,ANDIPATTI,GEN,THENI,,19,84.72,29.15,no,52997,24.39,3.41,,,0,TRUE,1,,0,,,,0,FALSE,FALSE,FALSE,,,,,,State Assembly Election (AE)
Tamil_Nadu,13,198,2026,5,4,0,4,GOMATHI .M,,Naam Tamilar Katchi,10346,0,,217329,256529,ANDIPATTI,GEN,THENI,,19,84.72,4.76,yes,9318,4.29,3.41,,,0,TRUE,1,,0,,,,0,FALSE,FALSE,FALSE,,,,,,State Assembly Election (AE)
Tamil_Nadu,13,198,2026,5,4,0,5,None Of The Above,,None of the Above,1028,0,,217329,256529,ANDIPATTI,GEN,THENI,,19,84.72,0.47,yes,442,0.2,3.41,,,0,TRUE,1,,0,,,,0,FALSE,FALSE,FALSE,,,,,,State Assembly Election (AE)
Tamil_Nadu,13,198,2026,5,4,0,6,CHELLAPANDIYAN.S,,All India Puratchi Thalaivar Makkal Munnettra Kazhagam,586,0,,217329,256529,ANDIPATTI,GEN,THENI,,19,84.72,0.27,yes,70,0.03,3.41,,,0,TRUE,1,,0,,,,0,FALSE,FALSE,FALSE,,,,,,State Assembly Election (AE)
Tamil_Nadu,13,198,2026,5,4,0,7,ELAYARAJA.M,,Puthiya Tamilagam,516,0,,217329,256529,ANDIPATTI,GEN,THENI,,19,84.72,0.24,yes,11,0.01,3.41,,,0,TRUE,1,,0,,,,0,FALSE,FALSE,FALSE,,,,,,State Assembly Election (AE)
Tamil_Nadu,13,198,2026,5,4,0,8,IRUMBORAI.G,,Communist Party of India (Marxist-Leninist) Red Star,505,0,,217329,256529,ANDIPATTI,GEN,THENI,,19,84.72,0.23,yes,85,0.04,3.41,,,0,TRUE,1,,0,,,,0,FALSE,FALSE,FALSE,,,,,,State Assembly Election (AE)
Tamil_Nadu,13,198,2026,5,4,0,9,ESAKKIAMMAL.M,,Bahujan Samaj Party,420,0,,217329,256529,ANDIPATTI,GEN,THENI,,19,84.72,0.19,yes,188,0.09,3.41,,,0,TRUE,1,,0,,,,0,FALSE,FALSE,FALSE,,,,,,State Assembly Election (AE)
Tamil_Nadu,13,198,2026,5,4,0,10,GOPAL.S,,Independent,232,0,,217329,256529,ANDIPATTI,GEN,THENI,,19,84.72,0.11,yes,12,0.01,3.41,,,0,TRUE,1,,0,,,,0,FALSE,FALSE,FALSE,,,,,,State Assembly Election (AE)
Tamil_Nadu,13,198,2026,5,4,0,11,PANDIDURAI.P,,Independent,220,0,,217329,256529,ANDIPATTI,GEN,THENI,,19,84.72,0.1,yes,37,0.02,3.41,,,0,TRUE,1,,0,,,,0,FALSE,FALSE,FALSE,,,,,,State Assembly Election (AE)
Tamil_Nadu,13,198,2026,5,4,0,12,GOPINATH.P,,Independent,183,0,,217329,256529,ANDIPATTI,GEN,THENI,,19,84.72,0.08,yes,24,0.01,3.41,,,0,TRUE,1,,0,,,,0,FALSE,FALSE,FALSE,,,,,,State Assembly Election (AE)
Tamil_Nadu,13,198,2026,5,4,0,13,NEELAKANNAN.T,,Independent,159,0,,217329,256529,ANDIPATTI,GEN,THENI,,19,84.72,0.07,yes,6,0.0,3.41,,,0,TRUE,1,,0,,,,0,FALSE,FALSE,FALSE,,,,,,State Assembly Election (AE)
Tamil_Nadu,13,198,2026,5,4,0,14,JAGADEESAN.P,,Independent,153,0,,217329,256529,ANDIPATTI,GEN,THENI,,19,84.72,0.07,yes,5,0.0,3.41,,,0,TRUE,1,,0,,,,0,FALSE,FALSE,FALSE,,,,,,State Assembly Election (AE)
Tamil_Nadu,13,198,2026,5,4,0,15,MOHAMMED RUKMAN.M,,Tamizhaga Vaazhvurimai Katchi,148,0,,217329,256529,ANDIPATTI,GEN,THENI,,19,84.72,0.07,yes,15,0.01,3.41,,,0,TRUE,1,,0,,,,0,FALSE,FALSE,FALSE,,,,,,State Assembly Election (AE)
Tamil_Nadu,13,198,2026,5,4,0,16,PACKIARAJ.S,,Independent,133,0,,217329,256529,ANDIPATTI,GEN,THENI,,19,84.72,0.06,yes,20,0.01,3.41,,,0,TRUE,1,,0,,,,0,FALSE,FALSE,FALSE,,,,,,State Assembly Election (AE)
Tamil_Nadu,13,198,2026,5,4,0,17,VIJAYARAJ.R,,Independent,113,0,,217329,256529,ANDIPATTI,GEN,THENI,,19,84.72,0.05,yes,31,0.01,3.41,,,0,TRUE,1,,0,,,,0,FALSE,FALSE,FALSE,,,,,,State Assembly Election (AE)
Tamil_Nadu,13,198,2026,5,4,0,18,JEYAMURUGAN.M.P,,Veerath Thiyagi Viswanathadoss Thozhilalarkal Katchi,82,0,,217329,256529,ANDIPATTI,GEN,THENI,,19,84.72,0.04,yes,14,0.01,3.41,,,0,TRUE,1,,0,,,,0,FALSE,FALSE,FALSE,,,,,,State Assembly Election (AE)
Tamil_Nadu,13,198,2026,5,4,0,19,KARUPPAIYA,,Independent,68,0,,217329,256529,ANDIPATTI,GEN,THENI,,19,84.72,0.03,yes,68,0.03,3.41,,,0,TRUE,1,,0,,,,0,FALSE,FALSE,FALSE,,,,,,State Assembly Election (AE)
Tamil_Nadu,13,199,2026,5,4,0,1,SABARI IYNGARAN G.,,Tamilaga Vettri Kazhagam,85656,0,,211209,265830,PERIYAKULAM,SC,THENI,,14,79.45,40.56,no,19321,9.15,3.23,,,0,TRUE,1,,0,,,,0,FALSE,FALSE,FALSE,,,,,,State Assembly Election (AE)
Tamil_Nadu,13,199,2026,5,4,0,2,SAKTHIVEL P.,,Viduthalai Chiruthaigal Katchi,66335,0,,211209,265830,PERIYAKULAM,SC,THENI,,14,79.45,31.41,no,21814,10.33,3.23,,,0,TRUE,1,,0,,,,0,FALSE,FALSE,FALSE,,,,,,State Assembly Election (AE)
Tamil_Nadu,13,199,2026,5,4,0,3,DR KATHIRKAMU K.,,Amma Makkal Munnettra Kazagam,44521,0,,211209,265830,PERIYAKULAM,SC,THENI,,14,79.45,21.08,no,34911,16.53,3.23,,,0,TRUE,1,,0,,,,0,FALSE,FALSE,FALSE,,,,,,State Assembly Election (AE)
Tamil_Nadu,13,199,2026,5,4,0,4,VIMALA R.,,Naam Tamilar Katchi,9610,0,,211209,265830,PERIYAKULAM,SC,THENI,,14,79.45,4.55,yes,8104,3.84,3.23,,,0,TRUE,1,,0,,,,0,FALSE,FALSE,FALSE,,,,,,State Assembly Election (AE)
Tamil_Nadu,13,199,2026,5,4,0,5,None Of The Above,,None of the Above,1506,0,,211209,265830,PERIYAKULAM,SC,THENI,,14,79.45,0.71,yes,345,0.16,3.23,,,0,TRUE,1,,0,,,,0,FALSE,FALSE,FALSE,,,,,,State Assembly Election (AE)
Tamil_Nadu,13,199,2026,5,4,0,6,MARISAMY V.,,Puthiya Tamilagam,1161,0,,211209,265830,PERIYAKULAM,SC,THENI,,14,79.45,0.55,yes,525,0.25,3.23,,,0,TRUE,1,,0,,,,0,FALSE,FALSE,FALSE,,,,,,State Assembly Election (AE)
Tamil_Nadu,13,199,2026,5,4,0,7,PALANICHAMY T.,,Independent,636,0,,211209,265830,PERIYAKULAM,SC,THENI,,14,79.45,0.3,yes,246,0.12,3.23,,,0,TRUE,1,,0,,,,0,FALSE,FALSE,FALSE,,,,,,State Assembly Election (AE)
Tamil_Nadu,13,199,2026,5,4,0,8,ABITHA M.,,Independent,390,0,,211209,265830,PERIYAKULAM,SC,THENI,,14,79.45,0.18,yes,47,0.02,3.23,,,0,TRUE,1,,0,,,,0,FALSE,FALSE,FALSE,,,,,,State Assembly Election (AE)
Tamil_Nadu,13,199,2026,5,4,0,9,DR. MOHANRAJ A.C. (P.T),,Independent,343,0,,211209,265830,PERIYAKULAM,SC,THENI,,14,79.45,0.16,yes,78,0.04,3.23,,,0,TRUE,1,,0,,,,0,FALSE,FALSE,FALSE,,,,,,State Assembly Election (AE)
Tamil_Nadu,13,199,2026,5,4,0,10,VAIRAMUTHU D.,,Independent,265,0,,211209,265830,PERIYAKULAM,SC,THENI,,14,79.45,0.13,yes,10,0.0,3.23,,,0,TRUE,1,,0,,,,0,FALSE,FALSE,FALSE,,,,,,State Assembly Election (AE)
Tamil_Nadu,13,199,2026,5,4,0,11,SELVARAJ R.,,Independent,255,0,,211209,265830,PERIYAKULAM,SC,THENI,,14,79.45,0.12,yes,15,0.01,3.23,,,0,TRUE,1,,0,,,,0,FALSE,FALSE,FALSE,,,,,,State Assembly Election (AE)
Tamil_Nadu,13,199,2026,5,4,0,12,RANJEETH KUMAR J.,,Socialist Unity Centre Of India (COMMUNIST),240,0,,211209,265830,PERIYAKULAM,SC,THENI,,14,79.45,0.11,yes,94,0.04,3.23,,,0,TRUE,1,,0,,,,0,FALSE,FALSE,FALSE,,,,,,State Assembly Election (AE)
Tamil_Nadu,13,199,2026,5,4,0,13,KUMAR S.,,Independent,146,0,,211209,265830,PERIYAKULAM,SC,THENI,,14,79.45,0.07,yes,1,0.0,3.23,,,0,TRUE,1,,0,,,,0,FALSE,FALSE,FALSE,,,,,,State Assembly Election (AE)
Tamil_Nadu,13,199,2026,5,4,0,14,SANMUGAVEL K.,,Independent,145,0,,211209,265830,PERIYAKULAM,SC,THENI,,14,79.45,0.07,yes,145,0.07,3.23,,,0,TRUE,1,,0,,,,0,FALSE,FALSE,FALSE,,,,,,State Assembly Election (AE)
Tamil_Nadu,13,200,2026,5,4,0,1,PANNEERSELVAM.O,,Dravida Munnetra Kazhagam,85206,0,,220628,263292,BODINAYAKANUR,GEN,THENI,,16,83.8,38.62,no,6805,3.08,3.19,,,0,TRUE,1,,0,,,,0,FALSE,FALSE,FALSE,,,,,,State Assembly Election (AE)
Tamil_Nadu,13,200,2026,5,4,0,2,PRAKASH.S,,Tamilaga Vettri Kazhagam,78401,0,,220628,263292,BODINAYAKANUR,GEN,THENI,,16,83.8,35.54,no,37115,16.82,3.19,,,0,TRUE,1,,0,,,,0,FALSE,FALSE,FALSE,,,,,,State Assembly Election (AE)
Tamil_Nadu,13,200,2026,5,4,0,3,NARAYANASAMY V.T.,,All India Anna Dravida Munnetra Kazhagam,41286,0,,220628,263292,BODINAYAKANUR,GEN,THENI,,16,83.8,18.71,no,29831,13.52,3.19,,,0,TRUE,1,,0,,,,0,FALSE,FALSE,FALSE,,,,,,State Assembly Election (AE)
Tamil_Nadu,13,200,2026,5,4,0,4,KALAIARASU.S,,Naam Tamilar Katchi,11455,0,,220628,263292,BODINAYAKANUR,GEN,THENI,,16,83.8,5.19,yes,10524,4.77,3.19,,,0,TRUE,1,,0,,,,0,FALSE,FALSE,FALSE,,,,,,State Assembly Election (AE)
Tamil_Nadu,13,200,2026,5,4,0,5,None Of The Above,,None of the Above,931,0,,220628,263292,BODINAYAKANUR,GEN,THENI,,16,83.8,0.42,yes,272,0.12,3.19,,,0,TRUE,1,,0,,,,0,FALSE,FALSE,FALSE,,,,,,State Assembly Election (AE)
Tamil_Nadu,13,200,2026,5,4,0,6,PADMANABHAN.N,,All India Puratchi Thalaivar Makkal Munnettra Kazhagam,659,0,,220628,263292,BODINAYAKANUR,GEN,THENI,,16,83.8,0.3,yes,130,0.06,3.19,,,0,TRUE,1,,0,,,,0,FALSE,FALSE,FALSE,,,,,,State Assembly Election (AE)
Tamil_Nadu,13,200,2026,5,4,0,7,SELVAMURUGAN.P,,Independent,529,0,,220628,263292,BODINAYAKANUR,GEN,THENI,,16,83.8,0.24,yes,3,0.0,3.19,,,0,TRUE,1,,0,,,,0,FALSE,FALSE,FALSE,,,,,,State Assembly Election (AE)
Tamil_Nadu,13,200,2026,5,4,0,8,NAGANANTHINI.V,,Independent,526,0,,220628,263292,BODINAYAKANUR,GEN,THENI,,16,83.8,0.24,yes,109,0.05,3.19,,,0,TRUE,1,,0,,,,0,FALSE,FALSE,FALSE,,,,,,State Assembly Election (AE)
Tamil_Nadu,13,200,2026,5,4,0,9,DR.PANDIKUMAR.S,,Communist Party of India (Marxist-Leninist) (Liberation),417,0,,220628,263292,BODINAYAKANUR,GEN,THENI,,16,83.8,0.19,yes,138,0.06,3.19,,,0,TRUE,1,,0,,,,0,FALSE,FALSE,FALSE,,,,,,State Assembly Election (AE)
Tamil_Nadu,13,200,2026,5,4,0,10,BALASUBRAMANI.R,,Independent,279,0,,220628,263292,BODINAYAKANUR,GEN,THENI,,16,83.8,0.13,yes,78,0.04,3.19,,,0,TRUE,1,,0,,,,0,FALSE,FALSE,FALSE,,,,,,State Assembly Election (AE)
Tamil_Nadu,13,200,2026,5,4,0,11,KARUPPAIAH.G,,Independent,201,0,,220628,263292,BODINAYAKANUR,GEN,THENI,,16,83.8,0.09,yes,12,0.01,3.19,,,0,TRUE,1,,0,,,,0,FALSE,FALSE,FALSE,,,,,,State Assembly Election (AE)
Tamil_Nadu,13,200,2026,5,4,0,12,RAJA.M,,Vishwa Tamil Kazhagam,189,0,,220628,263292,BODINAYAKANUR,GEN,THENI,,16,83.8,0.09,yes,9,0.0,3.19,,,0,TRUE,1,,0,,,,0,FALSE,FALSE,FALSE,,,,,,State Assembly Election (AE)
Tamil_Nadu,13,200,2026,5,4,0,13,VELRAJ.K,,Independent,180,0,,220628,263292,BODINAYAKANUR,GEN,THENI,,16,83.8,0.08,yes,8,0.0,3.19,,,0,TRUE,1,,0,,,,0,FALSE,FALSE,FALSE,,,,,,State Assembly Election (AE)
Tamil_Nadu,13,200,2026,5,4,0,14,SARAVANAKUMAR.V,,Independent,172,0,,220628,263292,BODINAYAKANUR,GEN,THENI,,16,83.8,0.08,yes,53,0.02,3.19,,,0,TRUE,1,,0,,,,0,FALSE,FALSE,FALSE,,,,,,State Assembly Election (AE)
Tamil_Nadu,13,200,2026,5,4,0,15,CHANDRASEKARAN.S,,Independent,119,0,,220628,263292,BODINAYAKANUR,GEN,THENI,,16,83.8,0.05,yes,41,0.02,3.19,,,0,TRUE,1,,0,,,,0,FALSE,FALSE,FALSE,,,,,,State Assembly Election (AE)
Tamil_Nadu,13,200,2026,5,4,0,16,GOWTHAM.R,,Independent,78,0,,220628,263292,BODINAYAKANUR,GEN,THENI,,16,83.8,0.04,yes,78,0.04,3.19,,,0,TRUE,1,,0,,,,0,FALSE,FALSE,FALSE,,,,,,State Assembly Election (AE)
Tamil_Nadu,13,201,2026,5,4,0,1,JEGANATHMISHRA PLA,,Tamilaga Vettri Kazhagam,85394,0,,210574,255888,CUMBUM,GEN,THENI,,20,82.29,40.55,no,751,0.36,2.9,,,0,TRUE,1,,0,,,,0,FALSE,FALSE,FALSE,,,,,,State Assembly Election (AE)
Tamil_Nadu,13,201,2026,5,4,0,2,ERAMAKRISHNAN N,,Dravida Munnetra Kazhagam,84643,0,,210574,255888,CUMBUM,GEN,THENI,,20,82.29,40.2,no,57336,27.23,2.9,,,0,TRUE,1,,0,,,,0,FALSE,FALSE,FALSE,,,,,,State Assembly Election (AE)
Tamil_Nadu,13,201,2026,5,4,0,3,JAKKAIYAN S.T.K.,,All India Anna Dravida Munnetra Kazhagam,27307,0,,210574,255888,CUMBUM,GEN,THENI,,20,82.29,12.97,yes,17708,8.41,2.9,,,0,TRUE,1,,0,,,,0,FALSE,FALSE,FALSE,,,,,,State Assembly Election (AE)
Tamil_Nadu,13,201,2026,5,4,0,4,ANBUSELVI A,,Naam Tamilar Katchi,9599,0,,210574,255888,CUMBUM,GEN,THENI,,20,82.29,4.56,yes,8932,4.24,2.9,,,0,TRUE,1,,0,,,,0,FALSE,FALSE,FALSE,,,,,,State Assembly Election (AE)
Tamil_Nadu,13,201,2026,5,4,0,5,None Of The Above,,None of the Above,667,0,,210574,255888,CUMBUM,GEN,THENI,,20,82.29,0.32,yes,236,0.11,2.9,,,0,TRUE,1,,0,,,,0,FALSE,FALSE,FALSE,,,,,,State Assembly Election (AE)
Tamil_Nadu,13,201,2026,5,4,0,6,MUTHU BAGAVATHI M.,,Tamizhaga Vaazhvurimai Katchi,431,0,,210574,255888,CUMBUM,GEN,THENI,,20,82.29,0.2,yes,9,0.0,2.9,,,0,TRUE,1,,0,,,,0,FALSE,FALSE,FALSE,,,,,,State Assembly Election (AE)
Tamil_Nadu,13,201,2026,5,4,0,7,RAJAMOHAMMED T,,Independent,422,0,,210574,255888,CUMBUM,GEN,THENI,,20,82.29,0.2,yes,103,0.05,2.9,,,0,TRUE,1,,0,,,,0,FALSE,FALSE,FALSE,,,,,,State Assembly Election (AE)
Tamil_Nadu,13,201,2026,5,4,0,8,KATHIRAVAN S,,New Generation People's Party,319,0,,210574,255888,CUMBUM,GEN,THENI,,20,82.29,0.15,yes,65,0.03,2.9,,,0,TRUE,1,,0,,,,0,FALSE,FALSE,FALSE,,,,,,State Assembly Election (AE)
Tamil_Nadu,13,201,2026,5,4,0,9,PRAKASH P.,,Independent,254,0,,210574,255888,CUMBUM,GEN,THENI,,20,82.29,0.12,yes,40,0.02,2.9,,,0,TRUE,1,,0,,,,0,FALSE,FALSE,FALSE,,,,,,State Assembly Election (AE)
Tamil_Nadu,13,201,2026,5,4,0,10,MUTHUSELVAM G.,,Independent,214,0,,210574,255888,CUMBUM,GEN,THENI,,20,82.29,0.1,yes,18,0.01,2.9,,,0,TRUE,1,,0,,,,0,FALSE,FALSE,FALSE,,,,,,State Assembly Election (AE)
Tamil_Nadu,13,201,2026,5,4,0,11,THASTHAKEER I,,Independent,196,0,,210574,255888,CUMBUM,GEN,THENI,,20,82.29,0.09,yes,12,0.01,2.9,,,0,TRUE,1,,0,,,,0,FALSE,FALSE,FALSE,,,,,,State Assembly Election (AE)
Tamil_Nadu,13,201,2026,5,4,0,12,ASHOK KUMAR A,,Independent,184,0,,210574,255888,CUMBUM,GEN,THENI,,20,82.29,0.09,yes,3,0.0,2.9,,,0,TRUE,1,,0,,,,0,FALSE,FALSE,FALSE,,,,,,State Assembly Election (AE)
Tamil_Nadu,13,201,2026,5,4,0,13,PRAKASH P.,,Independent,181,0,,210574,255888,CUMBUM,GEN,THENI,,20,82.29,0.09,yes,20,0.01,2.9,,,0,TRUE,1,,0,,,,0,FALSE,FALSE,FALSE,,,,,,State Assembly Election (AE)
Tamil_Nadu,13,201,2026,5,4,0,14,ARUNKUMAR A,,Independent,161,0,,210574,255888,CUMBUM,GEN,THENI,,20,82.29,0.08,yes,7,0.0,2.9,,,0,TRUE,1,,0,,,,0,FALSE,FALSE,FALSE,,,,,,State Assembly Election (AE)
Tamil_Nadu,13,201,2026,5,4,0,15,VINOTH KUMAR R,,Independent,154,0,,210574,255888,CUMBUM,GEN,THENI,,20,82.29,0.07,yes,43,0.02,2.9,,,0,TRUE,1,,0,,,,0,FALSE,FALSE,FALSE,,,,,,State Assembly Election (AE)
Tamil_Nadu,13,201,2026,5,4,0,16,SARAVANAN S.R.,,Independent,111,0,,210574,255888,CUMBUM,GEN,THENI,,20,82.29,0.05,yes,5,0.0,2.9,,,0,TRUE,1,,0,,,,0,FALSE,FALSE,FALSE,,,,,,State Assembly Election (AE)
Tamil_Nadu,13,201,2026,5,4,0,17,BALAN R,,Independent,106,0,,210574,255888,CUMBUM,GEN,THENI,,20,82.29,0.05,yes,8,0.0,2.9,,,0,TRUE,1,,0,,,,0,FALSE,FALSE,FALSE,,,,,,State Assembly Election (AE)
Tamil_Nadu,13,201,2026,5,4,0,18,RAJADURAI S,,Independent,98,0,,210574,255888,CUMBUM,GEN,THENI,,20,82.29,0.05,yes,27,0.01,2.9,,,0,TRUE,1,,0,,,,0,FALSE,FALSE,FALSE,,,,,,State Assembly Election (AE)
Tamil_Nadu,13,201,2026,5,4,0,19,NANTHAKUMAR A.,,Independent,71,0,,210574,255888,CUMBUM,GEN,THENI,,20,82.29,0.03,yes,9,0.0,2.9,,,0,TRUE,1,,0,,,,0,FALSE,FALSE,FALSE,,,,,,State Assembly Election (AE)
Tamil_Nadu,13,201,2026,5,4,0,20,SUBRAMANIYAM L R,,Independent,62,0,,210574,255888,CUMBUM,GEN,THENI,,20,82.29,0.03,yes,62,0.03,2.9,,,0,TRUE,1,,0,,,,0,FALSE,FALSE,FALSE,,,,,,State Assembly Election (AE)
Tamil_Nadu,13,202,2026,5,4,0,1,JEGADESHWARI. K,,Tamilaga Vettri Kazhagam,65548,0,,183020,214192,RAJAPALAYAM,GEN,VIRUDHUNAGAR,,23,85.45,35.81,no,10605,5.79,3.75,,,0,TRUE,1,,0,,,,0,FALSE,FALSE,FALSE,,,,,,State Assembly Election (AE)
Tamil_Nadu,13,202,2026,5,4,0,2,THANGAPANDIAN. S,,Dravida Munnetra Kazhagam,54943,0,,183020,214192,RAJAPALAYAM,GEN,VIRUDHUNAGAR,,23,85.45,30.02,no,18625,10.18,3.75,,,0,TRUE,1,,0,,,,0,FALSE,FALSE,FALSE,,,,,,State Assembly Election (AE)
Tamil_Nadu,13,202,2026,5,4,0,3,PRISCILLA PANDIAN. J,,Bharatiya Janata Party,36318,0,,183020,214192,RAJAPALAYAM,GEN,VIRUDHUNAGAR,,23,85.45,19.84,no,19346,10.57,3.75,,,0,TRUE,1,,0,,,,0,FALSE,FALSE,FALSE,,,,,,State Assembly Election (AE)
Tamil_Nadu,13,202,2026,5,4,0,4,DR. KARTHIKEYAN. T.E.,,Naam Tamilar Katchi,16972,0,,183020,214192,RAJAPALAYAM,GEN,VIRUDHUNAGAR,,23,85.45,9.27,yes,14428,7.88,3.75,,,0,TRUE,1,,0,,,,0,FALSE,FALSE,FALSE,,,,,,State Assembly Election (AE)
Tamil_Nadu,13,202,2026,5,4,0,5,RAMADEVI. T,,Puthiya Tamilagam,2544,0,,183020,214192,RAJAPALAYAM,GEN,VIRUDHUNAGAR,,23,85.45,1.39,yes,997,0.54,3.75,,,0,TRUE,1,,0,,,,0,FALSE,FALSE,FALSE,,,,,,State Assembly Election (AE)
Tamil_Nadu,13,202,2026,5,4,0,6,HARISH. A,,All India Puratchi Thalaivar Makkal Munnettra Kazhagam,1547,0,,183020,214192,RAJAPALAYAM,GEN,VIRUDHUNAGAR,,23,85.45,0.85,yes,307,0.17,3.75,,,0,TRUE,1,,0,,,,0,FALSE,FALSE,FALSE,,,,,,State Assembly Election (AE)
Tamil_Nadu,13,202,2026,5,4,0,7,NASRIN BANU. T,,Republican Party of India (Athawale),1240,0,,183020,214192,RAJAPALAYAM,GEN,VIRUDHUNAGAR,,23,85.45,0.68,yes,487,0.27,3.75,,,0,TRUE,1,,0,,,,0,FALSE,FALSE,FALSE,,,,,,State Assembly Election (AE)
Tamil_Nadu,13,202,2026,5,4,0,8,None Of The Above,,None of the Above,753,0,,183020,214192,RAJAPALAYAM,GEN,VIRUDHUNAGAR,,23,85.45,0.41,yes,339,0.19,3.75,,,0,TRUE,1,,0,,,,0,FALSE,FALSE,FALSE,,,,,,State Assembly Election (AE)
Tamil_Nadu,13,202,2026,5,4,0,9,MANMATHAN. M,,Independent,414,0,,183020,214192,RAJAPALAYAM,GEN,VIRUDHUNAGAR,,23,85.45,0.23,yes,63,0.03,3.75,,,0,TRUE,1,,0,,,,0,FALSE,FALSE,FALSE,,,,,,State Assembly Election (AE)
Tamil_Nadu,13,202,2026,5,4,0,10,MUTHULAKSHMI. R,,Independent,351,0,,183020,214192,RAJAPALAYAM,GEN,VIRUDHUNAGAR,,23,85.45,0.19,yes,47,0.03,3.75,,,0,TRUE,1,,0,,,,0,FALSE,FALSE,FALSE,,,,,,State Assembly Election (AE)
Tamil_Nadu,13,202,2026,5,4,0,11,THANGAPANDI. B,,Independent,304,0,,183020,214192,RAJAPALAYAM,GEN,VIRUDHUNAGAR,,23,85.45,0.17,yes,6,0.0,3.75,,,0,TRUE,1,,0,,,,0,FALSE,FALSE,FALSE,,,,,,State Assembly Election (AE)
Tamil_Nadu,13,202,2026,5,4,0,12,SELVI. K,,Independent,298,0,,183020,214192,RAJAPALAYAM,GEN,VIRUDHUNAGAR,,23,85.45,0.16,yes,6,0.0,3.75,,,0,TRUE,1,,0,,,,0,FALSE,FALSE,FALSE,,,,,,State Assembly Election (AE)
Tamil_Nadu,13,202,2026,5,4,0,13,JEGATHISHWARI. N,,Independent,292,0,,183020,214192,RAJAPALAYAM,GEN,VIRUDHUNAGAR,,23,85.45,0.16,yes,24,0.01,3.75,,,0,TRUE,1,,0,,,,0,FALSE,FALSE,FALSE,,,,,,State Assembly Election (AE)
Tamil_Nadu,13,202,2026,5,4,0,14,ALAGUMURUGAN. S,,Independent,268,0,,183020,214192,RAJAPALAYAM,GEN,VIRUDHUNAGAR,,23,85.45,0.15,yes,65,0.04,3.75,,,0,TRUE,1,,0,,,,0,FALSE,FALSE,FALSE,,,,,,State Assembly Election (AE)
Tamil_Nadu,13,202,2026,5,4,0,15,BALAMURUGAN. V,,Independent,203,0,,183020,214192,RAJAPALAYAM,GEN,VIRUDHUNAGAR,,23,85.45,0.11,yes,23,0.01,3.75,,,0,TRUE,1,,0,,,,0,FALSE,FALSE,FALSE,,,,,,State Assembly Election (AE)
Tamil_Nadu,13,202,2026,5,4,0,16,SELVAKUMAR. A,,Independent,180,0,,183020,214192,RAJAPALAYAM,GEN,VIRUDHUNAGAR,,23,85.45,0.1,yes,9,0.0,3.75,,,0,TRUE,1,,0,,,,0,FALSE,FALSE,FALSE,,,,,,State Assembly Election (AE)
Tamil_Nadu,13,202,2026,5,4,0,17,MURUGAN. D,,Independent,171,0,,183020,214192,RAJAPALAYAM,GEN,VIRUDHUNAGAR,,23,85.45,0.09,yes,31,0.02,3.75,,,0,TRUE,1,,0,,,,0,FALSE,FALSE,FALSE,,,,,,State Assembly Election (AE)
Tamil_Nadu,13,202,2026,5,4,0,18,SAMUEL RAJ,,Independent,140,0,,183020,214192,RAJAPALAYAM,GEN,VIRUDHUNAGAR,,23,85.45,0.08,yes,3,0.0,3.75,,,0,TRUE,1,,0,,,,0,FALSE,FALSE,FALSE,,,,,,State Assembly Election (AE)
Tamil_Nadu,13,202,2026,5,4,0,19,SHANMUGACHANDRA VELAVAN. C.C,,Independent,137,0,,183020,214192,RAJAPALAYAM,GEN,VIRUDHUNAGAR,,23,85.45,0.07,yes,18,0.01,3.75,,,0,TRUE,1,,0,,,,0,FALSE,FALSE,FALSE,,,,,,State Assembly Election (AE)
Tamil_Nadu,13,202,2026,5,4,0,20,SARAVANAN. G,,Independent,119,0,,183020,214192,RAJAPALAYAM,GEN,VIRUDHUNAGAR,,23,85.45,0.07,yes,11,0.01,3.75,,,0,TRUE,1,,0,,,,0,FALSE,FALSE,FALSE,,,,,,State Assembly Election (AE)
Tamil_Nadu,13,202,2026,5,4,0,21,VIJENDRAN. G,,Independent,108,0,,183020,214192,RAJAPALAYAM,GEN,VIRUDHUNAGAR,,23,85.45,0.06,yes,13,0.01,3.75,,,0,TRUE,1,,0,,,,0,FALSE,FALSE,FALSE,,,,,,State Assembly Election (AE)
Tamil_Nadu,13,202,2026,5,4,0,22,GANESAN. K,,Independent,95,0,,183020,214192,RAJAPALAYAM,GEN,VIRUDHUNAGAR,,23,85.45,0.05,yes,20,0.01,3.75,,,0,TRUE,1,,0,,,,0,FALSE,FALSE,FALSE,,,,,,State Assembly Election (AE)
Tamil_Nadu,13,202,2026,5,4,0,23,ALAGUPANDIAN. A,,Independent,75,0,,183020,214192,RAJAPALAYAM,GEN,VIRUDHUNAGAR,,23,85.45,0.04,yes,75,0.04,3.75,,,0,TRUE,1,,0,,,,0,FALSE,FALSE,FALSE,,,,,,State Assembly Election (AE)
Tamil_Nadu,13,203,2026,5,4,0,1,KARTHIK.A,,Tamilaga Vettri Kazhagam,65653,0,,193471,224122,SRIVILLIPUTHUR,SC,VIRUDHUNAGAR,,15,86.32,33.93,no,8581,4.44,3.87,,,0,TRUE,1,,0,,,,0,FALSE,FALSE,FALSE,,,,,,State Assembly Election (AE)
Tamil_Nadu,13,203,2026,5,4,0,2,MAHALINGAM.P,,Communist Party of India,57072,0,,193471,224122,SRIVILLIPUTHUR,SC,VIRUDHUNAGAR,,15,86.32,29.5,no,14233,7.36,3.87,,,0,TRUE,1,,0,,,,0,FALSE,FALSE,FALSE,,,,,,State Assembly Election (AE)
Tamil_Nadu,13,203,2026,5,4,0,3,CHANDRAPRABHA.M,,All India Anna Dravida Munnetra Kazhagam,42839,0,,193471,224122,SRIVILLIPUTHUR,SC,VIRUDHUNAGAR,,15,86.32,22.14,no,29565,15.28,3.87,,,0,TRUE,1,,0,,,,0,FALSE,FALSE,FALSE,,,,,,State Assembly Election (AE)
Tamil_Nadu,13,203,2026,5,4,0,4,KARIKALAPANDIYAN.A,,Naam Tamilar Katchi,13274,0,,193471,224122,SRIVILLIPUTHUR,SC,VIRUDHUNAGAR,,15,86.32,6.86,yes,3752,1.94,3.87,,,0,TRUE,1,,0,,,,0,FALSE,FALSE,FALSE,,,,,,State Assembly Election (AE)
Tamil_Nadu,13,203,2026,5,4,0,5,DR. SHYAM KRISHNASAMY,,Puthiya Tamilagam,9522,0,,193471,224122,SRIVILLIPUTHUR,SC,VIRUDHUNAGAR,,15,86.32,4.92,yes,7796,4.03,3.87,,,0,TRUE,1,,0,,,,0,FALSE,FALSE,FALSE,,,,,,State Assembly Election (AE)
Tamil_Nadu,13,203,2026,5,4,0,6,CHANDRA.M,,All India Puratchi Thalaivar Makkal Munnettra Kazhagam,1726,0,,193471,224122,SRIVILLIPUTHUR,SC,VIRUDHUNAGAR,,15,86.32,0.89,yes,853,0.44,3.87,,,0,TRUE,1,,0,,,,0,FALSE,FALSE,FALSE,,,,,,State Assembly Election (AE)
Tamil_Nadu,13,203,2026,5,4,0,7,None Of The Above,,None of the Above,873,0,,193471,224122,SRIVILLIPUTHUR,SC,VIRUDHUNAGAR,,15,86.32,0.45,yes,364,0.19,3.87,,,0,TRUE,1,,0,,,,0,FALSE,FALSE,FALSE,,,,,,State Assembly Election (AE)
Tamil_Nadu,13,203,2026,5,4,0,8,DEVIALAKSHMI SARANYA.K,,Independent,509,0,,193471,224122,SRIVILLIPUTHUR,SC,VIRUDHUNAGAR,,15,86.32,0.26,yes,66,0.03,3.87,,,0,TRUE,1,,0,,,,0,FALSE,FALSE,FALSE,,,,,,State Assembly Election (AE)
Tamil_Nadu,13,203,2026,5,4,0,9,MUTHURAJ.U,,Independent,443,0,,193471,224122,SRIVILLIPUTHUR,SC,VIRUDHUNAGAR,,15,86.32,0.23,yes,78,0.04,3.87,,,0,TRUE,1,,0,,,,0,FALSE,FALSE,FALSE,,,,,,State Assembly Election (AE)
Tamil_Nadu,13,203,2026,5,4,0,10,ALAGURAJA T,,Independent,365,0,,193471,224122,SRIVILLIPUTHUR,SC,VIRUDHUNAGAR,,15,86.32,0.19,yes,24,0.01,3.87,,,0,TRUE,1,,0,,,,0,FALSE,FALSE,FALSE,,,,,,State Assembly Election (AE)
Tamil_Nadu,13,203,2026,5,4,0,11,MURUGESAN.S,,Independent,341,0,,193471,224122,SRIVILLIPUTHUR,SC,VIRUDHUNAGAR,,15,86.32,0.18,yes,1,0.0,3.87,,,0,TRUE,1,,0,,,,0,FALSE,FALSE,FALSE,,,,,,State Assembly Election (AE)
Tamil_Nadu,13,203,2026,5,4,0,12,PANDIYAMMAL.M,,Independent,340,0,,193471,224122,SRIVILLIPUTHUR,SC,VIRUDHUNAGAR,,15,86.32,0.18,yes,105,0.05,3.87,,,0,TRUE,1,,0,,,,0,FALSE,FALSE,FALSE,,,,,,State Assembly Election (AE)
Tamil_Nadu,13,203,2026,5,4,0,13,SURYAPRAKASH.R,,Independent,235,0,,193471,224122,SRIVILLIPUTHUR,SC,VIRUDHUNAGAR,,15,86.32,0.12,yes,84,0.04,3.87,,,0,TRUE,1,,0,,,,0,FALSE,FALSE,FALSE,,,,,,State Assembly Election (AE)
Tamil_Nadu,13,203,2026,5,4,0,14,SUDANDIRADOSS.M,,Independent,151,0,,193471,224122,SRIVILLIPUTHUR,SC,VIRUDHUNAGAR,,15,86.32,0.08,yes,23,0.01,3.87,,,0,TRUE,1,,0,,,,0,FALSE,FALSE,FALSE,,,,,,State Assembly Election (AE)
Tamil_Nadu,13,203,2026,5,4,0,15,VARATHARAJAN.A,,Naam Indiar Party,128,0,,193471,224122,SRIVILLIPUTHUR,SC,VIRUDHUNAGAR,,15,86.32,0.07,yes,128,0.07,3.87,,,0,TRUE,1,,0,,,,0,FALSE,FALSE,FALSE,,,,,,State Assembly Election (AE)
Tamil_Nadu,13,204,2026,5,4,0,1,KADARKARAIRAJ. A,,Dravida Munnetra Kazhagam,62060,0,,198734,229330,SATTUR,GEN,VIRUDHUNAGAR,,23,86.66,31.23,no,5989,3.01,3.92,,,0,TRUE,1,,0,,,,0,FALSE,FALSE,FALSE,,,,,,State Assembly Election (AE)
Tamil_Nadu,13,204,2026,5,4,0,2,NAINAR NAGENTHRAN,,Bharatiya Janata Party,56071,0,,198734,229330,SATTUR,GEN,VIRUDHUNAGAR,,23,86.66,28.21,no,2573,1.29,3.92,,,0,TRUE,1,,0,,,,0,FALSE,FALSE,FALSE,,,,,,State Assembly Election (AE)
Tamil_Nadu,13,204,2026,5,4,0,3,AJITH. M,,Tamilaga Vettri Kazhagam,53498,0,,198734,229330,SATTUR,GEN,VIRUDHUNAGAR,,23,86.66,26.92,no,41896,21.08,3.92,,,0,TRUE,1,,0,,,,0,FALSE,FALSE,FALSE,,,,,,State Assembly Election (AE)
Tamil_Nadu,13,204,2026,5,4,0,4,ESAKKIRAJA. K,,All India Puratchi Thalaivar Makkal Munnettra Kazhagam,11602,0,,198734,229330,SATTUR,GEN,VIRUDHUNAGAR,,23,86.66,5.84,yes,2367,1.19,3.92,,,0,TRUE,1,,0,,,,0,FALSE,FALSE,FALSE,,,,,,State Assembly Election (AE)
Tamil_Nadu,13,204,2026,5,4,0,5,ANANDHARAJA. D.,,Naam Tamilar Katchi,9235,0,,198734,229330,SATTUR,GEN,VIRUDHUNAGAR,,23,86.66,4.65,yes,6892,3.47,3.92,,,0,TRUE,1,,0,,,,0,FALSE,FALSE,FALSE,,,,,,State Assembly Election (AE)
Tamil_Nadu,13,204,2026,5,4,0,6,VELMURUGAN. S,,Puthiya Tamilagam,2343,0,,198734,229330,SATTUR,GEN,VIRUDHUNAGAR,,23,86.66,1.18,yes,1867,0.94,3.92,,,0,TRUE,1,,0,,,,0,FALSE,FALSE,FALSE,,,,,,State Assembly Election (AE)
Tamil_Nadu,13,204,2026,5,4,0,7,None Of The Above,,None of the Above,476,0,,198734,229330,SATTUR,GEN,VIRUDHUNAGAR,,23,86.66,0.24,yes,14,0.01,3.92,,,0,TRUE,1,,0,,,,0,FALSE,FALSE,FALSE,,,,,,State Assembly Election (AE)
Tamil_Nadu,13,204,2026,5,4,0,8,MAYAKKANNAN. V,,Independent,462,0,,198734,229330,SATTUR,GEN,VIRUDHUNAGAR,,23,86.66,0.23,yes,6,0.0,3.92,,,0,TRUE,1,,0,,,,0,FALSE,FALSE,FALSE,,,,,,State Assembly Election (AE)
Tamil_Nadu,13,204,2026,5,4,0,9,MANIVASAGAM.S,,Independent,456,0,,198734,229330,SATTUR,GEN,VIRUDHUNAGAR,,23,86.66,0.23,yes,52,0.03,3.92,,,0,TRUE,1,,0,,,,0,FALSE,FALSE,FALSE,,,,,,State Assembly Election (AE)
Tamil_Nadu,13,204,2026,5,4,0,10,KAMALA VEL SELVAN. P,,Bahujan Samaj Party,404,0,,198734,229330,SATTUR,GEN,VIRUDHUNAGAR,,23,86.66,0.2,yes,64,0.03,3.92,,,0,TRUE,1,,0,,,,0,FALSE,FALSE,FALSE,,,,,,State Assembly Election (AE)
Tamil_Nadu,13,204,2026,5,4,0,11,RAMESH KUMAR. B,,Independent,340,0,,198734,229330,SATTUR,GEN,VIRUDHUNAGAR,,23,86.66,0.17,yes,101,0.05,3.92,,,0,TRUE,1,,0,,,,0,FALSE,FALSE,FALSE,,,,,,State Assembly Election (AE)
Tamil_Nadu,13,204,2026,5,4,0,12,THANGA MARIAPPAN. J,,Independent,239,0,,198734,229330,SATTUR,GEN,VIRUDHUNAGAR,,23,86.66,0.12,yes,8,0.0,3.92,,,0,TRUE,1,,0,,,,0,FALSE,FALSE,FALSE,,,,,,State Assembly Election (AE)
Tamil_Nadu,13,204,2026,5,4,0,13,MAHENDRAN. M,,Independent,231,0,,198734,229330,SATTUR,GEN,VIRUDHUNAGAR,,23,86.66,0.12,yes,38,0.02,3.92,,,0,TRUE,1,,0,,,,0,FALSE,FALSE,FALSE,,,,,,State Assembly Election (AE)
Tamil_Nadu,13,204,2026,5,4,0,14,MAHESHKUMAR. M,,Independent,193,0,,198734,229330,SATTUR,GEN,VIRUDHUNAGAR,,23,86.66,0.1,yes,3,0.0,3.92,,,0,TRUE,1,,0,,,,0,FALSE,FALSE,FALSE,,,,,,State Assembly Election (AE)
Tamil_Nadu,13,204,2026,5,4,0,15,SARAVANAN. P,,Independent,190,0,,198734,229330,SATTUR,GEN,VIRUDHUNAGAR,,23,86.66,0.1,yes,0,0.0,3.92,,,0,TRUE,1,,0,,,,0,FALSE,FALSE,FALSE,,,,,,State Assembly Election (AE)
Tamil_Nadu,13,204,2026,5,4,0,16,VIJENDRAN. G,,Independent,190,0,,198734,229330,SATTUR,GEN,VIRUDHUNAGAR,,23,86.66,0.1,yes,60,0.03,3.92,,,0,TRUE,1,,0,,,,0,FALSE,FALSE,FALSE,,,,,,State Assembly Election (AE)
Tamil_Nadu,13,204,2026,5,4,0,17,THANGA DURAI. P,,Puthiya Makkal Tamil Desam Katchi,130,0,,198734,229330,SATTUR,GEN,VIRUDHUNAGAR,,23,86.66,0.07,yes,4,0.0,3.92,,,0,TRUE,1,,0,,,,0,FALSE,FALSE,FALSE,,,,,,State Assembly Election (AE)
Tamil_Nadu,13,204,2026,5,4,0,18,MUTHARASAN. M,,Independent,126,0,,198734,229330,SATTUR,GEN,VIRUDHUNAGAR,,23,86.66,0.06,yes,3,0.0,3.92,,,0,TRUE,1,,0,,,,0,FALSE,FALSE,FALSE,,,,,,State Assembly Election (AE)
Tamil_Nadu,13,204,2026,5,4,0,19,VENKATESAN. M,,Independent,123,0,,198734,229330,SATTUR,GEN,VIRUDHUNAGAR,,23,86.66,0.06,yes,18,0.01,3.92,,,0,TRUE,1,,0,,,,0,FALSE,FALSE,FALSE,,,,,,State Assembly Election (AE)
Tamil_Nadu,13,204,2026,5,4,0,20,MUTHUKANNU. C,,Tamilaga Makkal Nala Katchi,105,0,,198734,229330,SATTUR,GEN,VIRUDHUNAGAR,,23,86.66,0.05,yes,17,0.01,3.92,,,0,TRUE,1,,0,,,,0,FALSE,FALSE,FALSE,,,,,,State Assembly Election (AE)
Tamil_Nadu,13,204,2026,5,4,0,21,NARMADA NANDHAKUMAR,,Independent,88,0,,198734,229330,SATTUR,GEN,VIRUDHUNAGAR,,23,86.66,0.04,yes,2,0.0,3.92,,,0,TRUE,1,,0,,,,0,FALSE,FALSE,FALSE,,,,,,State Assembly Election (AE)
Tamil_Nadu,13,204,2026,5,4,0,22,AJITHKUMAR. S,,Independent,86,0,,198734,229330,SATTUR,GEN,VIRUDHUNAGAR,,23,86.66,0.04,yes,0,0.0,3.92,,,0,TRUE,1,,0,,,,0,FALSE,FALSE,FALSE,,,,,,State Assembly Election (AE)
Tamil_Nadu,13,204,2026,5,4,0,23,KALIRAJ. M,,Independent,86,0,,198734,229330,SATTUR,GEN,VIRUDHUNAGAR,,23,86.66,0.04,yes,86,0.04,3.92,,,0,TRUE,1,,0,,,,0,FALSE,FALSE,FALSE,,,,,,State Assembly Election (AE)
Tamil_Nadu,13,205,2026,5,4,0,1,KEERTHANA S,,Tamilaga Vettri Kazhagam,68709,0,,193517,228205,SIVAKASI,GEN,VIRUDHUNAGAR,,15,84.8,35.51,no,11670,6.03,3.5,,,0,TRUE,1,,0,,,,0,FALSE,FALSE,FALSE,,,,,,State Assembly Election (AE)
Tamil_Nadu,13,205,2026,5,4,0,2,ASHOKAN G,,Indian National Congress,57039,0,,193517,228205,SIVAKASI,GEN,VIRUDHUNAGAR,,15,84.8,29.47,no,5961,3.08,3.5,,,0,TRUE,1,,0,,,,0,FALSE,FALSE,FALSE,,,,,,State Assembly Election (AE)
Tamil_Nadu,13,205,2026,5,4,0,3,RAJENTHRABHALAJI K T,,All India Anna Dravida Munnetra Kazhagam,51078,0,,193517,228205,SIVAKASI,GEN,VIRUDHUNAGAR,,15,84.8,26.39,no,40887,21.13,3.5,,,0,TRUE,1,,0,,,,0,FALSE,FALSE,FALSE,,,,,,State Assembly Election (AE)
Tamil_Nadu,13,205,2026,5,4,0,4,ESTHER MARY DIANA A,,Naam Tamilar Katchi,10191,0,,193517,228205,SIVAKASI,GEN,VIRUDHUNAGAR,,15,84.8,5.27,yes,7678,3.97,3.5,,,0,TRUE,1,,0,,,,0,FALSE,FALSE,FALSE,,,,,,State Assembly Election (AE)
Tamil_Nadu,13,205,2026,5,4,0,5,KANIPANDI M,,Puthiya Tamilagam,2513,0,,193517,228205,SIVAKASI,GEN,VIRUDHUNAGAR,,15,84.8,1.3,yes,784,0.41,3.5,,,0,TRUE,1,,0,,,,0,FALSE,FALSE,FALSE,,,,,,State Assembly Election (AE)
Tamil_Nadu,13,205,2026,5,4,0,6,GANESAN M,,All India Puratchi Thalaivar Makkal Munnettra Kazhagam,1729,0,,193517,228205,SIVAKASI,GEN,VIRUDHUNAGAR,,15,84.8,0.89,yes,781,0.4,3.5,,,0,TRUE,1,,0,,,,0,FALSE,FALSE,FALSE,,,,,,State Assembly Election (AE)
Tamil_Nadu,13,205,2026,5,4,0,7,None Of The Above,,None of the Above,948,0,,193517,228205,SIVAKASI,GEN,VIRUDHUNAGAR,,15,84.8,0.49,yes,719,0.37,3.5,,,0,TRUE,1,,0,,,,0,FALSE,FALSE,FALSE,,,,,,State Assembly Election (AE)
Tamil_Nadu,13,205,2026,5,4,0,8,SURESH K,,Bahujan Samaj Party,229,0,,193517,228205,SIVAKASI,GEN,VIRUDHUNAGAR,,15,84.8,0.12,yes,16,0.01,3.5,,,0,TRUE,1,,0,,,,0,FALSE,FALSE,FALSE,,,,,,State Assembly Election (AE)
Tamil_Nadu,13,205,2026,5,4,0,9,RAMESH P,,Independent,213,0,,193517,228205,SIVAKASI,GEN,VIRUDHUNAGAR,,15,84.8,0.11,yes,8,0.0,3.5,,,0,TRUE,1,,0,,,,0,FALSE,FALSE,FALSE,,,,,,State Assembly Election (AE)
Tamil_Nadu,13,205,2026,5,4,0,10,NAGALAKSHMI V,,Independent,205,0,,193517,228205,SIVAKASI,GEN,VIRUDHUNAGAR,,15,84.8,0.11,yes,6,0.0,3.5,,,0,TRUE,1,,0,,,,0,FALSE,FALSE,FALSE,,,,,,State Assembly Election (AE)
Tamil_Nadu,13,205,2026,5,4,0,11,VENKATESH V,,Independent,199,0,,193517,228205,SIVAKASI,GEN,VIRUDHUNAGAR,,15,84.8,0.1,yes,37,0.02,3.5,,,0,TRUE,1,,0,,,,0,FALSE,FALSE,FALSE,,,,,,State Assembly Election (AE)
Tamil_Nadu,13,205,2026,5,4,0,12,CHINNADURAI ALIAS DIMITRO S,,Communist Party of India (Marxist-Leninist) (Liberation),162,0,,193517,228205,SIVAKASI,GEN,VIRUDHUNAGAR,,15,84.8,0.08,yes,42,0.02,3.5,,,0,TRUE,1,,0,,,,0,FALSE,FALSE,FALSE,,,,,,State Assembly Election (AE)
Tamil_Nadu,13,205,2026,5,4,0,13,MURUGAN M,,Independent,120,0,,193517,228205,SIVAKASI,GEN,VIRUDHUNAGAR,,15,84.8,0.06,yes,18,0.01,3.5,,,0,TRUE,1,,0,,,,0,FALSE,FALSE,FALSE,,,,,,State Assembly Election (AE)
Tamil_Nadu,13,205,2026,5,4,0,14,GANESAN S,,Independent,102,0,,193517,228205,SIVAKASI,GEN,VIRUDHUNAGAR,,15,84.8,0.05,yes,22,0.01,3.5,,,0,TRUE,1,,0,,,,0,FALSE,FALSE,FALSE,,,,,,State Assembly Election (AE)
Tamil_Nadu,13,205,2026,5,4,0,15,GANESAN V,,Independent,80,0,,193517,228205,SIVAKASI,GEN,VIRUDHUNAGAR,,15,84.8,0.04,yes,80,0.04,3.5,,,0,TRUE,1,,0,,,,0,FALSE,FALSE,FALSE,,,,,,State Assembly Election (AE)
Tamil_Nadu,13,206,2026,5,4,0,1,SELVAM P,,Tamilaga Vettri Kazhagam,63653,0,,167832,200618,VIRUDHUNAGAR,GEN,VIRUDHUNAGAR,,16,83.66,37.93,no,9391,5.6,3.4,,,0,TRUE,1,,0,,,,0,FALSE,FALSE,FALSE,,,,,,State Assembly Election (AE)
Tamil_Nadu,13,206,2026,5,4,0,2,VIJAYAPRABHAKAR,,Desiya Murpokku Dravida Kazhagam,54262,0,,167832,200618,VIRUDHUNAGAR,GEN,VIRUDHUNAGAR,,16,83.66,32.33,no,20050,11.95,3.4,,,0,TRUE,1,,0,,,,0,FALSE,FALSE,FALSE,,,,,,State Assembly Election (AE)
Tamil_Nadu,13,206,2026,5,4,0,3,GANESAN V.G.,,All India Anna Dravida Munnetra Kazhagam,34212,0,,167832,200618,VIRUDHUNAGAR,GEN,VIRUDHUNAGAR,,16,83.66,20.38,no,24092,14.35,3.4,,,0,TRUE,1,,0,,,,0,FALSE,FALSE,FALSE,,,,,,State Assembly Election (AE)
Tamil_Nadu,13,206,2026,5,4,0,4,LAKSHMANAN,,Naam Tamilar Katchi,10120,0,,167832,200618,VIRUDHUNAGAR,GEN,VIRUDHUNAGAR,,16,83.66,6.03,yes,7903,4.71,3.4,,,0,TRUE,1,,0,,,,0,FALSE,FALSE,FALSE,,,,,,State Assembly Election (AE)
Tamil_Nadu,13,206,2026,5,4,0,5,BALASUBRAMANIAM M,,Puthiya Tamilagam,2217,0,,167832,200618,VIRUDHUNAGAR,GEN,VIRUDHUNAGAR,,16,83.66,1.32,yes,1263,0.75,3.4,,,0,TRUE,1,,0,,,,0,FALSE,FALSE,FALSE,,,,,,State Assembly Election (AE)
Tamil_Nadu,13,206,2026,5,4,0,6,None Of The Above,,None of the Above,954,0,,167832,200618,VIRUDHUNAGAR,GEN,VIRUDHUNAGAR,,16,83.66,0.57,yes,422,0.25,3.4,,,0,TRUE,1,,0,,,,0,FALSE,FALSE,FALSE,,,,,,State Assembly Election (AE)
Tamil_Nadu,13,206,2026,5,4,0,7,AJAY I,,Independent,532,0,,167832,200618,VIRUDHUNAGAR,GEN,VIRUDHUNAGAR,,16,83.66,0.32,yes,23,0.01,3.4,,,0,TRUE,1,,0,,,,0,FALSE,FALSE,FALSE,,,,,,State Assembly Election (AE)
Tamil_Nadu,13,206,2026,5,4,0,8,MUTHUVEL S,,Independent,509,0,,167832,200618,VIRUDHUNAGAR,GEN,VIRUDHUNAGAR,,16,83.66,0.3,yes,166,0.1,3.4,,,0,TRUE,1,,0,,,,0,FALSE,FALSE,FALSE,,,,,,State Assembly Election (AE)
Tamil_Nadu,13,206,2026,5,4,0,9,SUBBURAJ K,,Independent,343,0,,167832,200618,VIRUDHUNAGAR,GEN,VIRUDHUNAGAR,,16,83.66,0.2,yes,139,0.08,3.4,,,0,TRUE,1,,0,,,,0,FALSE,FALSE,FALSE,,,,,,State Assembly Election (AE)
Tamil_Nadu,13,206,2026,5,4,0,10,GUNASUNDARAM R,,Independent,204,0,,167832,200618,VIRUDHUNAGAR,GEN,VIRUDHUNAGAR,,16,83.66,0.12,yes,22,0.01,3.4,,,0,TRUE,1,,0,,,,0,FALSE,FALSE,FALSE,,,,,,State Assembly Election (AE)
Tamil_Nadu,13,206,2026,5,4,0,11,GURUSAMY S,,Independent,182,0,,167832,200618,VIRUDHUNAGAR,GEN,VIRUDHUNAGAR,,16,83.66,0.11,yes,34,0.02,3.4,,,0,TRUE,1,,0,,,,0,FALSE,FALSE,FALSE,,,,,,State Assembly Election (AE)
Tamil_Nadu,13,206,2026,5,4,0,12,RATHINARAJA S,,Nam Naadu Nam Makkal Nam Ethirkaalam Katchi,148,0,,167832,200618,VIRUDHUNAGAR,GEN,VIRUDHUNAGAR,,16,83.66,0.09,yes,11,0.01,3.4,,,0,TRUE,1,,0,,,,0,FALSE,FALSE,FALSE,,,,,,State Assembly Election (AE)
Tamil_Nadu,13,206,2026,5,4,0,13,SANTHOSH KUMAR R,,Independent,137,0,,167832,200618,VIRUDHUNAGAR,GEN,VIRUDHUNAGAR,,16,83.66,0.08,yes,15,0.01,3.4,,,0,TRUE,1,,0,,,,0,FALSE,FALSE,FALSE,,,,,,State Assembly Election (AE)
Tamil_Nadu,13,206,2026,5,4,0,14,AMIRTHA PANDI M.V,,Independent,122,0,,167832,200618,VIRUDHUNAGAR,GEN,VIRUDHUNAGAR,,16,83.66,0.07,yes,3,0.0,3.4,,,0,TRUE,1,,0,,,,0,FALSE,FALSE,FALSE,,,,,,State Assembly Election (AE)
Tamil_Nadu,13,206,2026,5,4,0,15,RANJITH S,,Independent,119,0,,167832,200618,VIRUDHUNAGAR,GEN,VIRUDHUNAGAR,,16,83.66,0.07,yes,1,0.0,3.4,,,0,TRUE,1,,0,,,,0,FALSE,FALSE,FALSE,,,,,,State Assembly Election (AE)
Tamil_Nadu,13,206,2026,5,4,0,16,VIKRAMAN N,,Desa Makkal Munnetrak Kazhagam,118,0,,167832,200618,VIRUDHUNAGAR,GEN,VIRUDHUNAGAR,,16,83.66,0.07,yes,118,0.07,3.4,,,0,TRUE,1,,0,,,,0,FALSE,FALSE,FALSE,,,,,,State Assembly Election (AE)
Tamil_Nadu,13,207,2026,5,4,0,1,RAMACHANDRAN. K.K.S.S.R,,Dravida Munnetra Kazhagam,65104,0,,178413,207750,ARUPPUKKOTTAI,GEN,VIRUDHUNAGAR,,26,85.88,36.49,no,4943,2.77,3.42,,,0,TRUE,1,,0,,,,0,FALSE,FALSE,FALSE,,,,,,State Assembly Election (AE)
Tamil_Nadu,13,207,2026,5,4,0,2,KARTHIK KUMAR. K,,Tamilaga Vettri Kazhagam,60161,0,,178413,207750,ARUPPUKKOTTAI,GEN,VIRUDHUNAGAR,,26,85.88,33.72,no,22971,12.88,3.42,,,0,TRUE,1,,0,,,,0,FALSE,FALSE,FALSE,,,,,,State Assembly Election (AE)
Tamil_Nadu,13,207,2026,5,4,0,3,SETHUPATHY. S,,All India Anna Dravida Munnetra Kazhagam,37190,0,,178413,207750,ARUPPUKKOTTAI,GEN,VIRUDHUNAGAR,,26,85.88,20.84,no,28691,16.08,3.42,,,0,TRUE,1,,0,,,,0,FALSE,FALSE,FALSE,,,,,,State Assembly Election (AE)
Tamil_Nadu,13,207,2026,5,4,0,4,MANIMARAN. G,,Naam Tamilar Katchi,8499,0,,178413,207750,ARUPPUKKOTTAI,GEN,VIRUDHUNAGAR,,26,85.88,4.76,yes,6320,3.54,3.42,,,0,TRUE,1,,0,,,,0,FALSE,FALSE,FALSE,,,,,,State Assembly Election (AE)
Tamil_Nadu,13,207,2026,5,4,0,5,RAGUPATHI. K,,Puthiya Tamilagam,2179,0,,178413,207750,ARUPPUKKOTTAI,GEN,VIRUDHUNAGAR,,26,85.88,1.22,yes,1032,0.58,3.42,,,0,TRUE,1,,0,,,,0,FALSE,FALSE,FALSE,,,,,,State Assembly Election (AE)
Tamil_Nadu,13,207,2026,5,4,0,6,DHARMARAJ. P,,All India Puratchi Thalaivar Makkal Munnettra Kazhagam,1147,0,,178413,207750,ARUPPUKKOTTAI,GEN,VIRUDHUNAGAR,,26,85.88,0.64,yes,455,0.26,3.42,,,0,TRUE,1,,0,,,,0,FALSE,FALSE,FALSE,,,,,,State Assembly Election (AE)
Tamil_Nadu,13,207,2026,5,4,0,7,None Of The Above,,None of the Above,692,0,,178413,207750,ARUPPUKKOTTAI,GEN,VIRUDHUNAGAR,,26,85.88,0.39,yes,51,0.03,3.42,,,0,TRUE,1,,0,,,,0,FALSE,FALSE,FALSE,,,,,,State Assembly Election (AE)
Tamil_Nadu,13,207,2026,5,4,0,8,ARUMUGAM. V,,Independent,641,0,,178413,207750,ARUPPUKKOTTAI,GEN,VIRUDHUNAGAR,,26,85.88,0.36,yes,68,0.04,3.42,,,0,TRUE,1,,0,,,,0,FALSE,FALSE,FALSE,,,,,,State Assembly Election (AE)
Tamil_Nadu,13,207,2026,5,4,0,9,SURESHKUMAR. K,,Independent,573,0,,178413,207750,ARUPPUKKOTTAI,GEN,VIRUDHUNAGAR,,26,85.88,0.32,yes,149,0.08,3.42,,,0,TRUE,1,,0,,,,0,FALSE,FALSE,FALSE,,,,,,State Assembly Election (AE)
Tamil_Nadu,13,207,2026,5,4,0,10,SUNDARAMOORTHI. S,,Independent,424,0,,178413,207750,ARUPPUKKOTTAI,GEN,VIRUDHUNAGAR,,26,85.88,0.24,yes,159,0.09,3.42,,,0,TRUE,1,,0,,,,0,FALSE,FALSE,FALSE,,,,,,State Assembly Election (AE)
Tamil_Nadu,13,207,2026,5,4,0,11,SENTHILKUMAR. S,,Independent,265,0,,178413,207750,ARUPPUKKOTTAI,GEN,VIRUDHUNAGAR,,26,85.88,0.15,yes,71,0.04,3.42,,,0,TRUE,1,,0,,,,0,FALSE,FALSE,FALSE,,,,,,State Assembly Election (AE)
Tamil_Nadu,13,207,2026,5,4,0,12,GANESAN. V,,Puthiya Makkal Tamil Desam Katchi,194,0,,178413,207750,ARUPPUKKOTTAI,GEN,VIRUDHUNAGAR,,26,85.88,0.11,yes,32,0.02,3.42,,,0,TRUE,1,,0,,,,0,FALSE,FALSE,FALSE,,,,,,State Assembly Election (AE)
Tamil_Nadu,13,207,2026,5,4,0,13,RAMAKRISHNAN. S,,Independent,162,0,,178413,207750,ARUPPUKKOTTAI,GEN,VIRUDHUNAGAR,,26,85.88,0.09,yes,2,0.0,3.42,,,0,TRUE,1,,0,,,,0,FALSE,FALSE,FALSE,,,,,,State Assembly Election (AE)
Tamil_Nadu,13,207,2026,5,4,0,14,SANJAY GANDHI.  V,,Desa Makkal Munnetrak Kazhagam,160,0,,178413,207750,ARUPPUKKOTTAI,GEN,VIRUDHUNAGAR,,26,85.88,0.09,yes,0,0.0,3.42,,,0,TRUE,1,,0,,,,0,FALSE,FALSE,FALSE,,,,,,State Assembly Election (AE)
Tamil_Nadu,13,207,2026,5,4,0,15,ADVOCATE SADHURAGIRI. M,,Independent,160,0,,178413,207750,ARUPPUKKOTTAI,GEN,VIRUDHUNAGAR,,26,85.88,0.09,yes,21,0.01,3.42,,,0,TRUE,1,,0,,,,0,FALSE,FALSE,FALSE,,,,,,State Assembly Election (AE)
Tamil_Nadu,13,207,2026,5,4,0,16,ELANGO. G,,Ezhuchi Tamilargal Munnetra Kazhagam,139,0,,178413,207750,ARUPPUKKOTTAI,GEN,VIRUDHUNAGAR,,26,85.88,0.08,yes,19,0.01,3.42,,,0,TRUE,1,,0,,,,0,FALSE,FALSE,FALSE,,,,,,State Assembly Election (AE)
Tamil_Nadu,13,207,2026,5,4,0,17,SUNDARAMAHALINGAM. A,,Independent,120,0,,178413,207750,ARUPPUKKOTTAI,GEN,VIRUDHUNAGAR,,26,85.88,0.07,yes,5,0.0,3.42,,,0,TRUE,1,,0,,,,0,FALSE,FALSE,FALSE,,,,,,State Assembly Election (AE)
Tamil_Nadu,13,207,2026,5,4,0,18,ANANDHAN. A,,Independent,115,0,,178413,207750,ARUPPUKKOTTAI,GEN,VIRUDHUNAGAR,,26,85.88,0.06,yes,35,0.02,3.42,,,0,TRUE,1,,0,,,,0,FALSE,FALSE,FALSE,,,,,,State Assembly Election (AE)
Tamil_Nadu,13,207,2026,5,4,0,19,MUNIYANDI. M,,Independent,80,0,,178413,207750,ARUPPUKKOTTAI,GEN,VIRUDHUNAGAR,,26,85.88,0.04,yes,4,0.0,3.42,,,0,TRUE,1,,0,,,,0,FALSE,FALSE,FALSE,,,,,,State Assembly Election (AE)
Tamil_Nadu,13,207,2026,5,4,0,20,CHINNASAMY. G,,Independent,76,0,,178413,207750,ARUPPUKKOTTAI,GEN,VIRUDHUNAGAR,,26,85.88,0.04,yes,8,0.0,3.42,,,0,TRUE,1,,0,,,,0,FALSE,FALSE,FALSE,,,,,,State Assembly Election (AE)
Tamil_Nadu,13,207,2026,5,4,0,21,PALANIKUMAR. M,,Independent,68,0,,178413,207750,ARUPPUKKOTTAI,GEN,VIRUDHUNAGAR,,26,85.88,0.04,yes,10,0.01,3.42,,,0,TRUE,1,,0,,,,0,FALSE,FALSE,FALSE,,,,,,State Assembly Election (AE)
Tamil_Nadu,13,207,2026,5,4,0,22,RAMAMOORTHY. G,,Independent,58,0,,178413,207750,ARUPPUKKOTTAI,GEN,VIRUDHUNAGAR,,26,85.88,0.03,yes,2,0.0,3.42,,,0,TRUE,1,,0,,,,0,FALSE,FALSE,FALSE,,,,,,State Assembly Election (AE)
Tamil_Nadu,13,207,2026,5,4,0,23,VEERARAJ. R,,Independent,56,0,,178413,207750,ARUPPUKKOTTAI,GEN,VIRUDHUNAGAR,,26,85.88,0.03,yes,3,0.0,3.42,,,0,TRUE,1,,0,,,,0,FALSE,FALSE,FALSE,,,,,,State Assembly Election (AE)
Tamil_Nadu,13,207,2026,5,4,0,24,KARTHIK. M,,Independent,53,0,,178413,207750,ARUPPUKKOTTAI,GEN,VIRUDHUNAGAR,,26,85.88,0.03,yes,4,0.0,3.42,,,0,TRUE,1,,0,,,,0,FALSE,FALSE,FALSE,,,,,,State Assembly Election (AE)
Tamil_Nadu,13,207,2026,5,4,0,25,VENKATESAN. P.S,,Independent,49,0,,178413,207750,ARUPPUKKOTTAI,GEN,VIRUDHUNAGAR,,26,85.88,0.03,yes,1,0.0,3.42,,,0,TRUE,1,,0,,,,0,FALSE,FALSE,FALSE,,,,,,State Assembly Election (AE)
Tamil_Nadu,13,207,2026,5,4,0,26,MARIVEL. K,,Independent,48,0,,178413,207750,ARUPPUKKOTTAI,GEN,VIRUDHUNAGAR,,26,85.88,0.03,yes,48,0.03,3.42,,,0,TRUE,1,,0,,,,0,FALSE,FALSE,FALSE,,,,,,State Assembly Election (AE)
Tamil_Nadu,13,208,2026,5,4,0,1,THANGAM THENARASU,,Dravida Munnetra Kazhagam,75085,0,,181250,205301,TIRUCHULI,GEN,VIRUDHUNAGAR,,24,88.29,41.43,no,13485,7.44,3.2,,,0,TRUE,1,,0,,,,0,FALSE,FALSE,FALSE,,,,,,State Assembly Election (AE)
Tamil_Nadu,13,208,2026,5,4,0,2,SAMAYAN.S,,Tamilaga Vettri Kazhagam,61600,0,,181250,205301,TIRUCHULI,GEN,VIRUDHUNAGAR,,24,88.29,33.99,no,36019,19.87,3.2,,,0,TRUE,1,,0,,,,0,FALSE,FALSE,FALSE,,,,,,State Assembly Election (AE)
Tamil_Nadu,13,208,2026,5,4,0,3,RAJAVARMAN.M.S.R,,All India Anna Dravida Munnetra Kazhagam,25581,0,,181250,205301,TIRUCHULI,GEN,VIRUDHUNAGAR,,24,88.29,14.11,yes,12818,7.07,3.2,,,0,TRUE,1,,0,,,,0,FALSE,FALSE,FALSE,,,,,,State Assembly Election (AE)
Tamil_Nadu,13,208,2026,5,4,0,4,AVARANGADU KARTHIK RAJA,,Naam Tamilar Katchi,12763,0,,181250,205301,TIRUCHULI,GEN,VIRUDHUNAGAR,,24,88.29,7.04,yes,11515,6.35,3.2,,,0,TRUE,1,,0,,,,0,FALSE,FALSE,FALSE,,,,,,State Assembly Election (AE)
Tamil_Nadu,13,208,2026,5,4,0,5,GUNASEKARAN.G,,Puthiya Tamilagam,1248,0,,181250,205301,TIRUCHULI,GEN,VIRUDHUNAGAR,,24,88.29,0.69,yes,141,0.08,3.2,,,0,TRUE,1,,0,,,,0,FALSE,FALSE,FALSE,,,,,,State Assembly Election (AE)
Tamil_Nadu,13,208,2026,5,4,0,6,MURUGESAPANDIAN.T,,All India Puratchi Thalaivar Makkal Munnettra Kazhagam,1107,0,,181250,205301,TIRUCHULI,GEN,VIRUDHUNAGAR,,24,88.29,0.61,yes,476,0.26,3.2,,,0,TRUE,1,,0,,,,0,FALSE,FALSE,FALSE,,,,,,State Assembly Election (AE)
Tamil_Nadu,13,208,2026,5,4,0,7,MALAI ALAGU.M,,Independent,631,0,,181250,205301,TIRUCHULI,GEN,VIRUDHUNAGAR,,24,88.29,0.35,yes,106,0.06,3.2,,,0,TRUE,1,,0,,,,0,FALSE,FALSE,FALSE,,,,,,State Assembly Election (AE)
Tamil_Nadu,13,208,2026,5,4,0,8,ADVOCATE THANGAPANDIAN,,Independent,525,0,,181250,205301,TIRUCHULI,GEN,VIRUDHUNAGAR,,24,88.29,0.29,yes,100,0.06,3.2,,,0,TRUE,1,,0,,,,0,FALSE,FALSE,FALSE,,,,,,State Assembly Election (AE)
Tamil_Nadu,13,208,2026,5,4,0,9,None Of The Above,,None of the Above,425,0,,181250,205301,TIRUCHULI,GEN,VIRUDHUNAGAR,,24,88.29,0.23,yes,33,0.02,3.2,,,0,TRUE,1,,0,,,,0,FALSE,FALSE,FALSE,,,,,,State Assembly Election (AE)
Tamil_Nadu,13,208,2026,5,4,0,10,MARIMUTHU.M,,Independent,392,0,,181250,205301,TIRUCHULI,GEN,VIRUDHUNAGAR,,24,88.29,0.22,yes,111,0.06,3.2,,,0,TRUE,1,,0,,,,0,FALSE,FALSE,FALSE,,,,,,State Assembly Election (AE)
Tamil_Nadu,13,208,2026,5,4,0,11,KANNAN.G,,Ezhuchi Tamilargal Munnetra Kazhagam,281,0,,181250,205301,TIRUCHULI,GEN,VIRUDHUNAGAR,,24,88.29,0.16,yes,36,0.02,3.2,,,0,TRUE,1,,0,,,,0,FALSE,FALSE,FALSE,,,,,,State Assembly Election (AE)
Tamil_Nadu,13,208,2026,5,4,0,12,SETHURAMALINGAM.S,,Independent,245,0,,181250,205301,TIRUCHULI,GEN,VIRUDHUNAGAR,,24,88.29,0.14,yes,50,0.03,3.2,,,0,TRUE,1,,0,,,,0,FALSE,FALSE,FALSE,,,,,,State Assembly Election (AE)
Tamil_Nadu,13,208,2026,5,4,0,13,PALANIYANDI.M,,Independent,195,0,,181250,205301,TIRUCHULI,GEN,VIRUDHUNAGAR,,24,88.29,0.11,yes,31,0.02,3.2,,,0,TRUE,1,,0,,,,0,FALSE,FALSE,FALSE,,,,,,State Assembly Election (AE)
Tamil_Nadu,13,208,2026,5,4,0,14,NALLAMARUTHU.K,,Independent,164,0,,181250,205301,TIRUCHULI,GEN,VIRUDHUNAGAR,,24,88.29,0.09,yes,2,0.0,3.2,,,0,TRUE,1,,0,,,,0,FALSE,FALSE,FALSE,,,,,,State Assembly Election (AE)
Tamil_Nadu,13,208,2026,5,4,0,15,RAJANGAM.C,,Independent,162,0,,181250,205301,TIRUCHULI,GEN,VIRUDHUNAGAR,,24,88.29,0.09,yes,38,0.02,3.2,,,0,TRUE,1,,0,,,,0,FALSE,FALSE,FALSE,,,,,,State Assembly Election (AE)
Tamil_Nadu,13,208,2026,5,4,0,16,KALIMUTHU.S,,Independent,124,0,,181250,205301,TIRUCHULI,GEN,VIRUDHUNAGAR,,24,88.29,0.07,yes,5,0.0,3.2,,,0,TRUE,1,,0,,,,0,FALSE,FALSE,FALSE,,,,,,State Assembly Election (AE)
Tamil_Nadu,13,208,2026,5,4,0,17,RAJKUMAR.D,,Tamizhaga Vaazhvurimai Katchi,119,0,,181250,205301,TIRUCHULI,GEN,VIRUDHUNAGAR,,24,88.29,0.07,yes,5,0.0,3.2,,,0,TRUE,1,,0,,,,0,FALSE,FALSE,FALSE,,,,,,State Assembly Election (AE)
Tamil_Nadu,13,208,2026,5,4,0,18,GURUSAMY.T,,Independent,114,0,,181250,205301,TIRUCHULI,GEN,VIRUDHUNAGAR,,24,88.29,0.06,yes,6,0.0,3.2,,,0,TRUE,1,,0,,,,0,FALSE,FALSE,FALSE,,,,,,State Assembly Election (AE)
Tamil_Nadu,13,208,2026,5,4,0,19,VELLAISAMY.P,,Ahimsa Socialist Party,108,0,,181250,205301,TIRUCHULI,GEN,VIRUDHUNAGAR,,24,88.29,0.06,yes,20,0.01,3.2,,,0,TRUE,1,,0,,,,0,FALSE,FALSE,FALSE,,,,,,State Assembly Election (AE)
Tamil_Nadu,13,208,2026,5,4,0,20,JEYACHITRA,,Independent,88,0,,181250,205301,TIRUCHULI,GEN,VIRUDHUNAGAR,,24,88.29,0.05,yes,3,0.0,3.2,,,0,TRUE,1,,0,,,,0,FALSE,FALSE,FALSE,,,,,,State Assembly Election (AE)
Tamil_Nadu,13,208,2026,5,4,0,21,CHENNA KESAVAN.P,,Independent,85,0,,181250,205301,TIRUCHULI,GEN,VIRUDHUNAGAR,,24,88.29,0.05,yes,8,0.0,3.2,,,0,TRUE,1,,0,,,,0,FALSE,FALSE,FALSE,,,,,,State Assembly Election (AE)
Tamil_Nadu,13,208,2026,5,4,0,22,MUNIYASAMY.R,,Independent,77,0,,181250,205301,TIRUCHULI,GEN,VIRUDHUNAGAR,,24,88.29,0.04,yes,11,0.01,3.2,,,0,TRUE,1,,0,,,,0,FALSE,FALSE,FALSE,,,,,,State Assembly Election (AE)
Tamil_Nadu,13,208,2026,5,4,0,23,MARNADU.M,,Independent,66,0,,181250,205301,TIRUCHULI,GEN,VIRUDHUNAGAR,,24,88.29,0.04,yes,1,0.0,3.2,,,0,TRUE,1,,0,,,,0,FALSE,FALSE,FALSE,,,,,,State Assembly Election (AE)
Tamil_Nadu,13,208,2026,5,4,0,24,ARAVINTHASAMY.J,,Independent,65,0,,181250,205301,TIRUCHULI,GEN,VIRUDHUNAGAR,,24,88.29,0.04,yes,65,0.04,3.2,,,0,TRUE,1,,0,,,,0,FALSE,FALSE,FALSE,,,,,,State Assembly Election (AE)
Tamil_Nadu,13,209,2026,5,4,0,1,ADVOCATE. KATHIRAVAN. K.K,,Dravida Munnetra Kazhagam,59161,0,,189753,234608,PARAMAKUDI,SC,RAMANATHAPURAM,,13,80.88,31.18,no,3548,1.87,3.69,,,0,TRUE,1,,0,,,,0,FALSE,FALSE,FALSE,,,,,,State Assembly Election (AE)
Tamil_Nadu,13,209,2026,5,4,0,2,GOPIRAJAN. G,,Tamilaga Vettri Kazhagam,55613,0,,189753,234608,PARAMAKUDI,SC,RAMANATHAPURAM,,13,80.88,29.31,no,1514,0.8,3.69,,,0,TRUE,1,,0,,,,0,FALSE,FALSE,FALSE,,,,,,State Assembly Election (AE)
Tamil_Nadu,13,209,2026,5,4,0,3,DR. MUTHIAH. S,,All India Anna Dravida Munnetra Kazhagam,54099,0,,189753,234608,PARAMAKUDI,SC,RAMANATHAPURAM,,13,80.88,28.51,no,38736,20.41,3.69,,,0,TRUE,1,,0,,,,0,FALSE,FALSE,FALSE,,,,,,State Assembly Election (AE)
Tamil_Nadu,13,209,2026,5,4,0,4,EZHIL ELAVARASI. R,,Naam Tamilar Katchi,15363,0,,189753,234608,PARAMAKUDI,SC,RAMANATHAPURAM,,13,80.88,8.1,yes,13124,6.92,3.69,,,0,TRUE,1,,0,,,,0,FALSE,FALSE,FALSE,,,,,,State Assembly Election (AE)
Tamil_Nadu,13,209,2026,5,4,0,5,AMIRTHA. M,,All India Puratchi Thalaivar Makkal Munnettra Kazhagam,2239,0,,189753,234608,PARAMAKUDI,SC,RAMANATHAPURAM,,13,80.88,1.18,yes,1235,0.65,3.69,,,0,TRUE,1,,0,,,,0,FALSE,FALSE,FALSE,,,,,,State Assembly Election (AE)
Tamil_Nadu,13,209,2026,5,4,0,6,RATHINA PRAKASH. K,,Puthiya Tamilagam,1004,0,,189753,234608,PARAMAKUDI,SC,RAMANATHAPURAM,,13,80.88,0.53,yes,294,0.15,3.69,,,0,TRUE,1,,0,,,,0,FALSE,FALSE,FALSE,,,,,,State Assembly Election (AE)
Tamil_Nadu,13,209,2026,5,4,0,7,None Of The Above,,None of the Above,710,0,,189753,234608,PARAMAKUDI,SC,RAMANATHAPURAM,,13,80.88,0.37,yes,331,0.17,3.69,,,0,TRUE,1,,0,,,,0,FALSE,FALSE,FALSE,,,,,,State Assembly Election (AE)
Tamil_Nadu,13,209,2026,5,4,0,8,KATHIRAVAN. R,,Independent,379,0,,189753,234608,PARAMAKUDI,SC,RAMANATHAPURAM,,13,80.88,0.2,yes,55,0.03,3.69,,,0,TRUE,1,,0,,,,0,FALSE,FALSE,FALSE,,,,,,State Assembly Election (AE)
Tamil_Nadu,13,209,2026,5,4,0,9,RAJU. A,,Independent,324,0,,189753,234608,PARAMAKUDI,SC,RAMANATHAPURAM,,13,80.88,0.17,yes,56,0.03,3.69,,,0,TRUE,1,,0,,,,0,FALSE,FALSE,FALSE,,,,,,State Assembly Election (AE)
Tamil_Nadu,13,209,2026,5,4,0,10,RAJA. M,,Independent,268,0,,189753,234608,PARAMAKUDI,SC,RAMANATHAPURAM,,13,80.88,0.14,yes,38,0.02,3.69,,,0,TRUE,1,,0,,,,0,FALSE,FALSE,FALSE,,,,,,State Assembly Election (AE)
Tamil_Nadu,13,209,2026,5,4,0,11,KARTHIK VANI. B,,Independent,230,0,,189753,234608,PARAMAKUDI,SC,RAMANATHAPURAM,,13,80.88,0.12,yes,5,0.0,3.69,,,0,TRUE,1,,0,,,,0,FALSE,FALSE,FALSE,,,,,,State Assembly Election (AE)
Tamil_Nadu,13,209,2026,5,4,0,12,MUTHTHIAH. M,,Independent,225,0,,189753,234608,PARAMAKUDI,SC,RAMANATHAPURAM,,13,80.88,0.12,yes,87,0.05,3.69,,,0,TRUE,1,,0,,,,0,FALSE,FALSE,FALSE,,,,,,State Assembly Election (AE)
Tamil_Nadu,13,209,2026,5,4,0,13,RADHA KRISHNAN. G,,Independent,138,0,,189753,234608,PARAMAKUDI,SC,RAMANATHAPURAM,,13,80.88,0.07,yes,138,0.07,3.69,,,0,TRUE,1,,0,,,,0,FALSE,FALSE,FALSE,,,,,,State Assembly Election (AE)
Tamil_Nadu,13,210,2026,5,4,0,1,RAJEEV,,Tamilaga Vettri Kazhagam,69551,0,,220278,283864,TIRUVADANAI,GEN,RAMANATHAPURAM,,22,77.6,31.57,no,2513,1.14,3.57,,,0,TRUE,1,,0,,,,0,FALSE,FALSE,FALSE,,,,,,State Assembly Election (AE)
Tamil_Nadu,13,210,2026,5,4,0,2,RM. KARUMANICKAM,,Indian National Congress,67038,0,,220278,283864,TIRUVADANAI,GEN,RAMANATHAPURAM,,22,77.6,30.43,no,3159,1.43,3.57,,,0,TRUE,1,,0,,,,0,FALSE,FALSE,FALSE,,,,,,State Assembly Election (AE)
Tamil_Nadu,13,210,2026,5,4,0,3,M.KEERTHIKA,,All India Anna Dravida Munnetra Kazhagam,63879,0,,220278,283864,TIRUVADANAI,GEN,RAMANATHAPURAM,,22,77.6,29.0,no,50490,22.92,3.57,,,0,TRUE,1,,0,,,,0,FALSE,FALSE,FALSE,,,,,,State Assembly Election (AE)
Tamil_Nadu,13,210,2026,5,4,0,4,N PREMNATH,,Naam Tamilar Katchi,13389,0,,220278,283864,TIRUVADANAI,GEN,RAMANATHAPURAM,,22,77.6,6.08,yes,11907,5.41,3.57,,,0,TRUE,1,,0,,,,0,FALSE,FALSE,FALSE,,,,,,State Assembly Election (AE)
Tamil_Nadu,13,210,2026,5,4,0,5,S SURESH KASINI VENTHAN,,All India Forward Bloc,1482,0,,220278,283864,TIRUVADANAI,GEN,RAMANATHAPURAM,,22,77.6,0.67,yes,807,0.37,3.57,,,0,TRUE,1,,0,,,,0,FALSE,FALSE,FALSE,,,,,,State Assembly Election (AE)
Tamil_Nadu,13,210,2026,5,4,0,6,ALAGARSAMY PANDIAN,,Independent,675,0,,220278,283864,TIRUVADANAI,GEN,RAMANATHAPURAM,,22,77.6,0.31,yes,56,0.03,3.57,,,0,TRUE,1,,0,,,,0,FALSE,FALSE,FALSE,,,,,,State Assembly Election (AE)
Tamil_Nadu,13,210,2026,5,4,0,7,S.BALUSAMY,,Puthiya Tamilagam,619,0,,220278,283864,TIRUVADANAI,GEN,RAMANATHAPURAM,,22,77.6,0.28,yes,128,0.06,3.57,,,0,TRUE,1,,0,,,,0,FALSE,FALSE,FALSE,,,,,,State Assembly Election (AE)
Tamil_Nadu,13,210,2026,5,4,0,8,A DINESH KUMAR,,Independent,491,0,,220278,283864,TIRUVADANAI,GEN,RAMANATHAPURAM,,22,77.6,0.22,yes,10,0.0,3.57,,,0,TRUE,1,,0,,,,0,FALSE,FALSE,FALSE,,,,,,State Assembly Election (AE)
Tamil_Nadu,13,210,2026,5,4,0,9,A SEGU ALI UDUMAN,,Independent,481,0,,220278,283864,TIRUVADANAI,GEN,RAMANATHAPURAM,,22,77.6,0.22,yes,24,0.01,3.57,,,0,TRUE,1,,0,,,,0,FALSE,FALSE,FALSE,,,,,,State Assembly Election (AE)
Tamil_Nadu,13,210,2026,5,4,0,10,R THILAGESWARAN,,Independent,457,0,,220278,283864,TIRUVADANAI,GEN,RAMANATHAPURAM,,22,77.6,0.21,yes,103,0.05,3.57,,,0,TRUE,1,,0,,,,0,FALSE,FALSE,FALSE,,,,,,State Assembly Election (AE)
Tamil_Nadu,13,210,2026,5,4,0,11,None Of The Above,,None of the Above,354,0,,220278,283864,TIRUVADANAI,GEN,RAMANATHAPURAM,,22,77.6,0.16,yes,24,0.01,3.57,,,0,TRUE,1,,0,,,,0,FALSE,FALSE,FALSE,,,,,,State Assembly Election (AE)
Tamil_Nadu,13,210,2026,5,4,0,12,B SIKKANDAR,,Independent,330,0,,220278,283864,TIRUVADANAI,GEN,RAMANATHAPURAM,,22,77.6,0.15,yes,72,0.03,3.57,,,0,TRUE,1,,0,,,,0,FALSE,FALSE,FALSE,,,,,,State Assembly Election (AE)
Tamil_Nadu,13,210,2026,5,4,0,13,A MUTHUSAMY,,Bahujan Samaj Party,258,0,,220278,283864,TIRUVADANAI,GEN,RAMANATHAPURAM,,22,77.6,0.12,yes,43,0.02,3.57,,,0,TRUE,1,,0,,,,0,FALSE,FALSE,FALSE,,,,,,State Assembly Election (AE)
Tamil_Nadu,13,210,2026,5,4,0,14,K KALEESWARAN,,Tamizhaga Vaazhvurimai Katchi,215,0,,220278,283864,TIRUVADANAI,GEN,RAMANATHAPURAM,,22,77.6,0.1,yes,6,0.0,3.57,,,0,TRUE,1,,0,,,,0,FALSE,FALSE,FALSE,,,,,,State Assembly Election (AE)
Tamil_Nadu,13,210,2026,5,4,0,15,MS ABDUL BAKKI,,Independent,209,0,,220278,283864,TIRUVADANAI,GEN,RAMANATHAPURAM,,22,77.6,0.09,yes,29,0.01,3.57,,,0,TRUE,1,,0,,,,0,FALSE,FALSE,FALSE,,,,,,State Assembly Election (AE)
Tamil_Nadu,13,210,2026,5,4,0,16,R ILAIYARAJA,,Indhu Dravida Makkal Katchi,180,0,,220278,283864,TIRUVADANAI,GEN,RAMANATHAPURAM,,22,77.6,0.08,yes,30,0.01,3.57,,,0,TRUE,1,,0,,,,0,FALSE,FALSE,FALSE,,,,,,State Assembly Election (AE)
Tamil_Nadu,13,210,2026,5,4,0,17,SAKTHIK KUMAR,,Independent,150,0,,220278,283864,TIRUVADANAI,GEN,RAMANATHAPURAM,,22,77.6,0.07,yes,25,0.01,3.57,,,0,TRUE,1,,0,,,,0,FALSE,FALSE,FALSE,,,,,,State Assembly Election (AE)
Tamil_Nadu,13,210,2026,5,4,0,18,N ANBU BAGURUDEEN,,Independent,125,0,,220278,283864,TIRUVADANAI,GEN,RAMANATHAPURAM,,22,77.6,0.06,yes,13,0.01,3.57,,,0,TRUE,1,,0,,,,0,FALSE,FALSE,FALSE,,,,,,State Assembly Election (AE)
Tamil_Nadu,13,210,2026,5,4,0,19,ALLA PICHAI,,Independent,112,0,,220278,283864,TIRUVADANAI,GEN,RAMANATHAPURAM,,22,77.6,0.05,yes,0,0.0,3.57,,,0,TRUE,1,,0,,,,0,FALSE,FALSE,FALSE,,,,,,State Assembly Election (AE)
Tamil_Nadu,13,210,2026,5,4,0,20,DEVASITHAM,,Independent,112,0,,220278,283864,TIRUVADANAI,GEN,RAMANATHAPURAM,,22,77.6,0.05,yes,3,0.0,3.57,,,0,TRUE,1,,0,,,,0,FALSE,FALSE,FALSE,,,,,,State Assembly Election (AE)
Tamil_Nadu,13,210,2026,5,4,0,21,M.VIJAY,,Independent,109,0,,220278,283864,TIRUVADANAI,GEN,RAMANATHAPURAM,,22,77.6,0.05,yes,47,0.02,3.57,,,0,TRUE,1,,0,,,,0,FALSE,FALSE,FALSE,,,,,,State Assembly Election (AE)
Tamil_Nadu,13,210,2026,5,4,0,22,A MANI,,Independent,62,0,,220278,283864,TIRUVADANAI,GEN,RAMANATHAPURAM,,22,77.6,0.03,yes,62,0.03,3.57,,,0,TRUE,1,,0,,,,0,FALSE,FALSE,FALSE,,,,,,State Assembly Election (AE)
Tamil_Nadu,13,211,2026,5,4,0,1,KATHARBATCHA MUTHURAMALINGAM,,Dravida Munnetra Kazhagam,89137,0,,237576,312303,RAMANATHAPURAM,GEN,RAMANATHAPURAM,,14,76.07,37.52,no,12459,5.24,3.27,,,0,TRUE,1,,0,,,,0,FALSE,FALSE,FALSE,,,,,,State Assembly Election (AE)
Tamil_Nadu,13,211,2026,5,4,0,2,SHAHUL HAMEED,,Tamilaga Vettri Kazhagam,76678,0,,237576,312303,RAMANATHAPURAM,GEN,RAMANATHAPURAM,,14,76.07,32.28,no,18948,7.98,3.27,,,0,TRUE,1,,0,,,,0,FALSE,FALSE,FALSE,,,,,,State Assembly Election (AE)
Tamil_Nadu,13,211,2026,5,4,0,3,GBS K.NAGENDRAN,,Bharatiya Janata Party,57730,0,,237576,312303,RAMANATHAPURAM,GEN,RAMANATHAPURAM,,14,76.07,24.3,no,46964,19.77,3.27,,,0,TRUE,1,,0,,,,0,FALSE,FALSE,FALSE,,,,,,State Assembly Election (AE)
Tamil_Nadu,13,211,2026,5,4,0,4,S.M. MUTHU KESAVAN,,Naam Tamilar Katchi,10766,0,,237576,312303,RAMANATHAPURAM,GEN,RAMANATHAPURAM,,14,76.07,4.53,yes,9813,4.13,3.27,,,0,TRUE,1,,0,,,,0,FALSE,FALSE,FALSE,,,,,,State Assembly Election (AE)
Tamil_Nadu,13,211,2026,5,4,0,5,None Of The Above,,None of the Above,953,0,,237576,312303,RAMANATHAPURAM,GEN,RAMANATHAPURAM,,14,76.07,0.4,yes,594,0.25,3.27,,,0,TRUE,1,,0,,,,0,FALSE,FALSE,FALSE,,,,,,State Assembly Election (AE)
Tamil_Nadu,13,211,2026,5,4,0,6,DR.J. ABUBAKKAR SITHICK,,Anna Puratchi Thalaivar Amma Dravida Munnetra Kazhagam,359,0,,237576,312303,RAMANATHAPURAM,GEN,RAMANATHAPURAM,,14,76.07,0.15,yes,3,0.0,3.27,,,0,TRUE,1,,0,,,,0,FALSE,FALSE,FALSE,,,,,,State Assembly Election (AE)
Tamil_Nadu,13,211,2026,5,4,0,7,K. MALESWARAN,,Independent,356,0,,237576,312303,RAMANATHAPURAM,GEN,RAMANATHAPURAM,,14,76.07,0.15,yes,6,0.0,3.27,,,0,TRUE,1,,0,,,,0,FALSE,FALSE,FALSE,,,,,,State Assembly Election (AE)
Tamil_Nadu,13,211,2026,5,4,0,8,A. CHINNA RAJA,,Independent,350,0,,237576,312303,RAMANATHAPURAM,GEN,RAMANATHAPURAM,,14,76.07,0.15,yes,3,0.0,3.27,,,0,TRUE,1,,0,,,,0,FALSE,FALSE,FALSE,,,,,,State Assembly Election (AE)
Tamil_Nadu,13,211,2026,5,4,0,9,KAN ILANGO,,Independent,347,0,,237576,312303,RAMANATHAPURAM,GEN,RAMANATHAPURAM,,14,76.07,0.15,yes,118,0.05,3.27,,,0,TRUE,1,,0,,,,0,FALSE,FALSE,FALSE,,,,,,State Assembly Election (AE)
Tamil_Nadu,13,211,2026,5,4,0,10,C. PARIRAJAN,,Veerath Thiyagi Viswanathadoss Thozhilalarkal Katchi,229,0,,237576,312303,RAMANATHAPURAM,GEN,RAMANATHAPURAM,,14,76.07,0.1,yes,6,0.0,3.27,,,0,TRUE,1,,0,,,,0,FALSE,FALSE,FALSE,,,,,,State Assembly Election (AE)
Tamil_Nadu,13,211,2026,5,4,0,11,PULLANI,,Independent,223,0,,237576,312303,RAMANATHAPURAM,GEN,RAMANATHAPURAM,,14,76.07,0.09,yes,63,0.03,3.27,,,0,TRUE,1,,0,,,,0,FALSE,FALSE,FALSE,,,,,,State Assembly Election (AE)
Tamil_Nadu,13,211,2026,5,4,0,12,KARTHIGAI PANDI,,Independent,160,0,,237576,312303,RAMANATHAPURAM,GEN,RAMANATHAPURAM,,14,76.07,0.07,yes,14,0.01,3.27,,,0,TRUE,1,,0,,,,0,FALSE,FALSE,FALSE,,,,,,State Assembly Election (AE)
Tamil_Nadu,13,211,2026,5,4,0,13,S. MURUGABOOPATHY,,Communist Party of India (Marxist-Leninist) (Liberation),146,0,,237576,312303,RAMANATHAPURAM,GEN,RAMANATHAPURAM,,14,76.07,0.06,yes,4,0.0,3.27,,,0,TRUE,1,,0,,,,0,FALSE,FALSE,FALSE,,,,,,State Assembly Election (AE)
Tamil_Nadu,13,211,2026,5,4,0,14,BALAKRISHNAN,,Independent,142,0,,237576,312303,RAMANATHAPURAM,GEN,RAMANATHAPURAM,,14,76.07,0.06,yes,142,0.06,3.27,,,0,TRUE,1,,0,,,,0,FALSE,FALSE,FALSE,,,,,,State Assembly Election (AE)
Tamil_Nadu,13,212,2026,5,4,0,1,R.S.RAJAKANNAPPAN,,Dravida Munnetra Kazhagam,68003,0,,231373,298958,MUDHUKULATHUR,GEN,RAMANATHAPURAM,,21,77.39,29.39,no,16598,7.17,4.7,,,0,TRUE,1,,0,,,,0,FALSE,FALSE,FALSE,,,,,,State Assembly Election (AE)
Tamil_Nadu,13,212,2026,5,4,0,2,MALARVIZHI. B,,Tamilaga Vettri Kazhagam,51405,0,,231373,298958,MUDHUKULATHUR,GEN,RAMANATHAPURAM,,21,77.39,22.22,no,3904,1.69,4.7,,,0,TRUE,1,,0,,,,0,FALSE,FALSE,FALSE,,,,,,State Assembly Election (AE)
Tamil_Nadu,13,212,2026,5,4,0,3,S.PANDI,,All India Anna Dravida Munnetra Kazhagam,47501,0,,231373,298958,MUDHUKULATHUR,GEN,RAMANATHAPURAM,,21,77.39,20.53,no,7079,3.06,4.7,,,0,TRUE,1,,0,,,,0,FALSE,FALSE,FALSE,,,,,,State Assembly Election (AE)
Tamil_Nadu,13,212,2026,5,4,0,4,DR.R.RAMKUMAR,,All India Puratchi Thalaivar Makkal Munnettra Kazhagam,40422,0,,231373,298958,MUDHUKULATHUR,GEN,RAMANATHAPURAM,,21,77.39,17.47,no,25310,10.94,4.7,,,0,TRUE,1,,0,,,,0,FALSE,FALSE,FALSE,,,,,,State Assembly Election (AE)
Tamil_Nadu,13,212,2026,5,4,0,5,CHANDRA PRABHA JEYAPAL,,Naam Tamilar Katchi,15112,0,,231373,298958,MUDHUKULATHUR,GEN,RAMANATHAPURAM,,21,77.39,6.53,yes,13070,5.65,4.7,,,0,TRUE,1,,0,,,,0,FALSE,FALSE,FALSE,,,,,,State Assembly Election (AE)
Tamil_Nadu,13,212,2026,5,4,0,6,SATHIYAM C.SARAVANAN,,Independent,2042,0,,231373,298958,MUDHUKULATHUR,GEN,RAMANATHAPURAM,,21,77.39,0.88,yes,792,0.34,4.7,,,0,TRUE,1,,0,,,,0,FALSE,FALSE,FALSE,,,,,,State Assembly Election (AE)
Tamil_Nadu,13,212,2026,5,4,0,7,M. IRULANDI,,Naadaalum Makkal Katchi,1250,0,,231373,298958,MUDHUKULATHUR,GEN,RAMANATHAPURAM,,21,77.39,0.54,yes,101,0.04,4.7,,,0,TRUE,1,,0,,,,0,FALSE,FALSE,FALSE,,,,,,State Assembly Election (AE)
Tamil_Nadu,13,212,2026,5,4,0,8,K.SENTHIL MALLAR,,Tamizhaga Vaazhvurimai Katchi,1149,0,,231373,298958,MUDHUKULATHUR,GEN,RAMANATHAPURAM,,21,77.39,0.5,yes,156,0.07,4.7,,,0,TRUE,1,,0,,,,0,FALSE,FALSE,FALSE,,,,,,State Assembly Election (AE)
Tamil_Nadu,13,212,2026,5,4,0,9,C.MALAISELVAM,,Puthiya Tamilagam,993,0,,231373,298958,MUDHUKULATHUR,GEN,RAMANATHAPURAM,,21,77.39,0.43,yes,507,0.22,4.7,,,0,TRUE,1,,0,,,,0,FALSE,FALSE,FALSE,,,,,,State Assembly Election (AE)
Tamil_Nadu,13,212,2026,5,4,0,10,R.MOOVENDRAN,,Independent,486,0,,231373,298958,MUDHUKULATHUR,GEN,RAMANATHAPURAM,,21,77.39,0.21,yes,41,0.02,4.7,,,0,TRUE,1,,0,,,,0,FALSE,FALSE,FALSE,,,,,,State Assembly Election (AE)
Tamil_Nadu,13,212,2026,5,4,0,11,RAVI GOVINTHAN,,Independent,445,0,,231373,298958,MUDHUKULATHUR,GEN,RAMANATHAPURAM,,21,77.39,0.19,yes,5,0.0,4.7,,,0,TRUE,1,,0,,,,0,FALSE,FALSE,FALSE,,,,,,State Assembly Election (AE)
Tamil_Nadu,13,212,2026,5,4,0,12,V.PANDI,,Independent,440,0,,231373,298958,MUDHUKULATHUR,GEN,RAMANATHAPURAM,,21,77.39,0.19,yes,11,0.0,4.7,,,0,TRUE,1,,0,,,,0,FALSE,FALSE,FALSE,,,,,,State Assembly Election (AE)
Tamil_Nadu,13,212,2026,5,4,0,13,None Of The Above,,None of the Above,429,0,,231373,298958,MUDHUKULATHUR,GEN,RAMANATHAPURAM,,21,77.39,0.19,yes,90,0.04,4.7,,,0,TRUE,1,,0,,,,0,FALSE,FALSE,FALSE,,,,,,State Assembly Election (AE)
Tamil_Nadu,13,212,2026,5,4,0,14,G. SELVARAJ,,Puthiya Makkal Tamil Desam Katchi,339,0,,231373,298958,MUDHUKULATHUR,GEN,RAMANATHAPURAM,,21,77.39,0.15,yes,4,0.0,4.7,,,0,TRUE,1,,0,,,,0,FALSE,FALSE,FALSE,,,,,,State Assembly Election (AE)
Tamil_Nadu,13,212,2026,5,4,0,15,M.BOOMINATHAN (A) M.K.VAIYAVAN,,Independent,335,0,,231373,298958,MUDHUKULATHUR,GEN,RAMANATHAPURAM,,21,77.39,0.14,yes,127,0.05,4.7,,,0,TRUE,1,,0,,,,0,FALSE,FALSE,FALSE,,,,,,State Assembly Election (AE)
Tamil_Nadu,13,212,2026,5,4,0,16,K.MURUGAN,,Independent,208,0,,231373,298958,MUDHUKULATHUR,GEN,RAMANATHAPURAM,,21,77.39,0.09,yes,12,0.01,4.7,,,0,TRUE,1,,0,,,,0,FALSE,FALSE,FALSE,,,,,,State Assembly Election (AE)
Tamil_Nadu,13,212,2026,5,4,0,17,K.GANGAI AMARAN,,Independent,196,0,,231373,298958,MUDHUKULATHUR,GEN,RAMANATHAPURAM,,21,77.39,0.08,yes,30,0.01,4.7,,,0,TRUE,1,,0,,,,0,FALSE,FALSE,FALSE,,,,,,State Assembly Election (AE)
Tamil_Nadu,13,212,2026,5,4,0,18,C.KENGUSAMY,,Independent,166,0,,231373,298958,MUDHUKULATHUR,GEN,RAMANATHAPURAM,,21,77.39,0.07,yes,2,0.0,4.7,,,0,TRUE,1,,0,,,,0,FALSE,FALSE,FALSE,,,,,,State Assembly Election (AE)
Tamil_Nadu,13,212,2026,5,4,0,19,M.KARUPPA SAMY,,Independent,164,0,,231373,298958,MUDHUKULATHUR,GEN,RAMANATHAPURAM,,21,77.39,0.07,yes,16,0.01,4.7,,,0,TRUE,1,,0,,,,0,FALSE,FALSE,FALSE,,,,,,State Assembly Election (AE)
Tamil_Nadu,13,212,2026,5,4,0,20,A. SARAVANAKUMAR,,Naam Indiar Party,148,0,,231373,298958,MUDHUKULATHUR,GEN,RAMANATHAPURAM,,21,77.39,0.06,yes,8,0.0,4.7,,,0,TRUE,1,,0,,,,0,FALSE,FALSE,FALSE,,,,,,State Assembly Election (AE)
Tamil_Nadu,13,212,2026,5,4,0,21,K.RAJAKUMAR,,Independent,140,0,,231373,298958,MUDHUKULATHUR,GEN,RAMANATHAPURAM,,21,77.39,0.06,yes,140,0.06,4.7,,,0,TRUE,1,,0,,,,0,FALSE,FALSE,FALSE,,,,,,State Assembly Election (AE)
Tamil_Nadu,13,213,2026,5,4,0,1,MARKANDAYAN G V,,Dravida Munnetra Kazhagam,58395,0,,174814,204982,VILATHIKULAM,GEN,THOOTHUKUDI,,16,85.28,33.4,no,8228,4.71,3.61,,,0,TRUE,1,,0,,,,0,FALSE,FALSE,FALSE,,,,,,State Assembly Election (AE)
Tamil_Nadu,13,213,2026,5,4,0,2,P. KASIRAM,,Tamilaga Vettri Kazhagam,50167,0,,174814,204982,VILATHIKULAM,GEN,THOOTHUKUDI,,16,85.28,28.7,no,1288,0.74,3.61,,,0,TRUE,1,,0,,,,0,FALSE,FALSE,FALSE,,,,,,State Assembly Election (AE)
Tamil_Nadu,13,213,2026,5,4,0,3,R. SATHYA,,All India Anna Dravida Munnetra Kazhagam,48879,0,,174814,204982,VILATHIKULAM,GEN,THOOTHUKUDI,,16,85.28,27.96,no,37099,21.22,3.61,,,0,TRUE,1,,0,,,,0,FALSE,FALSE,FALSE,,,,,,State Assembly Election (AE)
Tamil_Nadu,13,213,2026,5,4,0,4,BALAJI RAMACHANDRAN,,Naam Tamilar Katchi,11780,0,,174814,204982,VILATHIKULAM,GEN,THOOTHUKUDI,,16,85.28,6.74,yes,9723,5.56,3.61,,,0,TRUE,1,,0,,,,0,FALSE,FALSE,FALSE,,,,,,State Assembly Election (AE)
Tamil_Nadu,13,213,2026,5,4,0,5,P.MADASAMY,,Puthiya Tamilagam,2057,0,,174814,204982,VILATHIKULAM,GEN,THOOTHUKUDI,,16,85.28,1.18,yes,677,0.39,3.61,,,0,TRUE,1,,0,,,,0,FALSE,FALSE,FALSE,,,,,,State Assembly Election (AE)
Tamil_Nadu,13,213,2026,5,4,0,6,C. PONPANDI,,All India Puratchi Thalaivar Makkal Munnettra Kazhagam,1380,0,,174814,204982,VILATHIKULAM,GEN,THOOTHUKUDI,,16,85.28,0.79,yes,738,0.42,3.61,,,0,TRUE,1,,0,,,,0,FALSE,FALSE,FALSE,,,,,,State Assembly Election (AE)
Tamil_Nadu,13,213,2026,5,4,0,7,None Of The Above,,None of the Above,642,0,,174814,204982,VILATHIKULAM,GEN,THOOTHUKUDI,,16,85.28,0.37,yes,201,0.11,3.61,,,0,TRUE,1,,0,,,,0,FALSE,FALSE,FALSE,,,,,,State Assembly Election (AE)
Tamil_Nadu,13,213,2026,5,4,0,8,P. RAJASEKARAN,,Independent,441,0,,174814,204982,VILATHIKULAM,GEN,THOOTHUKUDI,,16,85.28,0.25,yes,266,0.15,3.61,,,0,TRUE,1,,0,,,,0,FALSE,FALSE,FALSE,,,,,,State Assembly Election (AE)
Tamil_Nadu,13,213,2026,5,4,0,9,G. MUNIYASAMY,,Independent,175,0,,174814,204982,VILATHIKULAM,GEN,THOOTHUKUDI,,16,85.28,0.1,yes,3,0.0,3.61,,,0,TRUE,1,,0,,,,0,FALSE,FALSE,FALSE,,,,,,State Assembly Election (AE)
Tamil_Nadu,13,213,2026,5,4,0,10,M. PONNUSAMY,,Independent,172,0,,174814,204982,VILATHIKULAM,GEN,THOOTHUKUDI,,16,85.28,0.1,yes,6,0.0,3.61,,,0,TRUE,1,,0,,,,0,FALSE,FALSE,FALSE,,,,,,State Assembly Election (AE)
Tamil_Nadu,13,213,2026,5,4,0,11,R. PERUMAL,,Naam Indiar Party,166,0,,174814,204982,VILATHIKULAM,GEN,THOOTHUKUDI,,16,85.28,0.09,yes,0,0.0,3.61,,,0,TRUE,1,,0,,,,0,FALSE,FALSE,FALSE,,,,,,State Assembly Election (AE)
Tamil_Nadu,13,213,2026,5,4,0,12,K. AJAY KUMAR,,Independent,166,0,,174814,204982,VILATHIKULAM,GEN,THOOTHUKUDI,,16,85.28,0.09,yes,18,0.01,3.61,,,0,TRUE,1,,0,,,,0,FALSE,FALSE,FALSE,,,,,,State Assembly Election (AE)
Tamil_Nadu,13,213,2026,5,4,0,13,P. JEYAKUMAR,,Independent,148,0,,174814,204982,VILATHIKULAM,GEN,THOOTHUKUDI,,16,85.28,0.08,yes,60,0.03,3.61,,,0,TRUE,1,,0,,,,0,FALSE,FALSE,FALSE,,,,,,State Assembly Election (AE)
Tamil_Nadu,13,213,2026,5,4,0,14,V. GANESAN,,Independent,88,0,,174814,204982,VILATHIKULAM,GEN,THOOTHUKUDI,,16,85.28,0.05,yes,1,0.0,3.61,,,0,TRUE,1,,0,,,,0,FALSE,FALSE,FALSE,,,,,,State Assembly Election (AE)
Tamil_Nadu,13,213,2026,5,4,0,15,A. PRABAHAR,,Independent,87,0,,174814,204982,VILATHIKULAM,GEN,THOOTHUKUDI,,16,85.28,0.05,yes,16,0.01,3.61,,,0,TRUE,1,,0,,,,0,FALSE,FALSE,FALSE,,,,,,State Assembly Election (AE)
Tamil_Nadu,13,213,2026,5,4,0,16,A. PATTURAJ,,Independent,71,0,,174814,204982,VILATHIKULAM,GEN,THOOTHUKUDI,,16,85.28,0.04,yes,71,0.04,3.61,,,0,TRUE,1,,0,,,,0,FALSE,FALSE,FALSE,,,,,,State Assembly Election (AE)
Tamil_Nadu,13,214,2026,5,4,0,1,SRINATH,,Tamilaga Vettri Kazhagam,100536,0,,204712,250587,THOOTHUKKUDI,GEN,THOOTHUKUDI,,16,81.69,49.11,no,37731,18.43,2.82,,,0,TRUE,1,,0,,,,0,FALSE,FALSE,FALSE,,,,,,State Assembly Election (AE)
Tamil_Nadu,13,214,2026,5,4,0,2,P. GEETHA JEEVAN,,Dravida Munnetra Kazhagam,62805,0,,204712,250587,THOOTHUKKUDI,GEN,THOOTHUKUDI,,16,81.69,30.68,no,36592,17.87,2.82,,,0,TRUE,1,,0,,,,0,FALSE,FALSE,FALSE,,,,,,State Assembly Election (AE)
Tamil_Nadu,13,214,2026,5,4,0,3,CHELLAPANDIAN S.T.,,All India Anna Dravida Munnetra Kazhagam,26213,0,,204712,250587,THOOTHUKKUDI,GEN,THOOTHUKUDI,,16,81.69,12.8,yes,14461,7.06,2.82,,,0,TRUE,1,,0,,,,0,FALSE,FALSE,FALSE,,,,,,State Assembly Election (AE)
Tamil_Nadu,13,214,2026,5,4,0,4,JACOB DEVADOSS ABISHEAK R.,,Naam Tamilar Katchi,11752,0,,204712,250587,THOOTHUKKUDI,GEN,THOOTHUKUDI,,16,81.69,5.74,yes,10899,5.32,2.82,,,0,TRUE,1,,0,,,,0,FALSE,FALSE,FALSE,,,,,,State Assembly Election (AE)
Tamil_Nadu,13,214,2026,5,4,0,5,None Of The Above,,None of the Above,853,0,,204712,250587,THOOTHUKKUDI,GEN,THOOTHUKUDI,,16,81.69,0.42,yes,164,0.08,2.82,,,0,TRUE,1,,0,,,,0,FALSE,FALSE,FALSE,,,,,,State Assembly Election (AE)
Tamil_Nadu,13,214,2026,5,4,0,6,YESADURAI S.,,All India Puratchi Thalaivar Makkal Munnettra Kazhagam,689,0,,204712,250587,THOOTHUKKUDI,GEN,THOOTHUKUDI,,16,81.69,0.34,yes,347,0.17,2.82,,,0,TRUE,1,,0,,,,0,FALSE,FALSE,FALSE,,,,,,State Assembly Election (AE)
Tamil_Nadu,13,214,2026,5,4,0,7,SAMUEL J.,,Independent,342,0,,204712,250587,THOOTHUKKUDI,GEN,THOOTHUKUDI,,16,81.69,0.17,yes,80,0.04,2.82,,,0,TRUE,1,,0,,,,0,FALSE,FALSE,FALSE,,,,,,State Assembly Election (AE)
Tamil_Nadu,13,214,2026,5,4,0,8,DHINAKARAN S.T.R.M.,,Independent,262,0,,204712,250587,THOOTHUKKUDI,GEN,THOOTHUKUDI,,16,81.69,0.13,yes,1,0.0,2.82,,,0,TRUE,1,,0,,,,0,FALSE,FALSE,FALSE,,,,,,State Assembly Election (AE)
Tamil_Nadu,13,214,2026,5,4,0,9,PONKUMARAN P.P.M.T,,Nam Naadu Nam Makkal Nam Ethirkaalam Katchi,261,0,,204712,250587,THOOTHUKKUDI,GEN,THOOTHUKUDI,,16,81.69,0.13,yes,18,0.01,2.82,,,0,TRUE,1,,0,,,,0,FALSE,FALSE,FALSE,,,,,,State Assembly Election (AE)
Tamil_Nadu,13,214,2026,5,4,0,10,SRIKANTH M.V.,,Naam Indiar Party,243,0,,204712,250587,THOOTHUKKUDI,GEN,THOOTHUKUDI,,16,81.69,0.12,yes,71,0.03,2.82,,,0,TRUE,1,,0,,,,0,FALSE,FALSE,FALSE,,,,,,State Assembly Election (AE)
Tamil_Nadu,13,214,2026,5,4,0,11,KIDAR SAMSDEEN N.A.,,Tamizhaga Vaazhvurimai Katchi,172,0,,204712,250587,THOOTHUKKUDI,GEN,THOOTHUKUDI,,16,81.69,0.08,yes,29,0.01,2.82,,,0,TRUE,1,,0,,,,0,FALSE,FALSE,FALSE,,,,,,State Assembly Election (AE)
Tamil_Nadu,13,214,2026,5,4,0,12,SAHAYAM T.,,Communist Party of India (Marxist-Leninist) (Liberation),143,0,,204712,250587,THOOTHUKKUDI,GEN,THOOTHUKUDI,,16,81.69,0.07,yes,6,0.0,2.82,,,0,TRUE,1,,0,,,,0,FALSE,FALSE,FALSE,,,,,,State Assembly Election (AE)
Tamil_Nadu,13,214,2026,5,4,0,13,PRASANNA KUMAR M.,,Makkal Nalvaazhvuk Katchi,137,0,,204712,250587,THOOTHUKKUDI,GEN,THOOTHUKUDI,,16,81.69,0.07,yes,22,0.01,2.82,,,0,TRUE,1,,0,,,,0,FALSE,FALSE,FALSE,,,,,,State Assembly Election (AE)
Tamil_Nadu,13,214,2026,5,4,0,14,BABU P.,,Independent,115,0,,204712,250587,THOOTHUKKUDI,GEN,THOOTHUKUDI,,16,81.69,0.06,yes,11,0.01,2.82,,,0,TRUE,1,,0,,,,0,FALSE,FALSE,FALSE,,,,,,State Assembly Election (AE)
Tamil_Nadu,13,214,2026,5,4,0,15,MUNEESWARA MOORTHY S.,,Independent,104,0,,204712,250587,THOOTHUKKUDI,GEN,THOOTHUKUDI,,16,81.69,0.05,yes,19,0.01,2.82,,,0,TRUE,1,,0,,,,0,FALSE,FALSE,FALSE,,,,,,State Assembly Election (AE)
Tamil_Nadu,13,214,2026,5,4,0,16,MARUTHU PANDIAN P.,,Independent,85,0,,204712,250587,THOOTHUKKUDI,GEN,THOOTHUKUDI,,16,81.69,0.04,yes,85,0.04,2.82,,,0,TRUE,1,,0,,,,0,FALSE,FALSE,FALSE,,,,,,State Assembly Election (AE)
Tamil_Nadu,13,215,2026,5,4,0,1,ANITHA R. RADHAKRISHNAN,,Dravida Munnetra Kazhagam,72723,0,,186050,232933,TIRUCHENDUR,GEN,THOOTHUKUDI,,14,79.87,39.09,no,5872,3.16,3.14,,,0,TRUE,1,,0,,,,0,FALSE,FALSE,FALSE,,,,,,State Assembly Election (AE)
Tamil_Nadu,13,215,2026,5,4,0,2,J. MURUGAN,,Tamilaga Vettri Kazhagam,66851,0,,186050,232933,TIRUCHENDUR,GEN,THOOTHUKUDI,,14,79.87,35.93,no,32692,17.57,3.14,,,0,TRUE,1,,0,,,,0,FALSE,FALSE,FALSE,,,,,,State Assembly Election (AE)
Tamil_Nadu,13,215,2026,5,4,0,3,K R M RADHAKRISHNAN,,Bharatiya Janata Party,34159,0,,186050,232933,TIRUCHENDUR,GEN,THOOTHUKUDI,,14,79.87,18.36,no,24365,13.1,3.14,,,0,TRUE,1,,0,,,,0,FALSE,FALSE,FALSE,,,,,,State Assembly Election (AE)
Tamil_Nadu,13,215,2026,5,4,0,4,OPHILIYA,,Naam Tamilar Katchi,9794,0,,186050,232933,TIRUCHENDUR,GEN,THOOTHUKUDI,,14,79.87,5.26,yes,9072,4.88,3.14,,,0,TRUE,1,,0,,,,0,FALSE,FALSE,FALSE,,,,,,State Assembly Election (AE)
Tamil_Nadu,13,215,2026,5,4,0,5,None Of The Above,,None of the Above,722,0,,186050,232933,TIRUCHENDUR,GEN,THOOTHUKUDI,,14,79.87,0.39,yes,280,0.15,3.14,,,0,TRUE,1,,0,,,,0,FALSE,FALSE,FALSE,,,,,,State Assembly Election (AE)
Tamil_Nadu,13,215,2026,5,4,0,6,GOPALAKRISHNAN,,All India Puratchi Thalaivar Makkal Munnettra Kazhagam,442,0,,186050,232933,TIRUCHENDUR,GEN,THOOTHUKUDI,,14,79.87,0.24,yes,121,0.07,3.14,,,0,TRUE,1,,0,,,,0,FALSE,FALSE,FALSE,,,,,,State Assembly Election (AE)
Tamil_Nadu,13,215,2026,5,4,0,7,MAHARAJAN. M,,Puthiya Makkal Tamil Desam Katchi,321,0,,186050,232933,TIRUCHENDUR,GEN,THOOTHUKUDI,,14,79.87,0.17,yes,84,0.05,3.14,,,0,TRUE,1,,0,,,,0,FALSE,FALSE,FALSE,,,,,,State Assembly Election (AE)
Tamil_Nadu,13,215,2026,5,4,0,8,RASIK MUSSAMMIL. K,,Tamizhaga Vaazhvurimai Katchi,237,0,,186050,232933,TIRUCHENDUR,GEN,THOOTHUKUDI,,14,79.87,0.13,yes,12,0.01,3.14,,,0,TRUE,1,,0,,,,0,FALSE,FALSE,FALSE,,,,,,State Assembly Election (AE)
Tamil_Nadu,13,215,2026,5,4,0,9,VENKATESH PERUMAL. S,,Independent,225,0,,186050,232933,TIRUCHENDUR,GEN,THOOTHUKUDI,,14,79.87,0.12,yes,50,0.03,3.14,,,0,TRUE,1,,0,,,,0,FALSE,FALSE,FALSE,,,,,,State Assembly Election (AE)
Tamil_Nadu,13,215,2026,5,4,0,10,MEERA SAHIB,,Independent,175,0,,186050,232933,TIRUCHENDUR,GEN,THOOTHUKUDI,,14,79.87,0.09,yes,26,0.01,3.14,,,0,TRUE,1,,0,,,,0,FALSE,FALSE,FALSE,,,,,,State Assembly Election (AE)
Tamil_Nadu,13,215,2026,5,4,0,11,SHAIK ABDUL KADER. P.S.J,,Independent,149,0,,186050,232933,TIRUCHENDUR,GEN,THOOTHUKUDI,,14,79.87,0.08,yes,52,0.03,3.14,,,0,TRUE,1,,0,,,,0,FALSE,FALSE,FALSE,,,,,,State Assembly Election (AE)
Tamil_Nadu,13,215,2026,5,4,0,12,PACKIA SAM. T,,Naam Indiar Party,97,0,,186050,232933,TIRUCHENDUR,GEN,THOOTHUKUDI,,14,79.87,0.05,yes,1,0.0,3.14,,,0,TRUE,1,,0,,,,0,FALSE,FALSE,FALSE,,,,,,State Assembly Election (AE)
Tamil_Nadu,13,215,2026,5,4,0,13,VEERAPPA. T,,Independent,96,0,,186050,232933,TIRUCHENDUR,GEN,THOOTHUKUDI,,14,79.87,0.05,yes,37,0.02,3.14,,,0,TRUE,1,,0,,,,0,FALSE,FALSE,FALSE,,,,,,State Assembly Election (AE)
Tamil_Nadu,13,215,2026,5,4,0,14,RAJALINGAM. M,,Independent,59,0,,186050,232933,TIRUCHENDUR,GEN,THOOTHUKUDI,,14,79.87,0.03,yes,59,0.03,3.14,,,0,TRUE,1,,0,,,,0,FALSE,FALSE,FALSE,,,,,,State Assembly Election (AE)
Tamil_Nadu,13,216,2026,5,4,0,1,SARAVANAN. G,,Tamilaga Vettri Kazhagam,58814,0,,176421,214268,SRIVAIKUNTAM,GEN,THOOTHUKUDI,,16,82.34,33.34,no,1186,0.67,3.59,,,0,TRUE,1,,0,,,,0,FALSE,FALSE,FALSE,,,,,,State Assembly Election (AE)
Tamil_Nadu,13,216,2026,5,4,0,2,SHANMUGANATHAN. S. P,,All India Anna Dravida Munnetra Kazhagam,57628,0,,176421,214268,SRIVAIKUNTAM,GEN,THOOTHUKUDI,,16,82.34,32.67,no,16351,9.27,3.59,,,0,TRUE,1,,0,,,,0,FALSE,FALSE,FALSE,,,,,,State Assembly Election (AE)
Tamil_Nadu,13,216,2026,5,4,0,3,OORVASI AMIRTHARAJ. S,,Indian National Congress,41277,0,,176421,214268,SRIVAIKUNTAM,GEN,THOOTHUKUDI,,16,82.34,23.4,no,28124,15.94,3.59,,,0,TRUE,1,,0,,,,0,FALSE,FALSE,FALSE,,,,,,State Assembly Election (AE)
Tamil_Nadu,13,216,2026,5,4,0,4,SHUNMUGASUNDARAM. S,,Naam Tamilar Katchi,13153,0,,176421,214268,SRIVAIKUNTAM,GEN,THOOTHUKUDI,,16,82.34,7.46,yes,10806,6.13,3.59,,,0,TRUE,1,,0,,,,0,FALSE,FALSE,FALSE,,,,,,State Assembly Election (AE)
Tamil_Nadu,13,216,2026,5,4,0,5,MUTHURAMALINGAM. S,,All India Forward Bloc,2347,0,,176421,214268,SRIVAIKUNTAM,GEN,THOOTHUKUDI,,16,82.34,1.33,yes,1332,0.76,3.59,,,0,TRUE,1,,0,,,,0,FALSE,FALSE,FALSE,,,,,,State Assembly Election (AE)
Tamil_Nadu,13,216,2026,5,4,0,6,RAJASUTHAN. N,,Puthiya Tamilagam,1015,0,,176421,214268,SRIVAIKUNTAM,GEN,THOOTHUKUDI,,16,82.34,0.58,yes,436,0.25,3.59,,,0,TRUE,1,,0,,,,0,FALSE,FALSE,FALSE,,,,,,State Assembly Election (AE)
Tamil_Nadu,13,216,2026,5,4,0,7,None Of The Above,,None of the Above,579,0,,176421,214268,SRIVAIKUNTAM,GEN,THOOTHUKUDI,,16,82.34,0.33,yes,283,0.16,3.59,,,0,TRUE,1,,0,,,,0,FALSE,FALSE,FALSE,,,,,,State Assembly Election (AE)
Tamil_Nadu,13,216,2026,5,4,0,8,SUDALAIMANI. A,,Nam Naadu Nam Makkal Nam Ethirkaalam Katchi,296,0,,176421,214268,SRIVAIKUNTAM,GEN,THOOTHUKUDI,,16,82.34,0.17,yes,48,0.03,3.59,,,0,TRUE,1,,0,,,,0,FALSE,FALSE,FALSE,,,,,,State Assembly Election (AE)
Tamil_Nadu,13,216,2026,5,4,0,9,BISHOP DR GODFREY NOBLE,,Independent,248,0,,176421,214268,SRIVAIKUNTAM,GEN,THOOTHUKUDI,,16,82.34,0.14,yes,40,0.02,3.59,,,0,TRUE,1,,0,,,,0,FALSE,FALSE,FALSE,,,,,,State Assembly Election (AE)
Tamil_Nadu,13,216,2026,5,4,0,10,SUBRAMANIAN. M,,Puthiya Makkal Tamil Desam Katchi,208,0,,176421,214268,SRIVAIKUNTAM,GEN,THOOTHUKUDI,,16,82.34,0.12,yes,21,0.01,3.59,,,0,TRUE,1,,0,,,,0,FALSE,FALSE,FALSE,,,,,,State Assembly Election (AE)
Tamil_Nadu,13,216,2026,5,4,0,11,VASANTH FERNANDO. T,,Independent,187,0,,176421,214268,SRIVAIKUNTAM,GEN,THOOTHUKUDI,,16,82.34,0.11,yes,9,0.01,3.59,,,0,TRUE,1,,0,,,,0,FALSE,FALSE,FALSE,,,,,,State Assembly Election (AE)
Tamil_Nadu,13,216,2026,5,4,0,12,MURUGAN. S,,Independent,178,0,,176421,214268,SRIVAIKUNTAM,GEN,THOOTHUKUDI,,16,82.34,0.1,yes,39,0.02,3.59,,,0,TRUE,1,,0,,,,0,FALSE,FALSE,FALSE,,,,,,State Assembly Election (AE)
Tamil_Nadu,13,216,2026,5,4,0,13,ARUNACHALAM. C,,Independent,139,0,,176421,214268,SRIVAIKUNTAM,GEN,THOOTHUKUDI,,16,82.34,0.08,yes,4,0.0,3.59,,,0,TRUE,1,,0,,,,0,FALSE,FALSE,FALSE,,,,,,State Assembly Election (AE)
Tamil_Nadu,13,216,2026,5,4,0,14,VIYANARASU. A,,Tamizhaga Vaazhvurimai Katchi,135,0,,176421,214268,SRIVAIKUNTAM,GEN,THOOTHUKUDI,,16,82.34,0.08,yes,5,0.0,3.59,,,0,TRUE,1,,0,,,,0,FALSE,FALSE,FALSE,,,,,,State Assembly Election (AE)
Tamil_Nadu,13,216,2026,5,4,0,15,MUNDASAMY.  K,,Vishwa Tamil Kazhagam,130,0,,176421,214268,SRIVAIKUNTAM,GEN,THOOTHUKUDI,,16,82.34,0.07,yes,43,0.02,3.59,,,0,TRUE,1,,0,,,,0,FALSE,FALSE,FALSE,,,,,,State Assembly Election (AE)
Tamil_Nadu,13,216,2026,5,4,0,16,BHARATH. M,,Naam Indiar Party,87,0,,176421,214268,SRIVAIKUNTAM,GEN,THOOTHUKUDI,,16,82.34,0.05,yes,87,0.05,3.59,,,0,TRUE,1,,0,,,,0,FALSE,FALSE,FALSE,,,,,,State Assembly Election (AE)
Tamil_Nadu,13,217,2026,5,4,0,1,P .MATHANRAJA,,Tamilaga Vettri Kazhagam,81625,0,,196117,243756,OTTAPIDARAM,SC,THOOTHUKUDI,,14,80.46,41.62,no,29083,14.83,3.62,,,0,TRUE,1,,0,,,,0,FALSE,FALSE,FALSE,,,,,,State Assembly Election (AE)
Tamil_Nadu,13,217,2026,5,4,0,2,P.M.RAMAJEYAM,,Dravida Munnetra Kazhagam,52542,0,,196117,243756,OTTAPIDARAM,SC,THOOTHUKUDI,,14,80.46,26.79,no,26671,13.6,3.62,,,0,TRUE,1,,0,,,,0,FALSE,FALSE,FALSE,,,,,,State Assembly Election (AE)
Tamil_Nadu,13,217,2026,5,4,0,3,R SUNDARARAJ,,Amma Makkal Munnettra Kazagam,25871,0,,196117,243756,OTTAPIDARAM,SC,THOOTHUKUDI,,14,80.46,13.19,yes,8592,4.38,3.62,,,0,TRUE,1,,0,,,,0,FALSE,FALSE,FALSE,,,,,,State Assembly Election (AE)
Tamil_Nadu,13,217,2026,5,4,0,4,M. ANUSIYA,,Naam Tamilar Katchi,17279,0,,196117,243756,OTTAPIDARAM,SC,THOOTHUKUDI,,14,80.46,8.81,yes,2229,1.14,3.62,,,0,TRUE,1,,0,,,,0,FALSE,FALSE,FALSE,,,,,,State Assembly Election (AE)
Tamil_Nadu,13,217,2026,5,4,0,5,DR.K. KRISHNASAMY,,Puthiya Tamilagam,15050,0,,196117,243756,OTTAPIDARAM,SC,THOOTHUKUDI,,14,80.46,7.67,yes,14171,7.23,3.62,,,0,TRUE,1,,0,,,,0,FALSE,FALSE,FALSE,,,,,,State Assembly Election (AE)
Tamil_Nadu,13,217,2026,5,4,0,6,None Of The Above,,None of the Above,879,0,,196117,243756,OTTAPIDARAM,SC,THOOTHUKUDI,,14,80.46,0.45,yes,118,0.06,3.62,,,0,TRUE,1,,0,,,,0,FALSE,FALSE,FALSE,,,,,,State Assembly Election (AE)
Tamil_Nadu,13,217,2026,5,4,0,7,C. ARUNA DEVI,,Nam Naadu Nam Makkal Nam Ethirkaalam Katchi,761,0,,196117,243756,OTTAPIDARAM,SC,THOOTHUKUDI,,14,80.46,0.39,yes,246,0.13,3.62,,,0,TRUE,1,,0,,,,0,FALSE,FALSE,FALSE,,,,,,State Assembly Election (AE)
Tamil_Nadu,13,217,2026,5,4,0,8,C .SELVAKUMAR,,Tamizhaga Vaazhvurimai Katchi,515,0,,196117,243756,OTTAPIDARAM,SC,THOOTHUKUDI,,14,80.46,0.26,yes,128,0.07,3.62,,,0,TRUE,1,,0,,,,0,FALSE,FALSE,FALSE,,,,,,State Assembly Election (AE)
Tamil_Nadu,13,217,2026,5,4,0,9,VEDAPRAKASH. A,,Independent,387,0,,196117,243756,OTTAPIDARAM,SC,THOOTHUKUDI,,14,80.46,0.2,yes,30,0.02,3.62,,,0,TRUE,1,,0,,,,0,FALSE,FALSE,FALSE,,,,,,State Assembly Election (AE)
Tamil_Nadu,13,217,2026,5,4,0,10,M. ANANTH,,Independent,357,0,,196117,243756,OTTAPIDARAM,SC,THOOTHUKUDI,,14,80.46,0.18,yes,93,0.05,3.62,,,0,TRUE,1,,0,,,,0,FALSE,FALSE,FALSE,,,,,,State Assembly Election (AE)
Tamil_Nadu,13,217,2026,5,4,0,11,S .MUTHUSELVAM,,Independent,264,0,,196117,243756,OTTAPIDARAM,SC,THOOTHUKUDI,,14,80.46,0.13,yes,34,0.02,3.62,,,0,TRUE,1,,0,,,,0,FALSE,FALSE,FALSE,,,,,,State Assembly Election (AE)
Tamil_Nadu,13,217,2026,5,4,0,12,SUBBULAKSHMI. S,,Naam Indiar Party,230,0,,196117,243756,OTTAPIDARAM,SC,THOOTHUKUDI,,14,80.46,0.12,yes,29,0.01,3.62,,,0,TRUE,1,,0,,,,0,FALSE,FALSE,FALSE,,,,,,State Assembly Election (AE)
Tamil_Nadu,13,217,2026,5,4,0,13,M .LAKSHMANAN,,Independent,201,0,,196117,243756,OTTAPIDARAM,SC,THOOTHUKUDI,,14,80.46,0.1,yes,45,0.02,3.62,,,0,TRUE,1,,0,,,,0,FALSE,FALSE,FALSE,,,,,,State Assembly Election (AE)
Tamil_Nadu,13,217,2026,5,4,0,14,G .MURUGAN,,Independent,156,0,,196117,243756,OTTAPIDARAM,SC,THOOTHUKUDI,,14,80.46,0.08,yes,156,0.08,3.62,,,0,TRUE,1,,0,,,,0,FALSE,FALSE,FALSE,,,,,,State Assembly Election (AE)
Tamil_Nadu,13,218,2026,5,4,0,1,KARUNANITHI.K,,Dravida Munnetra Kazhagam,61643,0,,194232,241660,KOVILPATTI,GEN,THOOTHUKUDI,,22,80.37,31.74,no,843,0.43,3.61,,,0,TRUE,1,,0,,,,0,FALSE,FALSE,FALSE,,,,,,State Assembly Election (AE)
Tamil_Nadu,13,218,2026,5,4,0,2,BALASUBRAMANIAN.S,,Tamilaga Vettri Kazhagam,60800,0,,194232,241660,KOVILPATTI,GEN,THOOTHUKUDI,,22,80.37,31.3,no,7786,4.01,3.61,,,0,TRUE,1,,0,,,,0,FALSE,FALSE,FALSE,,,,,,State Assembly Election (AE)
Tamil_Nadu,13,218,2026,5,4,0,3,KADAMBUR RAJU.C,,All India Anna Dravida Munnetra Kazhagam,53014,0,,194232,241660,KOVILPATTI,GEN,THOOTHUKUDI,,22,80.37,27.29,no,41095,21.16,3.61,,,0,TRUE,1,,0,,,,0,FALSE,FALSE,FALSE,,,,,,State Assembly Election (AE)
Tamil_Nadu,13,218,2026,5,4,0,4,PANDI.P,,Naam Tamilar Katchi,11919,0,,194232,241660,KOVILPATTI,GEN,THOOTHUKUDI,,22,80.37,6.14,yes,8927,4.6,3.61,,,0,TRUE,1,,0,,,,0,FALSE,FALSE,FALSE,,,,,,State Assembly Election (AE)
Tamil_Nadu,13,218,2026,5,4,0,5,ATHIKUMAR KUDUMBAR.B,,Independent,2992,0,,194232,241660,KOVILPATTI,GEN,THOOTHUKUDI,,22,80.37,1.54,yes,2399,1.24,3.61,,,0,TRUE,1,,0,,,,0,FALSE,FALSE,FALSE,,,,,,State Assembly Election (AE)
Tamil_Nadu,13,218,2026,5,4,0,6,None Of The Above,,None of the Above,593,0,,194232,241660,KOVILPATTI,GEN,THOOTHUKUDI,,22,80.37,0.31,yes,147,0.08,3.61,,,0,TRUE,1,,0,,,,0,FALSE,FALSE,FALSE,,,,,,State Assembly Election (AE)
Tamil_Nadu,13,218,2026,5,4,0,7,KANNAN.S,,All India Puratchi Thalaivar Makkal Munnettra Kazhagam,446,0,,194232,241660,KOVILPATTI,GEN,THOOTHUKUDI,,22,80.37,0.23,yes,48,0.02,3.61,,,0,TRUE,1,,0,,,,0,FALSE,FALSE,FALSE,,,,,,State Assembly Election (AE)
Tamil_Nadu,13,218,2026,5,4,0,8,POUNDURAI.K,,Independent,398,0,,194232,241660,KOVILPATTI,GEN,THOOTHUKUDI,,22,80.37,0.2,yes,20,0.01,3.61,,,0,TRUE,1,,0,,,,0,FALSE,FALSE,FALSE,,,,,,State Assembly Election (AE)
Tamil_Nadu,13,218,2026,5,4,0,9,PREMKUMAR.K,,Independent,378,0,,194232,241660,KOVILPATTI,GEN,THOOTHUKUDI,,22,80.37,0.19,yes,11,0.01,3.61,,,0,TRUE,1,,0,,,,0,FALSE,FALSE,FALSE,,,,,,State Assembly Election (AE)
Tamil_Nadu,13,218,2026,5,4,0,10,PANDIMUNEESWARI.K,,Independent,367,0,,194232,241660,KOVILPATTI,GEN,THOOTHUKUDI,,22,80.37,0.19,yes,11,0.01,3.61,,,0,TRUE,1,,0,,,,0,FALSE,FALSE,FALSE,,,,,,State Assembly Election (AE)
Tamil_Nadu,13,218,2026,5,4,0,11,SARAVANAN.S,,Thamizh Perarasu Katchi,356,0,,194232,241660,KOVILPATTI,GEN,THOOTHUKUDI,,22,80.37,0.18,yes,81,0.04,3.61,,,0,TRUE,1,,0,,,,0,FALSE,FALSE,FALSE,,,,,,State Assembly Election (AE)
Tamil_Nadu,13,218,2026,5,4,0,12,PARAMASIVAN.S,,Independent,275,0,,194232,241660,KOVILPATTI,GEN,THOOTHUKUDI,,22,80.37,0.14,yes,81,0.04,3.61,,,0,TRUE,1,,0,,,,0,FALSE,FALSE,FALSE,,,,,,State Assembly Election (AE)
Tamil_Nadu,13,218,2026,5,4,0,13,RAMACHANDRAN.R,,Bahujan Samaj Party,194,0,,194232,241660,KOVILPATTI,GEN,THOOTHUKUDI,,22,80.37,0.1,yes,17,0.01,3.61,,,0,TRUE,1,,0,,,,0,FALSE,FALSE,FALSE,,,,,,State Assembly Election (AE)
Tamil_Nadu,13,218,2026,5,4,0,14,SEKAR.C,,Independent,177,0,,194232,241660,KOVILPATTI,GEN,THOOTHUKUDI,,22,80.37,0.09,yes,38,0.02,3.61,,,0,TRUE,1,,0,,,,0,FALSE,FALSE,FALSE,,,,,,State Assembly Election (AE)
Tamil_Nadu,13,218,2026,5,4,0,15,HARI BALAKRISHNAN.G,,Puthiya Makkal Tamil Desam Katchi,139,0,,194232,241660,KOVILPATTI,GEN,THOOTHUKUDI,,22,80.37,0.07,yes,35,0.02,3.61,,,0,TRUE,1,,0,,,,0,FALSE,FALSE,FALSE,,,,,,State Assembly Election (AE)
Tamil_Nadu,13,218,2026,5,4,0,16,GURUSAMY.K,,Independent,104,0,,194232,241660,KOVILPATTI,GEN,THOOTHUKUDI,,22,80.37,0.05,yes,10,0.01,3.61,,,0,TRUE,1,,0,,,,0,FALSE,FALSE,FALSE,,,,,,State Assembly Election (AE)
Tamil_Nadu,13,218,2026,5,4,0,17,CHINNA MAHARAJA.K,,Independent,94,0,,194232,241660,KOVILPATTI,GEN,THOOTHUKUDI,,22,80.37,0.05,yes,4,0.0,3.61,,,0,TRUE,1,,0,,,,0,FALSE,FALSE,FALSE,,,,,,State Assembly Election (AE)
Tamil_Nadu,13,218,2026,5,4,0,18,RENGANAYAGALU.S,,Independent,90,0,,194232,241660,KOVILPATTI,GEN,THOOTHUKUDI,,22,80.37,0.05,yes,13,0.01,3.61,,,0,TRUE,1,,0,,,,0,FALSE,FALSE,FALSE,,,,,,State Assembly Election (AE)
Tamil_Nadu,13,218,2026,5,4,0,19,PONNUSAMY.M,,Independent,77,0,,194232,241660,KOVILPATTI,GEN,THOOTHUKUDI,,22,80.37,0.04,yes,8,0.0,3.61,,,0,TRUE,1,,0,,,,0,FALSE,FALSE,FALSE,,,,,,State Assembly Election (AE)
Tamil_Nadu,13,218,2026,5,4,0,20,MUNEESWARAN.R,,Independent,69,0,,194232,241660,KOVILPATTI,GEN,THOOTHUKUDI,,22,80.37,0.04,yes,14,0.01,3.61,,,0,TRUE,1,,0,,,,0,FALSE,FALSE,FALSE,,,,,,State Assembly Election (AE)
Tamil_Nadu,13,218,2026,5,4,0,21,GUNASEKARAN.P,,Independent,55,0,,194232,241660,KOVILPATTI,GEN,THOOTHUKUDI,,22,80.37,0.03,yes,3,0.0,3.61,,,0,TRUE,1,,0,,,,0,FALSE,FALSE,FALSE,,,,,,State Assembly Election (AE)
Tamil_Nadu,13,218,2026,5,4,0,22,ARUMUGAVEL.T,,Naam Indiar Party,52,0,,194232,241660,KOVILPATTI,GEN,THOOTHUKUDI,,22,80.37,0.03,yes,52,0.03,3.61,,,0,TRUE,1,,0,,,,0,FALSE,FALSE,FALSE,,,,,,State Assembly Election (AE)
Tamil_Nadu,13,219,2026,5,4,0,1,DR. DHILIPAN JAISHANKAR,,All India Anna Dravida Munnetra Kazhagam,64865,0,,196480,238082,SANKARANKOVIL,SC,TENKASI,,21,82.53,33.01,no,6489,3.3,3.99,,,0,TRUE,1,,0,,,,0,FALSE,FALSE,FALSE,,,,,,State Assembly Election (AE)
Tamil_Nadu,13,219,2026,5,4,0,2,C. RAMARAJAN,,Tamilaga Vettri Kazhagam,58376,0,,196480,238082,SANKARANKOVIL,SC,TENKASI,,21,82.53,29.71,no,15809,8.05,3.99,,,0,TRUE,1,,0,,,,0,FALSE,FALSE,FALSE,,,,,,State Assembly Election (AE)
Tamil_Nadu,13,219,2026,5,4,0,3,SANGAI. GANESAN,,Indian National Congress,42567,0,,196480,238082,SANKARANKOVIL,SC,TENKASI,,21,82.53,21.66,no,29800,15.17,3.99,,,0,TRUE,1,,0,,,,0,FALSE,FALSE,FALSE,,,,,,State Assembly Election (AE)
Tamil_Nadu,13,219,2026,5,4,0,4,M. KAVITHA,,Naam Tamilar Katchi,12767,0,,196480,238082,SANKARANKOVIL,SC,TENKASI,,21,82.53,6.5,yes,4761,2.42,3.99,,,0,TRUE,1,,0,,,,0,FALSE,FALSE,FALSE,,,,,,State Assembly Election (AE)
Tamil_Nadu,13,219,2026,5,4,0,5,VASANTHI MURUGESAN,,All India Puratchi Thalaivar Makkal Munnettra Kazhagam,8006,0,,196480,238082,SANKARANKOVIL,SC,TENKASI,,21,82.53,4.07,yes,3394,1.73,3.99,,,0,TRUE,1,,0,,,,0,FALSE,FALSE,FALSE,,,,,,State Assembly Election (AE)
Tamil_Nadu,13,219,2026,5,4,0,6,PRABAKARAN,,Puthiya Tamilagam,4612,0,,196480,238082,SANKARANKOVIL,SC,TENKASI,,21,82.53,2.35,yes,3846,1.96,3.99,,,0,TRUE,1,,0,,,,0,FALSE,FALSE,FALSE,,,,,,State Assembly Election (AE)
Tamil_Nadu,13,219,2026,5,4,0,7,K.SURESH,,Independent,766,0,,196480,238082,SANKARANKOVIL,SC,TENKASI,,21,82.53,0.39,yes,105,0.05,3.99,,,0,TRUE,1,,0,,,,0,FALSE,FALSE,FALSE,,,,,,State Assembly Election (AE)
Tamil_Nadu,13,219,2026,5,4,0,8,ANAND,,Independent,661,0,,196480,238082,SANKARANKOVIL,SC,TENKASI,,21,82.53,0.34,yes,101,0.05,3.99,,,0,TRUE,1,,0,,,,0,FALSE,FALSE,FALSE,,,,,,State Assembly Election (AE)
Tamil_Nadu,13,219,2026,5,4,0,9,None Of The Above,,None of the Above,560,0,,196480,238082,SANKARANKOVIL,SC,TENKASI,,21,82.53,0.29,yes,56,0.03,3.99,,,0,TRUE,1,,0,,,,0,FALSE,FALSE,FALSE,,,,,,State Assembly Election (AE)
Tamil_Nadu,13,219,2026,5,4,0,10,V. PAULPANDIAN,,Independent,504,0,,196480,238082,SANKARANKOVIL,SC,TENKASI,,21,82.53,0.26,yes,4,0.0,3.99,,,0,TRUE,1,,0,,,,0,FALSE,FALSE,FALSE,,,,,,State Assembly Election (AE)
Tamil_Nadu,13,219,2026,5,4,0,11,S. MARIAPPAN,,Bahujan Samaj Party,500,0,,196480,238082,SANKARANKOVIL,SC,TENKASI,,21,82.53,0.25,yes,13,0.01,3.99,,,0,TRUE,1,,0,,,,0,FALSE,FALSE,FALSE,,,,,,State Assembly Election (AE)
Tamil_Nadu,13,219,2026,5,4,0,12,C. RAVI,,Tamilaga Makkal Nala Katchi,487,0,,196480,238082,SANKARANKOVIL,SC,TENKASI,,21,82.53,0.25,yes,89,0.05,3.99,,,0,TRUE,1,,0,,,,0,FALSE,FALSE,FALSE,,,,,,State Assembly Election (AE)
Tamil_Nadu,13,219,2026,5,4,0,13,K. RAVIKUMAR,,Independent,398,0,,196480,238082,SANKARANKOVIL,SC,TENKASI,,21,82.53,0.2,yes,139,0.07,3.99,,,0,TRUE,1,,0,,,,0,FALSE,FALSE,FALSE,,,,,,State Assembly Election (AE)
Tamil_Nadu,13,219,2026,5,4,0,14,S.ARULRAJ,,Independent,259,0,,196480,238082,SANKARANKOVIL,SC,TENKASI,,21,82.53,0.13,yes,44,0.02,3.99,,,0,TRUE,1,,0,,,,0,FALSE,FALSE,FALSE,,,,,,State Assembly Election (AE)
Tamil_Nadu,13,219,2026,5,4,0,15,K. SUBBURAJ,,Independent,215,0,,196480,238082,SANKARANKOVIL,SC,TENKASI,,21,82.53,0.11,yes,32,0.02,3.99,,,0,TRUE,1,,0,,,,0,FALSE,FALSE,FALSE,,,,,,State Assembly Election (AE)
Tamil_Nadu,13,219,2026,5,4,0,16,J. PANDI,,Bharatha Makkal Katchi,183,0,,196480,238082,SANKARANKOVIL,SC,TENKASI,,21,82.53,0.09,yes,0,0.0,3.99,,,0,TRUE,1,,0,,,,0,FALSE,FALSE,FALSE,,,,,,State Assembly Election (AE)
Tamil_Nadu,13,219,2026,5,4,0,17,S. MUTHUSELVAN,,Independent,183,0,,196480,238082,SANKARANKOVIL,SC,TENKASI,,21,82.53,0.09,yes,13,0.01,3.99,,,0,TRUE,1,,0,,,,0,FALSE,FALSE,FALSE,,,,,,State Assembly Election (AE)
Tamil_Nadu,13,219,2026,5,4,0,18,VELRAJ .S,,Tamizhaga Vaazhvurimai Katchi,170,0,,196480,238082,SANKARANKOVIL,SC,TENKASI,,21,82.53,0.09,yes,7,0.0,3.99,,,0,TRUE,1,,0,,,,0,FALSE,FALSE,FALSE,,,,,,State Assembly Election (AE)
Tamil_Nadu,13,219,2026,5,4,0,19,K. THANGAVEL,,Puthiya Makkal Tamil Desam Katchi,163,0,,196480,238082,SANKARANKOVIL,SC,TENKASI,,21,82.53,0.08,yes,29,0.01,3.99,,,0,TRUE,1,,0,,,,0,FALSE,FALSE,FALSE,,,,,,State Assembly Election (AE)
Tamil_Nadu,13,219,2026,5,4,0,20,N.SELVAM,,Naam Indiar Party,134,0,,196480,238082,SANKARANKOVIL,SC,TENKASI,,21,82.53,0.07,yes,30,0.02,3.99,,,0,TRUE,1,,0,,,,0,FALSE,FALSE,FALSE,,,,,,State Assembly Election (AE)
Tamil_Nadu,13,219,2026,5,4,0,21,M. RAJ,,Independent,104,0,,196480,238082,SANKARANKOVIL,SC,TENKASI,,21,82.53,0.05,yes,104,0.05,3.99,,,0,TRUE,1,,0,,,,0,FALSE,FALSE,FALSE,,,,,,State Assembly Election (AE)
Tamil_Nadu,13,220,2026,5,4,0,1,E. RAJA,,Dravida Munnetra Kazhagam,63045,0,,189795,228557,VASUDEVANALLUR,SC,TENKASI,,19,83.04,33.22,no,6583,3.47,3.81,,,0,TRUE,1,,0,,,,0,FALSE,FALSE,FALSE,,,,,,State Assembly Election (AE)
Tamil_Nadu,13,220,2026,5,4,0,2,ANANTHAN AYYASAMY,,Bharatiya Janata Party,56462,0,,189795,228557,VASUDEVANALLUR,SC,TENKASI,,19,83.04,29.75,no,10600,5.58,3.81,,,0,TRUE,1,,0,,,,0,FALSE,FALSE,FALSE,,,,,,State Assembly Election (AE)
Tamil_Nadu,13,220,2026,5,4,0,3,R. AMUTHARANI,,Tamilaga Vettri Kazhagam,45862,0,,189795,228557,VASUDEVANALLUR,SC,TENKASI,,19,83.04,24.16,no,33006,17.39,3.81,,,0,TRUE,1,,0,,,,0,FALSE,FALSE,FALSE,,,,,,State Assembly Election (AE)
Tamil_Nadu,13,220,2026,5,4,0,4,ESAI MATHIVANAN,,Naam Tamilar Katchi,12856,0,,189795,228557,VASUDEVANALLUR,SC,TENKASI,,19,83.04,6.77,yes,8737,4.6,3.81,,,0,TRUE,1,,0,,,,0,FALSE,FALSE,FALSE,,,,,,State Assembly Election (AE)
Tamil_Nadu,13,220,2026,5,4,0,5,K. PAULRAJ,,Puthiya Tamilagam,4119,0,,189795,228557,VASUDEVANALLUR,SC,TENKASI,,19,83.04,2.17,yes,1870,0.99,3.81,,,0,TRUE,1,,0,,,,0,FALSE,FALSE,FALSE,,,,,,State Assembly Election (AE)
Tamil_Nadu,13,220,2026,5,4,0,6,A. PONNUTHAI,,All India Puratchi Thalaivar Makkal Munnettra Kazhagam,2249,0,,189795,228557,VASUDEVANALLUR,SC,TENKASI,,19,83.04,1.18,yes,1229,0.65,3.81,,,0,TRUE,1,,0,,,,0,FALSE,FALSE,FALSE,,,,,,State Assembly Election (AE)
Tamil_Nadu,13,220,2026,5,4,0,7,A. PALANIKUMAR,,Independent,1020,0,,189795,228557,VASUDEVANALLUR,SC,TENKASI,,19,83.04,0.54,yes,289,0.15,3.81,,,0,TRUE,1,,0,,,,0,FALSE,FALSE,FALSE,,,,,,State Assembly Election (AE)
Tamil_Nadu,13,220,2026,5,4,0,8,SENTHILKUMAR,,Independent,731,0,,189795,228557,VASUDEVANALLUR,SC,TENKASI,,19,83.04,0.39,yes,94,0.05,3.81,,,0,TRUE,1,,0,,,,0,FALSE,FALSE,FALSE,,,,,,State Assembly Election (AE)
Tamil_Nadu,13,220,2026,5,4,0,9,None Of The Above,,None of the Above,637,0,,189795,228557,VASUDEVANALLUR,SC,TENKASI,,19,83.04,0.34,yes,67,0.04,3.81,,,0,TRUE,1,,0,,,,0,FALSE,FALSE,FALSE,,,,,,State Assembly Election (AE)
Tamil_Nadu,13,220,2026,5,4,0,10,PRABAKARAN .R,,Independent,570,0,,189795,228557,VASUDEVANALLUR,SC,TENKASI,,19,83.04,0.3,yes,84,0.04,3.81,,,0,TRUE,1,,0,,,,0,FALSE,FALSE,FALSE,,,,,,State Assembly Election (AE)
Tamil_Nadu,13,220,2026,5,4,0,11,P. KARPAGAVALLI,,Independent,486,0,,189795,228557,VASUDEVANALLUR,SC,TENKASI,,19,83.04,0.26,yes,123,0.06,3.81,,,0,TRUE,1,,0,,,,0,FALSE,FALSE,FALSE,,,,,,State Assembly Election (AE)
Tamil_Nadu,13,220,2026,5,4,0,12,I. SARAVANAN,,Independent,363,0,,189795,228557,VASUDEVANALLUR,SC,TENKASI,,19,83.04,0.19,yes,30,0.02,3.81,,,0,TRUE,1,,0,,,,0,FALSE,FALSE,FALSE,,,,,,State Assembly Election (AE)
Tamil_Nadu,13,220,2026,5,4,0,13,R. RAMESHKUMAR,,Bahujan Samaj Party,333,0,,189795,228557,VASUDEVANALLUR,SC,TENKASI,,19,83.04,0.18,yes,74,0.04,3.81,,,0,TRUE,1,,0,,,,0,FALSE,FALSE,FALSE,,,,,,State Assembly Election (AE)
Tamil_Nadu,13,220,2026,5,4,0,14,K. NAGARAJAN,,Independent,259,0,,189795,228557,VASUDEVANALLUR,SC,TENKASI,,19,83.04,0.14,yes,76,0.04,3.81,,,0,TRUE,1,,0,,,,0,FALSE,FALSE,FALSE,,,,,,State Assembly Election (AE)
Tamil_Nadu,13,220,2026,5,4,0,15,B. VEERALAKSHMI,,Tamilaga Makkal Nala Katchi,183,0,,189795,228557,VASUDEVANALLUR,SC,TENKASI,,19,83.04,0.1,yes,4,0.0,3.81,,,0,TRUE,1,,0,,,,0,FALSE,FALSE,FALSE,,,,,,State Assembly Election (AE)
Tamil_Nadu,13,220,2026,5,4,0,16,K. RAMACHANDRAN,,Independent,179,0,,189795,228557,VASUDEVANALLUR,SC,TENKASI,,19,83.04,0.09,yes,2,0.0,3.81,,,0,TRUE,1,,0,,,,0,FALSE,FALSE,FALSE,,,,,,State Assembly Election (AE)
Tamil_Nadu,13,220,2026,5,4,0,17,SELVARAJ .C,,Independent,177,0,,189795,228557,VASUDEVANALLUR,SC,TENKASI,,19,83.04,0.09,yes,36,0.02,3.81,,,0,TRUE,1,,0,,,,0,FALSE,FALSE,FALSE,,,,,,State Assembly Election (AE)
Tamil_Nadu,13,220,2026,5,4,0,18,K. RAJENDRAN,,Puthiya Makkal Tamil Desam Katchi,141,0,,189795,228557,VASUDEVANALLUR,SC,TENKASI,,19,83.04,0.07,yes,18,0.01,3.81,,,0,TRUE,1,,0,,,,0,FALSE,FALSE,FALSE,,,,,,State Assembly Election (AE)
Tamil_Nadu,13,220,2026,5,4,0,19,M. ARUMUGASAMY,,Independent,123,0,,189795,228557,VASUDEVANALLUR,SC,TENKASI,,19,83.04,0.06,yes,123,0.06,3.81,,,0,TRUE,1,,0,,,,0,FALSE,FALSE,FALSE,,,,,,State Assembly Election (AE)
Tamil_Nadu,13,221,2026,5,4,0,1,RAJENDRAN. T. M,,Dravida Munnetra Kazhagam,79832,0,,221951,269220,KADAYANALLUR,GEN,TENKASI,,23,82.44,35.97,no,6253,2.82,3.43,,,0,TRUE,1,,0,,,,0,FALSE,FALSE,FALSE,,,,,,State Assembly Election (AE)
Tamil_Nadu,13,221,2026,5,4,0,2,C. KRISHNAMURALI,,All India Anna Dravida Munnetra Kazhagam,73579,0,,221951,269220,KADAYANALLUR,GEN,TENKASI,,23,82.44,33.15,no,24325,10.96,3.43,,,0,TRUE,1,,0,,,,0,FALSE,FALSE,FALSE,,,,,,State Assembly Election (AE)
Tamil_Nadu,13,221,2026,5,4,0,3,ABDUL JALEEL. R. K,,Tamilaga Vettri Kazhagam,49254,0,,221951,269220,KADAYANALLUR,GEN,TENKASI,,23,82.44,22.19,no,38289,17.25,3.43,,,0,TRUE,1,,0,,,,0,FALSE,FALSE,FALSE,,,,,,State Assembly Election (AE)
Tamil_Nadu,13,221,2026,5,4,0,4,ABUBACKER SIDDHEEQ,,Naam Tamilar Katchi,10965,0,,221951,269220,KADAYANALLUR,GEN,TENKASI,,23,82.44,4.94,yes,8083,3.64,3.43,,,0,TRUE,1,,0,,,,0,FALSE,FALSE,FALSE,,,,,,State Assembly Election (AE)
Tamil_Nadu,13,221,2026,5,4,0,5,KAVITHA. R,,Puthiya Tamilagam,2882,0,,221951,269220,KADAYANALLUR,GEN,TENKASI,,23,82.44,1.3,yes,2306,1.04,3.43,,,0,TRUE,1,,0,,,,0,FALSE,FALSE,FALSE,,,,,,State Assembly Election (AE)
Tamil_Nadu,13,221,2026,5,4,0,6,ESAKKI PANDI. K,,Independent,576,0,,221951,269220,KADAYANALLUR,GEN,TENKASI,,23,82.44,0.26,yes,39,0.02,3.43,,,0,TRUE,1,,0,,,,0,FALSE,FALSE,FALSE,,,,,,State Assembly Election (AE)
Tamil_Nadu,13,221,2026,5,4,0,7,MURUGAN. P,,Independent,537,0,,221951,269220,KADAYANALLUR,GEN,TENKASI,,23,82.44,0.24,yes,10,0.0,3.43,,,0,TRUE,1,,0,,,,0,FALSE,FALSE,FALSE,,,,,,State Assembly Election (AE)
Tamil_Nadu,13,221,2026,5,4,0,8,None Of The Above,,None of the Above,527,0,,221951,269220,KADAYANALLUR,GEN,TENKASI,,23,82.44,0.24,yes,17,0.01,3.43,,,0,TRUE,1,,0,,,,0,FALSE,FALSE,FALSE,,,,,,State Assembly Election (AE)
Tamil_Nadu,13,221,2026,5,4,0,9,T. MAHESHKUMAR,,Bahujan Samaj Party,510,0,,221951,269220,KADAYANALLUR,GEN,TENKASI,,23,82.44,0.23,yes,43,0.02,3.43,,,0,TRUE,1,,0,,,,0,FALSE,FALSE,FALSE,,,,,,State Assembly Election (AE)
Tamil_Nadu,13,221,2026,5,4,0,10,BARISHA BANU. M,,Independent,467,0,,221951,269220,KADAYANALLUR,GEN,TENKASI,,23,82.44,0.21,yes,54,0.02,3.43,,,0,TRUE,1,,0,,,,0,FALSE,FALSE,FALSE,,,,,,State Assembly Election (AE)
Tamil_Nadu,13,221,2026,5,4,0,11,GANESAN. M,,Independent,413,0,,221951,269220,KADAYANALLUR,GEN,TENKASI,,23,82.44,0.19,yes,33,0.01,3.43,,,0,TRUE,1,,0,,,,0,FALSE,FALSE,FALSE,,,,,,State Assembly Election (AE)
Tamil_Nadu,13,221,2026,5,4,0,12,SEENIVASAN. S,,Independent,380,0,,221951,269220,KADAYANALLUR,GEN,TENKASI,,23,82.44,0.17,yes,24,0.01,3.43,,,0,TRUE,1,,0,,,,0,FALSE,FALSE,FALSE,,,,,,State Assembly Election (AE)
Tamil_Nadu,13,221,2026,5,4,0,13,SHAHIN FATHIMA. A,,Tamizhaga Vaazhvurimai Katchi,356,0,,221951,269220,KADAYANALLUR,GEN,TENKASI,,23,82.44,0.16,yes,66,0.03,3.43,,,0,TRUE,1,,0,,,,0,FALSE,FALSE,FALSE,,,,,,State Assembly Election (AE)
Tamil_Nadu,13,221,2026,5,4,0,14,NAGARAJAN. L,,Independent,290,0,,221951,269220,KADAYANALLUR,GEN,TENKASI,,23,82.44,0.13,yes,46,0.02,3.43,,,0,TRUE,1,,0,,,,0,FALSE,FALSE,FALSE,,,,,,State Assembly Election (AE)
Tamil_Nadu,13,221,2026,5,4,0,15,RAJAN. B. S,,Aanaithinthiya Jananayaka Pathukappu Kazhagam,244,0,,221951,269220,KADAYANALLUR,GEN,TENKASI,,23,82.44,0.11,yes,10,0.0,3.43,,,0,TRUE,1,,0,,,,0,FALSE,FALSE,FALSE,,,,,,State Assembly Election (AE)
Tamil_Nadu,13,221,2026,5,4,0,16,RAJAMARAVAN. S,,Independent,234,0,,221951,269220,KADAYANALLUR,GEN,TENKASI,,23,82.44,0.11,yes,18,0.01,3.43,,,0,TRUE,1,,0,,,,0,FALSE,FALSE,FALSE,,,,,,State Assembly Election (AE)
Tamil_Nadu,13,221,2026,5,4,0,17,PARTHIPAN. V,,Independent,216,0,,221951,269220,KADAYANALLUR,GEN,TENKASI,,23,82.44,0.1,yes,37,0.02,3.43,,,0,TRUE,1,,0,,,,0,FALSE,FALSE,FALSE,,,,,,State Assembly Election (AE)
Tamil_Nadu,13,221,2026,5,4,0,18,LAKSHMI. A,,Samata Party,179,0,,221951,269220,KADAYANALLUR,GEN,TENKASI,,23,82.44,0.08,yes,41,0.02,3.43,,,0,TRUE,1,,0,,,,0,FALSE,FALSE,FALSE,,,,,,State Assembly Election (AE)
Tamil_Nadu,13,221,2026,5,4,0,19,ESAKKI. K,,Independent,138,0,,221951,269220,KADAYANALLUR,GEN,TENKASI,,23,82.44,0.06,yes,29,0.01,3.43,,,0,TRUE,1,,0,,,,0,FALSE,FALSE,FALSE,,,,,,State Assembly Election (AE)
Tamil_Nadu,13,221,2026,5,4,0,20,S. MURUGANANTHAM,,Independent,109,0,,221951,269220,KADAYANALLUR,GEN,TENKASI,,23,82.44,0.05,yes,0,0.0,3.43,,,0,TRUE,1,,0,,,,0,FALSE,FALSE,FALSE,,,,,,State Assembly Election (AE)
Tamil_Nadu,13,221,2026,5,4,0,21,VENKATESH. P,,Independent,109,0,,221951,269220,KADAYANALLUR,GEN,TENKASI,,23,82.44,0.05,yes,8,0.0,3.43,,,0,TRUE,1,,0,,,,0,FALSE,FALSE,FALSE,,,,,,State Assembly Election (AE)
Tamil_Nadu,13,221,2026,5,4,0,22,M. ARUMUGASAMY,,Independent,101,0,,221951,269220,KADAYANALLUR,GEN,TENKASI,,23,82.44,0.05,yes,48,0.02,3.43,,,0,TRUE,1,,0,,,,0,FALSE,FALSE,FALSE,,,,,,State Assembly Election (AE)
Tamil_Nadu,13,221,2026,5,4,0,23,SURESHKUMAR. S,,Naam Indiar Party,53,0,,221951,269220,KADAYANALLUR,GEN,TENKASI,,23,82.44,0.02,yes,53,0.02,3.43,,,0,TRUE,1,,0,,,,0,FALSE,FALSE,FALSE,,,,,,State Assembly Election (AE)
Tamil_Nadu,13,222,2026,5,4,0,1,DR.KALAI KATHIRAVAN,,Dravida Munnetra Kazhagam,79699,0,,234987,281624,TENKASI,GEN,TENKASI,,23,83.44,33.92,no,10299,4.38,3.79,,,0,TRUE,1,,0,,,,0,FALSE,FALSE,FALSE,,,,,,State Assembly Election (AE)
Tamil_Nadu,13,222,2026,5,4,0,2,S.SELVA MOHANDAS PANDIAN,,All India Anna Dravida Munnetra Kazhagam,69400,0,,234987,281624,TENKASI,GEN,TENKASI,,23,83.44,29.53,no,13857,5.9,3.79,,,0,TRUE,1,,0,,,,0,FALSE,FALSE,FALSE,,,,,,State Assembly Election (AE)
Tamil_Nadu,13,222,2026,5,4,0,3,A. RAJAPRAKASH,,Tamilaga Vettri Kazhagam,55543,0,,234987,281624,TENKASI,GEN,TENKASI,,23,83.44,23.64,no,39149,16.66,3.79,,,0,TRUE,1,,0,,,,0,FALSE,FALSE,FALSE,,,,,,State Assembly Election (AE)
Tamil_Nadu,13,222,2026,5,4,0,4,P. PUSHPALATHA,,Naam Tamilar Katchi,16394,0,,234987,281624,TENKASI,GEN,TENKASI,,23,83.44,6.98,yes,8679,3.69,3.79,,,0,TRUE,1,,0,,,,0,FALSE,FALSE,FALSE,,,,,,State Assembly Election (AE)
Tamil_Nadu,13,222,2026,5,4,0,5,M.POOSA DURAI,,All India Puratchi Thalaivar Makkal Munnettra Kazhagam,7715,0,,234987,281624,TENKASI,GEN,TENKASI,,23,83.44,3.28,yes,6350,2.7,3.79,,,0,TRUE,1,,0,,,,0,FALSE,FALSE,FALSE,,,,,,State Assembly Election (AE)
Tamil_Nadu,13,222,2026,5,4,0,6,S.THIRUMALAI KUMAR,,Puthiya Tamilagam,1365,0,,234987,281624,TENKASI,GEN,TENKASI,,23,83.44,0.58,yes,692,0.29,3.79,,,0,TRUE,1,,0,,,,0,FALSE,FALSE,FALSE,,,,,,State Assembly Election (AE)
Tamil_Nadu,13,222,2026,5,4,0,7,None Of The Above,,None of the Above,673,0,,234987,281624,TENKASI,GEN,TENKASI,,23,83.44,0.29,yes,125,0.05,3.79,,,0,TRUE,1,,0,,,,0,FALSE,FALSE,FALSE,,,,,,State Assembly Election (AE)
Tamil_Nadu,13,222,2026,5,4,0,8,G. POORANA SELVAN,,Independent,548,0,,234987,281624,TENKASI,GEN,TENKASI,,23,83.44,0.23,yes,30,0.01,3.79,,,0,TRUE,1,,0,,,,0,FALSE,FALSE,FALSE,,,,,,State Assembly Election (AE)
Tamil_Nadu,13,222,2026,5,4,0,9,ISAKI PANDIAN,,Bahujan Samaj Party,518,0,,234987,281624,TENKASI,GEN,TENKASI,,23,83.44,0.22,yes,86,0.04,3.79,,,0,TRUE,1,,0,,,,0,FALSE,FALSE,FALSE,,,,,,State Assembly Election (AE)
Tamil_Nadu,13,222,2026,5,4,0,10,S. THANGAPALAM,,Independent,432,0,,234987,281624,TENKASI,GEN,TENKASI,,23,83.44,0.18,yes,8,0.0,3.79,,,0,TRUE,1,,0,,,,0,FALSE,FALSE,FALSE,,,,,,State Assembly Election (AE)
Tamil_Nadu,13,222,2026,5,4,0,11,DURAIRAJ,,Independent,424,0,,234987,281624,TENKASI,GEN,TENKASI,,23,83.44,0.18,yes,113,0.05,3.79,,,0,TRUE,1,,0,,,,0,FALSE,FALSE,FALSE,,,,,,State Assembly Election (AE)
Tamil_Nadu,13,222,2026,5,4,0,12,M. PONNUDURAI,,Independent,311,0,,234987,281624,TENKASI,GEN,TENKASI,,23,83.44,0.13,yes,16,0.01,3.79,,,0,TRUE,1,,0,,,,0,FALSE,FALSE,FALSE,,,,,,State Assembly Election (AE)
Tamil_Nadu,13,222,2026,5,4,0,13,SHAHUL HAMEED,,Independent,295,0,,234987,281624,TENKASI,GEN,TENKASI,,23,83.44,0.13,yes,51,0.02,3.79,,,0,TRUE,1,,0,,,,0,FALSE,FALSE,FALSE,,,,,,State Assembly Election (AE)
Tamil_Nadu,13,222,2026,5,4,0,14,S.MANOGARAN,,Kamarajar Deseeya Congress,244,0,,234987,281624,TENKASI,GEN,TENKASI,,23,83.44,0.1,yes,5,0.0,3.79,,,0,TRUE,1,,0,,,,0,FALSE,FALSE,FALSE,,,,,,State Assembly Election (AE)
Tamil_Nadu,13,222,2026,5,4,0,15,P.NOBLE KRISHNA,,Independent,239,0,,234987,281624,TENKASI,GEN,TENKASI,,23,83.44,0.1,yes,5,0.0,3.79,,,0,TRUE,1,,0,,,,0,FALSE,FALSE,FALSE,,,,,,State Assembly Election (AE)
Tamil_Nadu,13,222,2026,5,4,0,16,GOMATHI SANKAR,,Tamizhaga Vaazhvurimai Katchi,234,0,,234987,281624,TENKASI,GEN,TENKASI,,23,83.44,0.1,yes,10,0.0,3.79,,,0,TRUE,1,,0,,,,0,FALSE,FALSE,FALSE,,,,,,State Assembly Election (AE)
Tamil_Nadu,13,222,2026,5,4,0,17,R. RAMKUMAR,,Independent,224,0,,234987,281624,TENKASI,GEN,TENKASI,,23,83.44,0.1,yes,20,0.01,3.79,,,0,TRUE,1,,0,,,,0,FALSE,FALSE,FALSE,,,,,,State Assembly Election (AE)
Tamil_Nadu,13,222,2026,5,4,0,18,R.KRISHNAN,,Independent,204,0,,234987,281624,TENKASI,GEN,TENKASI,,23,83.44,0.09,yes,74,0.03,3.79,,,0,TRUE,1,,0,,,,0,FALSE,FALSE,FALSE,,,,,,State Assembly Election (AE)
Tamil_Nadu,13,222,2026,5,4,0,19,K.M.KALIAPPAN,,Independent,130,0,,234987,281624,TENKASI,GEN,TENKASI,,23,83.44,0.06,yes,16,0.01,3.79,,,0,TRUE,1,,0,,,,0,FALSE,FALSE,FALSE,,,,,,State Assembly Election (AE)
Tamil_Nadu,13,222,2026,5,4,0,20,K.MUTHU,,Independent,114,0,,234987,281624,TENKASI,GEN,TENKASI,,23,83.44,0.05,yes,3,0.0,3.79,,,0,TRUE,1,,0,,,,0,FALSE,FALSE,FALSE,,,,,,State Assembly Election (AE)
Tamil_Nadu,13,222,2026,5,4,0,21,A.MARIAPPAN,,Independent,111,0,,234987,281624,TENKASI,GEN,TENKASI,,23,83.44,0.05,yes,21,0.01,3.79,,,0,TRUE,1,,0,,,,0,FALSE,FALSE,FALSE,,,,,,State Assembly Election (AE)
Tamil_Nadu,13,222,2026,5,4,0,22,GANESHAN. S,,Independent,90,0,,234987,281624,TENKASI,GEN,TENKASI,,23,83.44,0.04,yes,10,0.0,3.79,,,0,TRUE,1,,0,,,,0,FALSE,FALSE,FALSE,,,,,,State Assembly Election (AE)
Tamil_Nadu,13,222,2026,5,4,0,23,R. SELVAKUMAR,,Naam Indiar Party,80,0,,234987,281624,TENKASI,GEN,TENKASI,,23,83.44,0.03,yes,80,0.03,3.79,,,0,TRUE,1,,0,,,,0,FALSE,FALSE,FALSE,,,,,,State Assembly Election (AE)
Tamil_Nadu,13,223,2026,5,4,0,1,PAUL MANOJ PANDIAN,,Dravida Munnetra Kazhagam,69170,0,,220857,255457,ALANGULAM,GEN,TENKASI,,14,86.46,31.32,no,7798,3.53,3.81,,,0,TRUE,1,,0,,,,0,FALSE,FALSE,FALSE,,,,,,State Assembly Election (AE)
Tamil_Nadu,13,223,2026,5,4,0,2,K R P PRABAKARAN,,All India Anna Dravida Munnetra Kazhagam,61372,0,,220857,255457,ALANGULAM,GEN,TENKASI,,14,86.46,27.79,no,688,0.31,3.81,,,0,TRUE,1,,0,,,,0,FALSE,FALSE,FALSE,,,,,,State Assembly Election (AE)
Tamil_Nadu,13,223,2026,5,4,0,3,VIBIN CHAKKARAVARTHY,,Tamilaga Vettri Kazhagam,60684,0,,220857,255457,ALANGULAM,GEN,TENKASI,,14,86.46,27.48,no,37304,16.89,3.81,,,0,TRUE,1,,0,,,,0,FALSE,FALSE,FALSE,,,,,,State Assembly Election (AE)
Tamil_Nadu,13,223,2026,5,4,0,4,R PAULRAJ,,Naam Tamilar Katchi,23380,0,,220857,255457,ALANGULAM,GEN,TENKASI,,14,86.46,10.59,yes,21222,9.61,3.81,,,0,TRUE,1,,0,,,,0,FALSE,FALSE,FALSE,,,,,,State Assembly Election (AE)
Tamil_Nadu,13,223,2026,5,4,0,5,MADASAMY,,All India Puratchi Thalaivar Makkal Munnettra Kazhagam,2158,0,,220857,255457,ALANGULAM,GEN,TENKASI,,14,86.46,0.98,yes,538,0.24,3.81,,,0,TRUE,1,,0,,,,0,FALSE,FALSE,FALSE,,,,,,State Assembly Election (AE)
Tamil_Nadu,13,223,2026,5,4,0,6,A UDHAYAKUMAR,,Puthiya Tamilagam,1620,0,,220857,255457,ALANGULAM,GEN,TENKASI,,14,86.46,0.73,yes,638,0.29,3.81,,,0,TRUE,1,,0,,,,0,FALSE,FALSE,FALSE,,,,,,State Assembly Election (AE)
Tamil_Nadu,13,223,2026,5,4,0,7,None Of The Above,,None of the Above,982,0,,220857,255457,ALANGULAM,GEN,TENKASI,,14,86.46,0.44,yes,550,0.25,3.81,,,0,TRUE,1,,0,,,,0,FALSE,FALSE,FALSE,,,,,,State Assembly Election (AE)
Tamil_Nadu,13,223,2026,5,4,0,8,JEYANTHI,,Independent,432,0,,220857,255457,ALANGULAM,GEN,TENKASI,,14,86.46,0.2,yes,233,0.11,3.81,,,0,TRUE,1,,0,,,,0,FALSE,FALSE,FALSE,,,,,,State Assembly Election (AE)
Tamil_Nadu,13,223,2026,5,4,0,9,R KOTHERIMOHIDEEN,,Independent,199,0,,220857,255457,ALANGULAM,GEN,TENKASI,,14,86.46,0.09,yes,3,0.0,3.81,,,0,TRUE,1,,0,,,,0,FALSE,FALSE,FALSE,,,,,,State Assembly Election (AE)
Tamil_Nadu,13,223,2026,5,4,0,10,W JAYSON,,Independent,196,0,,220857,255457,ALANGULAM,GEN,TENKASI,,14,86.46,0.09,yes,7,0.0,3.81,,,0,TRUE,1,,0,,,,0,FALSE,FALSE,FALSE,,,,,,State Assembly Election (AE)
Tamil_Nadu,13,223,2026,5,4,0,11,U ARAVIND,,Independent,189,0,,220857,255457,ALANGULAM,GEN,TENKASI,,14,86.46,0.09,yes,7,0.0,3.81,,,0,TRUE,1,,0,,,,0,FALSE,FALSE,FALSE,,,,,,State Assembly Election (AE)
Tamil_Nadu,13,223,2026,5,4,0,12,A SUBASH  CHANDRA BOSE,,Thakkam Katchi,182,0,,220857,255457,ALANGULAM,GEN,TENKASI,,14,86.46,0.08,yes,21,0.01,3.81,,,0,TRUE,1,,0,,,,0,FALSE,FALSE,FALSE,,,,,,State Assembly Election (AE)
Tamil_Nadu,13,223,2026,5,4,0,13,T  MARIKUMAR,,Independent,161,0,,220857,255457,ALANGULAM,GEN,TENKASI,,14,86.46,0.07,yes,29,0.01,3.81,,,0,TRUE,1,,0,,,,0,FALSE,FALSE,FALSE,,,,,,State Assembly Election (AE)
Tamil_Nadu,13,223,2026,5,4,0,14,K ARUNKUMAR,,Independent,132,0,,220857,255457,ALANGULAM,GEN,TENKASI,,14,86.46,0.06,yes,132,0.06,3.81,,,0,TRUE,1,,0,,,,0,FALSE,FALSE,FALSE,,,,,,State Assembly Election (AE)
Tamil_Nadu,13,224,2026,5,4,0,1,MURUGHAN.R.S.,,Tamilaga Vettri Kazhagam,75840,0,,218425,275857,TIRUNELVELI,GEN,TIRUNELVELI,,21,79.18,34.72,no,11414,5.23,3.82,,,0,TRUE,1,,0,,,,0,FALSE,FALSE,FALSE,,,,,,State Assembly Election (AE)
Tamil_Nadu,13,224,2026,5,4,0,2,SUBRAMANIAN.S,,Dravida Munnetra Kazhagam,64426,0,,218425,275857,TIRUNELVELI,GEN,TIRUNELVELI,,21,79.18,29.5,no,16922,7.75,3.82,,,0,TRUE,1,,0,,,,0,FALSE,FALSE,FALSE,,,,,,State Assembly Election (AE)
Tamil_Nadu,13,224,2026,5,4,0,3,THACHAI GANESARAJA,,All India Anna Dravida Munnetra Kazhagam,47504,0,,218425,275857,TIRUNELVELI,GEN,TIRUNELVELI,,21,79.18,21.75,no,32396,14.83,3.82,,,0,TRUE,1,,0,,,,0,FALSE,FALSE,FALSE,,,,,,State Assembly Election (AE)
Tamil_Nadu,13,224,2026,5,4,0,4,SATHYA. B.,,Naam Tamilar Katchi,15108,0,,218425,275857,TIRUNELVELI,GEN,TIRUNELVELI,,21,79.18,6.92,yes,4474,2.05,3.82,,,0,TRUE,1,,0,,,,0,FALSE,FALSE,FALSE,,,,,,State Assembly Election (AE)
Tamil_Nadu,13,224,2026,5,4,0,5,DR.SHYAM KRISHNASAMY,,Puthiya Tamilagam,10634,0,,218425,275857,TIRUNELVELI,GEN,TIRUNELVELI,,21,79.18,4.87,yes,9917,4.54,3.82,,,0,TRUE,1,,0,,,,0,FALSE,FALSE,FALSE,,,,,,State Assembly Election (AE)
Tamil_Nadu,13,224,2026,5,4,0,6,None Of The Above,,None of the Above,717,0,,218425,275857,TIRUNELVELI,GEN,TIRUNELVELI,,21,79.18,0.33,yes,161,0.07,3.82,,,0,TRUE,1,,0,,,,0,FALSE,FALSE,FALSE,,,,,,State Assembly Election (AE)
Tamil_Nadu,13,224,2026,5,4,0,7,ARUMUGARAJ. S.,,Tamizhaga Vaazhvurimai Katchi,556,0,,218425,275857,TIRUNELVELI,GEN,TIRUNELVELI,,21,79.18,0.25,yes,80,0.04,3.82,,,0,TRUE,1,,0,,,,0,FALSE,FALSE,FALSE,,,,,,State Assembly Election (AE)
Tamil_Nadu,13,224,2026,5,4,0,8,THALABATHI MURUGAN. M.,,Independent,476,0,,218425,275857,TIRUNELVELI,GEN,TIRUNELVELI,,21,79.18,0.22,yes,48,0.02,3.82,,,0,TRUE,1,,0,,,,0,FALSE,FALSE,FALSE,,,,,,State Assembly Election (AE)
Tamil_Nadu,13,224,2026,5,4,0,9,MURUGAN.S.,,Independent,428,0,,218425,275857,TIRUNELVELI,GEN,TIRUNELVELI,,21,79.18,0.2,yes,82,0.04,3.82,,,0,TRUE,1,,0,,,,0,FALSE,FALSE,FALSE,,,,,,State Assembly Election (AE)
Tamil_Nadu,13,224,2026,5,4,0,10,CHENDUR MAHARAJAN,,Puthiya Makkal Tamil Desam Katchi,346,0,,218425,275857,TIRUNELVELI,GEN,TIRUNELVELI,,21,79.18,0.16,yes,0,0.0,3.82,,,0,TRUE,1,,0,,,,0,FALSE,FALSE,FALSE,,,,,,State Assembly Election (AE)
Tamil_Nadu,13,224,2026,5,4,0,11,MUGESH SUBRAMANIAN,,Independent,346,0,,218425,275857,TIRUNELVELI,GEN,TIRUNELVELI,,21,79.18,0.16,yes,9,0.0,3.82,,,0,TRUE,1,,0,,,,0,FALSE,FALSE,FALSE,,,,,,State Assembly Election (AE)
Tamil_Nadu,13,224,2026,5,4,0,12,VEERABAGHU. M.,,Independent,337,0,,218425,275857,TIRUNELVELI,GEN,TIRUNELVELI,,21,79.18,0.15,yes,47,0.02,3.82,,,0,TRUE,1,,0,,,,0,FALSE,FALSE,FALSE,,,,,,State Assembly Election (AE)
Tamil_Nadu,13,224,2026,5,4,0,13,KANNAN. G.,,Aanaithinthiya Jananayaka Pathukappu Kazhagam,290,0,,218425,275857,TIRUNELVELI,GEN,TIRUNELVELI,,21,79.18,0.13,yes,30,0.01,3.82,,,0,TRUE,1,,0,,,,0,FALSE,FALSE,FALSE,,,,,,State Assembly Election (AE)
Tamil_Nadu,13,224,2026,5,4,0,14,SUBRAMANIAN. E.,,Independent,260,0,,218425,275857,TIRUNELVELI,GEN,TIRUNELVELI,,21,79.18,0.12,yes,30,0.01,3.82,,,0,TRUE,1,,0,,,,0,FALSE,FALSE,FALSE,,,,,,State Assembly Election (AE)
Tamil_Nadu,13,224,2026,5,4,0,15,ATHISAYA PNDIYAN. V.,,Independent,230,0,,218425,275857,TIRUNELVELI,GEN,TIRUNELVELI,,21,79.18,0.11,yes,9,0.0,3.82,,,0,TRUE,1,,0,,,,0,FALSE,FALSE,FALSE,,,,,,State Assembly Election (AE)
Tamil_Nadu,13,224,2026,5,4,0,16,VELAYUTHAM. P.,,Independent,221,0,,218425,275857,TIRUNELVELI,GEN,TIRUNELVELI,,21,79.18,0.1,yes,11,0.01,3.82,,,0,TRUE,1,,0,,,,0,FALSE,FALSE,FALSE,,,,,,State Assembly Election (AE)
Tamil_Nadu,13,224,2026,5,4,0,17,MURUGAN. P.,,Thamizhaka Padaippalar Makkal Katchi,210,0,,218425,275857,TIRUNELVELI,GEN,TIRUNELVELI,,21,79.18,0.1,yes,39,0.02,3.82,,,0,TRUE,1,,0,,,,0,FALSE,FALSE,FALSE,,,,,,State Assembly Election (AE)
Tamil_Nadu,13,224,2026,5,4,0,18,MURUGALAKSHMANAN,,Independent,171,0,,218425,275857,TIRUNELVELI,GEN,TIRUNELVELI,,21,79.18,0.08,yes,57,0.03,3.82,,,0,TRUE,1,,0,,,,0,FALSE,FALSE,FALSE,,,,,,State Assembly Election (AE)
Tamil_Nadu,13,224,2026,5,4,0,19,ESWARA VADIVU. S.,,Naam Indiar Party,114,0,,218425,275857,TIRUNELVELI,GEN,TIRUNELVELI,,21,79.18,0.05,yes,5,0.0,3.82,,,0,TRUE,1,,0,,,,0,FALSE,FALSE,FALSE,,,,,,State Assembly Election (AE)
Tamil_Nadu,13,224,2026,5,4,0,20,SELVAKUMAR SINGH,,Bahujan Dravida Party,109,0,,218425,275857,TIRUNELVELI,GEN,TIRUNELVELI,,21,79.18,0.05,yes,7,0.0,3.82,,,0,TRUE,1,,0,,,,0,FALSE,FALSE,FALSE,,,,,,State Assembly Election (AE)
Tamil_Nadu,13,224,2026,5,4,0,21,ESAKKIRAJA. V.,,Independent,102,0,,218425,275857,TIRUNELVELI,GEN,TIRUNELVELI,,21,79.18,0.05,yes,102,0.05,3.82,,,0,TRUE,1,,0,,,,0,FALSE,FALSE,FALSE,,,,,,State Assembly Election (AE)
Tamil_Nadu,13,225,2026,5,4,0,1,DR.ESAKKI SUBAYA,,All India Anna Dravida Munnetra Kazhagam,65589,0,,191195,227878,AMBASAMUDRAM,GEN,TIRUNELVELI,,6,83.9,34.3,no,10245,5.36,3.49,,,0,TRUE,1,,0,,,,0,FALSE,FALSE,FALSE,,,,,,State Assembly Election (AE)
Tamil_Nadu,13,225,2026,5,4,0,2,V.P.DURAI,,Indian National Congress,55344,0,,191195,227878,AMBASAMUDRAM,GEN,TIRUNELVELI,,6,83.9,28.95,no,1733,0.91,3.49,,,0,TRUE,1,,0,,,,0,FALSE,FALSE,FALSE,,,,,,State Assembly Election (AE)
Tamil_Nadu,13,225,2026,5,4,0,3,S.RAJAGOPAL,,Tamilaga Vettri Kazhagam,53611,0,,191195,227878,AMBASAMUDRAM,GEN,TIRUNELVELI,,6,83.9,28.04,no,38705,20.24,3.49,,,0,TRUE,1,,0,,,,0,FALSE,FALSE,FALSE,,,,,,State Assembly Election (AE)
Tamil_Nadu,13,225,2026,5,4,0,4,DR.V.SIVASANKARAN,,Naam Tamilar Katchi,14906,0,,191195,227878,AMBASAMUDRAM,GEN,TIRUNELVELI,,6,83.9,7.8,yes,13846,7.24,3.49,,,0,TRUE,1,,0,,,,0,FALSE,FALSE,FALSE,,,,,,State Assembly Election (AE)
Tamil_Nadu,13,225,2026,5,4,0,5,None Of The Above,,None of the Above,1060,0,,191195,227878,AMBASAMUDRAM,GEN,TIRUNELVELI,,6,83.9,0.55,yes,375,0.2,3.49,,,0,TRUE,1,,0,,,,0,FALSE,FALSE,FALSE,,,,,,State Assembly Election (AE)
Tamil_Nadu,13,225,2026,5,4,0,6,R.ESAIKANNAN,,Bahujan Samaj Party,685,0,,191195,227878,AMBASAMUDRAM,GEN,TIRUNELVELI,,6,83.9,0.36,yes,685,0.36,3.49,,,0,TRUE,1,,0,,,,0,FALSE,FALSE,FALSE,,,,,,State Assembly Election (AE)
Tamil_Nadu,13,226,2026,5,4,0,1,M.ABDUL WAHAB,,Dravida Munnetra Kazhagam,79744,0,,180620,257329,PALAYAMKOTTAI,GEN,TIRUNELVELI,,18,70.19,44.15,no,13805,7.64,2.91,,,0,TRUE,1,,0,,,,0,FALSE,FALSE,FALSE,,,,,,State Assembly Election (AE)
Tamil_Nadu,13,226,2026,5,4,0,2,MARIA JOHN,,Tamilaga Vettri Kazhagam,65939,0,,180620,257329,PALAYAMKOTTAI,GEN,TIRUNELVELI,,18,70.19,36.51,no,46207,25.58,2.91,,,0,TRUE,1,,0,,,,0,FALSE,FALSE,FALSE,,,,,,State Assembly Election (AE)
Tamil_Nadu,13,226,2026,5,4,0,3,SYED SULTHAN SAMSUDEEN,,All India Anna Dravida Munnetra Kazhagam,19732,0,,180620,257329,PALAYAMKOTTAI,GEN,TIRUNELVELI,,18,70.19,10.92,yes,9267,5.13,2.91,,,0,TRUE,1,,0,,,,0,FALSE,FALSE,FALSE,,,,,,State Assembly Election (AE)
Tamil_Nadu,13,226,2026,5,4,0,4,SANKARA NARAYANAN ALIAS SARAN,,Naam Tamilar Katchi,10465,0,,180620,257329,PALAYAMKOTTAI,GEN,TIRUNELVELI,,18,70.19,5.79,yes,9614,5.32,2.91,,,0,TRUE,1,,0,,,,0,FALSE,FALSE,FALSE,,,,,,State Assembly Election (AE)
Tamil_Nadu,13,226,2026,5,4,0,5,None Of The Above,,None of the Above,851,0,,180620,257329,PALAYAMKOTTAI,GEN,TIRUNELVELI,,18,70.19,0.47,yes,134,0.07,2.91,,,0,TRUE,1,,0,,,,0,FALSE,FALSE,FALSE,,,,,,State Assembly Election (AE)
Tamil_Nadu,13,226,2026,5,4,0,6,PAULRAJ.V,,Independent,717,0,,180620,257329,PALAYAMKOTTAI,GEN,TIRUNELVELI,,18,70.19,0.4,yes,98,0.05,2.91,,,0,TRUE,1,,0,,,,0,FALSE,FALSE,FALSE,,,,,,State Assembly Election (AE)
Tamil_Nadu,13,226,2026,5,4,0,7,KARTHICK NARAYANAN S.,,Independent,619,0,,180620,257329,PALAYAMKOTTAI,GEN,TIRUNELVELI,,18,70.19,0.34,yes,59,0.03,2.91,,,0,TRUE,1,,0,,,,0,FALSE,FALSE,FALSE,,,,,,State Assembly Election (AE)
Tamil_Nadu,13,226,2026,5,4,0,8,ABDUL KOYA,,Independent,560,0,,180620,257329,PALAYAMKOTTAI,GEN,TIRUNELVELI,,18,70.19,0.31,yes,67,0.04,2.91,,,0,TRUE,1,,0,,,,0,FALSE,FALSE,FALSE,,,,,,State Assembly Election (AE)
Tamil_Nadu,13,226,2026,5,4,0,9,T.A.UMAR,,Tamizhaga Vaazhvurimai Katchi,493,0,,180620,257329,PALAYAMKOTTAI,GEN,TIRUNELVELI,,18,70.19,0.27,yes,147,0.08,2.91,,,0,TRUE,1,,0,,,,0,FALSE,FALSE,FALSE,,,,,,State Assembly Election (AE)
Tamil_Nadu,13,226,2026,5,4,0,10,SRINIVASH,,Independent,346,0,,180620,257329,PALAYAMKOTTAI,GEN,TIRUNELVELI,,18,70.19,0.19,yes,125,0.07,2.91,,,0,TRUE,1,,0,,,,0,FALSE,FALSE,FALSE,,,,,,State Assembly Election (AE)
Tamil_Nadu,13,226,2026,5,4,0,11,V.GEORGE,,Independent,221,0,,180620,257329,PALAYAMKOTTAI,GEN,TIRUNELVELI,,18,70.19,0.12,yes,20,0.01,2.91,,,0,TRUE,1,,0,,,,0,FALSE,FALSE,FALSE,,,,,,State Assembly Election (AE)
Tamil_Nadu,13,226,2026,5,4,0,12,ESAKKIMUTHU,,Puthiya Makkal Tamil Desam Katchi,201,0,,180620,257329,PALAYAMKOTTAI,GEN,TIRUNELVELI,,18,70.19,0.11,yes,52,0.03,2.91,,,0,TRUE,1,,0,,,,0,FALSE,FALSE,FALSE,,,,,,State Assembly Election (AE)
Tamil_Nadu,13,226,2026,5,4,0,13,M.MANIKANDAN,,Independent,149,0,,180620,257329,PALAYAMKOTTAI,GEN,TIRUNELVELI,,18,70.19,0.08,yes,9,0.0,2.91,,,0,TRUE,1,,0,,,,0,FALSE,FALSE,FALSE,,,,,,State Assembly Election (AE)
Tamil_Nadu,13,226,2026,5,4,0,14,NALLAKKANNU ALIAS KARTHIC.K,,Independent,140,0,,180620,257329,PALAYAMKOTTAI,GEN,TIRUNELVELI,,18,70.19,0.08,yes,13,0.01,2.91,,,0,TRUE,1,,0,,,,0,FALSE,FALSE,FALSE,,,,,,State Assembly Election (AE)
Tamil_Nadu,13,226,2026,5,4,0,15,A. SUDHAHAR,,Independent,127,0,,180620,257329,PALAYAMKOTTAI,GEN,TIRUNELVELI,,18,70.19,0.07,yes,4,0.0,2.91,,,0,TRUE,1,,0,,,,0,FALSE,FALSE,FALSE,,,,,,State Assembly Election (AE)
Tamil_Nadu,13,226,2026,5,4,0,16,S.THANGADURAI,,Naam Indiar Party,123,0,,180620,257329,PALAYAMKOTTAI,GEN,TIRUNELVELI,,18,70.19,0.07,yes,19,0.01,2.91,,,0,TRUE,1,,0,,,,0,FALSE,FALSE,FALSE,,,,,,State Assembly Election (AE)
Tamil_Nadu,13,226,2026,5,4,0,17,D.SANTHIYAGAPPAR ANTONY,,Independent,104,0,,180620,257329,PALAYAMKOTTAI,GEN,TIRUNELVELI,,18,70.19,0.06,yes,15,0.01,2.91,,,0,TRUE,1,,0,,,,0,FALSE,FALSE,FALSE,,,,,,State Assembly Election (AE)
Tamil_Nadu,13,226,2026,5,4,0,18,R.SESU,,Independent,89,0,,180620,257329,PALAYAMKOTTAI,GEN,TIRUNELVELI,,18,70.19,0.05,yes,89,0.05,2.91,,,0,TRUE,1,,0,,,,0,FALSE,FALSE,FALSE,,,,,,State Assembly Election (AE)
Tamil_Nadu,13,227,2026,5,4,0,1,REDDIARPATTI V. NARAYANAN,,Tamilaga Vettri Kazhagam,74952,0,,209419,257177,NANGUNERI,GEN,TIRUNELVELI,,26,81.43,35.79,no,16419,7.84,4.0,,,0,TRUE,1,,0,,,,0,FALSE,FALSE,FALSE,,,,,,State Assembly Election (AE)
Tamil_Nadu,13,227,2026,5,4,0,2,RUBY.R.MANOHARAN,,Indian National Congress,58533,0,,209419,257177,NANGUNERI,GEN,TIRUNELVELI,,26,81.43,27.95,no,20217,9.65,4.0,,,0,TRUE,1,,0,,,,0,FALSE,FALSE,FALSE,,,,,,State Assembly Election (AE)
Tamil_Nadu,13,227,2026,5,4,0,3,R. ESAKKIMUTHU,,Amma Makkal Munnettra Kazagam,38316,0,,209419,257177,NANGUNERI,GEN,TIRUNELVELI,,26,81.43,18.3,no,20698,9.88,4.0,,,0,TRUE,1,,0,,,,0,FALSE,FALSE,FALSE,,,,,,State Assembly Election (AE)
Tamil_Nadu,13,227,2026,5,4,0,4,S. SELVAM,,Naam Tamilar Katchi,17618,0,,209419,257177,NANGUNERI,GEN,TIRUNELVELI,,26,81.43,8.41,yes,6477,3.09,4.0,,,0,TRUE,1,,0,,,,0,FALSE,FALSE,FALSE,,,,,,State Assembly Election (AE)
Tamil_Nadu,13,227,2026,5,4,0,5,TAMILSELVI,,Puthiya Tamilagam,11141,0,,209419,257177,NANGUNERI,GEN,TIRUNELVELI,,26,81.43,5.32,yes,10043,4.8,4.0,,,0,TRUE,1,,0,,,,0,FALSE,FALSE,FALSE,,,,,,State Assembly Election (AE)
Tamil_Nadu,13,227,2026,5,4,0,6,M. KUMAR,,Independent,1098,0,,209419,257177,NANGUNERI,GEN,TIRUNELVELI,,26,81.43,0.52,yes,50,0.02,4.0,,,0,TRUE,1,,0,,,,0,FALSE,FALSE,FALSE,,,,,,State Assembly Election (AE)
Tamil_Nadu,13,227,2026,5,4,0,7,DR.S.VELLAI DURAI,,All India Puratchi Thalaivar Makkal Munnettra Kazhagam,1048,0,,209419,257177,NANGUNERI,GEN,TIRUNELVELI,,26,81.43,0.5,yes,327,0.16,4.0,,,0,TRUE,1,,0,,,,0,FALSE,FALSE,FALSE,,,,,,State Assembly Election (AE)
Tamil_Nadu,13,227,2026,5,4,0,8,None Of The Above,,None of the Above,721,0,,209419,257177,NANGUNERI,GEN,TIRUNELVELI,,26,81.43,0.34,yes,62,0.03,4.0,,,0,TRUE,1,,0,,,,0,FALSE,FALSE,FALSE,,,,,,State Assembly Election (AE)
Tamil_Nadu,13,227,2026,5,4,0,9,R. JANARTHANAN,,Bahujan Samaj Party,659,0,,209419,257177,NANGUNERI,GEN,TIRUNELVELI,,26,81.43,0.31,yes,22,0.01,4.0,,,0,TRUE,1,,0,,,,0,FALSE,FALSE,FALSE,,,,,,State Assembly Election (AE)
Tamil_Nadu,13,227,2026,5,4,0,10,S.MARIYAPPAN,,Independent,637,0,,209419,257177,NANGUNERI,GEN,TIRUNELVELI,,26,81.43,0.3,yes,108,0.05,4.0,,,0,TRUE,1,,0,,,,0,FALSE,FALSE,FALSE,,,,,,State Assembly Election (AE)
Tamil_Nadu,13,227,2026,5,4,0,11,A.RANI NADAR ALIAS PUSHPARANI,,Independent,529,0,,209419,257177,NANGUNERI,GEN,TIRUNELVELI,,26,81.43,0.25,yes,38,0.02,4.0,,,0,TRUE,1,,0,,,,0,FALSE,FALSE,FALSE,,,,,,State Assembly Election (AE)
Tamil_Nadu,13,227,2026,5,4,0,12,CHITHIRAI SELVAN,,Tamizhaga Vaazhvurimai Katchi,491,0,,209419,257177,NANGUNERI,GEN,TIRUNELVELI,,26,81.43,0.23,yes,50,0.02,4.0,,,0,TRUE,1,,0,,,,0,FALSE,FALSE,FALSE,,,,,,State Assembly Election (AE)
Tamil_Nadu,13,227,2026,5,4,0,13,THANITHANGAM,,Independent,441,0,,209419,257177,NANGUNERI,GEN,TIRUNELVELI,,26,81.43,0.21,yes,64,0.03,4.0,,,0,TRUE,1,,0,,,,0,FALSE,FALSE,FALSE,,,,,,State Assembly Election (AE)
Tamil_Nadu,13,227,2026,5,4,0,14,KRISH.MARIAPPAN,,Thamizhaka Padaippalar Makkal Katchi,377,0,,209419,257177,NANGUNERI,GEN,TIRUNELVELI,,26,81.43,0.18,yes,11,0.01,4.0,,,0,TRUE,1,,0,,,,0,FALSE,FALSE,FALSE,,,,,,State Assembly Election (AE)
Tamil_Nadu,13,227,2026,5,4,0,15,THULASI SUDALAI,,Puthiya Makkal Tamil Desam Katchi,366,0,,209419,257177,NANGUNERI,GEN,TIRUNELVELI,,26,81.43,0.17,yes,6,0.0,4.0,,,0,TRUE,1,,0,,,,0,FALSE,FALSE,FALSE,,,,,,State Assembly Election (AE)
Tamil_Nadu,13,227,2026,5,4,0,16,T. SANKAR,,Independent,360,0,,209419,257177,NANGUNERI,GEN,TIRUNELVELI,,26,81.43,0.17,yes,67,0.03,4.0,,,0,TRUE,1,,0,,,,0,FALSE,FALSE,FALSE,,,,,,State Assembly Election (AE)
Tamil_Nadu,13,227,2026,5,4,0,17,SHANMUGAM,,Independent,293,0,,209419,257177,NANGUNERI,GEN,TIRUNELVELI,,26,81.43,0.14,yes,28,0.01,4.0,,,0,TRUE,1,,0,,,,0,FALSE,FALSE,FALSE,,,,,,State Assembly Election (AE)
Tamil_Nadu,13,227,2026,5,4,0,18,N.KALABERUMAL,,Independent,265,0,,209419,257177,NANGUNERI,GEN,TIRUNELVELI,,26,81.43,0.13,yes,0,0.0,4.0,,,0,TRUE,1,,0,,,,0,FALSE,FALSE,FALSE,,,,,,State Assembly Election (AE)
Tamil_Nadu,13,227,2026,5,4,0,19,DEV.P.JEGADEESAN,,Independent,265,0,,209419,257177,NANGUNERI,GEN,TIRUNELVELI,,26,81.43,0.13,yes,14,0.01,4.0,,,0,TRUE,1,,0,,,,0,FALSE,FALSE,FALSE,,,,,,State Assembly Election (AE)
Tamil_Nadu,13,227,2026,5,4,0,20,M. ARUNA,,Independent,251,0,,209419,257177,NANGUNERI,GEN,TIRUNELVELI,,26,81.43,0.12,yes,49,0.02,4.0,,,0,TRUE,1,,0,,,,0,FALSE,FALSE,FALSE,,,,,,State Assembly Election (AE)
Tamil_Nadu,13,227,2026,5,4,0,21,S. SHUNMUGA SUNDARAM,,Naam Indiar Party,202,0,,209419,257177,NANGUNERI,GEN,TIRUNELVELI,,26,81.43,0.1,yes,11,0.01,4.0,,,0,TRUE,1,,0,,,,0,FALSE,FALSE,FALSE,,,,,,State Assembly Election (AE)
Tamil_Nadu,13,227,2026,5,4,0,22,SUDAROLI S.MURUGAN YADHAV B.COM,,Independent,191,0,,209419,257177,NANGUNERI,GEN,TIRUNELVELI,,26,81.43,0.09,yes,13,0.01,4.0,,,0,TRUE,1,,0,,,,0,FALSE,FALSE,FALSE,,,,,,State Assembly Election (AE)
Tamil_Nadu,13,227,2026,5,4,0,23,T. LINGADURAI,,Independent,178,0,,209419,257177,NANGUNERI,GEN,TIRUNELVELI,,26,81.43,0.08,yes,8,0.0,4.0,,,0,TRUE,1,,0,,,,0,FALSE,FALSE,FALSE,,,,,,State Assembly Election (AE)
Tamil_Nadu,13,227,2026,5,4,0,24,NALLAKKANNU ALIAS KARTHIC.K,,Independent,170,0,,209419,257177,NANGUNERI,GEN,TIRUNELVELI,,26,81.43,0.08,yes,1,0.0,4.0,,,0,TRUE,1,,0,,,,0,FALSE,FALSE,FALSE,,,,,,State Assembly Election (AE)
Tamil_Nadu,13,227,2026,5,4,0,25,R.ANANTHI,,Independent,169,0,,209419,257177,NANGUNERI,GEN,TIRUNELVELI,,26,81.43,0.08,yes,21,0.01,4.0,,,0,TRUE,1,,0,,,,0,FALSE,FALSE,FALSE,,,,,,State Assembly Election (AE)
Tamil_Nadu,13,227,2026,5,4,0,26,T. RAJKUMAR,,Independent,148,0,,209419,257177,NANGUNERI,GEN,TIRUNELVELI,,26,81.43,0.07,yes,148,0.07,4.0,,,0,TRUE,1,,0,,,,0,FALSE,FALSE,FALSE,,,,,,State Assembly Election (AE)
Tamil_Nadu,13,228,2026,5,4,0,1,DR.SATHISH CHRISTOPHER,,Tamilaga Vettri Kazhagam,69947,0,,199931,247061,RADHAPURAM,GEN,TIRUNELVELI,,24,80.92,34.99,no,12313,6.16,3.56,,,0,TRUE,1,,0,,,,0,FALSE,FALSE,FALSE,,,,,,State Assembly Election (AE)
Tamil_Nadu,13,228,2026,5,4,0,2,APPAVU.M,,Dravida Munnetra Kazhagam,57634,0,,199931,247061,RADHAPURAM,GEN,TIRUNELVELI,,24,80.92,28.83,no,4997,2.5,3.56,,,0,TRUE,1,,0,,,,0,FALSE,FALSE,FALSE,,,,,,State Assembly Election (AE)
Tamil_Nadu,13,228,2026,5,4,0,3,BALAKRISHNAN.S.P,,Bharatiya Janata Party,52637,0,,199931,247061,RADHAPURAM,GEN,TIRUNELVELI,,24,80.92,26.33,no,37267,18.64,3.56,,,0,TRUE,1,,0,,,,0,FALSE,FALSE,FALSE,,,,,,State Assembly Election (AE)
Tamil_Nadu,13,228,2026,5,4,0,4,GIRIJA THAMARAIPANDIAN.D,,Naam Tamilar Katchi,15370,0,,199931,247061,RADHAPURAM,GEN,TIRUNELVELI,,24,80.92,7.69,yes,14551,7.28,3.56,,,0,TRUE,1,,0,,,,0,FALSE,FALSE,FALSE,,,,,,State Assembly Election (AE)
Tamil_Nadu,13,228,2026,5,4,0,5,DANIEL.A,,Independent,819,0,,199931,247061,RADHAPURAM,GEN,TIRUNELVELI,,24,80.92,0.41,yes,337,0.17,3.56,,,0,TRUE,1,,0,,,,0,FALSE,FALSE,FALSE,,,,,,State Assembly Election (AE)
Tamil_Nadu,13,228,2026,5,4,0,6,PON SANTHANA KUMARAN.R,,Independent,482,0,,199931,247061,RADHAPURAM,GEN,TIRUNELVELI,,24,80.92,0.24,yes,13,0.01,3.56,,,0,TRUE,1,,0,,,,0,FALSE,FALSE,FALSE,,,,,,State Assembly Election (AE)
Tamil_Nadu,13,228,2026,5,4,0,7,None Of The Above,,None of the Above,469,0,,199931,247061,RADHAPURAM,GEN,TIRUNELVELI,,24,80.92,0.23,yes,138,0.07,3.56,,,0,TRUE,1,,0,,,,0,FALSE,FALSE,FALSE,,,,,,State Assembly Election (AE)
Tamil_Nadu,13,228,2026,5,4,0,8,ESSAKKIAMMAL.E,,Bahujan Samaj Party,331,0,,199931,247061,RADHAPURAM,GEN,TIRUNELVELI,,24,80.92,0.17,yes,46,0.02,3.56,,,0,TRUE,1,,0,,,,0,FALSE,FALSE,FALSE,,,,,,State Assembly Election (AE)
Tamil_Nadu,13,228,2026,5,4,0,9,SELVAN.T,,Independent,285,0,,199931,247061,RADHAPURAM,GEN,TIRUNELVELI,,24,80.92,0.14,yes,53,0.03,3.56,,,0,TRUE,1,,0,,,,0,FALSE,FALSE,FALSE,,,,,,State Assembly Election (AE)
Tamil_Nadu,13,228,2026,5,4,0,10,KARTHICK.V,,Independent,232,0,,199931,247061,RADHAPURAM,GEN,TIRUNELVELI,,24,80.92,0.12,yes,9,0.0,3.56,,,0,TRUE,1,,0,,,,0,FALSE,FALSE,FALSE,,,,,,State Assembly Election (AE)
Tamil_Nadu,13,228,2026,5,4,0,11,MANIKANDAN.L,,Independent,223,0,,199931,247061,RADHAPURAM,GEN,TIRUNELVELI,,24,80.92,0.11,yes,18,0.01,3.56,,,0,TRUE,1,,0,,,,0,FALSE,FALSE,FALSE,,,,,,State Assembly Election (AE)
Tamil_Nadu,13,228,2026,5,4,0,12,MANIKANDAN.S,,Independent,205,0,,199931,247061,RADHAPURAM,GEN,TIRUNELVELI,,24,80.92,0.1,yes,10,0.01,3.56,,,0,TRUE,1,,0,,,,0,FALSE,FALSE,FALSE,,,,,,State Assembly Election (AE)
Tamil_Nadu,13,228,2026,5,4,0,13,ANAND PRASAD,,Independent,195,0,,199931,247061,RADHAPURAM,GEN,TIRUNELVELI,,24,80.92,0.1,yes,31,0.02,3.56,,,0,TRUE,1,,0,,,,0,FALSE,FALSE,FALSE,,,,,,State Assembly Election (AE)
Tamil_Nadu,13,228,2026,5,4,0,14,MANIKANDAN.A.I,,Independent,164,0,,199931,247061,RADHAPURAM,GEN,TIRUNELVELI,,24,80.92,0.08,yes,1,0.0,3.56,,,0,TRUE,1,,0,,,,0,FALSE,FALSE,FALSE,,,,,,State Assembly Election (AE)
Tamil_Nadu,13,228,2026,5,4,0,15,JESURAJENDRAN.J,,Naam Indiar Party,163,0,,199931,247061,RADHAPURAM,GEN,TIRUNELVELI,,24,80.92,0.08,yes,29,0.01,3.56,,,0,TRUE,1,,0,,,,0,FALSE,FALSE,FALSE,,,,,,State Assembly Election (AE)
Tamil_Nadu,13,228,2026,5,4,0,16,KINGSLY ISACC JEBARAJ.S,,Independent,134,0,,199931,247061,RADHAPURAM,GEN,TIRUNELVELI,,24,80.92,0.07,yes,13,0.01,3.56,,,0,TRUE,1,,0,,,,0,FALSE,FALSE,FALSE,,,,,,State Assembly Election (AE)
Tamil_Nadu,13,228,2026,5,4,0,17,MURUGAN.P,,Thamizhaka Padaippalar Makkal Katchi,121,0,,199931,247061,RADHAPURAM,GEN,TIRUNELVELI,,24,80.92,0.06,yes,18,0.01,3.56,,,0,TRUE,1,,0,,,,0,FALSE,FALSE,FALSE,,,,,,State Assembly Election (AE)
Tamil_Nadu,13,228,2026,5,4,0,18,MAHALAKSHMI,,Puthiya Makkal Tamil Desam Katchi,103,0,,199931,247061,RADHAPURAM,GEN,TIRUNELVELI,,24,80.92,0.05,yes,10,0.01,3.56,,,0,TRUE,1,,0,,,,0,FALSE,FALSE,FALSE,,,,,,State Assembly Election (AE)
Tamil_Nadu,13,228,2026,5,4,0,19,SUNDARAJAN.S,,Independent,93,0,,199931,247061,RADHAPURAM,GEN,TIRUNELVELI,,24,80.92,0.05,yes,1,0.0,3.56,,,0,TRUE,1,,0,,,,0,FALSE,FALSE,FALSE,,,,,,State Assembly Election (AE)
Tamil_Nadu,13,228,2026,5,4,0,20,JEYARAJ.P V S,,Independent,92,0,,199931,247061,RADHAPURAM,GEN,TIRUNELVELI,,24,80.92,0.05,yes,16,0.01,3.56,,,0,TRUE,1,,0,,,,0,FALSE,FALSE,FALSE,,,,,,State Assembly Election (AE)
Tamil_Nadu,13,228,2026,5,4,0,21,ANANTHI.R,,Independent,76,0,,199931,247061,RADHAPURAM,GEN,TIRUNELVELI,,24,80.92,0.04,yes,6,0.0,3.56,,,0,TRUE,1,,0,,,,0,FALSE,FALSE,FALSE,,,,,,State Assembly Election (AE)
Tamil_Nadu,13,228,2026,5,4,0,22,OLIVER ANTON NAVAMONI. S,,Independent,70,0,,199931,247061,RADHAPURAM,GEN,TIRUNELVELI,,24,80.92,0.04,yes,18,0.01,3.56,,,0,TRUE,1,,0,,,,0,FALSE,FALSE,FALSE,,,,,,State Assembly Election (AE)
Tamil_Nadu,13,228,2026,5,4,0,23,RAJAN.P,,Independent,52,0,,199931,247061,RADHAPURAM,GEN,TIRUNELVELI,,24,80.92,0.03,yes,18,0.01,3.56,,,0,TRUE,1,,0,,,,0,FALSE,FALSE,FALSE,,,,,,State Assembly Election (AE)
Tamil_Nadu,13,228,2026,5,4,0,24,ARUNRAJ,,Independent,34,0,,199931,247061,RADHAPURAM,GEN,TIRUNELVELI,,24,80.92,0.02,yes,34,0.02,3.56,,,0,TRUE,1,,0,,,,0,FALSE,FALSE,FALSE,,,,,,State Assembly Election (AE)
Tamil_Nadu,13,229,2026,5,4,0,1,THALAVAI SUNDARAM. N,,All India Anna Dravida Munnetra Kazhagam,75045,0,,239150,288867,KANNIYAKUMARI,GEN,KANNIYAKUMARI,,15,82.79,31.38,no,214,0.09,3.42,,,0,TRUE,1,,0,,,,0,FALSE,FALSE,FALSE,,,,,,State Assembly Election (AE)
Tamil_Nadu,13,229,2026,5,4,0,2,MAHESH.R,,Dravida Munnetra Kazhagam,74831,0,,239150,288867,KANNIYAKUMARI,GEN,KANNIYAKUMARI,,15,82.79,31.29,no,1854,0.78,3.42,,,0,TRUE,1,,0,,,,0,FALSE,FALSE,FALSE,,,,,,State Assembly Election (AE)
Tamil_Nadu,13,229,2026,5,4,0,3,MADHAVAN.S.R,,Tamilaga Vettri Kazhagam,72977,0,,239150,288867,KANNIYAKUMARI,GEN,KANNIYAKUMARI,,15,82.79,30.52,no,59288,24.79,3.42,,,0,TRUE,1,,0,,,,0,FALSE,FALSE,FALSE,,,,,,State Assembly Election (AE)
Tamil_Nadu,13,229,2026,5,4,0,4,MARIA JENNIFER,,Naam Tamilar Katchi,13689,0,,239150,288867,KANNIYAKUMARI,GEN,KANNIYAKUMARI,,15,82.79,5.72,yes,12864,5.38,3.42,,,0,TRUE,1,,0,,,,0,FALSE,FALSE,FALSE,,,,,,State Assembly Election (AE)
Tamil_Nadu,13,229,2026,5,4,0,5,None Of The Above,,None of the Above,825,0,,239150,288867,KANNIYAKUMARI,GEN,KANNIYAKUMARI,,15,82.79,0.34,yes,371,0.16,3.42,,,0,TRUE,1,,0,,,,0,FALSE,FALSE,FALSE,,,,,,State Assembly Election (AE)
Tamil_Nadu,13,229,2026,5,4,0,6,RAJAN. S,,Independent,454,0,,239150,288867,KANNIYAKUMARI,GEN,KANNIYAKUMARI,,15,82.79,0.19,yes,153,0.06,3.42,,,0,TRUE,1,,0,,,,0,FALSE,FALSE,FALSE,,,,,,State Assembly Election (AE)
Tamil_Nadu,13,229,2026,5,4,0,7,REAGON ANTO.J,,Tamizhaga Vaazhvurimai Katchi,301,0,,239150,288867,KANNIYAKUMARI,GEN,KANNIYAKUMARI,,15,82.79,0.13,yes,95,0.04,3.42,,,0,TRUE,1,,0,,,,0,FALSE,FALSE,FALSE,,,,,,State Assembly Election (AE)
Tamil_Nadu,13,229,2026,5,4,0,8,SRIKRISHNAKUMAR.K,,Thamizhaka Padaippalar Makkal Katchi,206,0,,239150,288867,KANNIYAKUMARI,GEN,KANNIYAKUMARI,,15,82.79,0.09,yes,12,0.01,3.42,,,0,TRUE,1,,0,,,,0,FALSE,FALSE,FALSE,,,,,,State Assembly Election (AE)
Tamil_Nadu,13,229,2026,5,4,0,9,SIVALINGAM.C,,Naam Indiar Party,194,0,,239150,288867,KANNIYAKUMARI,GEN,KANNIYAKUMARI,,15,82.79,0.08,yes,54,0.02,3.42,,,0,TRUE,1,,0,,,,0,FALSE,FALSE,FALSE,,,,,,State Assembly Election (AE)
Tamil_Nadu,13,229,2026,5,4,0,10,MANAVAI KANNAN. M,,Communist Party of India (Marxist-Leninist) Red Star,140,0,,239150,288867,KANNIYAKUMARI,GEN,KANNIYAKUMARI,,15,82.79,0.06,yes,23,0.01,3.42,,,0,TRUE,1,,0,,,,0,FALSE,FALSE,FALSE,,,,,,State Assembly Election (AE)
Tamil_Nadu,13,229,2026,5,4,0,11,DAVID SAHAYA BASCAR,,Independent,117,0,,239150,288867,KANNIYAKUMARI,GEN,KANNIYAKUMARI,,15,82.79,0.05,yes,10,0.0,3.42,,,0,TRUE,1,,0,,,,0,FALSE,FALSE,FALSE,,,,,,State Assembly Election (AE)
Tamil_Nadu,13,229,2026,5,4,0,12,RAMAKRISHNAN.C,,Independent,107,0,,239150,288867,KANNIYAKUMARI,GEN,KANNIYAKUMARI,,15,82.79,0.04,yes,14,0.01,3.42,,,0,TRUE,1,,0,,,,0,FALSE,FALSE,FALSE,,,,,,State Assembly Election (AE)
Tamil_Nadu,13,229,2026,5,4,0,13,SUDHAGAR.R,,Independent,93,0,,239150,288867,KANNIYAKUMARI,GEN,KANNIYAKUMARI,,15,82.79,0.04,yes,3,0.0,3.42,,,0,TRUE,1,,0,,,,0,FALSE,FALSE,FALSE,,,,,,State Assembly Election (AE)
Tamil_Nadu,13,229,2026,5,4,0,14,THANUNEELAN . S,,Independent,90,0,,239150,288867,KANNIYAKUMARI,GEN,KANNIYAKUMARI,,15,82.79,0.04,yes,9,0.0,3.42,,,0,TRUE,1,,0,,,,0,FALSE,FALSE,FALSE,,,,,,State Assembly Election (AE)
Tamil_Nadu,13,229,2026,5,4,0,15,KANAGARAJ.T,,Independent,81,0,,239150,288867,KANNIYAKUMARI,GEN,KANNIYAKUMARI,,15,82.79,0.03,yes,81,0.03,3.42,,,0,TRUE,1,,0,,,,0,FALSE,FALSE,FALSE,,,,,,State Assembly Election (AE)
Tamil_Nadu,13,230,2026,5,4,0,1,AUSTIN,,Dravida Munnetra Kazhagam,69880,0,,196280,258928,NAGERCOIL,GEN,KANNIYAKUMARI,,21,75.8,35.6,no,7570,3.86,3.33,,,0,TRUE,1,,0,,,,0,FALSE,FALSE,FALSE,,,,,,State Assembly Election (AE)
Tamil_Nadu,13,230,2026,5,4,0,2,BERVIN KINGS G,,Tamilaga Vettri Kazhagam,62310,0,,196280,258928,NAGERCOIL,GEN,KANNIYAKUMARI,,21,75.8,31.75,no,9955,5.07,3.33,,,0,TRUE,1,,0,,,,0,FALSE,FALSE,FALSE,,,,,,State Assembly Election (AE)
Tamil_Nadu,13,230,2026,5,4,0,3,GANDHI M R,,Bharatiya Janata Party,52355,0,,196280,258928,NAGERCOIL,GEN,KANNIYAKUMARI,,21,75.8,26.67,no,43782,22.31,3.33,,,0,TRUE,1,,0,,,,0,FALSE,FALSE,FALSE,,,,,,State Assembly Election (AE)
Tamil_Nadu,13,230,2026,5,4,0,4,MUTHUKUMAR M,,Naam Tamilar Katchi,8573,0,,196280,258928,NAGERCOIL,GEN,KANNIYAKUMARI,,21,75.8,4.37,yes,8126,4.14,3.33,,,0,TRUE,1,,0,,,,0,FALSE,FALSE,FALSE,,,,,,State Assembly Election (AE)
Tamil_Nadu,13,230,2026,5,4,0,5,None Of The Above,,None of the Above,447,0,,196280,258928,NAGERCOIL,GEN,KANNIYAKUMARI,,21,75.8,0.23,yes,90,0.05,3.33,,,0,TRUE,1,,0,,,,0,FALSE,FALSE,FALSE,,,,,,State Assembly Election (AE)
Tamil_Nadu,13,230,2026,5,4,0,6,MOHIDEEN FAIGEE ALIAS SOORANKUDY FAIGEE,,Independent,357,0,,196280,258928,NAGERCOIL,GEN,KANNIYAKUMARI,,21,75.8,0.18,yes,20,0.01,3.33,,,0,TRUE,1,,0,,,,0,FALSE,FALSE,FALSE,,,,,,State Assembly Election (AE)
Tamil_Nadu,13,230,2026,5,4,0,7,SIVAKUMAR A,,Independent,337,0,,196280,258928,NAGERCOIL,GEN,KANNIYAKUMARI,,21,75.8,0.17,yes,10,0.01,3.33,,,0,TRUE,1,,0,,,,0,FALSE,FALSE,FALSE,,,,,,State Assembly Election (AE)
Tamil_Nadu,13,230,2026,5,4,0,8,DINO T,,Naadaalum Makkal Katchi,327,0,,196280,258928,NAGERCOIL,GEN,KANNIYAKUMARI,,21,75.8,0.17,yes,67,0.03,3.33,,,0,TRUE,1,,0,,,,0,FALSE,FALSE,FALSE,,,,,,State Assembly Election (AE)
Tamil_Nadu,13,230,2026,5,4,0,9,NAGARAJAN L,,Thamizhaka Padaippalar Makkal Katchi,260,0,,196280,258928,NAGERCOIL,GEN,KANNIYAKUMARI,,21,75.8,0.13,yes,26,0.01,3.33,,,0,TRUE,1,,0,,,,0,FALSE,FALSE,FALSE,,,,,,State Assembly Election (AE)
Tamil_Nadu,13,230,2026,5,4,0,10,NAGOOR MEERAN PEER MOHAMED U,,Independent,234,0,,196280,258928,NAGERCOIL,GEN,KANNIYAKUMARI,,21,75.8,0.12,yes,25,0.01,3.33,,,0,TRUE,1,,0,,,,0,FALSE,FALSE,FALSE,,,,,,State Assembly Election (AE)
Tamil_Nadu,13,230,2026,5,4,0,11,SUYAMBULINGAM A,,Independent,209,0,,196280,258928,NAGERCOIL,GEN,KANNIYAKUMARI,,21,75.8,0.11,yes,64,0.03,3.33,,,0,TRUE,1,,0,,,,0,FALSE,FALSE,FALSE,,,,,,State Assembly Election (AE)
Tamil_Nadu,13,230,2026,5,4,0,12,VALLIMAYIL P,,Communist Party of India (Marxist-Leninist) Red Star,145,0,,196280,258928,NAGERCOIL,GEN,KANNIYAKUMARI,,21,75.8,0.07,yes,8,0.0,3.33,,,0,TRUE,1,,0,,,,0,FALSE,FALSE,FALSE,,,,,,State Assembly Election (AE)
Tamil_Nadu,13,230,2026,5,4,0,13,RETNA MONY S,,Independent,137,0,,196280,258928,NAGERCOIL,GEN,KANNIYAKUMARI,,21,75.8,0.07,yes,21,0.01,3.33,,,0,TRUE,1,,0,,,,0,FALSE,FALSE,FALSE,,,,,,State Assembly Election (AE)
Tamil_Nadu,13,230,2026,5,4,0,14,ANTONY MICHAEL J,,Viro Ke Vir Indian Party,116,0,,196280,258928,NAGERCOIL,GEN,KANNIYAKUMARI,,21,75.8,0.06,yes,4,0.0,3.33,,,0,TRUE,1,,0,,,,0,FALSE,FALSE,FALSE,,,,,,State Assembly Election (AE)
Tamil_Nadu,13,230,2026,5,4,0,15,SUYAMBULINGAM P,,Independent,112,0,,196280,258928,NAGERCOIL,GEN,KANNIYAKUMARI,,21,75.8,0.06,yes,1,0.0,3.33,,,0,TRUE,1,,0,,,,0,FALSE,FALSE,FALSE,,,,,,State Assembly Election (AE)
Tamil_Nadu,13,230,2026,5,4,0,16,GUNASEKARAN S,,Independent,111,0,,196280,258928,NAGERCOIL,GEN,KANNIYAKUMARI,,21,75.8,0.06,yes,11,0.01,3.33,,,0,TRUE,1,,0,,,,0,FALSE,FALSE,FALSE,,,,,,State Assembly Election (AE)
Tamil_Nadu,13,230,2026,5,4,0,17,AJITH KUMAR A,,Independent,100,0,,196280,258928,NAGERCOIL,GEN,KANNIYAKUMARI,,21,75.8,0.05,yes,6,0.0,3.33,,,0,TRUE,1,,0,,,,0,FALSE,FALSE,FALSE,,,,,,State Assembly Election (AE)
Tamil_Nadu,13,230,2026,5,4,0,18,DINESH,,Independent,94,0,,196280,258928,NAGERCOIL,GEN,KANNIYAKUMARI,,21,75.8,0.05,yes,24,0.01,3.33,,,0,TRUE,1,,0,,,,0,FALSE,FALSE,FALSE,,,,,,State Assembly Election (AE)
Tamil_Nadu,13,230,2026,5,4,0,19,JEBARSON S,,Tamizhaga Vaazhvurimai Katchi,70,0,,196280,258928,NAGERCOIL,GEN,KANNIYAKUMARI,,21,75.8,0.04,yes,4,0.0,3.33,,,0,TRUE,1,,0,,,,0,FALSE,FALSE,FALSE,,,,,,State Assembly Election (AE)
Tamil_Nadu,13,230,2026,5,4,0,20,SALATE KANAGARAJ A,,Naam Indiar Party,66,0,,196280,258928,NAGERCOIL,GEN,KANNIYAKUMARI,,21,75.8,0.03,yes,26,0.01,3.33,,,0,TRUE,1,,0,,,,0,FALSE,FALSE,FALSE,,,,,,State Assembly Election (AE)
Tamil_Nadu,13,230,2026,5,4,0,21,VAIRAM PILLAI S,,Independent,40,0,,196280,258928,NAGERCOIL,GEN,KANNIYAKUMARI,,21,75.8,0.02,yes,40,0.02,3.33,,,0,TRUE,1,,0,,,,0,FALSE,FALSE,FALSE,,,,,,State Assembly Election (AE)
Tamil_Nadu,13,231,2026,5,4,0,1,THARAHAI CUTHBERT,,Indian National Congress,66207,0,,199013,265015,COLACHAL,GEN,KANNIYAKUMARI,,14,75.09,33.27,no,2833,1.42,3.44,,,0,TRUE,1,,0,,,,0,FALSE,FALSE,FALSE,,,,,,State Assembly Election (AE)
Tamil_Nadu,13,231,2026,5,4,0,2,PREM ALEX LAWRENCE,,Tamilaga Vettri Kazhagam,63374,0,,199013,265015,COLACHAL,GEN,KANNIYAKUMARI,,14,75.09,31.84,no,8990,4.52,3.44,,,0,TRUE,1,,0,,,,0,FALSE,FALSE,FALSE,,,,,,State Assembly Election (AE)
Tamil_Nadu,13,231,2026,5,4,0,3,SIVAKUMAR. T,,Bharatiya Janata Party,54384,0,,199013,265015,COLACHAL,GEN,KANNIYAKUMARI,,14,75.09,27.33,no,41926,21.07,3.44,,,0,TRUE,1,,0,,,,0,FALSE,FALSE,FALSE,,,,,,State Assembly Election (AE)
Tamil_Nadu,13,231,2026,5,4,0,4,ANCY SHOBA RANI. L,,Naam Tamilar Katchi,12458,0,,199013,265015,COLACHAL,GEN,KANNIYAKUMARI,,14,75.09,6.26,yes,11877,5.97,3.44,,,0,TRUE,1,,0,,,,0,FALSE,FALSE,FALSE,,,,,,State Assembly Election (AE)
Tamil_Nadu,13,231,2026,5,4,0,5,None Of The Above,,None of the Above,581,0,,199013,265015,COLACHAL,GEN,KANNIYAKUMARI,,14,75.09,0.29,yes,232,0.12,3.44,,,0,TRUE,1,,0,,,,0,FALSE,FALSE,FALSE,,,,,,State Assembly Election (AE)
Tamil_Nadu,13,231,2026,5,4,0,6,SELVARAJ. M,,Independent,349,0,,199013,265015,COLACHAL,GEN,KANNIYAKUMARI,,14,75.09,0.18,yes,35,0.02,3.44,,,0,TRUE,1,,0,,,,0,FALSE,FALSE,FALSE,,,,,,State Assembly Election (AE)
Tamil_Nadu,13,231,2026,5,4,0,7,RAJASINGH. C,,Bahujan Samaj Party,314,0,,199013,265015,COLACHAL,GEN,KANNIYAKUMARI,,14,75.09,0.16,yes,10,0.01,3.44,,,0,TRUE,1,,0,,,,0,FALSE,FALSE,FALSE,,,,,,State Assembly Election (AE)
Tamil_Nadu,13,231,2026,5,4,0,8,ANTHONY MUTHU. S.M,,Communist Party of India (Marxist-Leninist) (Liberation),304,0,,199013,265015,COLACHAL,GEN,KANNIYAKUMARI,,14,75.09,0.15,yes,49,0.02,3.44,,,0,TRUE,1,,0,,,,0,FALSE,FALSE,FALSE,,,,,,State Assembly Election (AE)
Tamil_Nadu,13,231,2026,5,4,0,9,SARAVANAN. M,,Independent,255,0,,199013,265015,COLACHAL,GEN,KANNIYAKUMARI,,14,75.09,0.13,yes,11,0.01,3.44,,,0,TRUE,1,,0,,,,0,FALSE,FALSE,FALSE,,,,,,State Assembly Election (AE)
Tamil_Nadu,13,231,2026,5,4,0,10,GANESH. N,,Thamizhaka Padaippalar Makkal Katchi,244,0,,199013,265015,COLACHAL,GEN,KANNIYAKUMARI,,14,75.09,0.12,yes,99,0.05,3.44,,,0,TRUE,1,,0,,,,0,FALSE,FALSE,FALSE,,,,,,State Assembly Election (AE)
Tamil_Nadu,13,231,2026,5,4,0,11,CHRIST MILLER. S,,All India Puratchi Thalaivar Makkal Munnettra Kazhagam,145,0,,199013,265015,COLACHAL,GEN,KANNIYAKUMARI,,14,75.09,0.07,yes,5,0.0,3.44,,,0,TRUE,1,,0,,,,0,FALSE,FALSE,FALSE,,,,,,State Assembly Election (AE)
Tamil_Nadu,13,231,2026,5,4,0,12,KOIL RAJ. R,,Naam Indiar Party,140,0,,199013,265015,COLACHAL,GEN,KANNIYAKUMARI,,14,75.09,0.07,yes,6,0.0,3.44,,,0,TRUE,1,,0,,,,0,FALSE,FALSE,FALSE,,,,,,State Assembly Election (AE)
Tamil_Nadu,13,231,2026,5,4,0,13,ANTONY ALANKARAM. K,,Independent,134,0,,199013,265015,COLACHAL,GEN,KANNIYAKUMARI,,14,75.09,0.07,yes,10,0.01,3.44,,,0,TRUE,1,,0,,,,0,FALSE,FALSE,FALSE,,,,,,State Assembly Election (AE)
Tamil_Nadu,13,231,2026,5,4,0,14,MURALI. M,,Tamizhaga Vaazhvurimai Katchi,124,0,,199013,265015,COLACHAL,GEN,KANNIYAKUMARI,,14,75.09,0.06,yes,124,0.06,3.44,,,0,TRUE,1,,0,,,,0,FALSE,FALSE,FALSE,,,,,,State Assembly Election (AE)
Tamil_Nadu,13,232,2026,5,4,0,1,CHELLASWAMY. R,,Communist Party of India (Marxist),68938,0,,180555,235511,PADMANABHAPURAM,GEN,KANNIYAKUMARI,,12,76.67,38.18,no,15569,8.62,3.36,,,0,TRUE,1,,0,,,,0,FALSE,FALSE,FALSE,,,,,,State Assembly Election (AE)
Tamil_Nadu,13,232,2026,5,4,0,2,KRISHNA KUMAR. S,,Tamilaga Vettri Kazhagam,53369,0,,180555,235511,PADMANABHAPURAM,GEN,KANNIYAKUMARI,,12,76.67,29.56,no,9076,5.03,3.36,,,0,TRUE,1,,0,,,,0,FALSE,FALSE,FALSE,,,,,,State Assembly Election (AE)
Tamil_Nadu,13,232,2026,5,4,0,3,RAMESH. P,,Bharatiya Janata Party,44293,0,,180555,235511,PADMANABHAPURAM,GEN,KANNIYAKUMARI,,12,76.67,24.53,no,33005,18.28,3.36,,,0,TRUE,1,,0,,,,0,FALSE,FALSE,FALSE,,,,,,State Assembly Election (AE)
Tamil_Nadu,13,232,2026,5,4,0,4,SEELAN,,Naam Tamilar Katchi,11288,0,,180555,235511,PADMANABHAPURAM,GEN,KANNIYAKUMARI,,12,76.67,6.25,yes,10673,5.91,3.36,,,0,TRUE,1,,0,,,,0,FALSE,FALSE,FALSE,,,,,,State Assembly Election (AE)
Tamil_Nadu,13,232,2026,5,4,0,5,None Of The Above,,None of the Above,615,0,,180555,235511,PADMANABHAPURAM,GEN,KANNIYAKUMARI,,12,76.67,0.34,yes,162,0.09,3.36,,,0,TRUE,1,,0,,,,0,FALSE,FALSE,FALSE,,,,,,State Assembly Election (AE)
Tamil_Nadu,13,232,2026,5,4,0,6,VASANTHI. R,,Independent,453,0,,180555,235511,PADMANABHAPURAM,GEN,KANNIYAKUMARI,,12,76.67,0.25,yes,80,0.04,3.36,,,0,TRUE,1,,0,,,,0,FALSE,FALSE,FALSE,,,,,,State Assembly Election (AE)
Tamil_Nadu,13,232,2026,5,4,0,7,DURAI RAJ. S,,Independent,373,0,,180555,235511,PADMANABHAPURAM,GEN,KANNIYAKUMARI,,12,76.67,0.21,yes,27,0.01,3.36,,,0,TRUE,1,,0,,,,0,FALSE,FALSE,FALSE,,,,,,State Assembly Election (AE)
Tamil_Nadu,13,232,2026,5,4,0,8,RAKESH KUMAR. M,,Thamizhaka Padaippalar Makkal Katchi,346,0,,180555,235511,PADMANABHAPURAM,GEN,KANNIYAKUMARI,,12,76.67,0.19,yes,32,0.02,3.36,,,0,TRUE,1,,0,,,,0,FALSE,FALSE,FALSE,,,,,,State Assembly Election (AE)
Tamil_Nadu,13,232,2026,5,4,0,9,SYEDALI. A,,Our Mahathma National Party,314,0,,180555,235511,PADMANABHAPURAM,GEN,KANNIYAKUMARI,,12,76.67,0.17,yes,85,0.05,3.36,,,0,TRUE,1,,0,,,,0,FALSE,FALSE,FALSE,,,,,,State Assembly Election (AE)
Tamil_Nadu,13,232,2026,5,4,0,10,DR. KRISHNA PRASAD. B,,Independent,229,0,,180555,235511,PADMANABHAPURAM,GEN,KANNIYAKUMARI,,12,76.67,0.13,yes,36,0.02,3.36,,,0,TRUE,1,,0,,,,0,FALSE,FALSE,FALSE,,,,,,State Assembly Election (AE)
Tamil_Nadu,13,232,2026,5,4,0,11,ARUL MANI. H,,Independent,193,0,,180555,235511,PADMANABHAPURAM,GEN,KANNIYAKUMARI,,12,76.67,0.11,yes,49,0.03,3.36,,,0,TRUE,1,,0,,,,0,FALSE,FALSE,FALSE,,,,,,State Assembly Election (AE)
Tamil_Nadu,13,232,2026,5,4,0,12,VAIKUNDAMANI. N,,Tamizhaga Vaazhvurimai Katchi,144,0,,180555,235511,PADMANABHAPURAM,GEN,KANNIYAKUMARI,,12,76.67,0.08,yes,144,0.08,3.36,,,0,TRUE,1,,0,,,,0,FALSE,FALSE,FALSE,,,,,,State Assembly Election (AE)
Tamil_Nadu,13,233,2026,5,4,0,1,PRAVEEN T.T,,Indian National Congress,70755,0,,174927,226658,VILAVANCODE,GEN,KANNIYAKUMARI,,15,77.18,40.45,no,20970,11.99,3.19,,,0,TRUE,1,,0,,,,0,FALSE,FALSE,FALSE,,,,,,State Assembly Election (AE)
Tamil_Nadu,13,233,2026,5,4,0,2,MICHAEL KUMAR K,,Tamilaga Vettri Kazhagam,49785,0,,174927,226658,VILAVANCODE,GEN,KANNIYAKUMARI,,15,77.18,28.46,no,4181,2.39,3.19,,,0,TRUE,1,,0,,,,0,FALSE,FALSE,FALSE,,,,,,State Assembly Election (AE)
Tamil_Nadu,13,233,2026,5,4,0,3,VIJAYADHARANI S,,Bharatiya Janata Party,45604,0,,174927,226658,VILAVANCODE,GEN,KANNIYAKUMARI,,15,77.18,26.07,no,39405,22.53,3.19,,,0,TRUE,1,,0,,,,0,FALSE,FALSE,FALSE,,,,,,State Assembly Election (AE)
Tamil_Nadu,13,233,2026,5,4,0,4,MARIA STELLA,,Naam Tamilar Katchi,6199,0,,174927,226658,VILAVANCODE,GEN,KANNIYAKUMARI,,15,77.18,3.54,yes,5371,3.07,3.19,,,0,TRUE,1,,0,,,,0,FALSE,FALSE,FALSE,,,,,,State Assembly Election (AE)
Tamil_Nadu,13,233,2026,5,4,0,5,None Of The Above,,None of the Above,828,0,,174927,226658,VILAVANCODE,GEN,KANNIYAKUMARI,,15,77.18,0.47,yes,426,0.24,3.19,,,0,TRUE,1,,0,,,,0,FALSE,FALSE,FALSE,,,,,,State Assembly Election (AE)
Tamil_Nadu,13,233,2026,5,4,0,6,JOHN CHRISTOPHER T,,Rashtriya Janata Dal,402,0,,174927,226658,VILAVANCODE,GEN,KANNIYAKUMARI,,15,77.18,0.23,yes,108,0.06,3.19,,,0,TRUE,1,,0,,,,0,FALSE,FALSE,FALSE,,,,,,State Assembly Election (AE)
Tamil_Nadu,13,233,2026,5,4,0,7,BAIJU T,,Viro Ke Vir Indian Party,294,0,,174927,226658,VILAVANCODE,GEN,KANNIYAKUMARI,,15,77.18,0.17,yes,77,0.04,3.19,,,0,TRUE,1,,0,,,,0,FALSE,FALSE,FALSE,,,,,,State Assembly Election (AE)
Tamil_Nadu,13,233,2026,5,4,0,8,MOHAN KUMAR M,,All India Jananayaka Makkal Kazhagam,217,0,,174927,226658,VILAVANCODE,GEN,KANNIYAKUMARI,,15,77.18,0.12,yes,23,0.01,3.19,,,0,TRUE,1,,0,,,,0,FALSE,FALSE,FALSE,,,,,,State Assembly Election (AE)
Tamil_Nadu,13,233,2026,5,4,0,9,VENKADEASAN. K,,Thamizhaka Padaippalar Makkal Katchi,194,0,,174927,226658,VILAVANCODE,GEN,KANNIYAKUMARI,,15,77.18,0.11,yes,4,0.0,3.19,,,0,TRUE,1,,0,,,,0,FALSE,FALSE,FALSE,,,,,,State Assembly Election (AE)
Tamil_Nadu,13,233,2026,5,4,0,10,JOSELAL L.V,,Independent,190,0,,174927,226658,VILAVANCODE,GEN,KANNIYAKUMARI,,15,77.18,0.11,yes,78,0.04,3.19,,,0,TRUE,1,,0,,,,0,FALSE,FALSE,FALSE,,,,,,State Assembly Election (AE)
Tamil_Nadu,13,233,2026,5,4,0,11,MURUGANANDHA PRASAD T,,Independent,112,0,,174927,226658,VILAVANCODE,GEN,KANNIYAKUMARI,,15,77.18,0.06,yes,4,0.0,3.19,,,0,TRUE,1,,0,,,,0,FALSE,FALSE,FALSE,,,,,,State Assembly Election (AE)
Tamil_Nadu,13,233,2026,5,4,0,12,PRAVEEN KUMAR,,Independent,108,0,,174927,226658,VILAVANCODE,GEN,KANNIYAKUMARI,,15,77.18,0.06,yes,20,0.01,3.19,,,0,TRUE,1,,0,,,,0,FALSE,FALSE,FALSE,,,,,,State Assembly Election (AE)
Tamil_Nadu,13,233,2026,5,4,0,13,SHIBU AMOSE,,Independent,88,0,,174927,226658,VILAVANCODE,GEN,KANNIYAKUMARI,,15,77.18,0.05,yes,7,0.0,3.19,,,0,TRUE,1,,0,,,,0,FALSE,FALSE,FALSE,,,,,,State Assembly Election (AE)
Tamil_Nadu,13,233,2026,5,4,0,14,DAVID T,,Independent,81,0,,174927,226658,VILAVANCODE,GEN,KANNIYAKUMARI,,15,77.18,0.05,yes,11,0.01,3.19,,,0,TRUE,1,,0,,,,0,FALSE,FALSE,FALSE,,,,,,State Assembly Election (AE)
Tamil_Nadu,13,233,2026,5,4,0,15,KRISHNAN M,,Independent,70,0,,174927,226658,VILAVANCODE,GEN,KANNIYAKUMARI,,15,77.18,0.04,yes,70,0.04,3.19,,,0,TRUE,1,,0,,,,0,FALSE,FALSE,FALSE,,,,,,State Assembly Election (AE)
Tamil_Nadu,13,234,2026,5,4,0,1,RAJESH KUMAR. S,,Indian National Congress,66434,0,,177534,245359,KILLIYOOR,GEN,KANNIYAKUMARI,,14,72.36,37.42,no,1311,0.74,3.22,,,0,TRUE,1,,0,,,,0,FALSE,FALSE,FALSE,,,,,,State Assembly Election (AE)
Tamil_Nadu,13,234,2026,5,4,0,2,SABIN. S,,Tamilaga Vettri Kazhagam,65123,0,,177534,245359,KILLIYOOR,GEN,KANNIYAKUMARI,,14,72.36,36.68,no,34053,19.18,3.22,,,0,TRUE,1,,0,,,,0,FALSE,FALSE,FALSE,,,,,,State Assembly Election (AE)
Tamil_Nadu,13,234,2026,5,4,0,3,NIVIN SIMON. J,,Bharatiya Janata Party,31070,0,,177534,245359,KILLIYOOR,GEN,KANNIYAKUMARI,,14,72.36,17.5,no,18306,10.31,3.22,,,0,TRUE,1,,0,,,,0,FALSE,FALSE,FALSE,,,,,,State Assembly Election (AE)
Tamil_Nadu,13,234,2026,5,4,0,4,HIMLAR,,Naam Tamilar Katchi,12764,0,,177534,245359,KILLIYOOR,GEN,KANNIYAKUMARI,,14,72.36,7.19,yes,12262,6.91,3.22,,,0,TRUE,1,,0,,,,0,FALSE,FALSE,FALSE,,,,,,State Assembly Election (AE)
Tamil_Nadu,13,234,2026,5,4,0,5,None Of The Above,,None of the Above,502,0,,177534,245359,KILLIYOOR,GEN,KANNIYAKUMARI,,14,72.36,0.28,yes,92,0.05,3.22,,,0,TRUE,1,,0,,,,0,FALSE,FALSE,FALSE,,,,,,State Assembly Election (AE)
Tamil_Nadu,13,234,2026,5,4,0,6,PRABHU. S,,Thamizhaka Padaippalar Makkal Katchi,410,0,,177534,245359,KILLIYOOR,GEN,KANNIYAKUMARI,,14,72.36,0.23,yes,169,0.1,3.22,,,0,TRUE,1,,0,,,,0,FALSE,FALSE,FALSE,,,,,,State Assembly Election (AE)
Tamil_Nadu,13,234,2026,5,4,0,7,AJAI (ALIAS) NAGARAJAN,,Independent,241,0,,177534,245359,KILLIYOOR,GEN,KANNIYAKUMARI,,14,72.36,0.14,yes,44,0.02,3.22,,,0,TRUE,1,,0,,,,0,FALSE,FALSE,FALSE,,,,,,State Assembly Election (AE)
Tamil_Nadu,13,234,2026,5,4,0,8,BERRILA. L,,Independent,197,0,,177534,245359,KILLIYOOR,GEN,KANNIYAKUMARI,,14,72.36,0.11,yes,8,0.0,3.22,,,0,TRUE,1,,0,,,,0,FALSE,FALSE,FALSE,,,,,,State Assembly Election (AE)
Tamil_Nadu,13,234,2026,5,4,0,9,JUSTIN. M,,Independent,189,0,,177534,245359,KILLIYOOR,GEN,KANNIYAKUMARI,,14,72.36,0.11,yes,27,0.02,3.22,,,0,TRUE,1,,0,,,,0,FALSE,FALSE,FALSE,,,,,,State Assembly Election (AE)
Tamil_Nadu,13,234,2026,5,4,0,10,BABY RAJ. P,,Independent,162,0,,177534,245359,KILLIYOOR,GEN,KANNIYAKUMARI,,14,72.36,0.09,yes,6,0.0,3.22,,,0,TRUE,1,,0,,,,0,FALSE,FALSE,FALSE,,,,,,State Assembly Election (AE)
Tamil_Nadu,13,234,2026,5,4,0,11,RUBIN ANTONY,,Tamizhaga Vaazhvurimai Katchi,156,0,,177534,245359,KILLIYOOR,GEN,KANNIYAKUMARI,,14,72.36,0.09,yes,28,0.02,3.22,,,0,TRUE,1,,0,,,,0,FALSE,FALSE,FALSE,,,,,,State Assembly Election (AE)
Tamil_Nadu,13,234,2026,5,4,0,12,SATHEESH. S,,Independent,128,0,,177534,245359,KILLIYOOR,GEN,KANNIYAKUMARI,,14,72.36,0.07,yes,43,0.02,3.22,,,0,TRUE,1,,0,,,,0,FALSE,FALSE,FALSE,,,,,,State Assembly Election (AE)
Tamil_Nadu,13,234,2026,5,4,0,13,JUSTIN. T,,Indian Christian Front,85,0,,177534,245359,KILLIYOOR,GEN,KANNIYAKUMARI,,14,72.36,0.05,yes,12,0.01,3.22,,,0,TRUE,1,,0,,,,0,FALSE,FALSE,FALSE,,,,,,State Assembly Election (AE)
Tamil_Nadu,13,234,2026,5,4,0,14,DR. RAMACHANDRAN. M,,Independent,73,0,,177534,245359,KILLIYOOR,GEN,KANNIYAKUMARI,,14,72.36,0.04,yes,73,0.04,3.22,,,0,TRUE,1,,0,,,,0,FALSE,FALSE,FALSE,,,,,,State Assembly Election (AE)
