AC No,AC Name,Sl no,Candidate,Party,EVM Votes,Postal Votes,Total Votes,Vote Share
1,GUMMIDIPOONDI,1,T.J.GOVINDARAJAN,Dravida Munnetra Kazhagam,61922,570,62492,26.88
1,GUMMIDIPOONDI,2,SUDHAKAR.V,All India Anna Dravida Munnetra Kazhagam,65894,481,66375,28.55
1,GUMMIDIPOONDI,3,M.JAGADEESAN,Bahujan Samaj Party,695,2,697,0.3
1,GUMMIDIPOONDI,4,"R.SRIDAR. B.L.,",Naam Tamilar Katchi,4707,49,4756,2.05
1,GUMMIDIPOONDI,5,SDK SANKAR,Aanaithinthiya Jananayaka Pathukappu Kazhagam,593,6,599,0.26
1,GUMMIDIPOONDI,6,K. CHANDRA SEKAR,Veerath Thiyagi Viswanathadoss Thozhilalarkal Katchi,335,1,336,0.14
1,GUMMIDIPOONDI,7,S.VIJAYAKUMAR,Tamilaga Vettri Kazhagam,93820,500,94320,40.56
1,GUMMIDIPOONDI,8,M.KUMARAN,Independent,260,0,260,0.11
1,GUMMIDIPOONDI,9,GOPAL.K,Independent,174,3,177,0.08
1,GUMMIDIPOONDI,10,T.GOVINDAN,Independent,205,1,206,0.09
1,GUMMIDIPOONDI,11,A.H. SIVA GANESH,Independent,104,0,104,0.04
1,GUMMIDIPOONDI,12,D.SUDHAKAR,Independent,319,2,321,0.14
1,GUMMIDIPOONDI,13,V.SUDHAKAR,Independent,217,0,217,0.09
1,GUMMIDIPOONDI,14,D.DINESH,Independent,222,0,222,0.1
1,GUMMIDIPOONDI,15,G.RANJITH B.SC.L.L.B,Independent,502,1,503,0.22
1,GUMMIDIPOONDI,16,NOTA,None of the Above,931,6,937,0.4
2,PONNERI,1,DURAI CHANDRASEKAR,Indian National Congress,54301,370,54671,24.1
2,PONNERI,2,SANTHOSHKUMAR.J,Bahujan Samaj Party,611,4,615,0.27
2,PONNERI,3,BALARAMAN.P,All India Anna Dravida Munnetra Kazhagam,51160,308,51468,22.69
2,PONNERI,4,RAJATHI.M,Naam Tamilar Katchi,6633,43,6676,2.94
2,PONNERI,5,ASHOK PRIYADARSHAN,Desiya Makkal Sakthi Katchi,360,6,366,0.16
2,PONNERI,6,RAJA.S,Vanchit Bahujan Aaghadi,295,4,299,0.13
2,PONNERI,7,KOTTEESWARAN. K,Tamizhaga Vaazhvurimai Katchi,163,3,166,0.07
2,PONNERI,8,MALATHI.S,Tamizhaga Murpokku Makkal Katchi,371,0,371,0.16
2,PONNERI,9,DR.RAVI.M.S,Tamilaga Vettri Kazhagam,110051,388,110439,48.69
2,PONNERI,10,NAGAIYAN.G,Independent,227,5,232,0.1
2,PONNERI,11,BARATHIRAJA.K,Independent,155,4,159,0.07
2,PONNERI,12,RAJASEKAR.J,Independent,288,1,289,0.13
2,PONNERI,13,VENKATESAN.S,Independent,202,1,203,0.09
2,PONNERI,14,NOTA,None of the Above,859,6,865,0.38
3,TIRUTTANI,1,G.HARI,All India Anna Dravida Munnetra Kazhagam,87893,1276,89169,37.34
3,TIRUTTANI,2,D.KRISHNAMURTHY,Desiya Murpokku Dravida Kazhagam,53976,887,54863,22.97
3,TIRUTTANI,3,CHANDRAN .S.S,Naam Tamilar Katchi,6516,188,6704,2.81
3,TIRUTTANI,4,MUTHURAJ.G,Bahujan Samaj Party,469,1,470,0.2
3,TIRUTTANI,5,M.SATHYA KUMAR,Tamilaga Vettri Kazhagam,82608,768,83376,34.91
3,TIRUTTANI,6,BALAJI.A,Thakkam Katchi,272,0,272,0.11
3,TIRUTTANI,7,PAVENDHAN.Y.R,Tamizhaga Vaazhvurimai Katchi,130,2,132,0.06
3,TIRUTTANI,8,KRISHNAMOORTHY.K,Independent,201,9,210,0.09
3,TIRUTTANI,9,KRISHNAMOORTHY.D,Independent,460,7,467,0.2
3,TIRUTTANI,10,KRISHNAMOORTHY.M,Independent,943,3,946,0.4
3,TIRUTTANI,11,SHETTU.S,Independent,152,1,153,0.06
3,TIRUTTANI,12,DR.A.V.NARENDRAN,Independent,197,1,198,0.08
3,TIRUTTANI,13,JAMBU.B,Independent,623,5,628,0.26
3,TIRUTTANI,14,NOTA,None of the Above,1180,30,1210,0.51
4,THIRUVALLUR,1,V.G. RAAJENDRAN,Dravida Munnetra Kazhagam,66729,701,67430,29.78
4,THIRUVALLUR,2,K. SENTHILKUMAR,Naam Tamilar Katchi,5452,61,5513,2.43
4,THIRUVALLUR,3,BE  VEE RAMANAH,All India Anna Dravida Munnetra Kazhagam,56086,476,56562,24.98
4,THIRUVALLUR,4,B. RAJESH KUMAR,Bahujan Samaj Party,668,6,674,0.3
4,THIRUVALLUR,5,DR. T. ARUNKUMAR,Tamilaga Vettri Kazhagam,91683,507,92190,40.71
4,THIRUVALLUR,6,E. MANI,Republican Party of India (Athawale),644,9,653,0.29
4,THIRUVALLUR,7,E. RAJARATHINAM,Tamizhaga Vaazhvurimai Katchi,134,0,134,0.06
4,THIRUVALLUR,8,N. VENKATESAN,Aanaithinthiya Jananayaka Pathukappu Kazhagam,352,2,354,0.16
4,THIRUVALLUR,9,E.KOTHANDAN,Independent,201,2,203,0.09
4,THIRUVALLUR,10,N. NAGENDRABABU,Independent,184,0,184,0.08
4,THIRUVALLUR,11,N. BALAKRISHNAN,Independent,186,0,186,0.08
4,THIRUVALLUR,12,R. RAMANAN,Independent,118,0,118,0.05
4,THIRUVALLUR,13,G. RAJENDIRAN,Independent,223,4,227,0.1
4,THIRUVALLUR,14,S. RAJENDRAN,Independent,867,1,868,0.38
4,THIRUVALLUR,15,NOTA,None of the Above,1122,10,1132,0.5
5,POONAMALLEE,1,KRISHNASWAMY.A,Dravida Munnetra Kazhagam,87803,766,88569,28.67
5,POONAMALLEE,2,MEKALA.J,Naam Tamilar Katchi,11616,81,11697,3.79
5,POONAMALLEE,3,RAJASEKARAN.K,Bahujan Samaj Party,852,8,860,0.28
5,POONAMALLEE,4,ELUMALAI.T.A,Amma Makkal Munnettra Kazagam,43017,263,43280,14.01
5,POONAMALLEE,5,PRAKASAM.R,Tamilaga Vettri Kazhagam,160643,666,161309,52.22
5,POONAMALLEE,6,SIVAKUMAR.S,Independent,297,0,297,0.1
5,POONAMALLEE,7,DHASARATHAN.R,Independent,133,0,133,0.04
5,POONAMALLEE,8,PURUSHOTHAMAN.B,Independent,254,1,255,0.08
5,POONAMALLEE,9,RAVIKUMAR.M,Independent,352,3,355,0.11
5,POONAMALLEE,10,VELU.S,Independent,263,1,264,0.09
5,POONAMALLEE,11,DR.JAYANTHI.R,Independent,299,5,304,0.1
5,POONAMALLEE,12,NOTA,None of the Above,1551,20,1571,0.51
6,AVADI,1,S. CHARLES,Bahujan Samaj Party,746,15,761,0.22
6,AVADI,2,S.M.NASAR,Dravida Munnetra Kazhagam,103115,958,104073,30.08
6,AVADI,3,PUNITHA SHANMUGAM,Naam Tamilar Katchi,16190,145,16335,4.72
6,AVADI,4,RAJASIMHA MAHENDRA,Bharatiya Janata Party,39170,435,39605,11.45
6,AVADI,5,R.Edmund Jayendren,Tamizhaga Vaazhvurimai Katchi,471,7,478,0.14
6,AVADI,6,C.S. Karnan,Anti Corruption Dynamic Party,222,2,224,0.06
6,AVADI,7,SENTHILKUMAR. S,Anna Puratchi Thalaivar Amma Dravida Munnetra Kazhagam,156,0,156,0.05
6,AVADI,8,R. BAKTHAVATCHALAM,All India Puratchi Thalaivar Makkal Munnettra Kazhagam,625,2,627,0.18
6,AVADI,9,R.RAMESH KUMAR,Tamilaga Vettri Kazhagam,179472,912,180384,52.13
6,AVADI,10,P.JAYAKUMAR,Samaniya Makkal Nala Katchi,177,0,177,0.05
6,AVADI,11,K. ANNAMALAI,Independent,77,0,77,0.02
6,AVADI,12,G.D. ARUNKUMAR,Independent,205,0,205,0.06
6,AVADI,13,M. ERAJASIMMAN,Independent,105,0,105,0.03
6,AVADI,14,R. KUMAR,Independent,305,3,308,0.09
6,AVADI,15,S. SENTHILKUMAR,Independent,167,0,167,0.05
6,AVADI,16,P. CHELLAPANDIAN,Independent,254,1,255,0.07
6,AVADI,17,K. BALAKRISHNAN,Independent,141,0,141,0.04
6,AVADI,18,R. MANIKANDAN,Independent,195,0,195,0.06
6,AVADI,19,UNIESH RAJ. M,Independent,93,1,94,0.03
6,AVADI,20,RAJASEKAR. R,Independent,105,0,105,0.03
6,AVADI,21,NOTA,None of the Above,1519,14,1533,0.44
7,MADURAVOYAL,1,GANAPATHY. K,Dravida Munnetra Kazhagam,79667,549,80216,27.31
7,MADURAVOYAL,2,P. BENJAMIN,All India Anna Dravida Munnetra Kazhagam,54456,249,54705,18.63
7,MADURAVOYAL,3,REVATHI L,Naam Tamilar Katchi,12977,47,13024,4.43
7,MADURAVOYAL,4,AGNI SELVARAJU. J,Naadaalum Makkal Katchi,264,2,266,0.09
7,MADURAVOYAL,5,MUTHURAMAN. S,Anna MGR Dravida Makkal Kalgam,70,1,71,0.02
7,MADURAVOYAL,6,MURALI. S,Naam Indiar Party,298,2,300,0.1
7,MADURAVOYAL,7,RHEVANTH CHARAN,Tamilaga Vettri Kazhagam,141423,302,141725,48.26
7,MADURAVOYAL,8,K. VENKATESAN,Veerath Thiyagi Viswanathadoss Thozhilalarkal Katchi,171,0,171,0.06
7,MADURAVOYAL,9,J. VENKATESAN,All India Puratchi Thalaivar Makkal Munnettra Kazhagam,232,1,233,0.08
7,MADURAVOYAL,10,D. ANANDAN,Independent,67,0,67,0.02
7,MADURAVOYAL,11,K. GANAPATHY,Independent,96,3,99,0.03
7,MADURAVOYAL,12,V. KAMALA KANNAN,Independent,119,0,119,0.04
7,MADURAVOYAL,13,SARAVANAN KUMAR,Independent,78,0,78,0.03
7,MADURAVOYAL,14,R. SIVA,Independent,315,7,322,0.11
7,MADURAVOYAL,15,M. BALASUBRAMANIAN,Independent,67,0,67,0.02
7,MADURAVOYAL,16,S. BENJAMIN MOSES,Independent,206,1,207,0.07
7,MADURAVOYAL,17,PONMUTHU RAMESH,Independent,200,2,202,0.07
7,MADURAVOYAL,18,N.A. MANI,Independent,157,0,157,0.05
7,MADURAVOYAL,19,R. YUVARAJ,Independent,82,2,84,0.03
7,MADURAVOYAL,20,VIGNESH NANDAGOPAL,Independent,83,0,83,0.03
7,MADURAVOYAL,21,M. JAMES,Independent,34,0,34,0.01
7,MADURAVOYAL,22,NOTA,None of the Above,1448,14,1462,0.5
8,AMBATTUR,1,SILAMBARASAN,Naam Tamilar Katchi,11049,39,11088,4.26
8,AMBATTUR,2,DR. J.SAILAS,Bahujan Samaj Party,441,2,443,0.17
8,AMBATTUR,3,DR A.P. POORNIMA,Dravida Munnetra Kazhagam,74156,402,74558,28.68
8,AMBATTUR,4,A.KALYANASUNDARAM,Nationalist Janshakti Party,584,4,588,0.23
8,AMBATTUR,5,K.N. SEKAR,Pattali Makkal Katchi,35826,171,35997,13.85
8,AMBATTUR,6,BALAMURUGAN.G,Tamilaga Vettri Kazhagam,132995,344,133339,51.29
8,AMBATTUR,7,V. RAMKUMAR,India Suyarajya Party,224,0,224,0.09
8,AMBATTUR,8,RAJKUMAR,Tamizhaga Vaazhvurimai Katchi,125,2,127,0.05
8,AMBATTUR,9,D. JEYAGANESH,Naam Indiar Party,67,0,67,0.03
8,AMBATTUR,10,M.S. ARUMUGAM,Independent,135,0,135,0.05
8,AMBATTUR,11,P. ARUMUGAM,Independent,77,0,77,0.03
8,AMBATTUR,12,G. SAMPATH,Independent,71,1,72,0.03
8,AMBATTUR,13,K. SEKAR,Independent,125,2,127,0.05
8,AMBATTUR,14,G.P. SEKAR,Independent,102,1,103,0.04
8,AMBATTUR,15,PALANI,Independent,99,4,103,0.04
8,AMBATTUR,16,R.BALAMURUGAN,Independent,493,0,493,0.19
8,AMBATTUR,17,DR. S.PRAVEEN,Independent,305,3,308,0.12
8,AMBATTUR,18,D. PUSHPA,Independent,66,2,68,0.03
8,AMBATTUR,19,S. MADHAVAN,Independent,179,0,179,0.07
8,AMBATTUR,20,D.K.MESHACK KIRUBAKARAN,Independent,102,0,102,0.04
8,AMBATTUR,21,VINAYAGAMOORTHY.R,Independent,82,1,83,0.03
8,AMBATTUR,22,S. JANARTHANAN,Independent,125,1,126,0.05
8,AMBATTUR,23,JOTHI.M,Independent,89,0,89,0.03
8,AMBATTUR,24,NOTA,None of the Above,1474,16,1490,0.57
9,MADAVARAM,1,E.KRITHIKA,Naam Tamilar Katchi,12563,74,12637,3.49
9,MADAVARAM,2,S.SUDHARSANAM,Dravida Munnetra Kazhagam,94782,695,95477,26.38
9,MADAVARAM,3,MADHAVARAM V.MOORTHY,All India Anna Dravida Munnetra Kazhagam,58914,376,59290,16.38
9,MADAVARAM,4,N.JANAKIRAMAN,Bahujan Samaj Party,530,7,537,0.15
9,MADAVARAM,5,R.KARTHIKEYAN,Tamizhaga Vaazhvurimai Katchi,231,1,232,0.06
9,MADAVARAM,6,I.RAFFIK,Naadaalum Makkal Katchi,675,1,676,0.19
9,MADAVARAM,7,M.L.VIJAYPRABHU,Tamilaga Vettri Kazhagam,189784,678,190462,52.61
9,MADAVARAM,8,S.SIVAKUMAR,Independent,198,0,198,0.05
9,MADAVARAM,9,SUDARSANAM,Independent,155,2,157,0.04
9,MADAVARAM,10,A.NAGARAJAN,Independent,173,4,177,0.05
9,MADAVARAM,11,R.S.BALAJI,Independent,98,1,99,0.03
9,MADAVARAM,12,G.PRABU,Independent,190,1,191,0.05
9,MADAVARAM,13,A.PONNALAGAN,Independent,128,1,129,0.04
9,MADAVARAM,14,C.MOORTHY,Independent,154,0,154,0.04
9,MADAVARAM,15,V.MURTHY,Independent,188,0,188,0.05
9,MADAVARAM,16,NOTA,None of the Above,1383,11,1394,0.39
10,THIRUVOTTIYUR,1,KUPPAN. K,All India Anna Dravida Munnetra Kazhagam,28190,130,28320,13.68
10,THIRUVOTTIYUR,2,SATHYA. B,Naam Tamilar Katchi,8380,33,8413,4.06
10,THIRUVOTTIYUR,3,SUNDARARAJ. L,Communist Party of India (Marxist),56265,238,56503,27.28
10,THIRUVOTTIYUR,4,MAHENDRA KUMAR. D,Bahujan Samaj Party,455,3,458,0.22
10,THIRUVOTTIYUR,5,SASIREKHA. M,Veerath Thiyagi Viswanathadoss Thozhilalarkal Katchi,271,0,271,0.13
10,THIRUVOTTIYUR,6,SENTHIL KUMAR. N,Tamilaga Vettri Kazhagam,109788,279,110067,53.15
10,THIRUVOTTIYUR,7,DILLI KUMAR. R,Democratic National Allegiance,198,0,198,0.1
10,THIRUVOTTIYUR,8,VENKATARAMANAN. J,Tamizhaga Vaazhvurimai Katchi,148,1,149,0.07
10,THIRUVOTTIYUR,9,ARAVIND. R,Independent,72,5,77,0.04
10,THIRUVOTTIYUR,10,GOPI. K,Independent,117,0,117,0.06
10,THIRUVOTTIYUR,11,THANIKASALAM. B,Independent,138,1,139,0.07
10,THIRUVOTTIYUR,12,BALARUBAN,Independent,307,0,307,0.15
10,THIRUVOTTIYUR,13,MICHAELRAJ. M. A,Independent,832,6,838,0.4
10,THIRUVOTTIYUR,14,VIJAY. A,Independent,310,6,316,0.15
10,THIRUVOTTIYUR,15,JANAGARAJ,Independent,109,1,110,0.05
10,THIRUVOTTIYUR,16,NOTA,None of the Above,795,10,805,0.39
11,DR.RADHAKRISHNAN NAGAR,1,R.S.RAAJESH,All India Anna Dravida Munnetra Kazhagam,26754,138,26892,14.84
11,DR.RADHAKRISHNAN NAGAR,2,VENNILA.T,Naam Tamilar Katchi,5330,34,5364,2.96
11,DR.RADHAKRISHNAN NAGAR,3,J. JOHN EBENEZER,Dravida Munnetra Kazhagam,47907,225,48132,26.56
11,DR.RADHAKRISHNAN NAGAR,4,E. RAAMADASAN,Makkal Nalvaazhvuk Katchi,236,0,236,0.13
11,DR.RADHAKRISHNAN NAGAR,5,D.KARTHIKEYAN,Samata Party,44,0,44,0.02
11,DR.RADHAKRISHNAN NAGAR,6,CHANDRASEKAR,Tamizhaga Murpokku Makkal Katchi,47,0,47,0.03
11,DR.RADHAKRISHNAN NAGAR,7,B.NAVIN,Tamizhaga Vaazhvurimai Katchi,337,1,338,0.19
11,DR.RADHAKRISHNAN NAGAR,8,N. MARIE WILSON,Tamilaga Vettri Kazhagam,97529,271,97800,53.97
11,DR.RADHAKRISHNAN NAGAR,9,A.MOHANRAJ,Socialist Unity Centre Of India (COMMUNIST),178,1,179,0.1
11,DR.RADHAKRISHNAN NAGAR,10,AMUDHA.N,Independent,30,0,30,0.02
11,DR.RADHAKRISHNAN NAGAR,11,D. AJITH KUMAR,Independent,31,1,32,0.02
11,DR.RADHAKRISHNAN NAGAR,12,S.EMMANUVEL,Independent,24,0,24,0.01
11,DR.RADHAKRISHNAN NAGAR,13,A. USHA,Independent,41,0,41,0.02
11,DR.RADHAKRISHNAN NAGAR,14,R.ETHIRAJ,Independent,44,0,44,0.02
11,DR.RADHAKRISHNAN NAGAR,15,V.SHANKAR,Independent,40,0,40,0.02
11,DR.RADHAKRISHNAN NAGAR,16,M. SATHISH,Independent,112,0,112,0.06
11,DR.RADHAKRISHNAN NAGAR,17,J.SARAVANAKUMAR,Independent,149,0,149,0.08
11,DR.RADHAKRISHNAN NAGAR,18,L.SARAVANAN,Independent,54,0,54,0.03
11,DR.RADHAKRISHNAN NAGAR,19,V.SUDHAKAR,Independent,86,0,86,0.05
11,DR.RADHAKRISHNAN NAGAR,20,K. SUJITH,Independent,25,0,25,0.01
11,DR.RADHAKRISHNAN NAGAR,21,R.TAMILARASAN,Independent,36,0,36,0.02
11,DR.RADHAKRISHNAN NAGAR,22,TAMILSELVAN,Independent,25,0,25,0.01
11,DR.RADHAKRISHNAN NAGAR,23,R.DEVAKUMAR,Independent,39,1,40,0.02
11,DR.RADHAKRISHNAN NAGAR,24,D.PRABHU,Independent,210,1,211,0.12
11,DR.RADHAKRISHNAN NAGAR,25,G. BOTHI RAJAN,Independent,53,1,54,0.03
11,DR.RADHAKRISHNAN NAGAR,26,MANIKANDAN.H,Independent,46,1,47,0.03
11,DR.RADHAKRISHNAN NAGAR,27,G. MADHAN KUMAR,Independent,17,0,17,0.01
11,DR.RADHAKRISHNAN NAGAR,28,V. MADHAN MOHAN,Independent,35,0,35,0.02
11,DR.RADHAKRISHNAN NAGAR,29,P. MARIMUTHU,Independent,35,0,35,0.02
11,DR.RADHAKRISHNAN NAGAR,30,R. MUTHU CHELLA BHARATHI,Independent,39,0,39,0.02
11,DR.RADHAKRISHNAN NAGAR,31,K. MURALI,Independent,91,0,91,0.05
11,DR.RADHAKRISHNAN NAGAR,32,J.MURALI KRISHNAN,Independent,47,0,47,0.03
11,DR.RADHAKRISHNAN NAGAR,33,C. RAJAMANICKAM,Independent,65,0,65,0.04
11,DR.RADHAKRISHNAN NAGAR,34,J.VIJAYAN,Independent,25,1,26,0.01
11,DR.RADHAKRISHNAN NAGAR,35,A.VIJAY,Independent,71,0,71,0.04
11,DR.RADHAKRISHNAN NAGAR,36,G. VIJAY,Independent,58,0,58,0.03
11,DR.RADHAKRISHNAN NAGAR,37,C.JANARTHANAN,Independent,42,0,42,0.02
11,DR.RADHAKRISHNAN NAGAR,38,D. JANARTHANAN,Independent,37,0,37,0.02
11,DR.RADHAKRISHNAN NAGAR,39,NOTA,None of the Above,561,0,561,0.31
12,PERAMBUR,1,R.D. SHEKAR,Dravida Munnetra Kazhagam,66080,570,66650,32.61
12,PERAMBUR,2,S. VETRI THAMIZHAN,Naam Tamilar Katchi,5080,34,5114,2.5
12,PERAMBUR,3,VETRI VEL SELVAM,Bahujan Samaj Party,172,2,174,0.09
12,PERAMBUR,4,ASHLIN BELMEN .A.S,Tamilnadu Mahatma Gandhi Makkal Katchi,70,1,71,0.03
12,PERAMBUR,5,M. GEETA,Thakkam Katchi,47,0,47,0.02
12,PERAMBUR,6,DR.R. SARAVANA PERUMAL,Makkal Nalvaazhvuk Katchi,39,0,39,0.02
12,PERAMBUR,7,SIVAKUMAR.V,Tamil Telugu National Party,30,0,30,0.01
12,PERAMBUR,8,S. SURESHKUMAR,Makkalatchi Katchi,45,1,46,0.02
12,PERAMBUR,9,J. SEBASTIN,Socialist Unity Centre Of India (COMMUNIST),100,1,101,0.05
12,PERAMBUR,10,M. THILAGABAMA,Pattali Makkal Katchi,8471,90,8561,4.19
12,PERAMBUR,11,K.M. DEVAN,Makkal Murasu Katchi,94,0,94,0.05
12,PERAMBUR,12,S. MALATHI,Veerath Thiyagi Viswanathadoss Thozhilalarkal Katchi,32,0,32,0.02
12,PERAMBUR,13,A. RAJARAM,Republican Party of India (Athawale),255,1,256,0.13
12,PERAMBUR,14,VIJAY,All India Jananayaka Makkal Kazhagam,207,9,216,0.11
12,PERAMBUR,15,D.V. VENUGOPAL,Tamizhaga Vaazhvurimai Katchi,97,1,98,0.05
12,PERAMBUR,16,C. JOSEPH VIJAY,Tamilaga Vettri Kazhagam,119785,580,120365,58.89
12,PERAMBUR,17,AGNI AALVAR,Independent,227,3,230,0.11
12,PERAMBUR,18,AMALA.R,Independent,31,1,32,0.02
12,PERAMBUR,19,AZARUTHEEN.M,Independent,78,0,78,0.04
12,PERAMBUR,20,P. ESAKKI MUTHU,Independent,14,0,14,0.01
12,PERAMBUR,21,E. UDHAYA KUMAR,Independent,15,1,16,0.01
12,PERAMBUR,22,M. KADHIRAVAN,Independent,41,0,41,0.02
12,PERAMBUR,23,P. GUNASEKAR,Independent,18,0,18,0.01
12,PERAMBUR,24,B. SATHISH KUMAR,Independent,19,0,19,0.01
12,PERAMBUR,25,SATHISH.B,Independent,19,0,19,0.01
12,PERAMBUR,26,P. THANGAMANI,Independent,78,0,78,0.04
12,PERAMBUR,27,M. TAMILSELVAM,Independent,12,0,12,0.01
12,PERAMBUR,28,H. DHANASEKAR,Independent,28,0,28,0.01
12,PERAMBUR,29,M.I. THAHIRA BANU,Independent,32,1,33,0.02
12,PERAMBUR,30,NIVETHA,Independent,70,0,70,0.03
12,PERAMBUR,31,B. BALAJI,Independent,93,0,93,0.05
12,PERAMBUR,32,P. PONRAJ,Independent,62,1,63,0.03
12,PERAMBUR,33,BOWDHARAJ,Independent,118,0,118,0.06
12,PERAMBUR,34,DR.D. MADAN,Independent,95,0,95,0.05
12,PERAMBUR,35,DR.G. MOORTHY,Independent,52,1,53,0.03
12,PERAMBUR,36,S. MICHAEL,Independent,24,0,24,0.01
12,PERAMBUR,37,S. RAMESH,Independent,17,0,17,0.01
12,PERAMBUR,38,V. RAJI,Independent,141,7,148,0.07
12,PERAMBUR,39,S. RAJESH KUMAR,Independent,21,0,21,0.01
12,PERAMBUR,40,REEGAN PRABHU,Independent,31,0,31,0.02
12,PERAMBUR,41,G. RUTHRA KUMAR,Independent,235,3,238,0.12
12,PERAMBUR,42,VIJAY. G,Independent,89,1,90,0.04
12,PERAMBUR,43,S. VISHNU VARTHAN,Independent,13,0,13,0.01
12,PERAMBUR,44,B. VENKATESAN,Independent,26,0,26,0.01
12,PERAMBUR,45,R. JAYASEELAN,Independent,51,0,51,0.02
12,PERAMBUR,46,S. JOSEPH,Independent,77,0,77,0.04
12,PERAMBUR,47,M. JOSEPH,Independent,43,0,43,0.02
12,PERAMBUR,48,NOTA,None of the Above,598,3,601,0.29
13,KOLATHUR,1,P. SANTHANA KRISHNAN,All India Anna Dravida Munnetra Kazhagam,18215,215,18430,10.01
13,KOLATHUR,2,SUBASHINI,Bahujan Samaj Party,226,10,236,0.13
13,KOLATHUR,3,SOUNDARA PANDIAN LUDER SETH,Naam Tamilar Katchi,5012,34,5046,2.74
13,KOLATHUR,4,M. K. STALIN,Dravida Munnetra Kazhagam,73220,982,74202,40.32
13,KOLATHUR,5,AATHITHYA,Samata Party,180,1,181,0.1
13,KOLATHUR,6,E. RAAMADASAN,Makkal Nalvaazhvuk Katchi,49,0,49,0.03
13,KOLATHUR,7,OORMILA,Tamizhaga Vaazhvurimai Katchi,104,1,105,0.06
13,KOLATHUR,8,K. ELUMALAI,Veerath Thiyagi Viswanathadoss Thozhilalarkal Katchi,24,0,24,0.01
13,KOLATHUR,9,SIVAGNANASAM,Desiya Makkal Sakthi Katchi,25,1,26,0.01
13,KOLATHUR,10,S.Y. SYED YUSUF,Republican Party of India (Athawale),476,8,484,0.26
13,KOLATHUR,11,V. S. BABU,Tamilaga Vettri Kazhagam,82614,383,82997,45.09
13,KOLATHUR,12,ARUL DOSS. A.,Independent,53,2,55,0.03
13,KOLATHUR,13,KAJA MAIDEEN,Independent,43,0,43,0.02
13,KOLATHUR,14,V. A. SUDHAKAR,Independent,31,0,31,0.02
13,KOLATHUR,15,M. SURESH,Independent,33,0,33,0.02
13,KOLATHUR,16,J. SURIYA MUTHU,Independent,83,1,84,0.05
13,KOLATHUR,17,R. SENTHIL KUMAR,Independent,123,2,125,0.07
13,KOLATHUR,18,SELVI STEFFI. V. M,Independent,120,2,122,0.07
13,KOLATHUR,19,NANDA KUMAR,Independent,79,0,79,0.04
13,KOLATHUR,20,A. L. NARESH KUMAR,Independent,74,0,74,0.04
13,KOLATHUR,21,V. NARESH BABU,Independent,52,0,52,0.03
13,KOLATHUR,22,K. PANNEER SELVAM,Independent,50,0,50,0.03
13,KOLATHUR,23,S. BALACHANDAR,Independent,13,0,13,0.01
13,KOLATHUR,24,R. BALAJI,Independent,21,0,21,0.01
13,KOLATHUR,25,M. POORNIMA,Independent,55,1,56,0.03
13,KOLATHUR,26,R. MAHESH,Independent,64,0,64,0.03
13,KOLATHUR,27,P. MILANY,Independent,56,0,56,0.03
13,KOLATHUR,28,R. RAVIKUMAR,Independent,33,1,34,0.02
13,KOLATHUR,29,R. RAJ GURU,Independent,152,1,153,0.08
13,KOLATHUR,30,RAJA. G.,Independent,28,0,28,0.02
13,KOLATHUR,31,A. RAJI,Independent,22,1,23,0.01
13,KOLATHUR,32,M. RAJESHKUMAR,Independent,72,1,73,0.04
13,KOLATHUR,33,VIGIRDHAN,Independent,53,0,53,0.03
13,KOLATHUR,34,FARMER JAYARAMAN. S K J.,Independent,22,0,22,0.01
13,KOLATHUR,35,S. SHARAN,Independent,34,1,35,0.02
13,KOLATHUR,36,NOTA,None of the Above,882,10,892,0.48
14,VILLIVAKKAM,1,KARTHIK MOHAN,Dravida Munnetra Kazhagam,48730,413,49143,34.74
14,VILLIVAKKAM,2,ROSHINI S,Naam Tamilar Katchi,4287,23,4310,3.05
14,VILLIVAKKAM,3,VIJAYAKUMAR  S.R,All India Anna Dravida Munnetra Kazhagam,19163,175,19338,13.67
14,VILLIVAKKAM,4,ABDUL SHABEEK  A,Tamizhaga Vaazhvurimai Katchi,147,0,147,0.1
14,VILLIVAKKAM,5,AJITHKUMAR A,Thakkam Katchi,146,1,147,0.1
14,VILLIVAKKAM,6,AADHAV ARJUNA,Tamilaga Vettri Kazhagam,66149,296,66445,46.97
14,VILLIVAKKAM,7,ASHOK KUMAR C.A,Independent,99,0,99,0.07
14,VILLIVAKKAM,8,ANBAZHAGAN G,Independent,33,0,33,0.02
14,VILLIVAKKAM,9,KANNAN M,Independent,55,3,58,0.04
14,VILLIVAKKAM,10,KANDASAMY S,Independent,41,1,42,0.03
14,VILLIVAKKAM,11,KARTHICK S,Independent,42,6,48,0.03
14,VILLIVAKKAM,12,KARTHICK P,Independent,69,2,71,0.05
14,VILLIVAKKAM,13,SHANMUGA D,Independent,103,4,107,0.08
14,VILLIVAKKAM,14,CHARAVANAN M.P,Independent,27,2,29,0.02
14,VILLIVAKKAM,15,SOLOMON  J.R,Independent,50,1,51,0.04
14,VILLIVAKKAM,16,SUBRAMANI K,Independent,77,0,77,0.05
14,VILLIVAKKAM,17,DHAYANIDHI D,Independent,184,0,184,0.13
14,VILLIVAKKAM,18,DEVARAJAN G,Independent,62,0,62,0.04
14,VILLIVAKKAM,19,BALAMURALI G,Independent,50,0,50,0.04
14,VILLIVAKKAM,20,PURUSHOTHAMAN P,Independent,10,0,10,0.01
14,VILLIVAKKAM,21,MANIMARAN P,Independent,25,0,25,0.02
14,VILLIVAKKAM,22,MURALI R,Independent,88,0,88,0.06
14,VILLIVAKKAM,23,MURALI VINODH  M,Independent,27,1,28,0.02
14,VILLIVAKKAM,24,YUVARAJ S,Independent,32,0,32,0.02
14,VILLIVAKKAM,25,RAJI M,Independent,9,0,9,0.01
14,VILLIVAKKAM,26,VIJAYAKUMAR G,Independent,45,1,46,0.03
14,VILLIVAKKAM,27,VIJAYAKUMAR  D,Independent,30,0,30,0.02
14,VILLIVAKKAM,28,JAYA ZEBA C,Independent,48,0,48,0.03
14,VILLIVAKKAM,29,NOTA,None of the Above,691,4,695,0.49
15,THIRU-VI-KA-NAGAR,1,K. S. RAVICHANDRAN,Dravida Munnetra Kazhagam,46380,412,46792,32.52
15,THIRU-VI-KA-NAGAR,2,PORKODI ARMSTRONG,All India Anna Dravida Munnetra Kazhagam,23080,224,23304,16.19
15,THIRU-VI-KA-NAGAR,3,JAGADESH CHANDER .M,Naam Tamilar Katchi,2637,21,2658,1.85
15,THIRU-VI-KA-NAGAR,4,C. CHRISTY,All India Puratchi Thalaivar Makkal Munnettra Kazhagam,92,2,94,0.07
15,THIRU-VI-KA-NAGAR,5,A. SELVA KUMAR,Thakkam Katchi,170,0,170,0.12
15,THIRU-VI-KA-NAGAR,6,M. R. PALLAVI,Tamilaga Vettri Kazhagam,68768,357,69125,48.04
15,THIRU-VI-KA-NAGAR,7,S JAYAKALPANA,Republican Party of India (Athawale),342,8,350,0.24
15,THIRU-VI-KA-NAGAR,8,R. ANANDAN,Independent,28,1,29,0.02
15,THIRU-VI-KA-NAGAR,9,M. KANNADASAN,Independent,20,3,23,0.02
15,THIRU-VI-KA-NAGAR,10,M. KOLANJI,Independent,77,0,77,0.05
15,THIRU-VI-KA-NAGAR,11,D. SATHISH KUMAR,Independent,39,1,40,0.03
15,THIRU-VI-KA-NAGAR,12,SATHISH,Independent,19,2,21,0.01
15,THIRU-VI-KA-NAGAR,13,S. SENTHAMIZHAN,Independent,18,0,18,0.01
15,THIRU-VI-KA-NAGAR,14,G. J. DHARANIRAJ,Independent,27,0,27,0.02
15,THIRU-VI-KA-NAGAR,15,S. PARTHIBAN,Independent,44,1,45,0.03
15,THIRU-VI-KA-NAGAR,16,PRAKASH ARUNACHALAM,Independent,133,1,134,0.09
15,THIRU-VI-KA-NAGAR,17,PRASANTH. D,Independent,134,0,134,0.09
15,THIRU-VI-KA-NAGAR,18,PRAVEEN THIYAGARAJAN,Independent,70,0,70,0.05
15,THIRU-VI-KA-NAGAR,19,R. MURUGAN,Independent,32,0,32,0.02
15,THIRU-VI-KA-NAGAR,20,M. MOHAN,Independent,15,0,15,0.01
15,THIRU-VI-KA-NAGAR,21,S. RAJENDRAN,Independent,38,2,40,0.03
15,THIRU-VI-KA-NAGAR,22,M. LOKESH,Independent,127,0,127,0.09
15,THIRU-VI-KA-NAGAR,23,C. JAGAN MOHAN,Independent,50,1,51,0.04
15,THIRU-VI-KA-NAGAR,24,NOTA,None of the Above,523,4,527,0.37
16,EGMORE,1,ABISHEK. R,All India Anna Dravida Munnetra Kazhagam,17976,215,18191,15.19
16,EGMORE,2,SARANYA IMRAN,Naam Tamilar Katchi,2497,25,2522,2.11
16,EGMORE,3,TAMILAN PRASANNA,Dravida Munnetra Kazhagam,42728,369,43097,35.99
16,EGMORE,4,ARUN RAO. N.A,Naam Indiar Party,152,0,152,0.13
16,EGMORE,5,DR.N. GUNASEKAR,Republican Party of India (Athawale),204,5,209,0.17
16,EGMORE,6,D. THIRUNAVUKKARASAR,Tamizhaga Vaazhvurimai Katchi,109,2,111,0.09
16,EGMORE,7,T. MAGIZHANBAN,All India Puratchi Thalaivar Makkal Munnettra Kazhagam,97,2,99,0.08
16,EGMORE,8,G.R. RAJENDRAN,National Maha Sabha Party,169,4,173,0.14
16,EGMORE,9,RAJMOHAN,Tamilaga Vettri Kazhagam,53520,381,53901,45.02
16,EGMORE,10,ARAVINDAN,Independent,65,0,65,0.05
16,EGMORE,11,R. KUMARAVEL,Independent,41,0,41,0.03
16,EGMORE,12,M. NAGARAJAN,Independent,54,0,54,0.05
16,EGMORE,13,S. PICHAMUTHU,Independent,51,0,51,0.04
16,EGMORE,14,RAJKUMAR,Independent,44,0,44,0.04
16,EGMORE,15,RAJMOHAN,Independent,88,4,92,0.08
16,EGMORE,16,S. VINOTH KUMAR,Independent,153,2,155,0.13
16,EGMORE,17,VENKATESH. K,Independent,60,0,60,0.05
16,EGMORE,18,SRIDHAR. M,Independent,26,0,26,0.02
16,EGMORE,19,NOTA,None of the Above,692,3,695,0.58
17,ROYAPURAM,1,DR. A. SUBAIR KHAN,Dravida Munnetra Kazhagam,44514,328,44842,35.21
17,ROYAPURAM,2,A. BABU MAILAN,Naam Tamilar Katchi,2918,29,2947,2.31
17,ROYAPURAM,3,D. JAYAKUMAR,All India Anna Dravida Munnetra Kazhagam,18170,250,18420,14.46
17,ROYAPURAM,4,M. JAYARAJKUMAR,Bahujan Samaj Party,219,3,222,0.17
17,ROYAPURAM,5,A. SATHIK KUMAR,Democratic National Allegiance,61,2,63,0.05
17,ROYAPURAM,6,M. RAJKUMAR,Tamizhaga Vaazhvurimai Katchi,83,0,83,0.07
17,ROYAPURAM,7,R. VINOTHKUMAR,Naam Indiar Party,149,0,149,0.12
17,ROYAPURAM,8,K.V. VIJAY DAMU,Tamilaga Vettri Kazhagam,58710,381,59091,46.4
17,ROYAPURAM,9,T. KAVIYARASU,Independent,64,0,64,0.05
17,ROYAPURAM,10,G. KARTHIKEYAN,Independent,39,1,40,0.03
17,ROYAPURAM,11,KERTHIVARUNNAN .R,Independent,37,1,38,0.03
17,ROYAPURAM,12,A. SASIKUMAR,Independent,37,0,37,0.03
17,ROYAPURAM,13,M. SHANMUGAM,Independent,18,2,20,0.02
17,ROYAPURAM,14,K.J. SIVAKUMAR,Independent,30,1,31,0.02
17,ROYAPURAM,15,P. SUMATHI,Independent,47,2,49,0.04
17,ROYAPURAM,16,J. SELVAKUMAR,Independent,83,1,84,0.07
17,ROYAPURAM,17,M DHINAKARAN,Independent,216,0,216,0.17
17,ROYAPURAM,18,A. NIZAR AHAMED,Independent,37,0,37,0.03
17,ROYAPURAM,19,V. BHAGATH SINGH,Independent,62,0,62,0.05
17,ROYAPURAM,20,K. PRASATH,Independent,36,0,36,0.03
17,ROYAPURAM,21,M. MAHALAKSHMI,Independent,29,1,30,0.02
17,ROYAPURAM,22,S. RAJU,Independent,13,0,13,0.01
17,ROYAPURAM,23,T. RAJESH,Independent,52,0,52,0.04
17,ROYAPURAM,24,R. RAJKUMAR,Independent,99,0,99,0.08
17,ROYAPURAM,25,A. JAYAKUMAR,Independent,35,0,35,0.03
17,ROYAPURAM,26,D. JAYAKUMAR,Independent,75,1,76,0.06
17,ROYAPURAM,27,I JAYAPRAKASH,Independent,34,0,34,0.03
17,ROYAPURAM,28,C. SRIDHAR,Independent,27,0,27,0.02
17,ROYAPURAM,29,NOTA,None of the Above,451,8,459,0.36
18,HARBOUR,1,M SURESH,Bahujan Samaj Party,231,1,232,0.23
18,HARBOUR,2,P K SEKARBABU,Dravida Munnetra Kazhagam,45073,181,45254,45.43
18,HARBOUR,3,R FOUZAN SHARIFF,Naam Tamilar Katchi,1598,9,1607,1.61
18,HARBOUR,4,R MANOHAR,All India Anna Dravida Munnetra Kazhagam,17191,65,17256,17.32
18,HARBOUR,5,SINORA P S ASHOK,Tamilaga Vettri Kazhagam,33426,78,33504,33.63
18,HARBOUR,6,SIVALINGAM ASHOK,Independent,289,2,291,0.29
18,HARBOUR,7,ASHOK KUMAR,Independent,76,0,76,0.08
18,HARBOUR,8,S GANESH,Independent,63,2,65,0.07
18,HARBOUR,9,D KABILAN,Independent,21,1,22,0.02
18,HARBOUR,10,M KALAIVENTHAN,Independent,18,0,18,0.02
18,HARBOUR,11,SANKAR A,Independent,197,0,197,0.2
18,HARBOUR,12,J SHANMUGAPRIYAN,Independent,28,0,28,0.03
18,HARBOUR,13,R DINESH,Independent,20,0,20,0.02
18,HARBOUR,14,J M NIRAIMOZHI,Independent,34,0,34,0.03
18,HARBOUR,15,A NEPOLIAN,Independent,30,0,30,0.03
18,HARBOUR,16,BABU SINGH,Independent,108,0,108,0.11
18,HARBOUR,17,K E MANOHAR,Independent,56,0,56,0.06
18,HARBOUR,18,G VISU,Independent,73,0,73,0.07
18,HARBOUR,19,I VINOD,Independent,10,0,10,0.01
18,HARBOUR,20,P VIJAYAKUMAR,Independent,46,0,46,0.05
18,HARBOUR,21,T VIJAYARAJ,Independent,53,0,53,0.05
18,HARBOUR,22,S VEERABATHRAN,Independent,16,0,16,0.02
18,HARBOUR,23,V JAGADEESAN,Independent,26,0,26,0.03
18,HARBOUR,24,NOTA,None of the Above,600,0,600,0.6
19,CHEPAUK-THIRUVALLIKENI,1,AADIRAJARAM,All India Anna Dravida Munnetra Kazhagam,16368,139,16507,11.73
19,CHEPAUK-THIRUVALLIKENI,2,AYSHA,Naam Tamilar Katchi,2959,12,2971,2.11
19,CHEPAUK-THIRUVALLIKENI,3,UDHAYANIDHI STALIN,Dravida Munnetra Kazhagam,62560,432,62992,44.76
19,CHEPAUK-THIRUVALLIKENI,4,MOHAMMED YASSER,Bahujan Samaj Party,243,1,244,0.17
19,CHEPAUK-THIRUVALLIKENI,5,IRFAN BASHA,Tamizhaga Vaazhvurimai Katchi,144,1,145,0.1
19,CHEPAUK-THIRUVALLIKENI,6,SELVAM. D,Tamilaga Vettri Kazhagam,55636,216,55852,39.68
19,CHEPAUK-THIRUVALLIKENI,7,AGNI AALVAR,Independent,242,1,243,0.17
19,CHEPAUK-THIRUVALLIKENI,8,ATHIMULAM,Independent,30,0,30,0.02
19,CHEPAUK-THIRUVALLIKENI,9,AYISHA,Independent,70,2,72,0.05
19,CHEPAUK-THIRUVALLIKENI,10,ARUMUGAM. C,Independent,25,0,25,0.02
19,CHEPAUK-THIRUVALLIKENI,11,KUMAR. M,Independent,29,4,33,0.02
19,CHEPAUK-THIRUVALLIKENI,12,SAAMY. S.K. DR,Independent,40,0,40,0.03
19,CHEPAUK-THIRUVALLIKENI,13,SEENIVASAN. L,Independent,27,2,29,0.02
19,CHEPAUK-THIRUVALLIKENI,14,SELVAM. K,Independent,42,1,43,0.03
19,CHEPAUK-THIRUVALLIKENI,15,SELVAM. K,Independent,37,0,37,0.03
19,CHEPAUK-THIRUVALLIKENI,16,SYEED LAYAK BHASHA,Independent,83,0,83,0.06
19,CHEPAUK-THIRUVALLIKENI,17,BHARATHKUMAR. G,Independent,69,0,69,0.05
19,CHEPAUK-THIRUVALLIKENI,18,MILANY. P,Independent,30,0,30,0.02
19,CHEPAUK-THIRUVALLIKENI,19,MIRZA SAFDER ALI,Independent,185,0,185,0.13
19,CHEPAUK-THIRUVALLIKENI,20,MOHAMED DHARIK. I,Independent,38,0,38,0.03
19,CHEPAUK-THIRUVALLIKENI,21,MOHAMED MEERA. A,Independent,68,0,68,0.05
19,CHEPAUK-THIRUVALLIKENI,22,RAJASEKAR. S,Independent,115,0,115,0.08
19,CHEPAUK-THIRUVALLIKENI,23,RAJESHKUMAR. K,Independent,154,0,154,0.11
19,CHEPAUK-THIRUVALLIKENI,24,VIJAYA KUMAR. B,Independent,34,0,34,0.02
19,CHEPAUK-THIRUVALLIKENI,25,SELVAM ( ALIAS ) VENKATESH,Independent,26,0,26,0.02
19,CHEPAUK-THIRUVALLIKENI,26,SELVAM ( ALIAS ) HARINARAYANAN,Independent,33,0,33,0.02
19,CHEPAUK-THIRUVALLIKENI,27,NOTA,None of the Above,636,7,643,0.46
20,THOUSAND LIGHTS,1,EZHILAN NAGANATHAN,Dravida Munnetra Kazhagam,43224,600,43824,33.24
20,THOUSAND LIGHTS,2,KALANCHIYAM.MU,Naam Tamilar Katchi,3680,37,3717,2.82
20,THOUSAND LIGHTS,3,VALARMATHI.B,All India Anna Dravida Munnetra Kazhagam,22971,349,23320,17.69
20,THOUSAND LIGHTS,4,PRABHAKAR.J.C.D,Tamilaga Vettri Kazhagam,58545,420,58965,44.73
20,THOUSAND LIGHTS,5,MOHAMED GHOUSE.H,Tamizhaga Vaazhvurimai Katchi,200,3,203,0.15
20,THOUSAND LIGHTS,6,KARTHIKEYAN.S,Independent,60,1,61,0.05
20,THOUSAND LIGHTS,7,SHANKAR.V,Independent,40,2,42,0.03
20,THOUSAND LIGHTS,8,SATHYA.A,Independent,161,4,165,0.13
20,THOUSAND LIGHTS,9,SUNDARA RAJU.A,Independent,48,0,48,0.04
20,THOUSAND LIGHTS,10,DHANASEKARAN.V,Independent,21,2,23,0.02
20,THOUSAND LIGHTS,11,PACHAIYAPPAN.E,Independent,20,0,20,0.02
20,THOUSAND LIGHTS,12,PRABHAKARAN.T,Independent,36,0,36,0.03
20,THOUSAND LIGHTS,13,PRABHAKARAN.B,Independent,63,1,64,0.05
20,THOUSAND LIGHTS,14,PRABHAKARAN.V,Independent,62,1,63,0.05
20,THOUSAND LIGHTS,15,MUNIYAN.E,Independent,26,2,28,0.02
20,THOUSAND LIGHTS,16,VALARMATHI.E,Independent,233,12,245,0.19
20,THOUSAND LIGHTS,17,VALARMATHY.D,Independent,100,2,102,0.08
20,THOUSAND LIGHTS,18,VIJAY.D,Independent,77,6,83,0.06
20,THOUSAND LIGHTS,19,NOTA,None of the Above,800,15,815,0.62
21,ANNA NAGAR,1,S.GOKULA INDIRA,All India Anna Dravida Munnetra Kazhagam,33923,459,34382,21.05
21,ANNA NAGAR,2,S.SHANKAR,Naam Tamilar Katchi,4796,43,4839,2.96
21,ANNA NAGAR,3,N.CHITRARASU,Dravida Munnetra Kazhagam,49367,645,50012,30.62
21,ANNA NAGAR,4,B.ANAND,Thakkam Katchi,124,3,127,0.08
21,ANNA NAGAR,5,S.DHAYALAN,Thamizhaga Munnetra Congress,184,2,186,0.11
21,ANNA NAGAR,6,V.K.RAMKUMAR,Tamilaga Vettri Kazhagam,70986,389,71375,43.7
21,ANNA NAGAR,7,E.V.S.RAJAKUMAR NAIDU,Tamil Telugu National Party,133,1,134,0.08
21,ANNA NAGAR,8,N.P.RAJHA,Naam Indiar Party,23,0,23,0.01
21,ANNA NAGAR,9,T S HABEEB MOHAMMAD,Independent,127,4,131,0.08
21,ANNA NAGAR,10,S ANSAR ALI,Independent,24,3,27,0.02
21,ANNA NAGAR,11,G OMPRAKASH,Independent,39,2,41,0.03
21,ANNA NAGAR,12,L KASINATHAN,Independent,50,0,50,0.03
21,ANNA NAGAR,13,S SATHISH KUMAR,Independent,50,0,50,0.03
21,ANNA NAGAR,14,G.SIVA KUMAR,Independent,57,1,58,0.04
21,ANNA NAGAR,15,M SELVAMUTHUKUMAR,Independent,36,0,36,0.02
21,ANNA NAGAR,16,L NARENDRAN,Independent,129,0,129,0.08
21,ANNA NAGAR,17,J NAGARAJ,Independent,126,0,126,0.08
21,ANNA NAGAR,18,M MANOHARAN,Independent,26,1,27,0.02
21,ANNA NAGAR,19,MOHAMMED BILAL FATHICK,Independent,101,0,101,0.06
21,ANNA NAGAR,20,RAMAMOORTHY E,Independent,33,2,35,0.02
21,ANNA NAGAR,21,RAJENDIRAN NAIDU,Independent,70,0,70,0.04
21,ANNA NAGAR,22,S VINESH KUMAR,Independent,286,3,289,0.18
21,ANNA NAGAR,23,JANARTHANAN P,Independent,71,0,71,0.04
21,ANNA NAGAR,24,M HARISHANKAR,Independent,56,1,57,0.03
21,ANNA NAGAR,25,NOTA,None of the Above,945,18,963,0.59
22,VIRUGAMPAKKAM,1,SANTHOSH,Naam Tamilar Katchi,6027,29,6056,3.5
22,VIRUGAMPAKKAM,2,PRABHAKARA RAJA.A.M.V,Dravida Munnetra Kazhagam,48482,524,49006,28.35
22,VIRUGAMPAKKAM,3,VIRUGAI V.N.RAVI,All India Anna Dravida Munnetra Kazhagam,38337,430,38767,22.43
22,VIRUGAMPAKKAM,4,SABARINATHAN.R,Tamilaga Vettri Kazhagam,75801,291,76092,44.03
22,VIRUGAMPAKKAM,5,SURESHBABU.T.M,Tamil Telugu National Party,151,4,155,0.09
22,VIRUGAMPAKKAM,6,BALAMURUGAN.P,Naam Indiar Party,40,0,40,0.02
22,VIRUGAMPAKKAM,7,MUTHURAJ.T,Tamizhaga Vaazhvurimai Katchi,100,1,101,0.06
22,VIRUGAMPAKKAM,8,ROY GEORGE,Anna Puratchi Thalaivar Amma Dravida Munnetra Kazhagam,42,1,43,0.02
22,VIRUGAMPAKKAM,9,JAGADISH.S,Republican Party of India (Athawale),458,4,462,0.27
22,VIRUGAMPAKKAM,10,ALEX PANDIAN.K,Independent,30,6,36,0.02
22,VIRUGAMPAKKAM,11,ESAKKIMUTHUNADAR.P,Independent,32,4,36,0.02
22,VIRUGAMPAKKAM,12,EZHILRAJ.D,Independent,50,2,52,0.03
22,VIRUGAMPAKKAM,13,KARTHICK.M,Independent,40,1,41,0.02
22,VIRUGAMPAKKAM,14,KUMAR.S,Independent,62,1,63,0.04
22,VIRUGAMPAKKAM,15,GOPINATH.G,Independent,81,1,82,0.05
22,VIRUGAMPAKKAM,16,SANKAR.E,Independent,66,0,66,0.04
22,VIRUGAMPAKKAM,17,CHANDRA SEKAR.K,Independent,87,1,88,0.05
22,VIRUGAMPAKKAM,18,SABARINATHAN.P,Independent,121,3,124,0.07
22,VIRUGAMPAKKAM,19,SRINIVASAN.M,Independent,97,4,101,0.06
22,VIRUGAMPAKKAM,20,DINESHKUMAR.N,Independent,122,0,122,0.07
22,VIRUGAMPAKKAM,21,RANGARAJ.G,Independent,91,0,91,0.05
22,VIRUGAMPAKKAM,22,RAVIKUMAR,Independent,104,3,107,0.06
22,VIRUGAMPAKKAM,23,LUKMANBABU.S,Independent,50,0,50,0.03
22,VIRUGAMPAKKAM,24,VENKATESAN.C,Independent,20,0,20,0.01
22,VIRUGAMPAKKAM,25,NOTA,None of the Above,1016,14,1030,0.6
23,SAIDAPET,1,KUMARAN. G.P,Bahujan Samaj Party,560,11,571,0.36
23,SAIDAPET,2,SUBRAMANIAN. MA,Dravida Munnetra Kazhagam,52010,681,52691,32.85
23,SAIDAPET,3,SRIVIDYA. G,Naam Tamilar Katchi,5864,54,5918,3.69
23,SAIDAPET,4,ARUL PRAKASAM. M,Tamilaga Vettri Kazhagam,80738,467,81205,50.63
23,SAIDAPET,5,SENTHAMIZHAN. G,Amma Makkal Munnettra Kazagam,17632,207,17839,11.12
23,SAIDAPET,6,SOUNDARARAJAN. N,Naam Indiar Party,128,4,132,0.08
23,SAIDAPET,7,PARTHIBAN. S,MGR Makkal Katchi,128,3,131,0.08
23,SAIDAPET,8,ANAND. S,Independent,63,3,66,0.04
23,SAIDAPET,9,KANDHASAMY. R (ALIAS) BABU,Independent,62,2,64,0.04
23,SAIDAPET,10,PRASAD. N,Independent,90,3,93,0.06
23,SAIDAPET,11,PRITHVIRAJ. A,Independent,89,4,93,0.06
23,SAIDAPET,12,YOGAPRAKASH. B,Independent,156,2,158,0.1
23,SAIDAPET,13,RAJA. R,Independent,254,4,258,0.16
23,SAIDAPET,14,VALARMATHI. P,Independent,131,8,139,0.09
23,SAIDAPET,15,GINGSTON. M,Independent,117,2,119,0.07
23,SAIDAPET,16,NOTA,None of the Above,913,11,924,0.58
24,THIYAGARAYANAGAR,1,ANUSHA V,Naam Tamilar Katchi,4525,29,4554,3.4
24,THIYAGARAYANAGAR,2,SATHIYANARAYANAN B,All India Anna Dravida Munnetra Kazhagam,38048,557,38605,28.83
24,THIYAGARAYANAGAR,3,RAJA ANBAZHAGAN,Dravida Munnetra Kazhagam,36609,408,37017,27.64
24,THIYAGARAYANAGAR,4,ANAND N,Tamilaga Vettri Kazhagam,51390,242,51632,38.55
24,THIYAGARAYANAGAR,5,RAVI M L,Desiya Makkal Sakthi Katchi,108,0,108,0.08
24,THIYAGARAYANAGAR,6,ABUKITHER M,Independent,122,1,123,0.09
24,THIYAGARAYANAGAR,7,ARAVIND GOSH Y T,Independent,29,1,30,0.02
24,THIYAGARAYANAGAR,8,EASAN NATARAJAN T,Independent,40,1,41,0.03
24,THIYAGARAYANAGAR,9,KUMAR SRI SRI B,Independent,20,2,22,0.02
24,THIYAGARAYANAGAR,10,SATHISH KUMAR B,Independent,26,5,31,0.02
24,THIYAGARAYANAGAR,11,GNANASEKARAN G,Independent,38,6,44,0.03
24,THIYAGARAYANAGAR,12,THENNARASU P,Independent,14,3,17,0.01
24,THIYAGARAYANAGAR,13,PADMINI NARASIMHAN,Independent,118,6,124,0.09
24,THIYAGARAYANAGAR,14,BADRI S,Independent,78,1,79,0.06
24,THIYAGARAYANAGAR,15,BALAJI S,Independent,27,2,29,0.02
24,THIYAGARAYANAGAR,16,PRASATH D,Independent,45,0,45,0.03
24,THIYAGARAYANAGAR,17,MANIKANDAN T,Independent,35,1,36,0.03
24,THIYAGARAYANAGAR,18,MANIKANDAN N,Independent,79,0,79,0.06
24,THIYAGARAYANAGAR,19,MOORTHY N,Independent,63,1,64,0.05
24,THIYAGARAYANAGAR,20,MYTHILI C,Independent,85,1,86,0.06
24,THIYAGARAYANAGAR,21,RAMKUMAR L,Independent,31,0,31,0.02
24,THIYAGARAYANAGAR,22,RAMACHANDRAN O N,Independent,70,4,74,0.06
24,THIYAGARAYANAGAR,23,RAJESH E,Independent,66,1,67,0.05
24,THIYAGARAYANAGAR,24,VETRIVEL K,Independent,68,0,68,0.05
24,THIYAGARAYANAGAR,25,JAYAVEL,Independent,23,0,23,0.02
24,THIYAGARAYANAGAR,26,JOTHIRAJ G M,Independent,21,0,21,0.02
24,THIYAGARAYANAGAR,27,NOTA,None of the Above,861,17,878,0.66
25,MYLAPORE,1,ARUN. R.L,Naam Tamilar Katchi,4470,29,4499,2.99
25,MYLAPORE,2,DR. TAMILISAI SOUNDARARAJAN,Bharatiya Janata Party,31844,484,32328,21.47
25,MYLAPORE,3,BALAJI. V,Bahujan Samaj Party,264,3,267,0.18
25,MYLAPORE,4,VELU. DHA,Dravida Munnetra Kazhagam,40647,451,41098,27.29
25,MYLAPORE,5,DEVENDRAN. R,Tamizhaga Murpokku Makkal Katchi,144,1,145,0.1
25,MYLAPORE,6,NAGARAJAN. S,All India Jananayaka Makkal Kazhagam,88,0,88,0.06
25,MYLAPORE,7,MOORTHY. S,Thamizhaga Dravidar Katchi,119,1,120,0.08
25,MYLAPORE,8,MOHANRAJ. J,Jebamani Janata,264,1,265,0.18
25,MYLAPORE,9,VENKATARAMANAN. P,Tamilaga Vettri Kazhagam,69748,322,70070,46.53
25,MYLAPORE,10,SELVAMUTHU. S,Independent,74,5,79,0.05
25,MYLAPORE,11,PARTHIPAN. G,Independent,63,1,64,0.04
25,MYLAPORE,12,RADHAKRISHNAN. G,Independent,40,0,40,0.03
25,MYLAPORE,13,ROMANRAJ. A,Independent,74,0,74,0.05
25,MYLAPORE,14,VINU PRADHA. A,Independent,107,2,109,0.07
25,MYLAPORE,15,VIJAYALAKSHMI. P,Independent,224,3,227,0.15
25,MYLAPORE,16,VIJAYA KRISHNA. V,Independent,141,1,142,0.09
25,MYLAPORE,17,VENKATARAMAN. B,Independent,107,0,107,0.07
25,MYLAPORE,18,VELU. K,Independent,46,4,50,0.03
25,MYLAPORE,19,JAYAGOPI. M,Independent,51,1,52,0.03
25,MYLAPORE,20,NOTA,None of the Above,762,8,770,0.51
26,VELACHERY,1,AASSAN MAULAANA J.M.H,Indian National Congress,45416,512,45928,24.85
26,VELACHERY,2,ASHOK. M.K,All India Anna Dravida Munnetra Kazhagam,46505,620,47125,25.5
26,VELACHERY,3,KEERTHANA. M,Naam Tamilar Katchi,7656,41,7697,4.16
26,VELACHERY,4,MOHANRAJ. K,Bahujan Samaj Party,237,2,239,0.13
26,VELACHERY,5,KANCHANA. R,Tamizhaga Murpokku Makkal Katchi,203,2,205,0.11
26,VELACHERY,6,KUMAR. R,Tamilaga Vettri Kazhagam,80057,373,80430,43.52
26,VELACHERY,7,POYYAMOZHI. M,Proutist Sarva Samaj,127,3,130,0.07
26,VELACHERY,8,MANI. M,Veerath Thiyagi Viswanathadoss Thozhilalarkal Katchi,132,1,133,0.07
26,VELACHERY,9,MOHAMED YASEEN. I,Thakkam Katchi,47,4,51,0.03
26,VELACHERY,10,ROKESH KUMAR. V,Tamizhaga Vaazhvurimai Katchi,114,3,117,0.06
26,VELACHERY,11,ASHOK. M,Independent,83,5,88,0.05
26,VELACHERY,12,AZARUTHEEN. M,Independent,60,3,63,0.03
26,VELACHERY,13,AHAMMED NAZEER KHAN,Independent,23,1,24,0.01
26,VELACHERY,14,KANNAN. K,Independent,82,3,85,0.05
26,VELACHERY,15,KALA PETHACHI,Independent,229,4,233,0.13
26,VELACHERY,16,SARABESHWAR SISU. P,Independent,128,1,129,0.07
26,VELACHERY,17,SURESH K,Independent,134,3,137,0.07
26,VELACHERY,18,DIWAKAR. R,Independent,129,1,130,0.07
26,VELACHERY,19,DEEPAK RAVI,Independent,27,0,27,0.01
26,VELACHERY,20,BHASKAR. G,Independent,45,2,47,0.03
26,VELACHERY,21,MOHAN. R,Independent,32,0,32,0.02
26,VELACHERY,22,RADHAKRISHNAN. D.R,Independent,143,0,143,0.08
26,VELACHERY,23,RAJASEKAR. S,Independent,58,3,61,0.03
26,VELACHERY,24,RITISH,Independent,12,0,12,0.01
26,VELACHERY,25,VIGNESH. M,Independent,69,1,70,0.04
26,VELACHERY,26,VIGNESH. R,Independent,65,1,66,0.04
26,VELACHERY,27,JANAGARAJ RAVI GUNASEELAN,Independent,76,1,77,0.04
26,VELACHERY,28,NOTA,None of the Above,1318,18,1336,0.72
27,SHOZHINGANALLUR,1,S. ARAVIND RAMESH,Dravida Munnetra Kazhagam,122813,789,123602,27.63
27,SHOZHINGANALLUR,2,K.P.KANDAN,All India Anna Dravida Munnetra Kazhagam,73604,508,74112,16.57
27,SHOZHINGANALLUR,3,S.PUSHNA KUMAR,Bahujan Samaj Party,521,3,524,0.12
27,SHOZHINGANALLUR,4,R JAYALAKSHMI,Naam Tamilar Katchi,21844,75,21919,4.9
27,SHOZHINGANALLUR,5,M. ALEXANDAR,Naam Indiar Party,123,0,123,0.03
27,SHOZHINGANALLUR,6,M. CHRISTHU DASS,Dravida Jananayaga Makkal Katchi,485,1,486,0.11
27,SHOZHINGANALLUR,7,ECR P SARAVANAN,Tamilaga Vettri Kazhagam,219807,575,220382,49.27
27,SHOZHINGANALLUR,8,M.G.RAMU,Jebamani Janata,320,1,321,0.07
27,SHOZHINGANALLUR,9,K. VISHWANATHAN,All India Puratchi Thalaivar Makkal Munnettra Kazhagam,245,6,251,0.06
27,SHOZHINGANALLUR,10,R RAVICHANDRAN,Independent,189,0,189,0.04
27,SHOZHINGANALLUR,11,V. KANDHAN,Independent,100,3,103,0.02
27,SHOZHINGANALLUR,12,S. KARTHIK,Independent,214,0,214,0.05
27,SHOZHINGANALLUR,13,S.GOVINDHAN,Independent,149,0,149,0.03
27,SHOZHINGANALLUR,14,P.CHANDRA KANTH,Independent,114,1,115,0.03
27,SHOZHINGANALLUR,15,CHANDRASEKARAN,Independent,170,7,177,0.04
27,SHOZHINGANALLUR,16,D. SRINIVASAN,Independent,249,5,254,0.06
27,SHOZHINGANALLUR,17,G SURESH KUMAR,Independent,414,0,414,0.09
27,SHOZHINGANALLUR,18,N.PRASHANTHA RAO,Independent,525,2,527,0.12
27,SHOZHINGANALLUR,19,A.MOHAMMED GANI,Independent,98,0,98,0.02
27,SHOZHINGANALLUR,20,MUTHARASAN,Independent,66,1,67,0.01
27,SHOZHINGANALLUR,21,E. MURALI B.A,Independent,153,3,156,0.03
27,SHOZHINGANALLUR,22,R.YOGESHWARAN,Independent,115,0,115,0.03
27,SHOZHINGANALLUR,23,RAMANATHAN M,Independent,263,0,263,0.06
27,SHOZHINGANALLUR,24,RAJESH,Independent,159,1,160,0.04
27,SHOZHINGANALLUR,25,E. VIJAY,Independent,253,4,257,0.06
27,SHOZHINGANALLUR,26,FARMER JAYARAMAN S K J,Independent,113,2,115,0.03
27,SHOZHINGANALLUR,27,JAIKUMAR BALACHANDRAN,Independent,123,0,123,0.03
27,SHOZHINGANALLUR,28,NOTA,None of the Above,2063,16,2079,0.46
28,ALANDUR,1,T.M.ANBARASAN,Dravida Munnetra Kazhagam,81642,954,82596,31.58
28,ALANDUR,2,S.SARAVANAN,All India Anna Dravida Munnetra Kazhagam,51652,591,52243,19.97
28,ALANDUR,3,Y.G.MAHALAKSHMI,Naam Tamilar Katchi,10346,59,10405,3.98
28,ALANDUR,4,J.AGNI SELVARASU,Naadaalum Makkal Katchi,230,3,233,0.09
28,ALANDUR,5,ARAVIND CHANDRASEKAR,Indhu Dravida Makkal Katchi,76,1,77,0.03
28,ALANDUR,6,B. KALYANARAMKUMAR,Naam Indiar Party,59,1,60,0.02
28,ALANDUR,7,S.ROYAPPAN,Tamizhaga Vaazhvurimai Katchi,89,0,89,0.03
28,ALANDUR,8,A.VELUSAMY,Puthiya Tamilagam,92,1,93,0.04
28,ALANDUR,9,N.HARI KRISHNAN,All India Puratchi Thalaivar Makkal Munnettra Kazhagam,315,2,317,0.12
28,ALANDUR,10,M.HARISH,Tamilaga Vettri Kazhagam,111572,633,112205,42.9
28,ALANDUR,11,V.ANBARASAN,Independent,119,1,120,0.05
28,ALANDUR,12,A.SARAVANAN,Independent,77,1,78,0.03
28,ALANDUR,13,S.SARAVANAN,Independent,64,12,76,0.03
28,ALANDUR,14,D.SARAVANAN,Independent,38,12,50,0.02
28,ALANDUR,15,R.SARAVANAN,Independent,148,2,150,0.06
28,ALANDUR,16,R.SURESH,Independent,166,2,168,0.06
28,ALANDUR,17,SENKODI VIJAYALAKSHMI,Independent,231,2,233,0.09
28,ALANDUR,18,R.SELVAKUMAR,Independent,69,0,69,0.03
28,ALANDUR,19,G.DANIEL ANTONYRAJ,Independent,19,0,19,0.01
28,ALANDUR,20,MAHESH KUMAR,Independent,103,2,105,0.04
28,ALANDUR,21,G.RAMANAN,Independent,17,0,17,0.01
28,ALANDUR,22,K.VELAYUDHAM,Independent,50,1,51,0.02
28,ALANDUR,23,M.HARISH,Independent,845,8,853,0.33
28,ALANDUR,24,NOTA,None of the Above,1252,11,1263,0.48
29,SRIPERUMBUDUR,1,M. SINDHU EZHILARASAN,Naam Tamilar Katchi,13075,75,13150,3.97
29,SRIPERUMBUDUR,2,K. SELVAPERUNTHAGAI,Indian National Congress,92498,867,93365,28.2
29,SRIPERUMBUDUR,3,K. PALANI,All India Anna Dravida Munnetra Kazhagam,72440,742,73182,22.1
29,SRIPERUMBUDUR,4,A. GURUANANDHAN,Anaithinthiya Anna Dravida Makkal Seyal katchi,476,3,479,0.14
29,SRIPERUMBUDUR,5,A.GNANASEKARAN,Tamizhaga Vaazhvurimai Katchi,269,2,271,0.08
29,SRIPERUMBUDUR,6,M.TAMILARASAN,Communist Party of India (Marxist-Leninist) (Liberation),507,4,511,0.15
29,SRIPERUMBUDUR,7,THENNARASU.K,Tamilaga Vettri Kazhagam,146950,661,147611,44.58
29,SRIPERUMBUDUR,8,D.PURUSHOTHAMAN,All India Puratchi Thalaivar Makkal Munnettra Kazhagam,484,5,489,0.15
29,SRIPERUMBUDUR,9,ELANGOVAN SIVAKUMAR,Independent,110,2,112,0.03
29,SRIPERUMBUDUR,10,J. NITHYA,Independent,147,29,176,0.05
29,SRIPERUMBUDUR,11,E. MURUGAN,Independent,93,19,112,0.03
29,SRIPERUMBUDUR,12,G. RAJATHI,Independent,211,0,211,0.06
29,SRIPERUMBUDUR,13,P. VEDHAGIRI,Independent,257,1,258,0.08
29,SRIPERUMBUDUR,14,NOTA,None of the Above,1158,3,1161,0.35
30,PALLAVARAM,1,DR.R.KARTHIKEYAN,Naam Tamilar Katchi,13961,104,14065,4.96
30,PALLAVARAM,2,N.BHARATHI,Bahujan Samaj Party,554,8,562,0.2
30,PALLAVARAM,3,D.MURUGESAN,Desiya Murpokku Dravida Kazhagam,78342,576,78918,27.82
30,PALLAVARAM,4,V.VENKATESAN,All India Anna Dravida Munnetra Kazhagam,48309,612,48921,17.25
30,PALLAVARAM,5,T.AMIRTHA KANTHAN,Naam Indiar Party,346,3,349,0.12
30,PALLAVARAM,6,M.L.RAVI,Desiya Makkal Sakthi Katchi,375,2,377,0.13
30,PALLAVARAM,7,J.KAMATCHI,Tamilaga Vettri Kazhagam,133119,492,133611,47.1
30,PALLAVARAM,8,A.THANGARAJ,Puthiya Tamilagam,548,7,555,0.2
30,PALLAVARAM,9,G.RAMESHBABU,Indhu Dravida Makkal Katchi,275,8,283,0.1
30,PALLAVARAM,10,S.RAHAMATHULLA,Tamizhaga Vaazhvurimai Katchi,294,0,294,0.1
30,PALLAVARAM,11,B.RAJESWARI,Naadaalum Makkal Katchi,437,6,443,0.16
30,PALLAVARAM,12,R.RAJKUMAR,All India Puratchi Thalaivar Makkal Munnettra Kazhagam,230,1,231,0.08
30,PALLAVARAM,13,M.SANKAR,Independent,77,1,78,0.03
30,PALLAVARAM,14,S.SATHIYARAJ,Independent,235,0,235,0.08
30,PALLAVARAM,15,M.SIVAKUMAR,Independent,319,3,322,0.11
30,PALLAVARAM,16,S.SUNDARAMOORTHY PANDIYAR,Independent,179,1,180,0.06
30,PALLAVARAM,17,R.MUTHUKUMAR,Independent,298,0,298,0.11
30,PALLAVARAM,18,P.RAVICHANDRAN,Independent,102,1,103,0.04
30,PALLAVARAM,19,N.RAMKUMAR,Independent,427,2,429,0.15
30,PALLAVARAM,20,RAJESH T R,Independent,1271,6,1277,0.45
30,PALLAVARAM,21,S.VETRI VEL,Independent,98,1,99,0.03
30,PALLAVARAM,22,R.JAWAHAR,Independent,232,1,233,0.08
30,PALLAVARAM,23,G.JOHN PANDIAN,Independent,208,4,212,0.07
30,PALLAVARAM,24,NOTA,None of the Above,1580,22,1602,0.56
31,TAMBARAM,1,C.RAJENDRAN,All India Anna Dravida Munnetra Kazhagam,61381,610,61991,22.23
31,TAMBARAM,2,R.S.KIRUTHIKA DEVI,Dravida Munnetra Kazhagam,82642,704,83346,29.89
31,TAMBARAM,3,S.TAMILCHELVI,Naam Tamilar Katchi,11554,73,11627,4.17
31,TAMBARAM,4,M.RAJA,Bahujan Samaj Party,287,3,290,0.1
31,TAMBARAM,5,D.SARATHKUMAR,Tamilaga Vettri Kazhagam,118577,390,118967,42.67
31,TAMBARAM,6,SIVARAMAN.S,Veerath Thiyagi Viswanathadoss Thozhilalarkal Katchi,157,1,158,0.06
31,TAMBARAM,7,THAMBIRAJ.E,Naam Indiar Party,69,0,69,0.02
31,TAMBARAM,8,S.PARTHIBAN,Democratic National Allegiance,49,1,50,0.02
31,TAMBARAM,9,P.PON RAJA,Tamizhaga Vaazhvurimai Katchi,82,6,88,0.03
31,TAMBARAM,10,S.KARTHIK,Independent,112,3,115,0.04
31,TAMBARAM,11,SARATHKUMAR. R,Independent,158,4,162,0.06
31,TAMBARAM,12,T.DHIVAKARAN,Independent,97,1,98,0.04
31,TAMBARAM,13,S.BALASUBRAMANIAN,Independent,62,0,62,0.02
31,TAMBARAM,14,R.RAVIKUMAR,Independent,93,1,94,0.03
31,TAMBARAM,15,M. JACOB,Independent,180,0,180,0.06
31,TAMBARAM,16,NOTA,None of the Above,1497,15,1512,0.54
32,CHENGALPATTU,1,AMUTHA.N,Naam Tamilar Katchi,11942,90,12032,3.71
32,CHENGALPATTU,2,M.GAJENDRAN,All India Anna Dravida Munnetra Kazhagam,69280,483,69763,21.53
32,CHENGALPATTU,3,KARTHIKDHANDAPANI,Dravida Munnetra Kazhagam,100715,780,101495,31.32
32,CHENGALPATTU,4,S. SARAVANAN,Bahujan Samaj Party,373,1,374,0.12
32,CHENGALPATTU,5,S.SELVAM (A) CHELLA,Tamizhaga Vaazhvurimai Katchi,380,1,381,0.12
32,CHENGALPATTU,6,S. THIYAGARAJAN,Tamilaga Vettri Kazhagam,136578,558,137136,42.32
32,CHENGALPATTU,7,M.ANANDAN,Independent,296,3,299,0.09
32,CHENGALPATTU,8,A.ESAKKIAPPAN,Independent,121,1,122,0.04
32,CHENGALPATTU,9,KARTHICK.A,Independent,105,2,107,0.03
32,CHENGALPATTU,10,G. CHRISTOPHER,Independent,62,6,68,0.02
32,CHENGALPATTU,11,S.DELHI BABU,Independent,119,8,127,0.04
32,CHENGALPATTU,12,T. PREM BALAJI,Independent,69,2,71,0.02
32,CHENGALPATTU,13,V. RAMAKRISHNAN,Independent,166,0,166,0.05
32,CHENGALPATTU,14,C.VIMALRAJ,Independent,288,2,290,0.09
32,CHENGALPATTU,15,P.GEORGE DEVADOSS,Independent,184,0,184,0.06
32,CHENGALPATTU,16,NOTA,None of the Above,1376,19,1395,0.43
33,THIRUPORUR,1,AMBETH RAJAN,Naam Tamilar Katchi,9538,78,9616,3.66
33,THIRUPORUR,2,R. PANNEERDOSS,Viduthalai Chiruthaigal Katchi,70266,478,70744,26.96
33,THIRUPORUR,3,Dr.D.VINOTH KUMAR,Bahujan Samaj Party,528,7,535,0.2
33,THIRUPORUR,4,A.SELVARAJ,Mannin Maithargal Kazhagam,515,9,524,0.2
33,THIRUPORUR,5,V. DESAPPAN,Samata Party,303,5,308,0.12
33,THIRUPORUR,6,K. BALU,Pattali Makkal Katchi,66845,547,67392,25.68
33,THIRUPORUR,7,B.VIJAYARAJ,Tamilaga Vettri Kazhagam,109642,453,110095,41.96
33,THIRUPORUR,8,V M CHANDIRAN,Independent,325,1,326,0.12
33,THIRUPORUR,9,S. GNANASEKARAN,Independent,203,2,205,0.08
33,THIRUPORUR,10,D. PANNEERSELVAM,Independent,772,12,784,0.3
33,THIRUPORUR,11,S. MESHAK,Independent,628,4,632,0.24
33,THIRUPORUR,12,NOTA,None of the Above,1237,11,1248,0.48
34,CHEYYUR,1,SINTHANAI SELVAN,Viduthalai Chiruthaigal Katchi,57257,652,57909,30.87
34,CHEYYUR,2,SWATHILAKSHMI SEKAR,Naam Tamilar Katchi,4802,51,4853,2.59
34,CHEYYUR,3,RAJASEKAR. E,All India Anna Dravida Munnetra Kazhagam,62909,900,63809,34.02
34,CHEYYUR,4,GANGADURAI. K,Tamizhaga Vaazhvurimai Katchi,374,1,375,0.2
34,CHEYYUR,5,MURUGAVEL. A,All India Puratchi Thalaivar Makkal Munnettra Kazhagam,408,0,408,0.22
34,CHEYYUR,6,MOHAN RAJA.M.G.K,Tamilaga Vettri Kazhagam,57828,313,58141,30.99
34,CHEYYUR,7,AMBETHKAR. S,Independent,317,2,319,0.17
34,CHEYYUR,8,ARUN. C,Independent,78,1,79,0.04
34,CHEYYUR,9,EZHIL. E,Independent,117,18,135,0.07
34,CHEYYUR,10,KRISHNAKANTH. E,Independent,103,0,103,0.05
34,CHEYYUR,11,GOPIKRISHNA. D,Independent,153,15,168,0.09
34,CHEYYUR,12,RAJA. K,Independent,345,0,345,0.18
34,CHEYYUR,13,JEGAN. M,Independent,157,0,157,0.08
34,CHEYYUR,14,NOTA,None of the Above,775,8,783,0.42
35,MADURANTAKAM,1,S.AMULU PONMALAR,Dravida Munnetra Kazhagam,59048,790,59838,30.18
35,MADURANTAKAM,2,MARAGATHAM KUMARAVEL.K,All India Anna Dravida Munnetra Kazhagam,68544,740,69284,34.95
35,MADURANTAKAM,3,NEELAM E.RAMKUMAR,Bahujan Samaj Party,372,2,374,0.19
35,MADURANTAKAM,4,G.JANAKIRAMAN,Naam Tamilar Katchi,4897,53,4950,2.5
35,MADURANTAKAM,5,EZHIL KATHARINE EZHILMALAI,Tamilaga Vettri Kazhagam,61738,352,62090,31.32
35,MADURANTAKAM,6,R.SUGAN,All India Puratchi Thalaivar Makkal Munnettra Kazhagam,235,2,237,0.12
35,MADURANTAKAM,7,S.PUNNIYAKOTTI,Tamizhaga Vaazhvurimai Katchi,200,6,206,0.1
35,MADURANTAKAM,8,M.KADIRVEL,Independent,108,10,118,0.06
35,MADURANTAKAM,9,RANJITHAM.M,Independent,356,1,357,0.18
35,MADURANTAKAM,10,NOTA,None of the Above,791,6,797,0.4
36,UTHIRAMERUR,1,SUNDAR.K,Dravida Munnetra Kazhagam,69426,1268,70694,31.04
36,UTHIRAMERUR,2,MARAM MASILAMANI.B.S,Naam Tamilar Katchi,5667,116,5783,2.54
36,UTHIRAMERUR,3,SIVAKUMAR.A,Desiya Makkal Sakthi Katchi,339,3,342,0.15
36,UTHIRAMERUR,4,MAGESHKUMAR.P,Pattali Makkal Katchi,61785,1024,62809,27.58
36,UTHIRAMERUR,5,MUNIRATHINAM.J,Tamilaga Vettri Kazhagam,83909,1008,84917,37.28
36,UTHIRAMERUR,6,JAKIRUSAN.D,Tamizhaga Vaazhvurimai Katchi,234,1,235,0.1
36,UTHIRAMERUR,7,ANBU.V,Independent,221,0,221,0.1
36,UTHIRAMERUR,8,KAMALAKANNAN.K,Independent,68,2,70,0.03
36,UTHIRAMERUR,9,GUNASEKAR.V,Independent,103,22,125,0.05
36,UTHIRAMERUR,10,CITTIBABU.R,Independent,91,4,95,0.04
36,UTHIRAMERUR,11,DEVARAJAN.C,Independent,549,2,551,0.24
36,UTHIRAMERUR,12,DEVENTHIRAMOORTHY.S,Independent,363,27,390,0.17
36,UTHIRAMERUR,13,MAGESH KUMAR.T,Independent,193,14,207,0.09
36,UTHIRAMERUR,14,MAHESWARI.J,Independent,210,2,212,0.09
36,UTHIRAMERUR,15,NOTA,None of the Above,1085,29,1114,0.49
37,KANCHEEPURAM,1,V. SOMASUNDARAM,All India Anna Dravida Munnetra Kazhagam,74717,1145,75862,30.8
37,KANCHEEPURAM,2,NITHYA SUGUMAR,Dravida Munnetra Kazhagam,68204,1140,69344,28.15
37,KANCHEEPURAM,3,VETRISELVI,Naam Tamilar Katchi,6807,143,6950,2.82
37,KANCHEEPURAM,4,R.V. RANJITHKUMAR,Tamilaga Vettri Kazhagam,90321,1029,91350,37.09
37,KANCHEEPURAM,5,M. NANDHAKUMAR,Anti Corruption Dynamic Party,215,2,217,0.09
37,KANCHEEPURAM,6,V. NARESH,Tamizhaga Vaazhvurimai Katchi,177,1,178,0.07
37,KANCHEEPURAM,7,P. VENKATESAN,All India Puratchi Thalaivar Makkal Munnettra Kazhagam,104,6,110,0.04
37,KANCHEEPURAM,8,M. SOMASUNDARAM,Independent,68,0,68,0.03
37,KANCHEEPURAM,9,V. SOMASUNDARAM,Independent,62,16,78,0.03
37,KANCHEEPURAM,10,GNANAMOORTHY,Independent,51,23,74,0.03
37,KANCHEEPURAM,11,C. DILLIBABU,Independent,40,2,42,0.02
37,KANCHEEPURAM,12,E. DHAKSHNAMOORTHY,Independent,169,9,178,0.07
37,KANCHEEPURAM,13,G. BABU,Independent,361,3,364,0.15
37,KANCHEEPURAM,14,M. BALAJI,Independent,135,3,138,0.06
37,KANCHEEPURAM,15,M. MEGANATHAN,Independent,283,3,286,0.12
37,KANCHEEPURAM,16,NOTA,None of the Above,1047,31,1078,0.44
38,ARAKKONAM,1,EZHIL CAROLINE,Viduthalai Chiruthaigal Katchi,50255,400,50655,27.78
38,ARAKKONAM,2,P. SUDHAKAR,Bahujan Samaj Party,441,10,451,0.25
38,ARAKKONAM,3,S. RAVI,All India Anna Dravida Munnetra Kazhagam,49638,414,50052,27.45
38,ARAKKONAM,4,K. RAJKUMAR,Naam Tamilar Katchi,5134,57,5191,2.85
38,ARAKKONAM,5,V. GANDHIRAJ,Tamilaga Vettri Kazhagam,73358,418,73776,40.46
38,ARAKKONAM,6,N. LAKSHMIPATHY,Tamizhaga Vaazhvurimai Katchi,228,1,229,0.13
38,ARAKKONAM,7,VETRIVEL. M,Aanaithinthiya Jananayaka Pathukappu Kazhagam,249,2,251,0.14
38,ARAKKONAM,8,P. GOVINDARAJ,Independent,69,1,70,0.04
38,ARAKKONAM,9,M. SANTHANAM,Independent,148,2,150,0.08
38,ARAKKONAM,10,N. PRAVEENKUMAR,Independent,238,0,238,0.13
38,ARAKKONAM,11,M. MANIKANDAN,Independent,75,0,75,0.04
38,ARAKKONAM,12,T. MURALIDHARAN,Independent,195,2,197,0.11
38,ARAKKONAM,13,G. MOHAN,Independent,106,0,106,0.06
38,ARAKKONAM,14,NOTA,None of the Above,889,10,899,0.49
39,SHOLINGUR,1,A.ASHOK KUMAR,Naam Tamilar Katchi,6362,106,6468,2.77
39,SHOLINGUR,2,M.GIRIDHARAN,Bahujan Samaj Party,376,2,378,0.16
39,SHOLINGUR,3,A.M.MUNIRATHINAM,Indian National Congress,57422,575,57997,24.82
39,SHOLINGUR,4,G.KAPIL,Tamilaga Vettri Kazhagam,83856,650,84506,36.16
39,SHOLINGUR,5,K.SARAVANAN,Pattali Makkal Katchi,78205,615,78820,33.73
39,SHOLINGUR,6,SUDHAKAR.K,Tamizhaga Vaazhvurimai Katchi,485,5,490,0.21
39,SHOLINGUR,7,S.SENTHILKUMAR,Vanchit Bahujan Aaghadi,196,1,197,0.08
39,SHOLINGUR,8,R.VINOTH,Veerath Thiyagi Viswanathadoss Thozhilalarkal Katchi,133,0,133,0.06
39,SHOLINGUR,9,A.ANANDAN,Independent,132,1,133,0.06
39,SHOLINGUR,10,S.ILAYARAJA,Independent,124,0,124,0.05
39,SHOLINGUR,11,KAVIYARASAN.SUBIRAMANI,Independent,249,0,249,0.11
39,SHOLINGUR,12,N.GOPALAKRISHNAN,Independent,310,0,310,0.13
39,SHOLINGUR,13,V.SADHASIVAM,Independent,233,1,234,0.1
39,SHOLINGUR,14,SANTHANAM.R,Independent,275,2,277,0.12
39,SHOLINGUR,15,R.SETHUPATHI,Independent,102,1,103,0.04
39,SHOLINGUR,16,M.DINESH,Independent,349,0,349,0.15
39,SHOLINGUR,17,A.PALANI,Independent,183,0,183,0.08
39,SHOLINGUR,18,N.MANI,Independent,284,0,284,0.12
39,SHOLINGUR,19,K.MUNISAMY,Independent,532,0,532,0.23
39,SHOLINGUR,20,V.MUNIRATHINAM,Independent,342,3,345,0.15
39,SHOLINGUR,21,T.RAJENDRAN,Independent,314,2,316,0.14
39,SHOLINGUR,22,M.VIJAYAN,Independent,546,2,548,0.23
39,SHOLINGUR,23,V.HEMACHANDIRAN,Independent,134,2,136,0.06
39,SHOLINGUR,24,NOTA,None of the Above,557,15,572,0.24
40,KATPADI,1,S. THIRUKKUMARAN,Naam Tamilar Katchi,4538,87,4625,2.27
40,KATPADI,2,DURAIMURUGAN,Dravida Munnetra Kazhagam,61622,603,62225,30.58
40,KATPADI,3,J. RAMESH,Bahujan Samaj Party,403,4,407,0.2
40,KATPADI,4,V. RAMU,All India Anna Dravida Munnetra Kazhagam,63321,677,63998,31.45
40,KATPADI,5,INDU .W,Tamil Manila Murpokku Dravida Kazhagam,314,5,319,0.16
40,KATPADI,6,GANESAN .P,Indhu Dravida Makkal Katchi,79,0,79,0.04
40,KATPADI,7,V. CHANDRAN,All India Puratchi Thalaivar Makkal Munnettra Kazhagam,185,2,187,0.09
40,KATPADI,8,DR M SUDHAKAR,Tamilaga Vettri Kazhagam,69284,584,69868,34.33
40,KATPADI,9,S. BALAJI,Tamil Nadu Ilangyar Katchi,140,0,140,0.07
40,KATPADI,10,S. RAMAN,Independent,41,4,45,0.02
40,KATPADI,11,SARAVANAN .D,Independent,54,0,54,0.03
40,KATPADI,12,M. SUTHAKAR,Independent,140,5,145,0.07
40,KATPADI,13,DHANASEKAR,Independent,122,0,122,0.06
40,KATPADI,14,DHANANCHEZHIYAN,Independent,215,0,215,0.11
40,KATPADI,15,D. RAMU,Independent,321,2,323,0.16
40,KATPADI,16,NOTA,None of the Above,726,19,745,0.37
41,RANIPET,1,R. GANDHI,Dravida Munnetra Kazhagam,84856,506,85362,38.62
41,RANIPET,2,V.M. KARTHIKEYAN,Bharatiya Janata Party,31790,270,32060,14.5
41,RANIPET,3,THAARIKHA SALMAN,Naam Tamilar Katchi,7147,89,7236,3.27
41,RANIPET,4,J.JENIFERJANET,Bahujan Samaj Party,615,5,620,0.28
41,RANIPET,5,THAHIRA,Tamilaga Vettri Kazhagam,90728,421,91149,41.24
41,RANIPET,6,S.MUNISAMY,Anti Corruption Dynamic Party,228,1,229,0.1
41,RANIPET,7,N.VISWANATHAN,Tamizhaga Vaazhvurimai Katchi,366,4,370,0.17
41,RANIPET,8,J. HASSAIN,Independent,513,4,517,0.23
41,RANIPET,9,K. SAKTHIVEL NATHAN,Independent,532,1,533,0.24
41,RANIPET,10,N. SUGUMAR,Independent,89,5,94,0.04
41,RANIPET,11,V. SURESH,Independent,164,2,166,0.08
41,RANIPET,12,V. DHARMENDIRAN,Independent,354,2,356,0.16
41,RANIPET,13,A. NARESHKUMAR,Independent,744,10,754,0.34
41,RANIPET,14,J. MOHAN,Independent,153,2,155,0.07
41,RANIPET,15,S.JAYAPRAKASH,Independent,228,0,228,0.1
41,RANIPET,16,NOTA,None of the Above,1202,7,1209,0.55
42,ARCOT,1,ARCHANA NARASIMMAN,Naam Tamilar Katchi,5381,137,5518,2.44
42,ARCOT,2,J.L.ESWARAPPAN,Dravida Munnetra Kazhagam,48306,534,48840,21.63
42,ARCOT,3,S.M.SUKUMAR,All India Anna Dravida Munnetra Kazhagam,104696,912,105608,46.77
42,ARCOT,4,M.VASANTHAKUMAR,Bahujan Samaj Party,459,9,468,0.21
42,ARCOT,5,V.GANDHI,Vanchit Bahujan Aaghadi,192,5,197,0.09
42,ARCOT,6,S.P.SHANMUGAM,Aanaithinthiya Jananayaka Pathukappu Kazhagam,244,8,252,0.11
42,ARCOT,7,V.SEETHARAMAN,Anti Corruption Dynamic Party,161,7,168,0.07
42,ARCOT,8,G.VIJAY MOHAN,Tamilaga Vettri Kazhagam,62035,853,62888,27.85
42,ARCOT,9,P.VENKATESAN,Tamizhaga Vaazhvurimai Katchi,146,5,151,0.07
42,ARCOT,10,R.INDHUMATHI,Independent,58,0,58,0.03
42,ARCOT,11,ESWARAPPAN.M,Independent,95,8,103,0.05
42,ARCOT,12,V.SHANTHI,Independent,105,8,113,0.05
42,ARCOT,13,K.MANIKANDAN,Independent,397,0,397,0.18
42,ARCOT,14,A.VIJAY,Independent,365,4,369,0.16
42,ARCOT,15,NOTA,None of the Above,644,12,656,0.29
43,VELLORE,1,S R K APPU,All India Anna Dravida Munnetra Kazhagam,44934,524,45458,23.86
43,VELLORE,2,P.KARTHIKEYAN,Dravida Munnetra Kazhagam,65587,668,66255,34.77
43,VELLORE,3,A.SONIYA,Naam Tamilar Katchi,3731,62,3793,1.99
43,VELLORE,4,S.M.IRSHAD,Tamizhaga Vaazhvurimai Katchi,130,5,135,0.07
43,VELLORE,5,S.GIRIDHARA PRASAD,Party for the Rights of Other backward Classes,103,0,103,0.05
43,VELLORE,6,K.MUNIYAPPAN,ALL PENSIONER'S PARTY,54,1,55,0.03
43,VELLORE,7,K.M.VINAAYAGAM,Viro Ke Vir Indian Party,87,1,88,0.05
43,VELLORE,8,K.VIMALA,Naam Indiar Party,195,0,195,0.1
43,VELLORE,9,M.M.VINOTH KANNAN,Tamilaga Vettri Kazhagam,72563,469,73032,38.33
43,VELLORE,10,M.VINOTHKUMAR,Anna MGR Dravida Makkal Kalgam,125,6,131,0.07
43,VELLORE,11,S.APPU,Independent,102,1,103,0.05
43,VELLORE,12,S.MADHAN KUMAR,Independent,122,1,123,0.06
43,VELLORE,13,S.RAJKAMAL,Independent,49,0,49,0.03
43,VELLORE,14,M.LOGANATHAN,Independent,59,0,59,0.03
43,VELLORE,15,U.VIJAYA KUMAR,Independent,191,0,191,0.1
43,VELLORE,16,NOTA,None of the Above,745,12,757,0.4
44,ANAIKATTU,1,A.P.NANDAKUMAR,Dravida Munnetra Kazhagam,68468,753,69221,32
44,ANAIKATTU,2,M.RAVIKUMAR,Naam Tamilar Katchi,4630,116,4746,2.19
44,ANAIKATTU,3,D.VELAZHAGAN,All India Anna Dravida Munnetra Kazhagam,75629,673,76302,35.27
44,ANAIKATTU,4,R.SARAVANAN,Namadhu Makkal Katchi,346,5,351,0.16
44,ANAIKATTU,5,V.VINOTHKANNA,Tamizhaga Vaazhvurimai Katchi,172,20,192,0.09
44,ANAIKATTU,6,V.S.VENKATESH,Aanaithinthiya Jananayaka Pathukappu Kazhagam,216,1,217,0.1
44,ANAIKATTU,7,R.VELMURUGAN,Tamilaga Vettri Kazhagam,62602,685,63287,29.26
44,ANAIKATTU,8,P.JAYASEELAN,Puthiya Tamilagam,163,3,166,0.08
44,ANAIKATTU,9,E.SURESH,Independent,75,2,77,0.04
44,ANAIKATTU,10,S.SELVAMOORTHY,Independent,87,3,90,0.04
44,ANAIKATTU,11,M.NANDHA KUMAR,Independent,91,4,95,0.04
44,ANAIKATTU,12,K.MANOHARAN,Independent,318,1,319,0.15
44,ANAIKATTU,13,R.RAMESH,Independent,150,2,152,0.07
44,ANAIKATTU,14,NOTA,None of the Above,1092,11,1103,0.51
45,KILVAITHINANKUPPAM,1,DR. RAJESWARI. R,Dravida Munnetra Kazhagam,53216,682,53898,28.38
45,KILVAITHINANKUPPAM,2,KALAIYENTHIRI. R,Naam Tamilar Katchi,5088,95,5183,2.73
45,KILVAITHINANKUPPAM,3,JEGAN MOORTHY. M,All India Anna Dravida Munnetra Kazhagam,53465,585,54050,28.46
45,KILVAITHINANKUPPAM,4,ANANDALAI THANGARAJ. M,All India Puratchi Thalaivar Makkal Munnettra Kazhagam,477,5,482,0.25
45,KILVAITHINANKUPPAM,5,THENRAL KUMAR. E,Tamilaga Vettri Kazhagam,73649,656,74305,39.13
45,KILVAITHINANKUPPAM,6,RAJA. M,Tamizhaga Vaazhvurimai Katchi,200,2,202,0.11
45,KILVAITHINANKUPPAM,7,KUMARESAN. L,Independent,107,6,113,0.06
45,KILVAITHINANKUPPAM,8,SATHISH. A,Independent,156,1,157,0.08
45,KILVAITHINANKUPPAM,9,MURUGAN. K.P,Independent,143,3,146,0.08
45,KILVAITHINANKUPPAM,10,JAYASHANKAR. J,Independent,227,0,227,0.12
45,KILVAITHINANKUPPAM,11,JAYA BHARATH. J,Independent,156,1,157,0.08
45,KILVAITHINANKUPPAM,12,NOTA,None of the Above,959,13,972,0.51
46,GUDIYATTAM,1,J.EMALAN,Naam Tamilar Katchi,5735,67,5802,2.53
46,GUDIYATTAM,2,PARITHA PURUSHOTHAMAN.G,All India Anna Dravida Munnetra Kazhagam,63635,487,64122,27.99
46,GUDIYATTAM,3,K.B.PRADAP,Desiya Murpokku Dravida Kazhagam,72351,410,72761,31.76
46,GUDIYATTAM,4,T.POOVARASAN,Bahujan Samaj Party,692,5,697,0.3
46,GUDIYATTAM,5,K.ASHA,Puthiya Tamilagam,383,0,383,0.17
46,GUDIYATTAM,6,K.SINDU,Tamilaga Vettri Kazhagam,82474,384,82858,36.17
46,GUDIYATTAM,7,K.THABITHAL,All India Puratchi Thalaivar Makkal Munnettra Kazhagam,349,2,351,0.15
46,GUDIYATTAM,8,SUBAKARAN.A,Independent,515,4,519,0.23
46,GUDIYATTAM,9,M.SUMATHI,Independent,151,6,157,0.07
46,GUDIYATTAM,10,BHARATH  MATHIRUBAN,Independent,400,0,400,0.17
46,GUDIYATTAM,11,A.RAJESH,Independent,226,1,227,0.1
46,GUDIYATTAM,12,NOTA,None of the Above,792,7,799,0.35
47,VANIYAMBADI,1,SUBRAMANI.P,Bahujan Samaj Party,599,10,609,0.29
47,VANIYAMBADI,2,SENDHIL KUMAR.G,All India Anna Dravida Munnetra Kazhagam,60472,583,61055,28.73
47,VANIYAMBADI,3,MURUGESAN.G,Naam Tamilar Katchi,4784,65,4849,2.28
47,VANIYAMBADI,4,ANBARASU.P,Aanaithinthiya Jananayaka Pathukappu Kazhagam,229,2,231,0.11
47,VANIYAMBADI,5,SUNDARAMMAL,Makkal Arasial Katchi,540,4,544,0.26
47,VANIYAMBADI,6,SYED FAROOQ BASHA SSB,Indian Union Muslim League,72764,417,73181,34.43
47,VANIYAMBADI,7,SYED BHURHANUDEEN,Tamilaga Vettri Kazhagam,69845,354,70199,33.03
47,VANIYAMBADI,8,DEVENDRAN.J,Tamizhaga Vaazhvurimai Katchi,192,3,195,0.09
47,VANIYAMBADI,9,ABDUL WAHID.A,Independent,109,0,109,0.05
47,VANIYAMBADI,10,SRINIVASAN.A,Independent,158,0,158,0.07
47,VANIYAMBADI,11,SELVARAJ.M,Independent,99,3,102,0.05
47,VANIYAMBADI,12,NAVEEN.R,Independent,158,1,159,0.07
47,VANIYAMBADI,13,MANJUNATH.K,Independent,139,1,140,0.07
47,VANIYAMBADI,14,MANOJ.S,Independent,166,0,166,0.08
47,VANIYAMBADI,15,RAJESH.T,Independent,211,2,213,0.1
47,VANIYAMBADI,16,NOTA,None of the Above,616,8,624,0.29
48,AMBUR,1,AFSHIA NASRIN. S,Naam Tamilar Katchi,4143,42,4185,2.14
48,AMBUR,2,WAZEER AHMED. J,Bahujan Samaj Party,381,3,384,0.2
48,AMBUR,3,VILWANATHAN. A.C.,Dravida Munnetra Kazhagam,73543,559,74102,37.89
48,AMBUR,4,VENKATESAN. R,All India Anna Dravida Munnetra Kazhagam,46768,332,47100,24.08
48,AMBUR,5,ASADULLAH. B,Indian National League,457,0,457,0.23
48,AMBUR,6,IMTHIYAZ PANDARATTUDU ABDU,Tamilaga Vettri Kazhagam,66689,282,66971,34.24
48,AMBUR,7,KAREEM BASHA. A,All India Majlis-E-Inquilab-E-Millat,168,0,168,0.09
48,AMBUR,8,GOVINDHAN. A,All India Youth Development Party,85,0,85,0.04
48,AMBUR,9,SASI REKA. Y,Makkal Arasial Katchi,193,1,194,0.1
48,AMBUR,10,HAROON RASHEED BADU,All India Puratchi Thalaivar Makkal Munnettra Kazhagam,91,2,93,0.05
48,AMBUR,11,KUMARAVEL. P,Independent,193,0,193,0.1
48,AMBUR,12,FIRDOSE AHMED. M,Independent,124,6,130,0.07
48,AMBUR,13,MUSHTAQ AHMED KUTLAPPAI,Independent,150,1,151,0.08
48,AMBUR,14,VISWANATHAN. J,Independent,486,4,490,0.25
48,AMBUR,15,VENKATESAN. M,Independent,181,1,182,0.09
48,AMBUR,16,SRINATH,Independent,231,0,231,0.12
48,AMBUR,17,NOTA,None of the Above,465,3,468,0.24
49,JOLARPET,1,KAVITHADHANDAPANI,Dravida Munnetra Kazhagam,61376,601,61977,29.09
49,JOLARPET,2,SASIREKHA K,Naam Tamilar Katchi,5823,151,5974,2.8
49,JOLARPET,3,SIVAKUMAR V C,Bahujan Samaj Party,312,4,316,0.15
49,JOLARPET,4,VEERAMANI K.C.,All India Anna Dravida Munnetra Kazhagam,77814,819,78633,36.91
49,JOLARPET,5,KALASTHIRI S,All India Uzhavargal Uzhaippalargal Katchi,368,2,370,0.17
49,JOLARPET,6,KRISHNAMOORTHY D,Makkal Nala Kazhagam,145,4,149,0.07
49,JOLARPET,7,SANKAR T.K,Tamizhaga Vaazhvurimai Katchi,98,6,104,0.05
49,JOLARPET,8,SASI REKA Y,Makkal Arasial Katchi,269,1,270,0.13
49,JOLARPET,9,SENTHAMILSELVAN M,Naadaalum Makkal Katchi,363,0,363,0.17
49,JOLARPET,10,MUNISAMY C,Tamilaga Vettri Kazhagam,61958,592,62550,29.36
49,JOLARPET,11,KAVITHA C,Independent,155,0,155,0.07
49,JOLARPET,12,KAVITHA T,Independent,74,2,76,0.04
49,JOLARPET,13,KAMATCHI S,Independent,123,5,128,0.06
49,JOLARPET,14,CHENRAYAN A,Independent,98,1,99,0.05
49,JOLARPET,15,CHENNA KESAVAN C,Independent,214,2,216,0.1
49,JOLARPET,16,THANGARAJ P,Independent,356,2,358,0.17
49,JOLARPET,17,PRIYA K,Independent,452,2,454,0.21
49,JOLARPET,18,MOHANRAJ R,Independent,68,1,69,0.03
49,JOLARPET,19,VEERAMANI H,Independent,84,2,86,0.04
49,JOLARPET,20,NOTA,None of the Above,684,11,695,0.33
50,TIRUPPATTUR,1,ARUMUGAM. V,Naam Tamilar Katchi,5360,122,5482,2.7
50,TIRUPPATTUR,2,NALLATHAMBI. A,Dravida Munnetra Kazhagam,56264,571,56835,28.01
50,TIRUPPATTUR,3,RAJIV GANDHI. S,Bahujan Samaj Party,359,2,361,0.18
50,TIRUPPATTUR,4,KALASTHIRI. S,All India Uzhavargal Uzhaippalargal Katchi,203,5,208,0.1
50,TIRUPPATTUR,5,SATHIYAMOORTHY. S,Makkal Nala Kazhagam,135,1,136,0.07
50,TIRUPPATTUR,6,SEKAR. N,All India Youth Development Party,385,2,387,0.19
50,TIRUPPATTUR,7,GNANASEKAR. A,Amma Makkal Munnettra Kazagam,29817,186,30003,14.79
50,TIRUPPATTUR,8,DR.THIRUPATHI. N,Tamilaga Vettri Kazhagam,104203,895,105098,51.79
50,TIRUPPATTUR,9,RAJESH. S,Tamizhaga Vaazhvurimai Katchi,485,1,486,0.24
50,TIRUPPATTUR,10,VIJAYAKUMAR. G,Aanaithinthiya Jananayaka Pathukappu Kazhagam,343,2,345,0.17
50,TIRUPPATTUR,11,ANJALI. M,Independent,110,5,115,0.06
50,TIRUPPATTUR,12,GOVIND. T.G,Independent,55,0,55,0.03
50,TIRUPPATTUR,13,SANKAR. S,Independent,181,1,182,0.09
50,TIRUPPATTUR,14,GNANASEKARAN. M,Independent,126,1,127,0.06
50,TIRUPPATTUR,15,GNANASEKARAN. R,Independent,206,0,206,0.1
50,TIRUPPATTUR,16,THIRUPATHI. C,Independent,349,6,355,0.17
50,TIRUPPATTUR,17,THIRUPATHI. S,Independent,331,8,339,0.17
50,TIRUPPATTUR,18,THIRUPATHI. N,Independent,447,0,447,0.22
50,TIRUPPATTUR,19,NALLATHAMBI. R,Independent,191,1,192,0.09
50,TIRUPPATTUR,20,BALABHARATHI. S.V,Independent,127,1,128,0.06
50,TIRUPPATTUR,21,DR.POOVALAGI. P,Independent,138,1,139,0.07
50,TIRUPPATTUR,22,MOHAN RAJ. R,Independent,119,0,119,0.06
50,TIRUPPATTUR,23,RAGUJOSEPH. J,Independent,308,0,308,0.15
50,TIRUPPATTUR,24,VENKATESAN. K,Independent,407,1,408,0.2
50,TIRUPPATTUR,25,NOTA,None of the Above,456,8,464,0.23
51,UTHANGARAI,1,R KUPPUSAMY,Indian National Congress,59877,1116,60993,29.68
51,UTHANGARAI,2,T M  TAMILSELVAM,All India Anna Dravida Munnetra Kazhagam,64081,922,65003,31.63
51,UTHANGARAI,3,MEKALA,Naam Tamilar Katchi,6486,143,6629,3.23
51,UTHANGARAI,4,N ELAIYARAJA,Tamilaga Vettri Kazhagam,69448,753,70201,34.16
51,UTHANGARAI,5,K THAVARAJ,Tamizhaga Vaazhvurimai Katchi,288,3,291,0.14
51,UTHANGARAI,6,PALANI R,Thakkam Katchi,135,0,135,0.07
51,UTHANGARAI,7,RAMESHWARI,Bharat Jan Chikitsa Party,115,0,115,0.06
51,UTHANGARAI,8,VIJIYAL,Aanaithinthiya Jananayaka Pathukappu Kazhagam,203,3,206,0.1
51,UTHANGARAI,9,KUMARAVEL,Independent,245,2,247,0.12
51,UTHANGARAI,10,A SAMRAJ,Independent,151,4,155,0.08
51,UTHANGARAI,11,TAMILMANI,Independent,234,7,241,0.12
51,UTHANGARAI,12,BAKKIYARAJ R,Independent,173,3,176,0.09
51,UTHANGARAI,13,MUNIRAJ,Independent,255,2,257,0.13
51,UTHANGARAI,14,NOTA,None of the Above,867,14,881,0.43
52,BARGUR,1,KAVINKUMAR. S,Naam Tamilar Katchi,5321,141,5462,2.55
52,BARGUR,2,E.C. GOVINDARASAN,All India Anna Dravida Munnetra Kazhagam,70298,942,71240,33.3
52,BARGUR,3,D. SIVASANKARAN,Bahujan Samaj Party,695,13,708,0.33
52,BARGUR,4,D. MATHIAZHAGAN,Dravida Munnetra Kazhagam,63874,1354,65228,30.49
52,BARGUR,5,S. ALBERT FRANCIS XAVIER,Tamizhaga Vaazhvurimai Katchi,591,16,607,0.28
52,BARGUR,6,A. SUDHAKAR,Republican Party of India (Athawale),680,18,698,0.33
52,BARGUR,7,M. NEDUNCHEZLIAN,Periyar Ambedkar Munnetra Kazhagam (PAMK),273,1,274,0.13
52,BARGUR,8,MANI. K,All India Youth Development Party,522,2,524,0.24
52,BARGUR,9,E. MURALIDHARAN,Tamilaga Vettri Kazhagam,66044,955,66999,31.31
52,BARGUR,10,K. ANNADURAI,Independent,156,3,159,0.07
52,BARGUR,11,ANITHA MAYAPERUMAL,Independent,130,13,143,0.07
52,BARGUR,12,D. GOVINDARAJAN,Independent,208,2,210,0.1
52,BARGUR,13,E.C. GOVINDARAJE,Independent,340,5,345,0.16
52,BARGUR,14,S. SASIKUMAR,Independent,255,0,255,0.12
52,BARGUR,15,MATHESH. R,Independent,473,4,477,0.22
52,BARGUR,16,NOTA,None of the Above,607,24,631,0.29
53,KRISHNAGIRI,1,ASHOKKUMAR.K,All India Anna Dravida Munnetra Kazhagam,69487,1043,70530,30.64
53,KRISHNAGIRI,2,SIVAKUMAR.S,Bahujan Samaj Party,594,14,608,0.26
53,KRISHNAGIRI,3,SUGANTHI,Naam Tamilar Katchi,6223,175,6398,2.78
53,KRISHNAGIRI,4,CHELLAKUMAR.A,Indian National Congress,58552,1045,59597,25.89
53,KRISHNAGIRI,5,SINGARAVELAN VISWANATHAN,Vishwa Tamil Kazhagam,530,5,535,0.23
53,KRISHNAGIRI,6,MANGAMMAL,Tamilar Makkal Katchi,335,1,336,0.15
53,KRISHNAGIRI,7,MUKUNDHAN.P,Tamilaga Vettri Kazhagam,88252,1122,89374,38.83
53,KRISHNAGIRI,8,MUTHULAKSHMI VEERAPPAN,Tamizhaga Vaazhvurimai Katchi,352,14,366,0.16
53,KRISHNAGIRI,9,ADVOCATE.MUTHAIAH.S.,Thakkam Katchi,146,13,159,0.07
53,KRISHNAGIRI,10,KUMARESAN.M,Independent,151,3,154,0.07
53,KRISHNAGIRI,11,CHANDRAMOHAN.K.M.,Independent,151,3,154,0.07
53,KRISHNAGIRI,12,SIVAN.C,Independent,281,4,285,0.12
53,KRISHNAGIRI,13,SRINIVASAN.K,Independent,230,1,231,0.1
53,KRISHNAGIRI,14,NANJUNDAN.M,Independent,149,1,150,0.07
53,KRISHNAGIRI,15,VENKATESHRAJA.E,Independent,168,0,168,0.07
53,KRISHNAGIRI,16,NOTA,None of the Above,1094,42,1136,0.49
54,VEPPANAHALLI,1,SRINIVASAN.P.S,Dravida Munnetra Kazhagam,74147,544,74691,33.55
54,VEPPANAHALLI,2,NAGARAJ.R,Naam Tamilar Katchi,4471,48,4519,2.03
54,VEPPANAHALLI,3,MUNUSAMY.K.P,All India Anna Dravida Munnetra Kazhagam,74020,533,74553,33.49
54,VEPPANAHALLI,4,IYAPPAN.L,Tamizhaga Vaazhvurimai Katchi,867,4,871,0.39
54,VEPPANAHALLI,5,SAMPANGI.S.R,Tamilaga Vettri Kazhagam,63487,420,63907,28.71
54,VEPPANAHALLI,6,SENTHILKUMAR.R,Tamil Nadu Ilangyar Katchi,215,0,215,0.1
54,VEPPANAHALLI,7,PRAJAPATHI VIJAY.C,Tamilar Makkal Katchi,154,2,156,0.07
54,VEPPANAHALLI,8,ESHWARAN.C,Independent,151,1,152,0.07
54,VEPPANAHALLI,9,GOVINDARAJ.G.J,Independent,183,2,185,0.08
54,VEPPANAHALLI,10,MANOHARAN.K.A,Independent,345,0,345,0.15
54,VEPPANAHALLI,11,YUVARAJ.K.P.U,Independent,262,3,265,0.12
54,VEPPANAHALLI,12,RAMASAMY.G.C,Independent,487,0,487,0.22
54,VEPPANAHALLI,13,VENKATESAN.C,Independent,690,2,692,0.31
54,VEPPANAHALLI,14,NOTA,None of the Above,1559,11,1570,0.71
55,HOSUR,1,SATHYA.S.A.,Dravida Munnetra Kazhagam,72966,807,73773,26.56
55,HOSUR,2,BALAKRISHNAREDDY. P,All India Anna Dravida Munnetra Kazhagam,109047,820,109867,39.55
55,HOSUR,3,STALIN.R,Naam Tamilar Katchi,7573,59,7632,2.75
55,HOSUR,4,SURYA. Y,Republican Party of India (Athawale),1154,21,1175,0.42
55,HOSUR,5,PONNUMANI.R,Tamilar Makkal Katchi,238,2,240,0.09
55,HOSUR,6,VENDARKARASAN.S,Tamilaga Vettri Kazhagam,81604,460,82064,29.54
55,HOSUR,7,GANESH.M,Independent,189,1,190,0.07
55,HOSUR,8,DR.SHANMUGAM.A.R.,Independent,102,1,103,0.04
55,HOSUR,9,DEVAPPA.Y,Independent,134,1,135,0.05
55,HOSUR,10,PATTABIRAMA. C,Independent,174,2,176,0.06
55,HOSUR,11,MASOOD.S,Independent,290,2,292,0.11
55,HOSUR,12,MARIYA FRANCIS.S,Independent,235,3,238,0.09
55,HOSUR,13,RAJENDRAN.P,Independent,270,1,271,0.1
55,HOSUR,14,NOTA,None of the Above,1585,29,1614,0.58
56,THALLI,1,RAMACHANDRAN. T,Communist Party of India,77470,813,78283,38.02
56,THALLI,2,NARASIMMA REDDY ALIAS NARASIMMAN. R,Naam Tamilar Katchi,4078,29,4107,1.99
56,THALLI,3,DR.NAGESH KUMAR. C,Bharatiya Janata Party,72587,456,73043,35.48
56,THALLI,4,AJITH. G,Tamizhaga Vaazhvurimai Katchi,1007,10,1017,0.49
56,THALLI,5,SURESH. G,Tamilaga Vettri Kazhagam,44977,268,45245,21.98
56,THALLI,6,JAYARAM. N,Anna Makkal Katchi,420,4,424,0.21
56,THALLI,7,ASANRAJA. K,Independent,698,3,701,0.34
56,THALLI,8,KUMAR. D.J,Independent,380,0,380,0.18
56,THALLI,9,DEVAPPA. Y,Independent,506,0,506,0.25
56,THALLI,10,JAGAN. M,Independent,621,1,622,0.3
56,THALLI,11,NOTA,None of the Above,1544,6,1550,0.75
57,PALACODU,1,ANBALAGAN. K.P.,All India Anna Dravida Munnetra Kazhagam,101533,1274,102807,45.64
57,PALACODU,2,DR. DNV SENTHILKUMAR. S.,Dravida Munnetra Kazhagam,49220,823,50043,22.22
57,PALACODU,3,BOOPATHI. R.,Naam Tamilar Katchi,5492,106,5598,2.49
57,PALACODU,4,GOPI. R.,Tamilaga Vettri Kazhagam,63211,554,63765,28.31
57,PALACODU,5,PALANIYAMMAL. M.,Tamilar Makkal Katchi,153,2,155,0.07
57,PALACODU,6,RAMESH. P.,Naadaalum Makkal Katchi,176,3,179,0.08
57,PALACODU,7,JAYARAMAN PERUMAL. P.,Tamizhaga Vaazhvurimai Katchi,115,3,118,0.05
57,PALACODU,8,KRISHNAN. L.,Independent,61,0,61,0.03
57,PALACODU,9,CHINNASAMY. N.,Independent,114,0,114,0.05
57,PALACODU,10,SENTHILKUMAR. G.,Independent,140,5,145,0.06
57,PALACODU,11,SENTHILKUMAR. K,Independent,109,7,116,0.05
57,PALACODU,12,PERUMAL MUNUSAMY. M.,Independent,222,1,223,0.1
57,PALACODU,13,MADHAPPAN. P.,Independent,281,2,283,0.13
57,PALACODU,14,RAMAN. M.,Independent,358,0,358,0.16
57,PALACODU,15,NOTA,None of the Above,1285,7,1292,0.57
58,PENNAGARAM,1,AJITH KUMAR. S.,Bahujan Samaj Party,550,7,557,0.24
58,PENNAGARAM,2,G. K. M. TAMILKUMARAN,Indian National Congress,52934,967,53901,23.57
58,PENNAGARAM,3,PALANIYAMMAL. T.,Naam Tamilar Katchi,7234,124,7358,3.22
58,PENNAGARAM,4,KANNAN. K.,Tamilar Makkal Katchi,544,2,546,0.24
58,PENNAGARAM,5,GAJENDRAN. S.,Tamilaga Vettri Kazhagam,80473,767,81240,35.53
58,PENNAGARAM,6,SELVAM. V.,Pattali Makkal Katchi,76737,1338,78075,34.14
58,PENNAGARAM,7,THAVAMANI. C.,Tamizhaga Vaazhvurimai Katchi,620,8,628,0.27
58,PENNAGARAM,8,THIRUMURUGAN. P.,Naadaalum Makkal Katchi,423,6,429,0.19
58,PENNAGARAM,9,ANNAMALAI. M.,Independent,477,3,480,0.21
58,PENNAGARAM,10,ARUNKUMAR. G.,Independent,499,2,501,0.22
58,PENNAGARAM,11,ELAVARSAN. A.,Independent,366,1,367,0.16
58,PENNAGARAM,12,SAKTHIVEL. M.,Independent,478,2,480,0.21
58,PENNAGARAM,13,SELVAM. V.,Independent,202,0,202,0.09
58,PENNAGARAM,14,SENDRAYAN. G.,Independent,287,6,293,0.13
58,PENNAGARAM,15,GNANASELVAM. S.,Independent,462,1,463,0.2
58,PENNAGARAM,16,TAMILARASAN. M.,Independent,395,5,400,0.17
58,PENNAGARAM,17,TAMILSELVI. S.,Independent,259,4,263,0.12
58,PENNAGARAM,18,POOMANI. P.,Independent,532,1,533,0.23
58,PENNAGARAM,19,MANIVANNAN. S.,Independent,208,1,209,0.09
58,PENNAGARAM,20,MANOHARAN. K. A.,Independent,362,2,364,0.16
58,PENNAGARAM,21,VILKRISHNAN. R.,Independent,356,0,356,0.16
58,PENNAGARAM,22,VEERAPPAN. M.,Independent,347,0,347,0.15
58,PENNAGARAM,23,NOTA,None of the Above,656,18,674,0.29
59,DHARMAPURI,1,DR. ELANGOVAN. V.,Desiya Murpokku Dravida Kazhagam,55457,1448,56905,23.85
59,DHARMAPURI,2,SHANTHALAKSHMI. K.,Naam Tamilar Katchi,6558,200,6758,2.83
59,DHARMAPURI,3,SARAVANAN. A.,Aanaithinthiya Jananayaka Pathukappu Kazhagam,1059,19,1078,0.45
59,DHARMAPURI,4,SIVAGAMI. G.,Tamilar Makkal Katchi,377,5,382,0.16
59,DHARMAPURI,5,SIVAN. M.,Tamilaga Vettri Kazhagam,71487,1330,72817,30.52
59,DHARMAPURI,6,SOWMIYA ANBUMANI,Pattali Makkal Katchi,91469,2244,93713,39.28
59,DHARMAPURI,7,PRASANTH. DBJ.,Tamizhaga Vaazhvurimai Katchi,813,8,821,0.34
59,DHARMAPURI,8,MANIKANDAN. S.,Vishwa Tamil Kazhagam,705,5,710,0.3
59,DHARMAPURI,9,MADHU. P.,Naadaalum Makkal Katchi,496,9,505,0.21
59,DHARMAPURI,10,ARUMUGAM. MUNI.,Independent,210,5,215,0.09
59,DHARMAPURI,11,KUMAR. V.,Independent,348,5,353,0.15
59,DHARMAPURI,12,SARAVANAN. G.,Independent,969,14,983,0.41
59,DHARMAPURI,13,SIVAM. R.,Independent,161,5,166,0.07
59,DHARMAPURI,14,SIVAN. A.,Independent,362,10,372,0.16
59,DHARMAPURI,15,SUNDARAMOORTHY. M.,Independent,190,2,192,0.08
59,DHARMAPURI,16,THIRUPATHI. M.,Independent,763,0,763,0.32
59,DHARMAPURI,17,NAGARAJAN. D.,Independent,615,4,619,0.26
59,DHARMAPURI,18,PALANI. K.,Independent,171,7,178,0.07
59,DHARMAPURI,19,PRABHAKARAN. M.,Independent,106,2,108,0.05
59,DHARMAPURI,20,NOTA,None of the Above,889,52,941,0.39
60,PAPPIREDDIPATTI,1,ARCHANA TAMILARUVI,Naam Tamilar Katchi,5060,156,5216,2.2
60,PAPPIREDDIPATTI,2,PALANIAPPAN. P,Dravida Munnetra Kazhagam,66830,1885,68715,29.04
60,PAPPIREDDIPATTI,3,MARAGATHAM VETRIVEL,All India Anna Dravida Munnetra Kazhagam,100096,1733,101829,43.03
60,PAPPIREDDIPATTI,4,GANESAN. S,Vishwa Tamil Kazhagam,761,9,770,0.33
60,PAPPIREDDIPATTI,5,CHENNAKRISHNAN. V,All India Puratchi Thalaivar Makkal Munnettra Kazhagam,238,5,243,0.1
60,PAPPIREDDIPATTI,6,THILAGAVATHI. S,Tamilaga Vettri Kazhagam,56666,953,57619,24.35
60,PAPPIREDDIPATTI,7,POOVARASU,Tamilar Makkal Katchi,121,0,121,0.05
60,PAPPIREDDIPATTI,8,JAMUNARANI. M,Naadaalum Makkal Katchi,186,1,187,0.08
60,PAPPIREDDIPATTI,9,SATHISH. S,Independent,75,1,76,0.03
60,PAPPIREDDIPATTI,10,CHINNASAMY. P,Independent,78,0,78,0.03
60,PAPPIREDDIPATTI,11,TAMILRAJ. K,Independent,143,3,146,0.06
60,PAPPIREDDIPATTI,12,PALANIAPPAN. R,Independent,309,6,315,0.13
60,PAPPIREDDIPATTI,13,MURUGAN. S,Independent,326,1,327,0.14
60,PAPPIREDDIPATTI,14,MOORTHI. P,Independent,301,1,302,0.13
60,PAPPIREDDIPATTI,15,NOTA,None of the Above,661,16,677,0.29
61,HARUR,1,ANITHA. A,Naam Tamilar Katchi,5055,190,5245,2.38
61,HARUR,2,SHANMUGAM. A,Dravida Munnetra Kazhagam,70263,1931,72194,32.81
61,HARUR,3,SAMPATHKUMAR. V,All India Anna Dravida Munnetra Kazhagam,74063,1460,75523,34.32
61,HARUR,4,NEHRU. G,Bahujan Samaj Party,690,6,696,0.32
61,HARUR,5,KARUTHAMMAL. S,Naadaalum Makkal Katchi,481,6,487,0.22
61,HARUR,6,KUPPURAJ. K,Tamilar Makkal Katchi,119,1,120,0.05
61,HARUR,7,MANILA. S,Tamizhaga Vaazhvurimai Katchi,209,4,213,0.1
61,HARUR,8,MARIKANNU. C,Republican Party of India (Athawale),622,30,652,0.3
61,HARUR,9,RAKESH. K,Tamilaga Vettri Kazhagam,61685,1071,62756,28.52
61,HARUR,10,VENKATESH (A) DR. V.K. SWAMY,Bharat Jan Chikitsa Party,158,3,161,0.07
61,HARUR,11,SAMPATH. K,Independent,107,3,110,0.05
61,HARUR,12,SAMPATH. C,Independent,215,2,217,0.1
61,HARUR,13,THANGAVEL. K,Independent,437,4,441,0.2
61,HARUR,14,PARTHIPAN. P,Independent,444,1,445,0.2
61,HARUR,15,NOTA,None of the Above,758,24,782,0.36
62,CHENGAM,1,M.P.GIRI,Dravida Munnetra Kazhagam,69497,849,70346,28.96
62,CHENGAM,2,S.VELU,All India Anna Dravida Munnetra Kazhagam,86953,849,87802,36.15
62,CHENGAM,3,J.SHOBA,Naam Tamilar Katchi,6249,86,6335,2.61
62,CHENGAM,4,C SELVAN,Republican Party of India (Athawale),871,24,895,0.37
62,CHENGAM,5,K BHARATHIDHASAN,Tamilaga Vettri Kazhagam,73985,539,74524,30.68
62,CHENGAM,6,K MANIKANDAN,Makkal Sananayaga Kudiyarasu Katchi,149,0,149,0.06
62,CHENGAM,7,C.MALATHI,Tamizhaga Vaazhvurimai Katchi,82,2,84,0.03
62,CHENGAM,8,A.CHIDAMBARAM,Independent,172,1,173,0.07
62,CHENGAM,9,P.SELVAM,Independent,93,27,120,0.05
62,CHENGAM,10,D DHILIPKUMAR,Independent,58,13,71,0.03
62,CHENGAM,11,A.BHARATHI,Independent,399,1,400,0.16
62,CHENGAM,12,A POONGODI,Independent,197,0,197,0.08
62,CHENGAM,13,M.MUGILARASAN,Independent,133,4,137,0.06
62,CHENGAM,14,M.RAMAN MASILAMANI,Independent,156,0,156,0.06
62,CHENGAM,15,K.VELU,Independent,393,1,394,0.16
62,CHENGAM,16,NOTA,None of the Above,1103,11,1114,0.46
63,TIRUVANNAMALAI,1,ELUMALAI. C,Bharatiya Janata Party,33809,471,34280,15.58
63,TIRUVANNAMALAI,2,RAJ. S,Bahujan Samaj Party,281,0,281,0.13
63,TIRUVANNAMALAI,3,VIGNESH. S,Naam Tamilar Katchi,5930,81,6011,2.73
63,TIRUVANNAMALAI,4,VELU. E.V,Dravida Munnetra Kazhagam,87271,1002,88273,40.11
63,TIRUVANNAMALAI,5,ARUL ARUMUGAM,Tamilaga Vettri Kazhagam,85172,646,85818,39
63,TIRUVANNAMALAI,6,KANNAN. P,Veerath Thiyagi Viswanathadoss Thozhilalarkal Katchi,256,0,256,0.12
63,TIRUVANNAMALAI,7,NAKKIRAN. A,Thamizhaka Padaippalar Makkal Katchi,134,1,135,0.06
63,TIRUVANNAMALAI,8,BENNY RAJAN. C.J,Republican Party of India (Athawale),611,16,627,0.28
63,TIRUVANNAMALAI,9,MALLI. S,Tamizhaga Vaazhvurimai Katchi,121,1,122,0.06
63,TIRUVANNAMALAI,10,VIJAYAKUMAR. S,Naadaalum Makkal Katchi,276,1,277,0.13
63,TIRUVANNAMALAI,11,VELU. V,Anti Corruption Dynamic Party,80,1,81,0.04
63,TIRUVANNAMALAI,12,ARUL. K,Independent,323,2,325,0.15
63,TIRUVANNAMALAI,13,ARUL ANAND. V,Independent,168,1,169,0.08
63,TIRUVANNAMALAI,14,ANBALAGAN. M,Independent,58,1,59,0.03
63,TIRUVANNAMALAI,15,ADHITHYA PALANISAMY. A,Independent,188,0,188,0.09
63,TIRUVANNAMALAI,16,ANANTH. A. M,Independent,212,0,212,0.1
63,TIRUVANNAMALAI,17,ELUMALAI. A S/O ARUMUGAM,Independent,356,0,356,0.16
63,TIRUVANNAMALAI,18,ELUMALAI. C  S/O CHINNAKUZHANTHAI,Independent,130,0,130,0.06
63,TIRUVANNAMALAI,19,ELUMALAI. C S/O CHINNARASU,Independent,87,0,87,0.04
63,TIRUVANNAMALAI,20,KOTHANDAPANI. B,Independent,284,0,284,0.13
63,TIRUVANNAMALAI,21,SALAM .M,Independent,474,0,474,0.22
63,TIRUVANNAMALAI,22,PALANI. N,Independent,219,0,219,0.1
63,TIRUVANNAMALAI,23,MAHESWARI. R,Independent,76,1,77,0.03
63,TIRUVANNAMALAI,24,MARIKKANNU. E,Independent,61,0,61,0.03
63,TIRUVANNAMALAI,25,MOORTHY. P,Independent,42,0,42,0.02
63,TIRUVANNAMALAI,26,RAMESH. V,Independent,129,0,129,0.06
63,TIRUVANNAMALAI,27,RAJA. V,Independent,90,1,91,0.04
63,TIRUVANNAMALAI,28,VIGNESH. M,Independent,93,0,93,0.04
63,TIRUVANNAMALAI,29,VENKATESAN. M,Independent,66,0,66,0.03
63,TIRUVANNAMALAI,30,VELU. K,Independent,57,1,58,0.03
63,TIRUVANNAMALAI,31,NOTA,None of the Above,758,27,785,0.36
64,KILPENNATHUR,1,RAMACHANDRAN.S,All India Anna Dravida Munnetra Kazhagam,89434,1069,90503,41.18
64,KILPENNATHUR,2,PITCHANDI.K,Dravida Munnetra Kazhagam,59157,881,60038,27.32
64,KILPENNATHUR,3,LOGANATHAN.V,Naam Tamilar Katchi,6092,92,6184,2.81
64,KILPENNATHUR,4,SHANMUGAM.A,Thamizhaka Padaippalar Makkal Katchi,164,1,165,0.08
64,KILPENNATHUR,5,RAJASEKAR.P,Tamizhaga Vaazhvurimai Katchi,294,1,295,0.13
64,KILPENNATHUR,6,RAJA.D,Tamilaga Vettri Kazhagam,58767,363,59130,26.9
64,KILPENNATHUR,7,LOKESHWARAN.R,Anti Corruption Dynamic Party,129,1,130,0.06
64,KILPENNATHUR,8,JANAKIRAMAN.R,Aanaithinthiya Jananayaka Pathukappu Kazhagam,226,2,228,0.1
64,KILPENNATHUR,9,ATHIYAMAAN.M,Independent,44,1,45,0.02
64,KILPENNATHUR,10,RAMACHANDRAN.K,Independent,56,9,65,0.03
64,KILPENNATHUR,11,SASIKUMAR.S,Independent,52,10,62,0.03
64,KILPENNATHUR,12,SANTHOSHKUMAR.E,Independent,75,1,76,0.03
64,KILPENNATHUR,13,SAMPATHRAJ.M,Independent,151,4,155,0.07
64,KILPENNATHUR,14,SURYAPRAKASH.S,Independent,144,2,146,0.07
64,KILPENNATHUR,15,DHILIPKUMAR.D,Independent,257,3,260,0.12
64,KILPENNATHUR,16,PICHANDI.D,Independent,533,0,533,0.24
64,KILPENNATHUR,17,PICHANDI.R,Independent,603,1,604,0.27
64,KILPENNATHUR,18,PICHANDI.V,Independent,302,0,302,0.14
64,KILPENNATHUR,19,MURUGAN.M,Independent,47,0,47,0.02
64,KILPENNATHUR,20,RAMACHANDRAN.K,Independent,33,0,33,0.02
64,KILPENNATHUR,21,RAMACHANDIRAN.R,Independent,27,0,27,0.01
64,KILPENNATHUR,22,RAJASEKAR.I,Independent,143,0,143,0.07
64,KILPENNATHUR,23,RAJKUMAR.R,Independent,179,0,179,0.08
64,KILPENNATHUR,24,NOTA,None of the Above,434,6,440,0.2
65,KALASAPAKKAM,1,AGRI KRISHNAMURTHY. S S,All India Anna Dravida Munnetra Kazhagam,88576,1053,89629,41.86
65,KALASAPAKKAM,2,SARAVANAN. P.S.T,Dravida Munnetra Kazhagam,62130,759,62889,29.37
65,KALASAPAKKAM,3,SEETHA SIVANANDAM. P,Naam Tamilar Katchi,5173,139,5312,2.48
65,KALASAPAKKAM,4,ELUMALAI. P,Tamilaga Vettri Kazhagam,51091,575,51666,24.13
65,KALASAPAKKAM,5,SATHYA. V,Naadaalum Makkal Katchi,242,3,245,0.11
65,KALASAPAKKAM,6,SARAVANAN. V,Tamizhaga Vaazhvurimai Katchi,91,11,102,0.05
65,KALASAPAKKAM,7,SUMAN. M,Aanaithinthiya Jananayaka Pathukappu Kazhagam,87,4,91,0.04
65,KALASAPAKKAM,8,ELUMALAI. S,Independent,45,1,46,0.02
65,KALASAPAKKAM,9,ELUMALAI. T,Independent,37,0,37,0.02
65,KALASAPAKKAM,10,KAMARAJ. G,Independent,184,14,198,0.09
65,KALASAPAKKAM,11,KRISHNAMURTHY. S,Independent,60,6,66,0.03
65,KALASAPAKKAM,12,KRISHNAMURTHY. M,Independent,105,0,105,0.05
65,KALASAPAKKAM,13,KRISHNAMURTHY. R,Independent,575,1,576,0.27
65,KALASAPAKKAM,14,KOTHANDAPANI. B,Independent,173,2,175,0.08
65,KALASAPAKKAM,15,SARAVANAN. K,Independent,404,1,405,0.19
65,KALASAPAKKAM,16,SANTHAKUMARAN. A,Independent,686,11,697,0.33
65,KALASAPAKKAM,17,DEIVEEGAN. P,Independent,654,0,654,0.31
65,KALASAPAKKAM,18,BALAJI. P,Independent,433,0,433,0.2
65,KALASAPAKKAM,19,BASKARAN. R,Independent,75,0,75,0.04
65,KALASAPAKKAM,20,MANIKANDAN. K,Independent,145,2,147,0.07
65,KALASAPAKKAM,21,RAJA. N,Independent,152,4,156,0.07
65,KALASAPAKKAM,22,NOTA,None of the Above,410,13,423,0.2
66,POLUR,1,UMADEVI. A,Naam Tamilar Katchi,6270,155,6425,3.03
66,POLUR,2,SARAVANAN. P,Desiya Murpokku Dravida Kazhagam,66907,827,67734,31.99
66,POLUR,3,ABISHEK. R,Tamilaga Vettri Kazhagam,67203,758,67961,32.1
66,POLUR,4,SHANMUGAVELU. A,Veerath Thiyagi Viswanathadoss Thozhilalarkal Katchi,962,8,970,0.46
66,POLUR,5,SYED MUKRAM. R. N,Tamizhaga Vaazhvurimai Katchi,244,7,251,0.12
66,POLUR,6,DHAVAMANI. P,Anti Corruption Dynamic Party,1322,6,1328,0.63
66,POLUR,7,BANUPRIYA. D,Republican Party of India (Athawale),847,22,869,0.41
66,POLUR,8,BASKARAN. C. R,Pattali Makkal Katchi,60516,928,61444,29.02
66,POLUR,9,MANIKANDAN. R,Aanaithinthiya Jananayaka Pathukappu Kazhagam,317,2,319,0.15
66,POLUR,10,EZHIL ARASU. M M.A. L.L.M.,Independent,143,7,150,0.07
66,POLUR,11,SARAVANAN. P,Independent,327,22,349,0.16
66,POLUR,12,SARAVANAN. M,Independent,135,3,138,0.07
66,POLUR,13,SUBHA. A,Independent,422,3,425,0.2
66,POLUR,14,BASKARAN. C,Independent,905,3,908,0.43
66,POLUR,15,PURUSOTHAMAN. M,Independent,1674,0,1674,0.79
66,POLUR,16,NOTA,None of the Above,781,17,798,0.38
67,ARANI,1,DHAVAMANI. R,Naam Tamilar Katchi,6722,166,6888,2.99
67,ARANI,2,MAHALAKSHMI GOVARTHANAN,Dravida Munnetra Kazhagam,70213,891,71104,30.89
67,ARANI,3,JAYASUDHA. L,All India Anna Dravida Munnetra Kazhagam,75881,854,76735,33.34
67,ARANI,4,GANAPATHY. S,Thamizhaka Padaippalar Makkal Katchi,355,3,358,0.16
67,ARANI,5,KALAIMANI. V,Aanaithinthiya Jananayaka Pathukappu Kazhagam,288,4,292,0.13
67,ARANI,6,SURESH. S,Tamizhaga Vaazhvurimai Katchi,131,12,143,0.06
67,ARANI,7,SELVAKOTTI. E,Veerath Thiyagi Viswanathadoss Thozhilalarkal Katchi,68,0,68,0.03
67,ARANI,8,TAMILMANNAN. D,Samaniya Makkal Nala Katchi,164,0,164,0.07
67,ARANI,9,VENKATESH KUMAR. D,Tamilaga Vettri Kazhagam,70191,666,70857,30.79
67,ARANI,10,AMMU. V,Independent,100,4,104,0.05
67,ARANI,11,EKAMBARAM. V,Independent,122,32,154,0.07
67,ARANI,12,SAKTHIVEL. S,Independent,171,13,184,0.08
67,ARANI,13,SARAVANAN. S,Independent,228,1,229,0.1
67,ARANI,14,SILAMBARASAN. C,Independent,202,0,202,0.09
67,ARANI,15,SUDHA. S,Independent,257,0,257,0.11
67,ARANI,16,SETHURAMA SASTHRI. G,Independent,178,0,178,0.08
67,ARANI,17,DHAMOTHARAN. M,Independent,387,0,387,0.17
67,ARANI,18,BASKARAN. S,Independent,423,1,424,0.18
67,ARANI,19,MAHALAKSHMI. G,Independent,357,2,359,0.16
67,ARANI,20,MAHALAKSHMI. G,Independent,115,2,117,0.05
67,ARANI,21,VINOTH. A,Independent,47,1,48,0.02
67,ARANI,22,VENKATESAN. P,Independent,53,0,53,0.02
67,ARANI,23,JAYANTHI. E,Independent,59,1,60,0.03
67,ARANI,24,JAYANTHI. M,Independent,89,1,90,0.04
67,ARANI,25,NOTA,None of the Above,694,13,707,0.31
68,CHEYYAR,1,TAMILSELVAN. M,Naam Tamilar Katchi,6941,102,7043,3.16
68,CHEYYAR,2,MUKKUR N. SUBRAMANIAN,All India Anna Dravida Munnetra Kazhagam,85939,741,86680,38.95
68,CHEYYAR,3,JOTHI. O,Dravida Munnetra Kazhagam,59231,663,59894,26.91
68,CHEYYAR,4,KUTTIMANI. S,Veerath Thiyagi Viswanathadoss Thozhilalarkal Katchi,397,4,401,0.18
68,CHEYYAR,5,CHANDRASEKARAN. M,All India Jananayaka Makkal Kazhagam,143,2,145,0.07
68,CHEYYAR,6,SRINIVASAN. K,Aanaithinthiya Jananayaka Pathukappu Kazhagam,257,2,259,0.12
68,CHEYYAR,7,DURUGAN. M,Vanchit Bahujan Aaghadi,333,1,334,0.15
68,CHEYYAR,8,DUSI K MOHAN,Tamilaga Vettri Kazhagam,65217,382,65599,29.47
68,CHEYYAR,9,PALANI. M,Tamizhaga Vaazhvurimai Katchi,159,23,182,0.08
68,CHEYYAR,10,RAGUPATHI. S,Anti Corruption Dynamic Party,124,21,145,0.07
68,CHEYYAR,11,VENKATESAN. V,Anaithindia Samudaya Munnetra Kazhagam,224,0,224,0.1
68,CHEYYAR,12,ARJUNAN. M,Independent,320,0,320,0.14
68,CHEYYAR,13,MOHAN. R,Independent,394,0,394,0.18
68,CHEYYAR,14,NOTA,None of the Above,939,11,950,0.43
69,VANDAVASI,1,AMBETHKUMAR. S,Dravida Munnetra Kazhagam,63011,794,63805,33.37
69,VANDAVASI,2,GANESH. R,Naam Tamilar Katchi,5422,73,5495,2.87
69,VANDAVASI,3,RANI. P,All India Anna Dravida Munnetra Kazhagam,59842,630,60472,31.63
69,VANDAVASI,4,UDHAYAKUMAR. M,Tamilaga Vettri Kazhagam,57810,364,58174,30.43
69,VANDAVASI,5,THAMARAI SELVI. S,Tamizhaga Vaazhvurimai Katchi,248,4,252,0.13
69,VANDAVASI,6,MUTHUSELVAM. V,Anti Corruption Dynamic Party,112,1,113,0.06
69,VANDAVASI,7,MUTHUPERUMAL. K,Aanaithinthiya Jananayaka Pathukappu Kazhagam,121,3,124,0.06
69,VANDAVASI,8,RAKESH SHARMA. R,Thakkam Katchi,61,0,61,0.03
69,VANDAVASI,9,AMBEDKAR. T,Independent,65,39,104,0.05
69,VANDAVASI,10,ARJUNAN. M,Independent,41,0,41,0.02
69,VANDAVASI,11,UDHAYAKUMAR. N,Independent,160,27,187,0.1
69,VANDAVASI,12,KANNIYAPPAN. S,Independent,117,4,121,0.06
69,VANDAVASI,13,PONNAMBALAM. P,Independent,262,0,262,0.14
69,VANDAVASI,14,RANI. A,Independent,672,2,674,0.35
69,VANDAVASI,15,JAISANKAR. M,Independent,330,1,331,0.17
69,VANDAVASI,16,NOTA,None of the Above,981,7,988,0.52
70,GINGEE,1,ADVOCATE KRISHNAN E,Naam Tamilar Katchi,6296,75,6371,2.94
70,GINGEE,2,GINGEE MASTHAN K S,Dravida Munnetra Kazhagam,64795,761,65556,30.26
70,GINGEE,3,RANGARAJAN E,Bahujan Samaj Party,379,2,381,0.18
70,GINGEE,4,RASANAYAGAM N,Tamizhaga Vaazhvurimai Katchi,415,5,420,0.19
70,GINGEE,5,GANESHKUMAR A,Pattali Makkal Katchi,77324,877,78201,36.1
70,GINGEE,6,SAKTHIVEL A,Thakkam Katchi,431,1,432,0.2
70,GINGEE,7,CHANDRASEKARAN B,Tamilaga Vettri Kazhagam,61209,400,61609,28.44
70,GINGEE,8,THANIGAIMALAI R,Anti Corruption Dynamic Party,174,0,174,0.08
70,GINGEE,9,PERUMAL N,Aanaithinthiya Jananayaka Pathukappu Kazhagam,280,5,285,0.13
70,GINGEE,10,MOHAMMAD SIDDIQ M H,Veerath Thiyagi Viswanathadoss Thozhilalarkal Katchi,127,1,128,0.06
70,GINGEE,11,GOKULRAJ S,Independent,105,8,113,0.05
70,GINGEE,12,DEVENDIRAN M,Independent,319,0,319,0.15
70,GINGEE,13,BANUKUMAR R,Independent,82,0,82,0.04
70,GINGEE,14,PRABAKARAN M,Independent,431,0,431,0.2
70,GINGEE,15,POYYATHAPPAN K,Independent,411,0,411,0.19
70,GINGEE,16,MUNUSAMY A,Independent,435,0,435,0.2
70,GINGEE,17,MOHAN A,Independent,153,0,153,0.07
70,GINGEE,18,RAMESH R,Independent,483,0,483,0.22
70,GINGEE,19,SRIDHAR G,Independent,160,0,160,0.07
70,GINGEE,20,NOTA,None of the Above,495,13,508,0.23
71,MAILAM,1,SHANMUGAM C VE,All India Anna Dravida Munnetra Kazhagam,81436,917,82353,43.52
71,MAILAM,2,RANJITH KUMAR  M,Bahujan Samaj Party,361,4,365,0.19
71,MAILAM,3,VIDJAIVIKRAM S,Naam Tamilar Katchi,4341,42,4383,2.32
71,MAILAM,4,VENKATESAN L,Desiya Murpokku Dravida Kazhagam,45726,541,46267,24.45
71,MAILAM,5,AYYANAR N,Anti Corruption Dynamic Party,263,1,264,0.14
71,MAILAM,6,ANANDHABABU M,Tamizhaga Vaazhvurimai Katchi,120,1,121,0.06
71,MAILAM,7,SURESH KUMAR S,Indhia Kudiarasu Katchi,81,1,82,0.04
71,MAILAM,8,SEKAR NAYAKAR I M,All India Puratchi Thalaivar Makkal Munnettra Kazhagam,57,2,59,0.03
71,MAILAM,9,DIVYA P,Naam Indiar Party,26,0,26,0.01
71,MAILAM,10,PURUSHOTHAMAN K,Desiya Makkal Sakthi Katchi,46,1,47,0.02
71,MAILAM,11,MANAVALAN A,Anna MGR Dravida Makkal Kalgam,92,1,93,0.05
71,MAILAM,12,VINOTH R,Thakkam Katchi,332,0,332,0.18
71,MAILAM,13,VIJAY NIRANJAN A,Tamilaga Vettri Kazhagam,51983,329,52312,27.65
71,MAILAM,14,KARVANNAN K,Independent,91,1,92,0.05
71,MAILAM,15,KRISHNAMURTHY K,Independent,198,0,198,0.1
71,MAILAM,16,GOPU V S,Independent,536,1,537,0.28
71,MAILAM,17,SIVA S,Independent,551,1,552,0.29
71,MAILAM,18,SUNDAR C,Independent,133,0,133,0.07
71,MAILAM,19,TAMIZHARASAN M,Independent,250,2,252,0.13
71,MAILAM,20,RANJITHA V,Independent,356,1,357,0.19
71,MAILAM,21,VIJAYAGANTH K,Independent,97,0,97,0.05
71,MAILAM,22,NOTA,None of the Above,289,10,299,0.16
72,TINDIVANAM,1,ARJUNAN. P,All India Anna Dravida Munnetra Kazhagam,62325,774,63099,32.19
72,TINDIVANAM,2,PACHIMUTHU. P,Naam Tamilar Katchi,5205,37,5242,2.67
72,TINDIVANAM,3,VANNI ARASU,Viduthalai Chiruthaigal Katchi,63094,739,63833,32.56
72,TINDIVANAM,4,VENKATACHALAPATHY. A,Bahujan Samaj Party,420,2,422,0.22
72,TINDIVANAM,5,SAKTHIVEL. S,Tamilaga Vettri Kazhagam,60836,323,61159,31.2
72,TINDIVANAM,6,MOHAN. A,MAKKAL SAKTHI KATCHI,198,3,201,0.1
72,TINDIVANAM,7,RAMNESHWARAN. V,Thakkam Katchi,65,0,65,0.03
72,TINDIVANAM,8,VANJINATHAN. C,Tamizhaga Vaazhvurimai Katchi,72,2,74,0.04
72,TINDIVANAM,9,CHANDARAN. A,Independent,99,0,99,0.05
72,TINDIVANAM,10,DURKALI. N,Independent,69,9,78,0.04
72,TINDIVANAM,11,DEVAKUMARAN. E,Independent,197,1,198,0.1
72,TINDIVANAM,12,PON.SIVAKUMAR,Independent,196,3,199,0.1
72,TINDIVANAM,13,VINOTH. S,Independent,433,2,435,0.22
72,TINDIVANAM,14,VISWANATHAN. S.A,Independent,208,0,208,0.11
72,TINDIVANAM,15,NOTA,None of the Above,704,10,714,0.36
73,VANUR,1,KARIKALAN B,Naam Tamilar Katchi,4654,43,4697,2.44
73,VANUR,2,GOWTHAM D,Dravida Munnetra Kazhagam,68418,455,68873,35.85
73,VANUR,3,MURUGAN P,All India Anna Dravida Munnetra Kazhagam,53839,354,54193,28.21
73,VANUR,4,VINAYAGAMOORTHY M,Bahujan Samaj Party,265,0,265,0.14
73,VANUR,5,ANANDAKUMAR P M,Thakkam Katchi,95,0,95,0.05
73,VANUR,6,SAKTHIVEL S,Tamizhaga Vaazhvurimai Katchi,283,2,285,0.15
73,VANUR,7,SURESH P,Tamilaga Vettri Kazhagam,61589,250,61839,32.19
73,VANUR,8,AYYANAR E,Independent,93,0,93,0.05
73,VANUR,9,SATHYARAMAN P,Independent,172,0,172,0.09
73,VANUR,10,SIVAKUMAR R,Independent,111,1,112,0.06
73,VANUR,11,SURESH C V,Independent,67,1,68,0.04
73,VANUR,12,THANGARASU N,Independent,56,0,56,0.03
73,VANUR,13,MURALI M,Independent,83,0,83,0.04
73,VANUR,14,RADHIKA S,Independent,197,0,197,0.1
73,VANUR,15,VETRIVEL G,Independent,571,1,572,0.3
73,VANUR,16,NOTA,None of the Above,510,9,519,0.27
74,VILUPPURAM,1,ABINAYA PONNIVALAVAN,Naam Tamilar Katchi,5690,96,5786,2.69
74,VILUPPURAM,2,LAKSHMANAN R,Dravida Munnetra Kazhagam,72041,941,72982,33.88
74,VILUPPURAM,3,MURUGAN S,Bahujan Samaj Party,386,4,390,0.18
74,VILUPPURAM,4,VIJAYASURESHBABU,All India Anna Dravida Munnetra Kazhagam,63118,690,63808,29.62
74,VILUPPURAM,5,KUMARAN R,Tamizhaga Vaazhvurimai Katchi,437,3,440,0.2
74,VILUPPURAM,6,NAGARAJAN P,Veerath Thiyagi Viswanathadoss Thozhilalarkal Katchi,230,1,231,0.11
74,VILUPPURAM,7,MOHANRAJ N,Tamilaga Vettri Kazhagam,68287,576,68863,31.97
74,VILUPPURAM,8,AKBAR ALI P,Independent,63,0,63,0.03
74,VILUPPURAM,9,ARUMUGAM M,Independent,150,0,150,0.07
74,VILUPPURAM,10,RAMAN K,Independent,94,0,94,0.04
74,VILUPPURAM,11,BALAMURUGAN N,Independent,75,2,77,0.04
74,VILUPPURAM,12,PRAVEEN KUMAR R,Independent,84,0,84,0.04
74,VILUPPURAM,13,MOHAMED ALI JINNA M,Independent,282,0,282,0.13
74,VILUPPURAM,14,MOHAN C,Independent,62,0,62,0.03
74,VILUPPURAM,15,RAGHUL R,Independent,277,0,277,0.13
74,VILUPPURAM,16,RAYAR K,Independent,141,1,142,0.07
74,VILUPPURAM,17,RAJKUMAR S,Independent,172,0,172,0.08
74,VILUPPURAM,18,LAKSHMANAN R,Independent,243,0,243,0.11
74,VILUPPURAM,19,LAKSHMANAN K,Independent,148,0,148,0.07
74,VILUPPURAM,20,LAKSHMANAN R,Independent,175,0,175,0.08
74,VILUPPURAM,21,VIJAYA K,Independent,46,0,46,0.02
74,VILUPPURAM,22,VIJAYA D,Independent,99,1,100,0.05
74,VILUPPURAM,23,VIJAYA M,Independent,141,0,141,0.07
74,VILUPPURAM,24,VIJAYA M,Independent,92,1,93,0.04
74,VILUPPURAM,25,NOTA,None of the Above,564,9,573,0.27
75,VIKRAVANDI,1,INBARASAN G,Bahujan Samaj Party,442,0,442,0.21
75,VIKRAVANDI,2,ANNIYUR SIVA @ SIVASHANMUGAM A,Dravida Munnetra Kazhagam,60292,649,60941,29.13
75,VIKRAVANDI,3,SUBHA CHANDRASEKARAN A,Naam Tamilar Katchi,4895,84,4979,2.38
75,VIKRAVANDI,4,SIVAKUMAR C,Pattali Makkal Katchi,69028,699,69727,33.33
75,VIKRAVANDI,5,SETTU C,Tamizhaga Vaazhvurimai Katchi,585,7,592,0.28
75,VIKRAVANDI,6,THAMIZHVENGAI KA,Desiya Makkal Sakthi Katchi,103,0,103,0.05
75,VIKRAVANDI,7,BACKIYALAKSHMI C,Thakkam Katchi,141,0,141,0.07
75,VIKRAVANDI,8,MOHAMMAD SIDDIQ M H,Veerath Thiyagi Viswanathadoss Thozhilalarkal Katchi,71,0,71,0.03
75,VIKRAVANDI,9,RAMACHANDRAN P,Anti Corruption Dynamic Party,342,0,342,0.16
75,VIKRAVANDI,10,VIJAI VADIVEL A,Tamilaga Vettri Kazhagam,68088,729,68817,32.89
75,VIKRAVANDI,11,STALIN D,Aanaithinthiya Jananayaka Pathukappu Kazhagam,190,4,194,0.09
75,VIKRAVANDI,12,YEASURAJA M,Independent,115,0,115,0.05
75,VIKRAVANDI,13,GOKUL RAJ B,Independent,204,1,205,0.1
75,VIKRAVANDI,14,SAKTHIVEL A,Independent,104,0,104,0.05
75,VIKRAVANDI,15,SANMUGAM B,Independent,432,0,432,0.21
75,VIKRAVANDI,16,SHANMUGAM P,Independent,244,0,244,0.12
75,VIKRAVANDI,17,SHANMUGAM R,Independent,157,1,158,0.08
75,VIKRAVANDI,18,SIVAKUMAR S,Independent,454,1,455,0.22
75,VIKRAVANDI,19,SELVAKUMAR S,Independent,152,2,154,0.07
75,VIKRAVANDI,20,TAMILSELVAN D,Independent,287,1,288,0.14
75,VIKRAVANDI,21,PRABHAKARAN D,Independent,55,0,55,0.03
75,VIKRAVANDI,22,MURUGAN C,Independent,75,1,76,0.04
75,VIKRAVANDI,23,RAMACHANDRAN A,Independent,67,1,68,0.03
75,VIKRAVANDI,24,RAJARAM M,Independent,127,0,127,0.06
75,VIKRAVANDI,25,NOTA,None of the Above,393,8,401,0.19
76,TIRUKKOYILUR,1,GOVINDHAKANNAN M,Bahujan Samaj Party,373,1,374,0.17
76,TIRUKKOYILUR,2,DR PON GAUTHAMSIGAMANI,Dravida Munnetra Kazhagam,61525,927,62452,28.74
76,TIRUKKOYILUR,3,PALANISAMY S,All India Anna Dravida Munnetra Kazhagam,72347,686,73033,33.61
76,TIRUKKOYILUR,4,HEMARAJAN K,Naam Tamilar Katchi,5703,88,5791,2.66
76,TIRUKKOYILUR,5,SELVAM K,Veerath Thiyagi Viswanathadoss Thozhilalarkal Katchi,108,0,108,0.05
76,TIRUKKOYILUR,6,TAMILSELVAM R,Tamizhaga Vaazhvurimai Katchi,303,9,312,0.14
76,TIRUKKOYILUR,7,VIJAY R BARANIBALAAJI,Tamilaga Vettri Kazhagam,72247,501,72748,33.48
76,TIRUKKOYILUR,8,EDWIN ABINESH A,Independent,136,0,136,0.06
76,TIRUKKOYILUR,9,KARTHICK S,Independent,81,0,81,0.04
76,TIRUKKOYILUR,10,GOWTHAM S,Independent,192,0,192,0.09
76,TIRUKKOYILUR,11,PALANISAMY E,Independent,92,2,94,0.04
76,TIRUKKOYILUR,12,PRABHAKARAN V J,Independent,127,5,132,0.06
76,TIRUKKOYILUR,13,RAVICHANDRAN G,Independent,205,0,205,0.09
76,TIRUKKOYILUR,14,RAMAKRISHNAN M,Independent,588,1,589,0.27
76,TIRUKKOYILUR,15,VIJAYAMOORTHI E,Independent,570,1,571,0.26
76,TIRUKKOYILUR,16,NOTA,None of the Above,491,9,500,0.23
77,ULUNDURPETTAI,1,KUMARAGURU R,All India Anna Dravida Munnetra Kazhagam,95014,1180,96194,35.5
77,ULUNDURPETTAI,2,LOGESHWARI S,Naam Tamilar Katchi,6449,76,6525,2.41
77,ULUNDURPETTAI,3,VASANTHAVEL G R,Dravida Munnetra Kazhagam,97584,887,98471,36.34
77,ULUNDURPETTAI,4,UDHAYAKUMAR R,All India Puratchi Thalaivar Makkal Munnettra Kazhagam,590,0,590,0.22
77,ULUNDURPETTAI,5,SUDHAKAR M,Tamilaga Vettri Kazhagam,65739,469,66208,24.43
77,ULUNDURPETTAI,6,BALAKRISHNAN K,Anna Makkal Katchi,138,2,140,0.05
77,ULUNDURPETTAI,7,ARASAN K,Independent,73,0,73,0.03
77,ULUNDURPETTAI,8,KRISHNAMOORTHY V,Independent,281,1,282,0.1
77,ULUNDURPETTAI,9,SANKAR S,Independent,78,0,78,0.03
77,ULUNDURPETTAI,10,SASIKUMAR N,Independent,102,8,110,0.04
77,ULUNDURPETTAI,11,SENTHIL P,Independent,215,2,217,0.08
77,ULUNDURPETTAI,12,PARTHIBAN V,Independent,166,4,170,0.06
77,ULUNDURPETTAI,13,MANIKANDAN P,Independent,642,0,642,0.24
77,ULUNDURPETTAI,14,RAMAKRISHNAN R,Independent,250,1,251,0.09
77,ULUNDURPETTAI,15,NOTA,None of the Above,1047,4,1051,0.39
78,RISHIVANDIYAM,1,KARTHIKEYAN K,Dravida Munnetra Kazhagam,88871,840,89711,36.65
78,RISHIVANDIYAM,2,BALAKRISHNAN A,Bahujan Samaj Party,575,3,578,0.24
78,RISHIVANDIYAM,3,RADHIKA P,Naam Tamilar Katchi,7193,54,7247,2.96
78,RISHIVANDIYAM,4,ASHOK KUMAR G,Tamilaga Vettri Kazhagam,84465,384,84849,34.66
78,RISHIVANDIYAM,5,ARUMUGAM G,Parivartan Rajniti Party,291,0,291,0.12
78,RISHIVANDIYAM,6,SANKAR R,Tamizhaga Vaazhvurimai Katchi,161,0,161,0.07
78,RISHIVANDIYAM,7,SEVVANTHA G K,Anna Makkal Katchi,322,0,322,0.13
78,RISHIVANDIYAM,8,CHEZHIYAN P,Pattali Makkal Katchi,56135,353,56488,23.08
78,RISHIVANDIYAM,9,RANGANATHAN N,All India Puratchi Thalaivar Makkal Munnettra Kazhagam,302,0,302,0.12
78,RISHIVANDIYAM,10,VENKATRAMAN J,Naadaalum Makkal Katchi,248,3,251,0.1
78,RISHIVANDIYAM,11,ANBU D,Independent,90,0,90,0.04
78,RISHIVANDIYAM,12,ANBUMURUGAN S,Independent,458,0,458,0.19
78,RISHIVANDIYAM,13,KARTHIKEYAN A,Independent,243,1,244,0.1
78,RISHIVANDIYAM,14,KARTHIKEYAN V,Independent,125,0,125,0.05
78,RISHIVANDIYAM,15,GOWTHAM C,Independent,136,0,136,0.06
78,RISHIVANDIYAM,16,SENTHIKUMAR V N,Independent,1071,0,1071,0.44
78,RISHIVANDIYAM,17,SELVARAJ P,Independent,800,0,800,0.33
78,RISHIVANDIYAM,18,SEZHIYAN K,Independent,173,0,173,0.07
78,RISHIVANDIYAM,19,NARAYANAN L,Independent,83,0,83,0.03
78,RISHIVANDIYAM,20,MANIKANDAN C,Independent,241,0,241,0.1
78,RISHIVANDIYAM,21,MARIKKANNU A,Independent,63,1,64,0.03
78,RISHIVANDIYAM,22,RAJA K,Independent,97,0,97,0.04
78,RISHIVANDIYAM,23,RAJA S,Independent,130,0,130,0.05
78,RISHIVANDIYAM,24,VINOTH S,Independent,208,0,208,0.08
78,RISHIVANDIYAM,25,VIJAYAKUMAR G,Independent,141,0,141,0.06
78,RISHIVANDIYAM,26,NOTA,None of the Above,528,6,534,0.22
79,SANKARAPURAM,1,UDHAYASURIYAN T,Dravida Munnetra Kazhagam,75641,1169,76810,32.61
79,SANKARAPURAM,2,SUDHA M,Bahujan Samaj Party,541,3,544,0.23
79,SANKARAPURAM,3,RAMESH K,Naam Tamilar Katchi,5509,58,5567,2.36
79,SANKARAPURAM,4,RAKESH R,All India Anna Dravida Munnetra Kazhagam,79369,881,80250,34.07
79,SANKARAPURAM,5,RAMACHANDIRAN M,Tamizhaga Vaazhvurimai Katchi,674,3,677,0.29
79,SANKARAPURAM,6,GANGASEKAR A,MAKKAL SAKTHI KATCHI,223,0,223,0.09
79,SANKARAPURAM,7,SANNIYASI N,Veerath Thiyagi Viswanathadoss Thozhilalarkal Katchi,100,0,100,0.04
79,SANKARAPURAM,8,NADARAJAN K,All India Puratchi Thalaivar Makkal Munnettra Kazhagam,328,0,328,0.14
79,SANKARAPURAM,9,JAGADESAN A,Tamilaga Vettri Kazhagam,67107,517,67624,28.71
79,SANKARAPURAM,10,ANBAZHAGAN S,Independent,103,2,105,0.04
79,SANKARAPURAM,11,KAVIKUIL V,Independent,97,0,97,0.04
79,SANKARAPURAM,12,SAMIKKANNU M,Independent,112,0,112,0.05
79,SANKARAPURAM,13,DURAI EZHILAN P,Independent,293,2,295,0.13
79,SANKARAPURAM,14,PACHAIYAPPAN K,Independent,350,1,351,0.15
79,SANKARAPURAM,15,MANI G,Independent,166,0,166,0.07
79,SANKARAPURAM,16,MANIKANDAN P,Independent,579,0,579,0.25
79,SANKARAPURAM,17,MAYILAMPARAI MARI A,Independent,512,0,512,0.22
79,SANKARAPURAM,18,DR.MURUGU K,Independent,111,2,113,0.05
79,SANKARAPURAM,19,VIGNESH R,Independent,85,0,85,0.04
79,SANKARAPURAM,20,VIJAY J,Independent,409,0,409,0.17
79,SANKARAPURAM,21,JAYAPRAKASH K,Independent,111,0,111,0.05
79,SANKARAPURAM,22,HARUN RASHEETH J,Independent,84,3,87,0.04
79,SANKARAPURAM,23,NOTA,None of the Above,371,12,383,0.16
80,KALLAKURICHI,1,NAGAMMAL RAJKODI,Naam Tamilar Katchi,7379,115,7494,3
80,KALLAKURICHI,2,MALATHI K,Viduthalai Chiruthaigal Katchi,76696,970,77666,31.11
80,KALLAKURICHI,3,RAJEEVGANDHI S,All India Anna Dravida Munnetra Kazhagam,79562,772,80334,32.18
80,KALLAKURICHI,4,ARUL VIGNESH C,Tamilaga Vettri Kazhagam,80572,560,81132,32.5
80,KALLAKURICHI,5,SELVARAJ M,Independent,219,0,219,0.09
80,KALLAKURICHI,6,PRABU C,Independent,145,0,145,0.06
80,KALLAKURICHI,7,MALATHI K,Independent,177,2,179,0.07
80,KALLAKURICHI,8,RAJIVGANDHI S,Independent,196,0,196,0.08
80,KALLAKURICHI,9,RAJIVGANDHI P,Independent,306,2,308,0.12
80,KALLAKURICHI,10,VASANTHAKUMAR S,Independent,412,5,417,0.17
80,KALLAKURICHI,11,VIGNESH G,Independent,649,4,653,0.26
80,KALLAKURICHI,12,NOTA,None of the Above,847,36,883,0.35
81,GANGAVALLI,1,ABIRAMI. A,Naam Tamilar Katchi,6134,108,6242,3.17
81,GANGAVALLI,2,CHINNADURAI. K,Dravida Munnetra Kazhagam,57619,1144,58763,29.88
81,GANGAVALLI,3,NALLATHAMBI. A,All India Anna Dravida Munnetra Kazhagam,72152,1015,73167,37.2
81,GANGAVALLI,4,BALAKRISHNAN. P,Bahujan Samaj Party,530,3,533,0.27
81,GANGAVALLI,5,ANBAZHAGAN. S,Anna Makkal Katchi,149,2,151,0.08
81,GANGAVALLI,6,KAVIARASAN. T.T,Tamizhaga Vaazhvurimai Katchi,230,4,234,0.12
81,GANGAVALLI,7,SUJATHA. V,Tamilaga Vettri Kazhagam,54756,535,55291,28.11
81,GANGAVALLI,8,MARIMUTHU. S,Puthiya Tamilagam,218,2,220,0.11
81,GANGAVALLI,9,KANNAN. S,Independent,212,0,212,0.11
81,GANGAVALLI,10,GUNAPRAKASH. D,Independent,105,0,105,0.05
81,GANGAVALLI,11,TAMILARASAN. T,Independent,189,7,196,0.1
81,GANGAVALLI,12,DHANAPAL. S,Independent,439,5,444,0.23
81,GANGAVALLI,13,RAMESH. S,Independent,389,1,390,0.2
81,GANGAVALLI,14,NOTA,None of the Above,712,19,731,0.37
82,ATTUR,1,ARTHANARI. S.K.,Indian National Congress,51100,796,51896,24.91
82,ATTUR,2,SELLAMMAL. V.M.,Bahujan Samaj Party,409,3,412,0.2
82,ATTUR,3,MONISHA CHINNADURAI.,Naam Tamilar Katchi,6395,137,6532,3.14
82,ATTUR,4,JAYASANKARAN. A.P.,All India Anna Dravida Munnetra Kazhagam,79825,1018,80843,38.81
82,ATTUR,5,SELVABHARATHI. R.,Tamilaga Vettri Kazhagam,64980,545,65525,31.46
82,ATTUR,6,PALANIYAMMAL. S.,Desiya Makkal Sakthi Katchi,211,4,215,0.1
82,ATTUR,7,RAMESH. G.,Tamizhaga Vaazhvurimai Katchi,171,1,172,0.08
82,ATTUR,8,SELVAKANNAN. L.,Independent,172,1,173,0.08
82,ATTUR,9,POOMALAI. C.,Independent,235,0,235,0.11
82,ATTUR,10,MANIKANDAN. M.,Independent,82,7,89,0.04
82,ATTUR,11,MANIMARAN. A.,Independent,107,0,107,0.05
82,ATTUR,12,MANICKAM. K.,Independent,255,1,256,0.12
82,ATTUR,13,RAJESHKANNAN. K.,Independent,505,6,511,0.25
82,ATTUR,14,VARATHARAJ. G.,Independent,140,1,141,0.07
82,ATTUR,15,JAGAN. T.,Independent,156,2,158,0.08
82,ATTUR,16,NOTA,None of the Above,1021,10,1031,0.49
83,YERCAUD,1,USHARANI. P,All India Anna Dravida Munnetra Kazhagam,86895,877,87772,34.61
83,YERCAUD,2,PALANISAMY. K,Bahujan Samaj Party,900,10,910,0.36
83,YERCAUD,3,PALANISAMY. M,Naam Tamilar Katchi,7472,129,7601,3
83,YERCAUD,4,REVATHI. T.M,Dravida Munnetra Kazhagam,67152,893,68045,26.83
83,YERCAUD,5,GOPI. C,Communist Party of India (Marxist-Leninist) (Liberation),653,5,658,0.26
83,YERCAUD,6,LAKSHMI JANARTHANAN. J,Tamilaga Vettri Kazhagam,84951,632,85583,33.75
83,YERCAUD,7,VENGATESHSAN. T,Tamizhaga Vaazhvurimai Katchi,234,1,235,0.09
83,YERCAUD,8,KARTHIK. N,Independent,93,1,94,0.04
83,YERCAUD,9,KALIYAPPAN. A,Independent,123,0,123,0.05
83,YERCAUD,10,THANGADURAI. N,Independent,291,3,294,0.12
83,YERCAUD,11,PAZHANIVEL. K,Independent,303,0,303,0.12
83,YERCAUD,12,VIJAYAKUMAR. N,Independent,210,1,211,0.08
83,YERCAUD,13,VENKATESAN. S,Independent,510,3,513,0.2
83,YERCAUD,14,NOTA,None of the Above,1231,19,1250,0.49
84,OMALUR,1,ELANGOVAN. A.R,Desiya Murpokku Dravida Kazhagam,45941,976,46917,17.3
84,OMALUR,2,SIVASAKTHI. M,Naam Tamilar Katchi,8222,148,8370,3.09
84,OMALUR,3,MANI. R,All India Anna Dravida Munnetra Kazhagam,110810,1436,112246,41.4
84,OMALUR,4,ADHIYAMAAN. R.V,Tamilaga Vettri Kazhagam,97026,681,97707,36.04
84,OMALUR,5,KRISHNAMOORTHY. D,Tamizhaga Vaazhvurimai Katchi,535,2,537,0.2
84,OMALUR,6,SURESHKUMAR. S,Aanaithinthiya Jananayaka Pathukappu Kazhagam,354,9,363,0.13
84,OMALUR,7,ARUL PRAKASH. T,Independent,144,5,149,0.05
84,OMALUR,8,GOBINATHAN. R,Independent,1542,2,1544,0.57
84,OMALUR,9,SANTHALINGAM. C,Independent,163,1,164,0.06
84,OMALUR,10,PERUMAL. S,Independent,132,10,142,0.05
84,OMALUR,11,MANI. V,Independent,136,0,136,0.05
84,OMALUR,12,MANOKARAN. A,Independent,190,7,197,0.07
84,OMALUR,13,MAYAKKANNAN. R,Independent,629,0,629,0.23
84,OMALUR,14,MOHANRAJ. P.M,Independent,378,0,378,0.14
84,OMALUR,15,JEGANATHAN. A,Independent,207,0,207,0.08
84,OMALUR,16,NOTA,None of the Above,1417,16,1433,0.53
85,METTUR,1,MIDHUN CHAKRAVARTHY. M,Dravida Munnetra Kazhagam,66296,1097,67393,29.16
85,METTUR,2,VIDHYA VEERAPPAN,Naam Tamilar Katchi,6987,122,7109,3.08
85,METTUR,3,VENKATACHALAM. G,All India Anna Dravida Munnetra Kazhagam,85347,1151,86498,37.43
85,METTUR,4,SELVAM. K,Tamilaga Vettri Kazhagam,64665,595,65260,28.24
85,METTUR,5,PERIYAPONNU. O,Tamizhaga Vaazhvurimai Katchi,399,4,403,0.17
85,METTUR,6,VELU. A,Vada Tamil Nadu Munnetra Katchi,106,1,107,0.05
85,METTUR,7,KANNAN. M,Independent,98,1,99,0.04
85,METTUR,8,KANNAN. R,Independent,86,2,88,0.04
85,METTUR,9,KRISHNAMOORTHY. P,Independent,237,0,237,0.1
85,METTUR,10,SARAVANAKUMAR. M,Independent,219,4,223,0.1
85,METTUR,11,CHIDAMBARAM. A,Independent,103,1,104,0.05
85,METTUR,12,DURAIRAJ. V,Independent,641,18,659,0.29
85,METTUR,13,DR.PADMARAJAN. K,Independent,385,5,390,0.17
85,METTUR,14,PRABAKARAN. S,Independent,251,0,251,0.11
85,METTUR,15,MURUGAN. P,Independent,192,0,192,0.08
85,METTUR,16,RAMKUMAR. D.M,Independent,706,0,706,0.31
85,METTUR,17,VENKATASALAM. G,Independent,469,2,471,0.2
85,METTUR,18,JAGANATHAN. A,Independent,121,0,121,0.05
85,METTUR,19,NOTA,None of the Above,782,12,794,0.34
86,EDAPPADI,1,KASI. C,Dravida Munnetra Kazhagam,42967,1044,44011,17.04
86,EDAPPADI,2,EDAPPADI PALANISWAMI. K,All India Anna Dravida Munnetra Kazhagam,146534,2399,148933,57.67
86,EDAPPADI,3,PRIYADHARSHINI. A,Naam Tamilar Katchi,8311,139,8450,3.27
86,EDAPPADI,4,GOVINDARAJ.V,Tamizhaga Vaazhvurimai Katchi,1652,10,1662,0.64
86,EDAPPADI,5,SURESH. L,All India Puratchi Thalaivar Makkal Munnettra Kazhagam,426,3,429,0.17
86,EDAPPADI,6,ELUMALAI. P,Independent,212,3,215,0.08
86,EDAPPADI,7,IYYAPPAN PERUMAL. P,Independent,289,7,296,0.11
86,EDAPPADI,8,KUMARESAN. M,Independent,205,2,207,0.08
86,EDAPPADI,9,SAKTHIVEL. S,Independent,66,1,67,0.03
86,EDAPPADI,10,SUBRAMANI. P,Independent,91,6,97,0.04
86,EDAPPADI,11,THULASIMANI. P,Independent,419,16,435,0.17
86,EDAPPADI,12,PREMKUMAR. K,Independent,50765,58,50823,19.68
86,EDAPPADI,13,MURUGAN. C,Independent,158,1,159,0.06
86,EDAPPADI,14,STUDENT'S FRIEND MURUGAN. M,Independent,387,12,399,0.15
86,EDAPPADI,15,RAJA. K. B.SC. B.TECH. EX.INAS,Independent,734,5,739,0.29
86,EDAPPADI,16,NOTA,None of the Above,1284,57,1341,0.52
87,SANKARI,1,SETTUMUTHU. V,Bahujan Samaj Party,394,4,398,0.16
87,SANKARI,2,NITHYA. A,Naam Tamilar Katchi,7435,99,7534,3.09
87,SANKARI,3,MANIKANDAN. M,Dravida Munnetra Kazhagam,64752,964,65716,26.96
87,SANKARI,4,VETRIVEL. S,All India Anna Dravida Munnetra Kazhagam,86200,1142,87342,35.83
87,SANKARI,5,DR. GURUNATHAN. S,Indhu Dravida Makkal Katchi,1006,3,1009,0.41
87,SANKARI,6,SENTHILKUMAR. K,Tamilaga Vettri Kazhagam,77390,435,77825,31.92
87,SANKARI,7,SENTHILKUMAR. R.S.,Tamizhaga Vaazhvurimai Katchi,284,3,287,0.12
87,SANKARI,8,SAKTHIVEL. G,Independent,83,3,86,0.04
87,SANKARI,9,SAKTHIVEL. D,Independent,139,1,140,0.06
87,SANKARI,10,SALMAN. E,Independent,146,1,147,0.06
87,SANKARI,11,DURAIRAJ. C,Independent,259,1,260,0.11
87,SANKARI,12,PARAMASIVAM. R,Independent,470,3,473,0.19
87,SANKARI,13,POOVARASAN. S,Independent,263,5,268,0.11
87,SANKARI,14,MANIKANDAN. D,Independent,392,3,395,0.16
87,SANKARI,15,MANIKANDAN. P,Independent,135,1,136,0.06
87,SANKARI,16,MAYILKUMAR. M,Independent,338,2,340,0.14
87,SANKARI,17,RANJITH KUMAR. V,Independent,96,0,96,0.04
87,SANKARI,18,RAMESHKUMAR. V,Independent,83,0,83,0.03
87,SANKARI,19,VIGNESH. A,Independent,289,0,289,0.12
87,SANKARI,20,VIJAYAKUMAR. M,Independent,244,0,244,0.1
87,SANKARI,21,NOTA,None of the Above,699,12,711,0.29
88,SALEM (WEST),1,ALAGAAPURAM. R. MOHANRAJ,Desiya Murpokku Dravida Kazhagam,41000,522,41522,17.71
88,SALEM (WEST),2,GUNASEKARAN .R,Bahujan Samaj Party,391,4,395,0.17
88,SALEM (WEST),3,SURESH KUMAR.R,Naam Tamilar Katchi,6726,94,6820,2.91
88,SALEM (WEST),4,ARUL RAMADAS,Aanaithinthiya Jananayaka Pathukappu Kazhagam,12391,141,12532,5.35
88,SALEM (WEST),5,KARTHE.M,Pattali Makkal Katchi,45006,534,45540,19.43
88,SALEM (WEST),6,PRABU .K,Vishwa Tamil Kazhagam,404,0,404,0.17
88,SALEM (WEST),7,RAJ KUMAR .G,Tamizhaga Vaazhvurimai Katchi,635,1,636,0.27
88,SALEM (WEST),8,LAKSHMANAN.S,Tamilaga Vettri Kazhagam,119587,820,120407,51.37
88,SALEM (WEST),9,AMIRTHALINGAM.N,Independent,316,2,318,0.14
88,SALEM (WEST),10,ARUL .S,Independent,80,5,85,0.04
88,SALEM (WEST),11,ARUL. T,Independent,108,0,108,0.05
88,SALEM (WEST),12,ARUL.D,Independent,238,1,239,0.1
88,SALEM (WEST),13,ARUL.P,Independent,299,2,301,0.13
88,SALEM (WEST),14,KARTHICK.M,Independent,240,3,243,0.1
88,SALEM (WEST),15,KARTHICK.R,Independent,89,2,91,0.04
88,SALEM (WEST),16,KUMAR.A.P,Independent,263,0,263,0.11
88,SALEM (WEST),17,CHANDRASEKARAN.G,Independent,392,1,393,0.17
88,SALEM (WEST),18,SELVAM.R,Independent,147,0,147,0.06
88,SALEM (WEST),19,DHANAPAL,Independent,73,1,74,0.03
88,SALEM (WEST),20,THIYAGARAJAN.M,Independent,183,1,184,0.08
88,SALEM (WEST),21,BHARATH.S,Independent,395,0,395,0.17
88,SALEM (WEST),22,BHARANITHARAN.D.K,Independent,117,1,118,0.05
88,SALEM (WEST),23,PANNEERSELVAM.P,Independent,67,1,68,0.03
88,SALEM (WEST),24,ER.PRABAKARAN.S,Independent,609,4,613,0.26
88,SALEM (WEST),25,PERUMAL. A,Independent,181,0,181,0.08
88,SALEM (WEST),26,MANOHAR.C,Independent,214,0,214,0.09
88,SALEM (WEST),27,MOHAN RAJ. R,Independent,86,2,88,0.04
88,SALEM (WEST),28,RADHAKRISHNAN. R,Independent,136,1,137,0.06
88,SALEM (WEST),29,VIJAYAKUMAR. S,Independent,108,3,111,0.05
88,SALEM (WEST),30,VELMANIKANDAN. S,Independent,366,3,369,0.16
88,SALEM (WEST),31,SRISABARINATHAN,Independent,359,0,359,0.15
88,SALEM (WEST),32,NOTA,None of the Above,1026,26,1052,0.45
89,SALEM (NORTH),1,RAJENDRAN. R,Dravida Munnetra Kazhagam,70667,1009,71676,34.02
89,SALEM (NORTH),2,GUNASEELA. M,Naam Tamilar Katchi,6375,75,6450,3.06
89,SALEM (NORTH),3,SADHASIVAM. S,Pattali Makkal Katchi,43753,485,44238,20.99
89,SALEM (NORTH),4,SIVAKUMAR. K,Tamilaga Vettri Kazhagam,85218,492,85710,40.68
89,SALEM (NORTH),5,MOHANRAJ. S,Tamizhaga Vaazhvurimai Katchi,337,1,338,0.16
89,SALEM (NORTH),6,JOTHILAKSHMI. R.S,Vishwa Tamil Kazhagam,174,2,176,0.08
89,SALEM (NORTH),7,SABAREESAN. D,Independent,137,0,137,0.07
89,SALEM (NORTH),8,PALANISAMY. R,Independent,74,3,77,0.04
89,SALEM (NORTH),9,PRAVINA. G,Independent,96,1,97,0.05
89,SALEM (NORTH),10,MANIVANNAN. S,Independent,75,15,90,0.04
89,SALEM (NORTH),11,MAHABUB JOHN. K,Independent,115,2,117,0.06
89,SALEM (NORTH),12,RAJASEKAR. S,Independent,125,3,128,0.06
89,SALEM (NORTH),13,RAJA. A,Independent,150,1,151,0.07
89,SALEM (NORTH),14,RAJENDRAN. A,Independent,121,1,122,0.06
89,SALEM (NORTH),15,NOTA,None of the Above,1188,17,1205,0.57
90,SALEM (SOUTH),1,SOFIA. S,Naam Tamilar Katchi,5770,49,5819,2.8
90,SALEM (SOUTH),2,LOGANATHAN. M,Dravida Munnetra Kazhagam,57443,559,58002,27.9
90,SALEM (SOUTH),3,VINOTH. J,All India Anna Dravida Munnetra Kazhagam,49800,416,50216,24.15
90,SALEM (SOUTH),4,BAS MADHESWARAN,Tamizhaga Vaazhvurimai Katchi,407,0,407,0.2
90,SALEM (SOUTH),5,VIJAY TAMILAN PARTHIBAN. A,Tamilaga Vettri Kazhagam,91008,363,91371,43.95
90,SALEM (SOUTH),6,AMBEDKAR. C,Independent,157,1,158,0.08
90,SALEM (SOUTH),7,SANTHOSH. S,Independent,92,0,92,0.04
90,SALEM (SOUTH),8,SUNDARAM. R,Independent,56,0,56,0.03
90,SALEM (SOUTH),9,SUMATHI. P,Independent,61,0,61,0.03
90,SALEM (SOUTH),10,PADMANAPAN. M,Independent,40,0,40,0.02
90,SALEM (SOUTH),11,PALANIAPPAN. M,Independent,74,1,75,0.04
90,SALEM (SOUTH),12,PARTHIBAN. A,Independent,90,3,93,0.04
90,SALEM (SOUTH),13,PARTHIBAN. V,Independent,58,0,58,0.03
90,SALEM (SOUTH),14,PRAVEEN KUMAR. M,Independent,91,0,91,0.04
90,SALEM (SOUTH),15,MAYAKANNAN. N,Independent,99,0,99,0.05
90,SALEM (SOUTH),16,LOGANATHAN. M,Independent,164,1,165,0.08
90,SALEM (SOUTH),17,LOGANATHAN. M,Independent,71,0,71,0.03
90,SALEM (SOUTH),18,VARATHARAJAN. S.P,Independent,166,0,166,0.08
90,SALEM (SOUTH),19,JAYARAJ. S,Independent,117,0,117,0.06
90,SALEM (SOUTH),20,NOTA,None of the Above,728,17,745,0.36
91,VEERAPANDI,1,THARUN. A.K,Dravida Munnetra Kazhagam,68483,813,69296,29.38
91,VEERAPANDI,2,RAJESHKUMAR. S,Naam Tamilar Katchi,6741,79,6820,2.89
91,VEERAPANDI,3,SRI BALAJI SUGUMAR. S,All India Anna Dravida Munnetra Kazhagam,75091,745,75836,32.15
91,VEERAPANDI,4,ANBAZHAGAN. P,Communist Party of India (Marxist-Leninist) (Liberation),435,2,437,0.19
91,VEERAPANDI,5,SAKTHIVEL. M,Naadaalum Makkal Katchi,396,1,397,0.17
91,VEERAPANDI,6,PALANIVEL. M.S,Tamilaga Vettri Kazhagam,79535,372,79907,33.88
91,VEERAPANDI,7,BRAMAMOORTHI. M,Tamizhaga Vaazhvurimai Katchi,635,7,642,0.27
91,VEERAPANDI,8,INDRAJITH GUPTHA. G,Independent,152,1,153,0.06
91,VEERAPANDI,9,KAVITHA. M.P,Independent,56,0,56,0.02
91,VEERAPANDI,10,KARTHI. R,Independent,77,3,80,0.03
91,VEERAPANDI,11,GOPI. R,Independent,96,0,96,0.04
91,VEERAPANDI,12,GOPINATH. B,Independent,56,2,58,0.02
91,VEERAPANDI,13,SENTHILKUMAR. M,Independent,135,0,135,0.06
91,VEERAPANDI,14,TAMILARASAN. D,Independent,142,0,142,0.06
91,VEERAPANDI,15,DEVENDHIRAPRABU. M,Independent,103,0,103,0.04
91,VEERAPANDI,16,PALANISAMY. P,Independent,448,1,449,0.19
91,VEERAPANDI,17,PRABHU. V,Independent,348,1,349,0.15
91,VEERAPANDI,18,RANGANATHAN. D,Independent,49,0,49,0.02
91,VEERAPANDI,19,VAIDESSWARA PRASAD. N,Independent,197,0,197,0.08
91,VEERAPANDI,20,JAYAVEL. M,Independent,79,0,79,0.03
91,VEERAPANDI,21,NOTA,None of the Above,585,9,594,0.25
92,RASIPURAM,1,PREMKUMAR S D,Bharatiya Janata Party,59357,940,60297,29.46
92,RASIPURAM,2,SASIKALA S,Naam Tamilar Katchi,6283,132,6415,3.13
92,RASIPURAM,3,MATHIVENTHAN M DR,Dravida Munnetra Kazhagam,56376,1478,57854,28.27
92,RASIPURAM,4,ARULKUMAR P,Ganasangam Party of India,456,6,462,0.23
92,RASIPURAM,5,ARULRAJU G,Anaithinthiya Anna Dravida Makkal Seyal katchi,182,1,183,0.09
92,RASIPURAM,6,KRISHNAMOORTHI P,Tamizhaga Vaazhvurimai Katchi,119,2,121,0.06
92,RASIPURAM,7,MUNIYAPPAN M,Puthiya Tamilagam,242,1,243,0.12
92,RASIPURAM,8,RAMADASS D,Samaniya Makkal Nala Katchi,348,0,348,0.17
92,RASIPURAM,9,LOGESH TAMILSELVAN D,Tamilaga Vettri Kazhagam,74050,758,74808,36.55
92,RASIPURAM,10,AMPULIMADHAN M,Independent,180,3,183,0.09
92,RASIPURAM,11,THANGAMANI S,Independent,142,5,147,0.07
92,RASIPURAM,12,TAMILAZHAGAN M,Independent,92,0,92,0.04
92,RASIPURAM,13,NAGARAJAN K,Independent,179,0,179,0.09
92,RASIPURAM,14,NEPPOLIYAN K,Independent,427,1,428,0.21
92,RASIPURAM,15,MANIKANDAN C,Independent,175,0,175,0.09
92,RASIPURAM,16,MURUGESAN A,Independent,1292,0,1292,0.63
92,RASIPURAM,17,RAJESHKANNAN R,Independent,472,0,472,0.23
92,RASIPURAM,18,JAYANTHI M,Independent,115,3,118,0.06
92,RASIPURAM,19,NOTA,None of the Above,839,24,863,0.42
93,SENTHAMANGALAM,1,C CHANDRASEKARAN,All India Anna Dravida Munnetra Kazhagam,65161,999,66160,31.55
93,SENTHAMANGALAM,2,P POOMALAR,Dravida Munnetra Kazhagam,63891,1060,64951,30.98
93,SENTHAMANGALAM,3,PONNUMANI C,Naam Tamilar Katchi,6354,124,6478,3.09
93,SENTHAMANGALAM,4,P CHANDRASEKAR,Tamilaga Vettri Kazhagam,68124,691,68815,32.82
93,SENTHAMANGALAM,5,K DURAISAMY,Ganasangam Party of India,198,1,199,0.09
93,SENTHAMANGALAM,6,P RAMASAMY,Tamizhaga Vaazhvurimai Katchi,111,0,111,0.05
93,SENTHAMANGALAM,7,C JAGANATHAN,All India Puratchi Thalaivar Makkal Munnettra Kazhagam,112,1,113,0.05
93,SENTHAMANGALAM,8,C SUTHAN,Independent,96,0,96,0.05
93,SENTHAMANGALAM,9,M SWAMINATHAN,Independent,254,6,260,0.12
93,SENTHAMANGALAM,10,A BALAMUGAN,Independent,251,8,259,0.12
93,SENTHAMANGALAM,11,E MANIKANDAN,Independent,429,0,429,0.2
93,SENTHAMANGALAM,12,K RAMESH,Independent,603,2,605,0.29
93,SENTHAMANGALAM,13,NOTA,None of the Above,1198,13,1211,0.58
94,NAMAKKAL,1,RAMASAMY P,Bahujan Samaj Party,294,2,296,0.14
94,NAMAKKAL,2,PRAVEENKUMAR K,Naam Tamilar Katchi,6172,114,6286,2.96
94,NAMAKKAL,3,SRIDEVI MOHAN P S,All India Anna Dravida Munnetra Kazhagam,67350,1386,68736,32.38
94,NAMAKKAL,4,RANI P,Dravida Munnetra Kazhagam,51502,1306,52808,24.88
94,NAMAKKAL,5,AADITHIYAN A,Anna Puratchi Thalaivar Amma Dravida Munnetra Kazhagam,278,1,279,0.13
94,NAMAKKAL,6,GANDHIAN RAMESH T,Ahimsa Socialist Party,209,4,213,0.1
94,NAMAKKAL,7,SURESHKANNAN P,Ganasangam Party of India,145,1,146,0.07
94,NAMAKKAL,8,THIYAGARAJAN R,Samaniya Makkal Nala Katchi,318,2,320,0.15
94,NAMAKKAL,9,DILIP C S,Tamilaga Vettri Kazhagam,78916,828,79744,37.56
94,NAMAKKAL,10,PALANISAMY M P,All India Puratchi Thalaivar Makkal Munnettra Kazhagam,147,2,149,0.07
94,NAMAKKAL,11,MAHENDRAN P,Anaithinthiya Anna Dravida Makkal Seyal katchi,95,1,96,0.05
94,NAMAKKAL,12,MATHESWARAN C,Puthiya Tamilagam,143,3,146,0.07
94,NAMAKKAL,13,ABINESHKUMAR T,Independent,212,1,213,0.1
94,NAMAKKAL,14,ARAVINTH S,Independent,191,2,193,0.09
94,NAMAKKAL,15,KANAKARAJ K,Independent,157,2,159,0.07
94,NAMAKKAL,16,CHANDRA P,Independent,322,0,322,0.15
94,NAMAKKAL,17,NATARAJAN M,Independent,221,4,225,0.11
94,NAMAKKAL,18,NETAJIKAVIARASU V,Independent,90,2,92,0.04
94,NAMAKKAL,19,MANIKANDAN R,Independent,188,3,191,0.09
94,NAMAKKAL,20,MUTHUSAMY S,Independent,178,1,179,0.08
94,NAMAKKAL,21,MOHAN S,Independent,70,1,71,0.03
94,NAMAKKAL,22,MOHAN P,Independent,111,0,111,0.05
94,NAMAKKAL,23,MOHAN M,Independent,53,1,54,0.03
94,NAMAKKAL,24,RAMESH A,Independent,113,1,114,0.05
94,NAMAKKAL,25,JAYAKUMAR R,Independent,168,0,168,0.08
94,NAMAKKAL,26,JAYARAMAN M,Independent,112,1,113,0.05
94,NAMAKKAL,27,STALIN R,Independent,98,1,99,0.05
94,NAMAKKAL,28,NOTA,None of the Above,730,30,760,0.36
95,PARAMATHI-VELUR,1,ARAVIND M,Naam Tamilar Katchi,5612,115,5727,3.03
95,PARAMATHI-VELUR,2,RAMAN V,Bahujan Samaj Party,257,2,259,0.14
95,PARAMATHI-VELUR,3,SEKAR S,All India Anna Dravida Munnetra Kazhagam,60017,1332,61349,32.49
95,PARAMATHI-VELUR,4,MOORTHIY K S,Dravida Munnetra Kazhagam,59402,1639,61041,32.32
95,PARAMATHI-VELUR,5,SELVARASU S,Anna Puratchi Thalaivar Amma Dravida Munnetra Kazhagam,330,4,334,0.18
95,PARAMATHI-VELUR,6,SHAILAJA,Tamizhaga Vaazhvurimai Katchi,438,6,444,0.24
95,PARAMATHI-VELUR,7,NANDAKUMAR A,Tamilaga Vettri Kazhagam,55408,659,56067,29.69
95,PARAMATHI-VELUR,8,BAKKIAM P,Anaithinthiya Anna Dravida Makkal Seyal katchi,114,2,116,0.06
95,PARAMATHI-VELUR,9,VIJAY SURYABHALAAJI K R,All India Puratchi Thalaivar Makkal Munnettra Kazhagam,133,4,137,0.07
95,PARAMATHI-VELUR,10,RAMASAMY N,Independent,71,0,71,0.04
95,PARAMATHI-VELUR,11,KANDASAMY S,Independent,156,2,158,0.08
95,PARAMATHI-VELUR,12,KARTHIK R,Independent,78,5,83,0.04
95,PARAMATHI-VELUR,13,GOPALAN G,Independent,231,0,231,0.12
95,PARAMATHI-VELUR,14,SUDHARSAN K,Independent,171,1,172,0.09
95,PARAMATHI-VELUR,15,SURESH R,Independent,82,0,82,0.04
95,PARAMATHI-VELUR,16,SEKAR C,Independent,308,1,309,0.16
95,PARAMATHI-VELUR,17,SEKAR V,Independent,246,3,249,0.13
95,PARAMATHI-VELUR,18,THANGARASU M,Independent,100,0,100,0.05
95,PARAMATHI-VELUR,19,PARAMESHWARI S,Independent,192,0,192,0.1
95,PARAMATHI-VELUR,20,PALANISAMY S,Independent,169,0,169,0.09
95,PARAMATHI-VELUR,21,BALAJI R,Independent,52,0,52,0.03
95,PARAMATHI-VELUR,22,PRATHAP K,Independent,111,1,112,0.06
95,PARAMATHI-VELUR,23,MANOJKUMAR M,Independent,337,1,338,0.18
95,PARAMATHI-VELUR,24,MURTHI,Independent,53,0,53,0.03
95,PARAMATHI-VELUR,25,MOORTHI M,Independent,35,1,36,0.02
95,PARAMATHI-VELUR,26,RANJITH K,Independent,50,0,50,0.03
95,PARAMATHI-VELUR,27,RAMESH P,Independent,37,0,37,0.02
95,PARAMATHI-VELUR,28,RAMESH R,Independent,53,0,53,0.03
95,PARAMATHI-VELUR,29,RAJA R,Independent,230,2,232,0.12
95,PARAMATHI-VELUR,30,LATHA A,Independent,90,0,90,0.05
95,PARAMATHI-VELUR,31,VIJAYAKUMAR A,Independent,53,0,53,0.03
95,PARAMATHI-VELUR,32,NOTA,None of the Above,431,18,449,0.24
96,TIRUCHENGODU,1,ESWARAN E R,Dravida Munnetra Kazhagam,48320,1145,49465,25.88
96,TIRUCHENGODU,2,SRMT SEKAR (A) CHANDRASEKAR R,All India Anna Dravida Munnetra Kazhagam,50439,889,51328,26.86
96,TIRUCHENGODU,3,REVATHI K,Naam Tamilar Katchi,6001,84,6085,3.18
96,TIRUCHENGODU,4,ARUNRAJ K G,Tamilaga Vettri Kazhagam,78824,676,79500,41.6
96,TIRUCHENGODU,5,SHARAVANAN A K,Tamizhaga Vaazhvurimai Katchi,351,3,354,0.19
96,TIRUCHENGODU,6,CHINNATHAMBI K,Republican Party of India (Athawale),287,9,296,0.15
96,TIRUCHENGODU,7,DHANAPAL SUBRAMANIYAM,Anaithinthiya Anna Dravida Makkal Seyal katchi,91,0,91,0.05
96,TIRUCHENGODU,8,THIRUKKUMARAN P,Makkal Munnetra Katchi,51,1,52,0.03
96,TIRUCHENGODU,9,MUNUSAMY A T,Samaniya Makkal Nala Katchi,36,2,38,0.02
96,TIRUCHENGODU,10,ARULPRAKASAM S,Independent,49,0,49,0.03
96,TIRUCHENGODU,11,ARJUNAN L K,Independent,24,0,24,0.01
96,TIRUCHENGODU,12,ESWARAN M,Independent,91,2,93,0.05
96,TIRUCHENGODU,13,SATHEESKUMAR P,Independent,249,2,251,0.13
96,TIRUCHENGODU,14,SARAVANASUNDARAM S,Independent,1173,17,1190,0.62
96,TIRUCHENGODU,15,DHINESH KARIKALAN,Independent,246,1,247,0.13
96,TIRUCHENGODU,16,DEEPAKRAJAN V,Independent,496,1,497,0.26
96,TIRUCHENGODU,17,PALANISAMY K,Independent,319,5,324,0.17
96,TIRUCHENGODU,18,BALAJI CHEZHIAN P,Independent,189,0,189,0.1
96,TIRUCHENGODU,19,MAHESHKUMAR N,Independent,45,0,45,0.02
96,TIRUCHENGODU,20,RAMESH S,Independent,298,0,298,0.16
96,TIRUCHENGODU,21,RAJAKUMAR P,Independent,96,0,96,0.05
96,TIRUCHENGODU,22,REVANTH S N,Independent,37,0,37,0.02
96,TIRUCHENGODU,23,VISWANATHAN P,Independent,53,0,53,0.03
96,TIRUCHENGODU,24,NOTA,None of the Above,509,11,520,0.27
97,KUMARAPALAYAM,1,P.THANGAMANI,All India Anna Dravida Munnetra Kazhagam,72783,700,73483,35.79
97,KUMARAPALAYAM,2,S.BALU,Dravida Munnetra Kazhagam,39520,473,39993,19.48
97,KUMARAPALAYAM,3,UVARANI SURESH,Naam Tamilar Katchi,7611,52,7663,3.73
97,KUMARAPALAYAM,4,J KARTHI,Vishwa Tamil Kazhagam,142,0,142,0.07
97,KUMARAPALAYAM,5,PALANISAMY,Samaniya Makkal Nala Katchi,71,0,71,0.03
97,KUMARAPALAYAM,6,PANNERSELVAM,Anaithinthiya Anna Dravida Makkal Seyal katchi,233,0,233,0.11
97,KUMARAPALAYAM,7,C.VIJAYALAKSHMI,Tamilaga Vettri Kazhagam,80874,305,81179,39.54
97,KUMARAPALAYAM,8,AMIRTHALINGAM,Independent,127,1,128,0.06
97,KUMARAPALAYAM,9,KARTHI,Independent,116,4,120,0.06
97,KUMARAPALAYAM,10,R.KUMARESAN,Independent,96,1,97,0.05
97,KUMARAPALAYAM,11,GOPALAKRISHNAN,Independent,52,0,52,0.03
97,KUMARAPALAYAM,12,SARAVANAN,Independent,56,0,56,0.03
97,KUMARAPALAYAM,13,G. SAMUELRAJ,Independent,71,1,72,0.04
97,KUMARAPALAYAM,14,SIVARAJ,Independent,68,0,68,0.03
97,KUMARAPALAYAM,15,P.SENTHILKUMAR,Independent,183,1,184,0.09
97,KUMARAPALAYAM,16,SELVARAJ,Independent,437,0,437,0.21
97,KUMARAPALAYAM,17,K. PALANIVEL,Independent,326,0,326,0.16
97,KUMARAPALAYAM,18,A.MURUGANANDHAN,Independent,184,1,185,0.09
97,KUMARAPALAYAM,19,R.RAJA,Independent,65,0,65,0.03
97,KUMARAPALAYAM,20,VENKATACHALAM,Independent,30,0,30,0.01
97,KUMARAPALAYAM,21,S JAYAVEL,Independent,75,0,75,0.04
97,KUMARAPALAYAM,22,NOTA,None of the Above,658,7,665,0.32
98,ERODE (EAST),1,GOPINATH PALANIYAPPAN,Indian National Congress,45327,454,45781,28.18
98,ERODE (EAST),2,B.CHITRA,Bahujan Samaj Party,254,2,256,0.16
98,ERODE (EAST),3,S.THANDAVAMOORTHY,Naam Tamilar Katchi,4924,63,4987,3.07
98,ERODE (EAST),4,R.MANOHARAN,All India Anna Dravida Munnetra Kazhagam,37904,279,38183,23.5
98,ERODE (EAST),5,M.KAMAL KUMAR,Vishwa Tamil Kazhagam,225,2,227,0.14
98,ERODE (EAST),6,R.DHANDAPANI,Veerath Thiyagi Viswanathadoss Thozhilalarkal Katchi,75,1,76,0.05
98,ERODE (EAST),7,K.DHAVASIAPPAN,Tamilaga Makkal Nala Katchi,79,1,80,0.05
98,ERODE (EAST),8,A.MANIKANDAN,Tamizhaga Vaazhvurimai Katchi,85,1,86,0.05
98,ERODE (EAST),9,K.MANIKANNAN,Samaniya Makkal Nala Katchi,172,1,173,0.11
98,ERODE (EAST),10,M.VIJAY BALAJI,Tamilaga Vettri Kazhagam,69384,363,69747,42.93
98,ERODE (EAST),11,M.V.KARTHY,Independent,65,1,66,0.04
98,ERODE (EAST),12,SHANMUGAM.P,Independent,53,2,55,0.03
98,ERODE (EAST),13,M.DHARANI KUMAR,Independent,95,1,96,0.06
98,ERODE (EAST),14,C.THIYAGARAJAN,Independent,131,1,132,0.08
98,ERODE (EAST),15,NATHIYA.S,Independent,133,3,136,0.08
98,ERODE (EAST),16,H.MOHAMED GAIPEER,Independent,320,1,321,0.2
98,ERODE (EAST),17,J.MUTHU BAVA,Independent,854,4,858,0.53
98,ERODE (EAST),18,M.MURUGESAN,Independent,48,3,51,0.03
98,ERODE (EAST),19,S.LAKSHMANATHAN,Independent,67,0,67,0.04
98,ERODE (EAST),20,R.VAIRAM,Independent,194,2,196,0.12
98,ERODE (EAST),21,NOTA,None of the Above,851,28,879,0.54
99,ERODE (WEST),1,V . PALANI,Bahujan Samaj Party,515,1,516,0.23
99,ERODE (WEST),2,S. MUTHUSAMY,Dravida Munnetra Kazhagam,73628,958,74586,33.69
99,ERODE (WEST),3,M. YUVARAJA,Bharatiya Janata Party,37666,519,38185,17.25
99,ERODE (WEST),4,N. VIJAY,Naam Tamilar Katchi,8047,77,8124,3.67
99,ERODE (WEST),5,ANANTH MOGHAN K.K.,Tamilaga Vettri Kazhagam,96364,472,96836,43.74
99,ERODE (WEST),6,K. KALAIYARASAN,Party for the Rights of Other backward Classes,434,5,439,0.2
99,ERODE (WEST),7,V. DHANALAKSHMI,Tamizhaga Vaazhvurimai Katchi,161,2,163,0.07
99,ERODE (WEST),8,M. NATARAJ,Vishwa Tamil Kazhagam,176,1,177,0.08
99,ERODE (WEST),9,M. RUKMANI,Samaniya Makkal Nala Katchi,116,2,118,0.05
99,ERODE (WEST),10,SHANMUGAM M.,Independent,234,1,235,0.11
99,ERODE (WEST),11,MOORTHI P.,Independent,202,3,205,0.09
99,ERODE (WEST),12,A. RAMU,Independent,226,1,227,0.1
99,ERODE (WEST),13,C. RAJENDRAN,Independent,330,2,332,0.15
99,ERODE (WEST),14,NOTA,None of the Above,1236,21,1257,0.57
100,MODAKKURICHI,1,M.ARUNKUMAR,Naam Tamilar Katchi,6634,89,6723,3.52
100,MODAKKURICHI,2,S.KIRTHIKA,Bharatiya Janata Party,57306,979,58285,30.55
100,MODAKKURICHI,3,S.SENTHILNATHAN,Dravida Munnetra Kazhagam,56989,1247,58236,30.53
100,MODAKKURICHI,4,K.MUNIYAPPAN,Bahujan Samaj Party,638,13,651,0.34
100,MODAKKURICHI,5,R.KARTHIKEYAN,Tamizhaga Vaazhvurimai Katchi,2192,47,2239,1.17
100,MODAKKURICHI,6,D.SHANMUGAN,Tamilaga Vettri Kazhagam,59978,737,60715,31.83
100,MODAKKURICHI,7,M.RAMESH,Namathu Kongu Munnetra Kalagam,198,2,200,0.1
100,MODAKKURICHI,8,M.RAVIKUMAR,Ganasangam Party of India,222,1,223,0.12
100,MODAKKURICHI,9,A.KATHIRVEL,Independent,243,2,245,0.13
100,MODAKKURICHI,10,K.DHANABAL,Independent,281,3,284,0.15
100,MODAKKURICHI,11,A.DURAISAMY,Independent,297,6,303,0.16
100,MODAKKURICHI,12,R.NATARAJAN,Independent,224,3,227,0.12
100,MODAKKURICHI,13,L.BHARATHI,Independent,582,3,585,0.31
100,MODAKKURICHI,14,R.VELUSAMY,Independent,918,0,918,0.48
100,MODAKKURICHI,15,NOTA,None of the Above,905,20,925,0.48
101,DHARAPURAM,1,INDIRANI.T,Dravida Munnetra Kazhagam,63336,1037,64373,32.2
101,DHARAPURAM,2,SATHYABAMA.P,All India Anna Dravida Munnetra Kazhagam,80248,852,81100,40.56
101,DHARAPURAM,3,DHIVYA,Naam Tamilar Katchi,5936,90,6026,3.01
101,DHARAPURAM,4,GOWRI CHITRA,Tamilaga Vettri Kazhagam,46099,339,46438,23.23
101,DHARAPURAM,5,ANANTHI.S,Independent,149,2,151,0.08
101,DHARAPURAM,6,INDHIRANI.C,Independent,138,4,142,0.07
101,DHARAPURAM,7,GOWRI.P,Independent,120,5,125,0.06
101,DHARAPURAM,8,MOHANRAJ.M,Independent,173,1,174,0.09
101,DHARAPURAM,9,ROHINI.S,Independent,357,0,357,0.18
101,DHARAPURAM,10,NOTA,None of the Above,1037,21,1058,0.53
102,KANGAYAM,1,KARMEGAN.M,Naam Tamilar Katchi,6961,107,7068,3.47
102,KANGAYAM,2,M.P.SAMINATHAN,Dravida Munnetra Kazhagam,58184,1046,59230,29.1
102,KANGAYAM,3,NSN NATARAJ,All India Anna Dravida Munnetra Kazhagam,70352,770,71122,34.94
102,KANGAYAM,4,P.THIRUGNANASAMBANTHAM,Party for the Rights of Other backward Classes,498,1,499,0.25
102,KANGAYAM,5,MANI GOUNDER,Tamilaga Vettri Kazhagam,62485,504,62989,30.95
102,KANGAYAM,6,R.VIJAYALAKSHMI,Ganasangam Party of India,172,4,176,0.09
102,KANGAYAM,7,K.ARUMUGAM,Independent,68,0,68,0.03
102,KANGAYAM,8,R. IMMANUVEL,Independent,281,1,282,0.14
102,KANGAYAM,9,KARTHIKEYAN,Independent,163,1,164,0.08
102,KANGAYAM,10,GOWTHAM,Independent,93,5,98,0.05
102,KANGAYAM,11,T.NATARAJ,Independent,76,2,78,0.04
102,KANGAYAM,12,PALANISAMY,Independent,203,0,203,0.1
102,KANGAYAM,13,P.PARTHIBAN,Independent,311,1,312,0.15
102,KANGAYAM,14,P.MANI,Independent,273,1,274,0.13
102,KANGAYAM,15,B.RAJENDRAN,Independent,264,1,265,0.13
102,KANGAYAM,16,NOTA,None of the Above,683,23,706,0.35
103,PERUNDURAI,1,ESWARAN. P,Bahujan Samaj Party,560,5,565,0.28
103,PERUNDURAI,2,INGUR. C. LOGANATHAN,Naam Tamilar Katchi,6401,67,6468,3.22
103,PERUNDURAI,3,THOPPU VENKATACHALAM (ALIAS) N.D. VENKATACHALAM,Dravida Munnetra Kazhagam,59662,947,60609,30.2
103,PERUNDURAI,4,JAYAKUMAR. S,All India Anna Dravida Munnetra Kazhagam,69408,894,70302,35.03
103,PERUNDURAI,5,ARUNACHALAM. V. P,Tamilaga Vettri Kazhagam,59030,453,59483,29.64
103,PERUNDURAI,6,SHANTHOSH KRISHNAN. S,Tamizhaga Vaazhvurimai Katchi,268,3,271,0.14
103,PERUNDURAI,7,VALARMATHI. P,Samaniya Makkal Nala Katchi,77,0,77,0.04
103,PERUNDURAI,8,SANTHOSH. S,Independent,257,2,259,0.13
103,PERUNDURAI,9,SELVARAJU. M,Independent,152,2,154,0.08
103,PERUNDURAI,10,PALANISAMY. M,Independent,172,2,174,0.09
103,PERUNDURAI,11,VENKATACHALAM. C,Independent,869,9,878,0.44
103,PERUNDURAI,12,GEORGE STEPHEN. A,Independent,341,4,345,0.17
103,PERUNDURAI,13,JAYAPRAKASH. K,Independent,287,2,289,0.14
103,PERUNDURAI,14,NOTA,None of the Above,792,20,812,0.4
104,BHAVANI,1,KARUPPANAN. K.C,All India Anna Dravida Munnetra Kazhagam,74402,1175,75577,36.28
104,BHAVANI,2,CHANDRASEKAR. K.A,Dravida Munnetra Kazhagam,52906,1181,54087,25.96
104,BHAVANI,3,SEKAR. K,Bahujan Samaj Party,449,7,456,0.22
104,BHAVANI,4,MOHANADEVI. R,Naam Tamilar Katchi,6075,120,6195,2.97
104,BHAVANI,5,PARASAKTHI. P,Samaniya Makkal Nala Katchi,100,1,101,0.05
104,BHAVANI,6,PALANISAMY. P.K,Tamizhaga Vaazhvurimai Katchi,350,4,354,0.17
104,BHAVANI,7,BALAKRISHNAN,Tamilaga Vettri Kazhagam,67518,663,68181,32.73
104,BHAVANI,8,VIMALRAJ. R,Makkal Munnetra Katchi,253,0,253,0.12
104,BHAVANI,9,ARUMUGAM. P.V,Independent,378,4,382,0.18
104,BHAVANI,10,KANNAN. M,Independent,326,5,331,0.16
104,BHAVANI,11,KARTHIKEYAN. P,Independent,123,4,127,0.06
104,BHAVANI,12,BOOPATHI RAJARAJA CHOZHAN. M,Independent,134,0,134,0.06
104,BHAVANI,13,PERUMAL. V.M,Independent,209,1,210,0.1
104,BHAVANI,14,MANIKKAM. P,Independent,524,2,526,0.25
104,BHAVANI,15,NOTA,None of the Above,1386,23,1409,0.68
105,ANTHIYUR,1,AALANGATTUR ANANDHI,Naam Tamilar Katchi,5164,123,5287,2.85
105,ANTHIYUR,2,KAVIBHARATHI.K,Bahujan Samaj Party,374,6,380,0.2
105,ANTHIYUR,3,SIVABALAN.M,Dravida Munnetra Kazhagam,57640,1142,58782,31.64
105,ANTHIYUR,4,HARIBASKAR.P,All India Anna Dravida Munnetra Kazhagam,59183,859,60042,32.32
105,ANTHIYUR,5,RAMASAMY.S,Samaniya Makkal Nala Katchi,611,0,611,0.33
105,ANTHIYUR,6,EASWARAMURTHI.K,Tamizhaga Vaazhvurimai Katchi,381,9,390,0.21
105,ANTHIYUR,7,GOBAL.S.C.R,Aanaithinthiya Jananayaka Pathukappu Kazhagam,425,7,432,0.23
105,ANTHIYUR,8,VIJAY VENKATESH.M,Tamilaga Vettri Kazhagam,55726,646,56372,30.34
105,ANTHIYUR,9,KARTHI.M,Independent,196,1,197,0.11
105,ANTHIYUR,10,SANKARKUMAR.K.A,Independent,330,0,330,0.18
105,ANTHIYUR,11,SELVI.A,Independent,173,3,176,0.09
105,ANTHIYUR,12,DHANABAL.C,Independent,778,4,782,0.42
105,ANTHIYUR,13,VEERAN.K,Independent,988,2,990,0.53
105,ANTHIYUR,14,SHEIK DAVOOD.A.M,Independent,249,1,250,0.13
105,ANTHIYUR,15,NOTA,None of the Above,730,24,754,0.41
106,GOBICHETTIPALAYAM,1,SEETHALAKSHMI.M.K,Naam Tamilar Katchi,8010,127,8137,3.7
106,GOBICHETTIPALAYAM,2,NALLASIVAM.N,Dravida Munnetra Kazhagam,64933,1059,65992,30.03
106,GOBICHETTIPALAYAM,3,PRABHU.V.B,All India Anna Dravida Munnetra Kazhagam,55660,572,56232,25.59
106,GOBICHETTIPALAYAM,4,RAVIKUMAR.R,Bahujan Samaj Party,758,2,760,0.35
106,GOBICHETTIPALAYAM,5,SENGOTTAIYAN.K.A,Tamilaga Vettri Kazhagam,81628,984,82612,37.6
106,GOBICHETTIPALAYAM,6,THIRUVENGATESH.M,Tamizhaga Vaazhvurimai Katchi,1717,29,1746,0.79
106,GOBICHETTIPALAYAM,7,MALARVIZHI,Party for the Rights of Other backward Classes,197,0,197,0.09
106,GOBICHETTIPALAYAM,8,ANANDHAKUMAR.M,Independent,159,2,161,0.07
106,GOBICHETTIPALAYAM,9,SAKTHIVEL.G,Independent,113,1,114,0.05
106,GOBICHETTIPALAYAM,10,SHANMUGAM.G,Independent,100,0,100,0.05
106,GOBICHETTIPALAYAM,11,SEETHA.R,Independent,138,1,139,0.06
106,GOBICHETTIPALAYAM,12,SUMATHI.G,Independent,330,2,332,0.15
106,GOBICHETTIPALAYAM,13,SELVAKUMAR.R,Independent,289,3,292,0.13
106,GOBICHETTIPALAYAM,14,DHANAPAL.K,Independent,346,3,349,0.16
106,GOBICHETTIPALAYAM,15,PALANISAMYRAAJ.M,Independent,533,6,539,0.25
106,GOBICHETTIPALAYAM,16,BHUVANESHWARI.A,Independent,498,1,499,0.23
106,GOBICHETTIPALAYAM,17,RAMESH.P,Independent,148,1,149,0.07
106,GOBICHETTIPALAYAM,18,VENKATACHALAM,Independent,468,2,470,0.21
106,GOBICHETTIPALAYAM,19,NOTA,None of the Above,884,23,907,0.41
107,BHAVANISAGAR,1,P.L.SUNDARAM,Communist Party of India,62178,929,63107,29.41
107,BHAVANISAGAR,2,S.SOUNDARYA,Naam Tamilar Katchi,5766,66,5832,2.72
107,BHAVANISAGAR,3,A.BANNARI,All India Anna Dravida Munnetra Kazhagam,67116,706,67822,31.6
107,BHAVANISAGAR,4,B.PALANISWAMY,Bahujan Samaj Party,1021,8,1029,0.48
107,BHAVANISAGAR,5,V.P.TAMILSELVI,Tamilaga Vettri Kazhagam,71879,512,72391,33.73
107,BHAVANISAGAR,6,RAKKI,All India Puratchi Thalaivar Makkal Munnettra Kazhagam,323,4,327,0.15
107,BHAVANISAGAR,7,A.AMRISH,Independent,175,2,177,0.08
107,BHAVANISAGAR,8,GOPALAN.M,Independent,192,1,193,0.09
107,BHAVANISAGAR,9,C.PALANICHAMY,Independent,476,5,481,0.22
107,BHAVANISAGAR,10,S.PALANISWAMY,Independent,329,4,333,0.16
107,BHAVANISAGAR,11,RAMAKRISHNAN,Independent,540,3,543,0.25
107,BHAVANISAGAR,12,DR.HANUMAIAH.C,Independent,551,5,556,0.26
107,BHAVANISAGAR,13,NOTA,None of the Above,1787,17,1804,0.84
108,UDHAGAMANDALAM,1,BHOJARAJAN.M,Bharatiya Janata Party,47734,754,48488,32.61
108,UDHAGAMANDALAM,2,RAGUPATHY.B,Naam Tamilar Katchi,4551,90,4641,3.12
108,UDHAGAMANDALAM,3,RAMACHANDRAN.B,Indian National Congress,44879,779,45658,30.7
108,UDHAGAMANDALAM,4,IBRAHIM.R,Tamilaga Vettri Kazhagam,47002,510,47512,31.95
108,UDHAGAMANDALAM,5,SAVEETHA.R,Tamizhaga Vaazhvurimai Katchi,409,9,418,0.28
108,UDHAGAMANDALAM,6,MANIAN.R,Independent,452,10,462,0.31
108,UDHAGAMANDALAM,7,NOTA,None of the Above,1502,23,1525,1.03
109,GUDALUR,1,KARTHIK.R,Naam Tamilar Katchi,6148,51,6199,4.1
109,GUDALUR,2,DHRAVIDAMANI.M,Dravida Munnetra Kazhagam,64926,664,65590,43.37
109,GUDALUR,3,PON.JAYASEELAN,All India Anna Dravida Munnetra Kazhagam,42268,489,42757,28.27
109,GUDALUR,4,DEEPAK SAI KISHORE.A,Tamilaga Vettri Kazhagam,34756,206,34962,23.12
109,GUDALUR,5,RAJ.S.K,Veerath Thiyagi Viswanathadoss Thozhilalarkal Katchi,417,2,419,0.28
109,GUDALUR,6,THILAGARAJ.N,Independent,442,1,443,0.29
109,GUDALUR,7,NOTA,None of the Above,863,8,871,0.58
110,COONOOR,1,K. DEENU,Naam Tamilar Katchi,4631,64,4695,3.32
110,COONOOR,2,A. RAMU,All India Anna Dravida Munnetra Kazhagam,41684,687,42371,29.97
110,COONOOR,3,M. RAJU,Dravida Munnetra Kazhagam,49583,887,50470,35.69
110,COONOOR,4,C. THANGARAJU,Tamilaga Vettri Kazhagam,41844,381,42225,29.86
110,COONOOR,5,C. DINESH KUMAR,Independent,570,3,573,0.41
110,COONOOR,6,D. VIDHYASAGAR,Independent,338,2,340,0.24
110,COONOOR,7,NOTA,None of the Above,699,21,720,0.51
111,METTUPPALAYAM,1,SMT.KAVITHA KALYANASUNDARAM,Dravida Munnetra Kazhagam,67215,681,67896,27.79
111,METTUPPALAYAM,2,S.GOPALAKRISHNAN,Naam Tamilar Katchi,6450,58,6508,2.66
111,METTUPPALAYAM,3,O.K.CHINNARAJ,All India Anna Dravida Munnetra Kazhagam,61151,585,61736,25.27
111,METTUPPALAYAM,4,S.ABDUL RAHIMAN,Veerath Thiyagi Viswanathadoss Thozhilalarkal Katchi,449,9,458,0.19
111,METTUPPALAYAM,5,R.SANGEETHA,Naadaalum Makkal Katchi,350,6,356,0.15
111,METTUPPALAYAM,6,"SIVARAJ,R.",Anna Puratchi Thalaivar Amma Dravida Munnetra Kazhagam,385,2,387,0.16
111,METTUPPALAYAM,7,SUNILANAND,Tamilaga Vettri Kazhagam,75392,272,75664,30.97
111,METTUPPALAYAM,8,"DHAMOTHARAN,V.",All India Puratchi Thalaivar Makkal Munnettra Kazhagam,296,0,296,0.12
111,METTUPPALAYAM,9,C.NAGARAJ,Party for the Rights of Other backward Classes,157,4,161,0.07
111,METTUPPALAYAM,10,T.AMIRTHALINGAM,Independent,119,0,119,0.05
111,METTUPPALAYAM,11,V.ANANDKUMAR,Independent,596,0,596,0.24
111,METTUPPALAYAM,12,S.KAVITHA,Independent,261,2,263,0.11
111,METTUPPALAYAM,13,T.R.SHANMUGASUNDARAM,Independent,26535,221,26756,10.95
111,METTUPPALAYAM,14,A.SATHIYALEELA,Independent,237,1,238,0.1
111,METTUPPALAYAM,15,N.SARAVANA KUMAR,Independent,250,2,252,0.1
111,METTUPPALAYAM,16,R.CHINNARAJ,Independent,585,1,586,0.24
111,METTUPPALAYAM,17,V.SENTHIL KUMAR,Independent,610,2,612,0.25
111,METTUPPALAYAM,18,M.PALANICHAMI,Independent,120,0,120,0.05
111,METTUPPALAYAM,19,C.MAHENDRAN,Independent,189,1,190,0.08
111,METTUPPALAYAM,20,MANOHARAN,Independent,97,1,98,0.04
111,METTUPPALAYAM,21,"RANGASAMY,P.",Independent,96,3,99,0.04
111,METTUPPALAYAM,22,P.RAVICHANDRAN,Independent,89,0,89,0.04
111,METTUPPALAYAM,23,NOTA,None of the Above,831,8,839,0.34
112,AVANASHI,1,DR. GOKILAMANI.V,Dravida Munnetra Kazhagam,64706,824,65530,28.29
112,AVANASHI,2,GOVINDAN.P,Bahujan Samaj Party,576,9,585,0.25
112,AVANASHI,3,DR. L. MURUGAN,Bharatiya Janata Party,68138,698,68836,29.72
112,AVANASHI,4,MENAKA. V,Naam Tamilar Katchi,7623,81,7704,3.33
112,AVANASHI,5,ARUMUGAM.R,Ganasangam Party of India,498,3,501,0.22
112,AVANASHI,6,KAMALI.S,Tamilaga Vettri Kazhagam,83730,479,84209,36.36
112,AVANASHI,7,CHINNASAMY.V,Tamizhaga Vaazhvurimai Katchi,259,0,259,0.11
112,AVANASHI,8,ARUMUGAM. P,Independent,187,1,188,0.08
112,AVANASHI,9,ANANDHI.S,Independent,231,4,235,0.1
112,AVANASHI,10,GOKILAMANI. M,Independent,650,2,652,0.28
112,AVANASHI,11,SATHIYARASU. R,Independent,208,7,215,0.09
112,AVANASHI,12,SUBRAMANI.C.K,Independent,261,3,264,0.11
112,AVANASHI,13,DHANABAL.R,Independent,546,0,546,0.24
112,AVANASHI,14,MOORTHI.R,Independent,311,2,313,0.14
112,AVANASHI,15,NOTA,None of the Above,1539,24,1563,0.67
113,TIRUPPUR (NORTH),1,R.ABINAYA,Naam Tamilar Katchi,13095,62,13157,4.99
113,TIRUPPUR (NORTH),2,M.S.M.ANANDAN,All India Anna Dravida Munnetra Kazhagam,61082,327,61409,23.31
113,TIRUPPUR (NORTH),3,M.RAVI ALIAS M.SUBRAMANIAN,Communist Party of India,53525,439,53964,20.48
113,TIRUPPUR (NORTH),4,L.JAMES REYNOLD,Bahujan Samaj Party,378,2,380,0.14
113,TIRUPPUR (NORTH),5,T.KRISHNASWAMY,Anna Puratchi Thalaivar Amma Dravida Munnetra Kazhagam,349,2,351,0.13
113,TIRUPPUR (NORTH),6,V.SATHYABAMA,Tamilaga Vettri Kazhagam,130901,500,131401,49.88
113,TIRUPPUR (NORTH),7,PY.DHATCHINAMURTHY,Tamizhaga Vaazhvurimai Katchi,213,1,214,0.08
113,TIRUPPUR (NORTH),8,S.ANANDHAKUMAR,Independent,99,1,100,0.04
113,TIRUPPUR (NORTH),9,K.ANAND,Independent,191,2,193,0.07
113,TIRUPPUR (NORTH),10,GANISHKAR,Independent,170,2,172,0.07
113,TIRUPPUR (NORTH),11,G.BALAKRISHNAN,Independent,247,0,247,0.09
113,TIRUPPUR (NORTH),12,M.RANGASAMY,Independent,179,0,179,0.07
113,TIRUPPUR (NORTH),13,P.RAVI,Independent,195,1,196,0.07
113,TIRUPPUR (NORTH),14,R.VISHNUMOORTHY,Independent,198,0,198,0.08
113,TIRUPPUR (NORTH),15,K.VENKADASWAMY,Independent,216,2,218,0.08
113,TIRUPPUR (NORTH),16,NOTA,None of the Above,1065,13,1078,0.41
114,TIRUPPUR (SOUTH),1,THANGARAJ. S,Bharatiya Janata Party,34399,218,34617,19.25
114,TIRUPPUR (SOUTH),2,DINESH. P.N,Naam Tamilar Katchi,6918,38,6956,3.87
114,TIRUPPUR (SOUTH),3,DINESHKUMAR. N,Dravida Munnetra Kazhagam,60392,500,60892,33.86
114,TIRUPPUR (SOUTH),4,RANGASAMY. S,Bahujan Samaj Party,231,3,234,0.13
114,TIRUPPUR (SOUTH),5,KALIMUTHU. K,All India Forward Bloc,625,1,626,0.35
114,TIRUPPUR (SOUTH),6,BALAMURUGAN. S,Tamilaga Vettri Kazhagam,73472,321,73793,41.04
114,TIRUPPUR (SOUTH),7,MALARVIZHI. G,Indhu Dravida Makkal Katchi,167,3,170,0.09
114,TIRUPPUR (SOUTH),8,MOHAMED MUBARAK ALI,Ganasangam Party of India,60,0,60,0.03
114,TIRUPPUR (SOUTH),9,VIJAYAKUMAR. M,Anna Puratchi Thalaivar Amma Dravida Munnetra Kazhagam,78,3,81,0.05
114,TIRUPPUR (SOUTH),10,JOHN BASHA. A,Tamizhaga Vaazhvurimai Katchi,75,1,76,0.04
114,TIRUPPUR (SOUTH),11,AMUTHAVEL. P,Independent,69,0,69,0.04
114,TIRUPPUR (SOUTH),12,DR. RAMAKRISHNAN. S,Independent,49,1,50,0.03
114,TIRUPPUR (SOUTH),13,KARTHIKADEVI. K,Independent,44,1,45,0.03
114,TIRUPPUR (SOUTH),14,KESAVAMURTHI. N,Independent,193,1,194,0.11
114,TIRUPPUR (SOUTH),15,DHANABAL. D,Independent,131,1,132,0.07
114,TIRUPPUR (SOUTH),16,DINESHKUMAR,Independent,235,0,235,0.13
114,TIRUPPUR (SOUTH),17,DINESHKUMAR,Independent,202,1,203,0.11
114,TIRUPPUR (SOUTH),18,DINESHKUMAR. V,Independent,115,1,116,0.06
114,TIRUPPUR (SOUTH),19,MAHALINGAM. V,Independent,167,0,167,0.09
114,TIRUPPUR (SOUTH),20,RATHINAVEL. M,Independent,71,1,72,0.04
114,TIRUPPUR (SOUTH),21,RAMESH. S,Independent,39,2,41,0.02
114,TIRUPPUR (SOUTH),22,VASANTHAMANI. K,Independent,141,1,142,0.08
114,TIRUPPUR (SOUTH),23,VENKADASAMY. K,Independent,60,0,60,0.03
114,TIRUPPUR (SOUTH),24,VENKATACHALAM. G,Independent,138,1,139,0.08
114,TIRUPPUR (SOUTH),25,NOTA,None of the Above,636,8,644,0.36
115,PALLADAM,1,K.SELVARAJ,Dravida Munnetra Kazhagam,77804,821,78625,26.12
115,PALLADAM,2,K.V.THAMILINIYAN,Naam Tamilar Katchi,13038,103,13141,4.37
115,PALLADAM,3,K.P.PARAMASIVAM,All India Anna Dravida Munnetra Kazhagam,82761,639,83400,27.71
115,PALLADAM,4,K.RATHINASAMY,Bahujan Samaj Party,574,4,578,0.19
115,PALLADAM,5,K.SAKTHIVEL,Anna Puratchi Thalaivar Amma Dravida Munnetra Kazhagam,180,4,184,0.06
115,PALLADAM,6,S.DHARMARAJ,Tamilaga Makkal Nala Katchi,326,1,327,0.11
115,PALLADAM,7,K.RAMKUMAR,Tamilaga Vettri Kazhagam,120703,594,121297,40.3
115,PALLADAM,8,A.ANNADURAI,Independent,344,2,346,0.11
115,PALLADAM,9,ANNADURAI.R,Independent,284,1,285,0.09
115,PALLADAM,10,S.ARUMUGAM,Independent,274,0,274,0.09
115,PALLADAM,11,A.SARAVANAN,Independent,79,4,83,0.03
115,PALLADAM,12,G.SELVARAJ,Independent,162,1,163,0.05
115,PALLADAM,13,M. SELVARAJ,Independent,123,0,123,0.04
115,PALLADAM,14,V.MOHANRAJ,Independent,407,0,407,0.14
115,PALLADAM,15,A. RAMESH,Independent,362,2,364,0.12
115,PALLADAM,16,NOTA,None of the Above,1402,15,1417,0.47
116,SULUR,1,V.P.KANDASAMY,All India Anna Dravida Munnetra Kazhagam,85040,701,85741,31.34
116,SULUR,2,THALAPATHY MURUGESAN,Dravida Munnetra Kazhagam,82794,860,83654,30.58
116,SULUR,3,DR.S.RAJASEKARAN,Naam Tamilar Katchi,10067,80,10147,3.71
116,SULUR,4,KANTHASAMY.K.,Anna Puratchi Thalaivar Amma Dravida Munnetra Kazhagam,282,1,283,0.1
116,SULUR,5,NM.SUKUMAR,Tamilaga Vettri Kazhagam,90237,294,90531,33.1
116,SULUR,6,SUMAN SINGH.R.,Tamizhaga Vaazhvurimai Katchi,204,1,205,0.07
116,SULUR,7,NAGARAJ.K.,Ganasangam Party of India,137,0,137,0.05
116,SULUR,8,NELSON.W.,Tamilaga Makkal Nala Katchi,74,1,75,0.03
116,SULUR,9,PALANISAMY.M.,Party for the Rights of Other backward Classes,155,1,156,0.06
116,SULUR,10,PAPPA MUTHULAKSHMI.P.,All India Puratchi Thalaivar Makkal Munnettra Kazhagam,211,5,216,0.08
116,SULUR,11,KANDASAMY.A.,Independent,107,2,109,0.04
116,SULUR,12,KANDASAMY.R.,Independent,268,3,271,0.1
116,SULUR,13,KANDASAMY.V.,Independent,89,1,90,0.03
116,SULUR,14,MURUGESAN.N.,Independent,136,3,139,0.05
116,SULUR,15,MURUGESH.R.,Independent,436,1,437,0.16
116,SULUR,16,NOTA,None of the Above,1345,8,1353,0.49
117,KAVUNDAMPALAYAM,1,ARUNKUMAR PRG,All India Anna Dravida Munnetra Kazhagam,103189,1137,104326,28.66
117,KAVUNDAMPALAYAM,2,KALAMANI JAGANATHAN,Naam Tamilar Katchi,16699,135,16834,4.62
117,KAVUNDAMPALAYAM,3,SURYA PRAKASH K.P,Indian National Congress,89683,1043,90726,24.93
117,KAVUNDAMPALAYAM,4,K.VELMURUGAN,Bahujan Samaj Party,515,9,524,0.14
117,KAVUNDAMPALAYAM,5,THOZHAR.N.ARUNKUMAR,Tamizhaga Vaazhvurimai Katchi,419,5,424,0.12
117,KAVUNDAMPALAYAM,6,KANIMOZHI SANTHOSH,Tamilaga Vettri Kazhagam,145888,578,146466,40.24
117,KAVUNDAMPALAYAM,7,S.THAMARAI KANNAN,Party for the Rights of Other backward Classes,353,3,356,0.1
117,KAVUNDAMPALAYAM,8,V.PUSHPANANTHAM,Tamizhaga Murpokku Makkal Katchi,119,0,119,0.03
117,KAVUNDAMPALAYAM,9,MALLIGA.M,All India Puratchi Thalaivar Makkal Munnettra Kazhagam,312,2,314,0.09
117,KAVUNDAMPALAYAM,10,KANIMOZHI.K,Independent,552,15,567,0.16
117,KAVUNDAMPALAYAM,11,SURIYAKUMAR.K,Independent,232,3,235,0.06
117,KAVUNDAMPALAYAM,12,A.BALAMURUGAN,Independent,333,7,340,0.09
117,KAVUNDAMPALAYAM,13,M.RAJALINGAM,Independent,336,2,338,0.09
117,KAVUNDAMPALAYAM,14,M.JOHN BOSCO,Independent,305,1,306,0.08
117,KAVUNDAMPALAYAM,15,NOTA,None of the Above,2092,24,2116,0.58
118,COIMBATORE (NORTH),1,P. KRISHNASAMY,Bahujan Samaj Party,379,4,383,0.17
118,COIMBATORE (NORTH),2,DURAI. SENTHAMIL SELVAN B.E,Dravida Munnetra Kazhagam,69739,769,70508,31.18
118,COIMBATORE (NORTH),3,NARMADHA. G.,Naam Tamilar Katchi,8990,46,9036,4
118,COIMBATORE (NORTH),4,VANATHI SRINIVASAN,Bharatiya Janata Party,49112,610,49722,21.99
118,COIMBATORE (NORTH),5,K. UDHAYAKUMAR,Thamizhaka Padaippalar Makkal Katchi,326,1,327,0.14
118,COIMBATORE (NORTH),6,V. SAMPATHKUMAR,Tamilaga Vettri Kazhagam,92136,364,92500,40.91
118,COIMBATORE (NORTH),7,S. SENTHILKUMAR,Samaniya Makkal Nala Katchi,120,1,121,0.05
118,COIMBATORE (NORTH),8,S. MEENAKSHI SUNDARAM,Tamizhaga Murpokku Makkal Katchi,75,0,75,0.03
118,COIMBATORE (NORTH),9,K. RAGHUL GANDHI,All India Puratchi Thalaivar Makkal Munnettra Kazhagam,112,0,112,0.05
118,COIMBATORE (NORTH),10,RAJASEKARAN. B.,Tamizhaga Vaazhvurimai Katchi,93,3,96,0.04
118,COIMBATORE (NORTH),11,G.D. KRISHNAKUMAR,Independent,104,0,104,0.05
118,COIMBATORE (NORTH),12,V. KRISHNAN,Independent,115,3,118,0.05
118,COIMBATORE (NORTH),13,R. SATHISH KUMAR,Independent,54,0,54,0.02
118,COIMBATORE (NORTH),14,K. SAMPATH KUMAR,Independent,71,0,71,0.03
118,COIMBATORE (NORTH),15,S. SAMPATHKUMAR,Independent,133,1,134,0.06
118,COIMBATORE (NORTH),16,R. SAMPATH KUMAR,Independent,309,1,310,0.14
118,COIMBATORE (NORTH),17,P. SARAVANAN,Independent,120,1,121,0.05
118,COIMBATORE (NORTH),18,A.K. SENTHAMIZH SELVAN,Independent,350,1,351,0.16
118,COIMBATORE (NORTH),19,R. SETHURAGUNATHAN,Independent,59,1,60,0.03
118,COIMBATORE (NORTH),20,S. DHANA RAJ,Independent,86,1,87,0.04
118,COIMBATORE (NORTH),21,PALANIKUMAR. V.,Independent,152,0,152,0.07
118,COIMBATORE (NORTH),22,BALU. P.M.,Independent,275,1,276,0.12
118,COIMBATORE (NORTH),23,R. MANIAN,Independent,89,0,89,0.04
118,COIMBATORE (NORTH),24,A. MARIMUTHU,Independent,54,0,54,0.02
118,COIMBATORE (NORTH),25,A. RAMESH,Independent,26,0,26,0.01
118,COIMBATORE (NORTH),26,RAVI. V,Independent,95,0,95,0.04
118,COIMBATORE (NORTH),27,G. RAJKUMAR,Independent,41,1,42,0.02
118,COIMBATORE (NORTH),28,V. LINGARAJA,Independent,65,0,65,0.03
118,COIMBATORE (NORTH),29,NOTA,None of the Above,998,22,1020,0.45
119,THONDAMUTHUR,1,N.R.KARTHIKEYAN,Dravida Munnetra Kazhagam,75335,582,75917,29.36
119,THONDAMUTHUR,2,RAJABU NISHA.Z,Naam Tamilar Katchi,6931,45,6976,2.7
119,THONDAMUTHUR,3,S.P.VELUMANI,All India Anna Dravida Munnetra Kazhagam,92372,944,93316,36.09
119,THONDAMUTHUR,4,SATHISH RAJU (ALIAS) K.P.R. SATHISH,Tamilaga Vettri Kazhagam,78365,226,78591,30.4
119,THONDAMUTHUR,5,SHAJAHAN.S,Tamizhaga Vaazhvurimai Katchi,214,1,215,0.08
119,THONDAMUTHUR,6,ARULKUMAR.P,Independent,99,5,104,0.04
119,THONDAMUTHUR,7,KALAIVANI.S,Independent,123,2,125,0.05
119,THONDAMUTHUR,8,KARTHIKEYAN.M,Independent,90,0,90,0.03
119,THONDAMUTHUR,9,KARTHIKEYAN.R,Independent,54,0,54,0.02
119,THONDAMUTHUR,10,KARTHIKEYAN.R-THONDAMUTHUR,Independent,105,3,108,0.04
119,THONDAMUTHUR,11,KARTHIKEYAN.R-POOLUVAPATTI,Independent,234,7,241,0.09
119,THONDAMUTHUR,12,KOWSALYA.V,Independent,75,2,77,0.03
119,THONDAMUTHUR,13,SIVARAMAN.C,Independent,185,0,185,0.07
119,THONDAMUTHUR,14,DEEPA.G.S,Independent,194,1,195,0.08
119,THONDAMUTHUR,15,DEVADASS.K,Independent,98,1,99,0.04
119,THONDAMUTHUR,16,NIRMALKUMAR.R,Independent,258,0,258,0.1
119,THONDAMUTHUR,17,BALAMANI.V,Independent,304,0,304,0.12
119,THONDAMUTHUR,18,MANOKARAN.K,Independent,142,0,142,0.05
119,THONDAMUTHUR,19,RAFEEQ.A.M.,Independent,317,0,317,0.12
119,THONDAMUTHUR,20,VIJAYA.K,Independent,183,0,183,0.07
119,THONDAMUTHUR,21,VISWANATHAN.M,Independent,51,1,52,0.02
119,THONDAMUTHUR,22,NOTA,None of the Above,994,6,1000,0.39
120,COIMBATORE (SOUTH),1,AMMAN K.ARJUNAN,All India Anna Dravida Munnetra Kazhagam,31236,453,31689,20.25
120,COIMBATORE (SOUTH),2,V SENTHILBALAJI,Dravida Munnetra Kazhagam,59167,557,59724,38.16
120,COIMBATORE (SOUTH),3,PERARIVALAN. V,Naam Tamilar Katchi,5017,45,5062,3.23
120,COIMBATORE (SOUTH),4,GOKULA KRISHNAN.S,Tamizhaga Vaazhvurimai Katchi,155,3,158,0.1
120,COIMBATORE (SOUTH),5,V. SENTHILKUMAR,Tamilaga Vettri Kazhagam,57176,277,57453,36.71
120,COIMBATORE (SOUTH),6,B. DHANDAPANI,New Generation People's Party,152,5,157,0.1
120,COIMBATORE (SOUTH),7,G. MAHESHWARAN,Tamizhaga Murpokku Makkal Katchi,35,1,36,0.02
120,COIMBATORE (SOUTH),8,N. ABILAZAN,Independent,31,0,31,0.02
120,COIMBATORE (SOUTH),9,IMTHIYAS,Independent,63,2,65,0.04
120,COIMBATORE (SOUTH),10,P. KATHIRAVAN,Independent,22,1,23,0.01
120,COIMBATORE (SOUTH),11,GOPALAKRISHNAN,Independent,24,0,24,0.02
120,COIMBATORE (SOUTH),12,P. SANGARARAJ,Independent,35,1,36,0.02
120,COIMBATORE (SOUTH),13,J. SURIYAKUMAR,Independent,37,0,37,0.02
120,COIMBATORE (SOUTH),14,M. SENTHILKUMAR,Independent,154,4,158,0.1
120,COIMBATORE (SOUTH),15,V. SENTHILKUMAR,Independent,91,1,92,0.06
120,COIMBATORE (SOUTH),16,K. DINESH KUMAR,Independent,115,2,117,0.07
120,COIMBATORE (SOUTH),17,P. PALANIVEL,Independent,153,1,154,0.1
120,COIMBATORE (SOUTH),18,J. PRAVEENKUMAR,Independent,170,0,170,0.11
120,COIMBATORE (SOUTH),19,T. MAGIZHAN,Independent,40,0,40,0.03
120,COIMBATORE (SOUTH),20,P. MANOJ,Independent,27,1,28,0.02
120,COIMBATORE (SOUTH),21,B. YUVARAJ,Independent,105,0,105,0.07
120,COIMBATORE (SOUTH),22,S. RANGARAJ,Independent,66,1,67,0.04
120,COIMBATORE (SOUTH),23,M. RAVICHANDRAN,Independent,21,0,21,0.01
120,COIMBATORE (SOUTH),24,K.S. RAJAGOPAL,Independent,26,1,27,0.02
120,COIMBATORE (SOUTH),25,K. RAJAPANDIAN,Independent,40,0,40,0.03
120,COIMBATORE (SOUTH),26,D. VIGNESHWARAN,Independent,32,0,32,0.02
120,COIMBATORE (SOUTH),27,K. VIJAYAN,Independent,32,0,32,0.02
120,COIMBATORE (SOUTH),28,VENKATACHALAM PARAMASIVAM,Independent,42,1,43,0.03
120,COIMBATORE (SOUTH),29,V. VELMURUGAN,Independent,46,2,48,0.03
120,COIMBATORE (SOUTH),30,M. JOHN BOSCO,Independent,32,1,33,0.02
120,COIMBATORE (SOUTH),31,L. HAKKIM,Independent,38,0,38,0.02
120,COIMBATORE (SOUTH),32,NOTA,None of the Above,747,12,759,0.48
121,SINGANALLUR,1,SIVAJI PERUMAL,Bahujan Samaj Party,423,5,428,0.19
121,SINGANALLUR,2,NEHRUJI GUNASEKARAN,Naam Tamilar Katchi,9119,84,9203,4.16
121,SINGANALLUR,3,K.R.JAYARAM,All India Anna Dravida Munnetra Kazhagam,57073,710,57783,26.14
121,SINGANALLUR,4,V.SRINIDHI,Indian National Congress,64162,862,65024,29.42
121,SINGANALLUR,5,N.R.APPATHURAI,All India Puratchi Thalaivar Makkal Munnettra Kazhagam,315,3,318,0.14
121,SINGANALLUR,6,SARVESWARAN,Party for the Rights of Other backward Classes,150,1,151,0.07
121,SINGANALLUR,7,S.S.SUNDHARAM,Rashtriya Samaj Dal (R),200,1,201,0.09
121,SINGANALLUR,8,MURUGAN.O,Ganasangam Party of India,228,0,228,0.1
121,SINGANALLUR,9,K.S.SRI GIRI PRASATH,Tamilaga Vettri Kazhagam,83725,438,84163,38.08
121,SINGANALLUR,10,AKBAR ALI,Independent,250,5,255,0.12
121,SINGANALLUR,11,M.ASHOK KUMAR,Independent,82,0,82,0.04
121,SINGANALLUR,12,AYOOB RIYAS,Independent,49,1,50,0.02
121,SINGANALLUR,13,N.RAJASEKARAN,Independent,129,1,130,0.06
121,SINGANALLUR,14,UMA PARAMASIVAM,Independent,114,1,115,0.05
121,SINGANALLUR,15,KARTHIK,Independent,54,0,54,0.02
121,SINGANALLUR,16,K.KUMAR BABU,Independent,127,0,127,0.06
121,SINGANALLUR,17,S.SATHEESH,Independent,160,0,160,0.07
121,SINGANALLUR,18,SUBARAMANIAN.N,Independent,101,1,102,0.05
121,SINGANALLUR,19,P.TAMILSELVI,Independent,171,3,174,0.08
121,SINGANALLUR,20,THAHIR HUSSAIN,Independent,278,0,278,0.13
121,SINGANALLUR,21,V.BALAMURUGAN,Independent,91,0,91,0.04
121,SINGANALLUR,22,R.MANIKANDABRABHU,Independent,51,2,53,0.02
121,SINGANALLUR,23,A.MOUNAKUMAR,Independent,48,0,48,0.02
121,SINGANALLUR,24,DR.K.RAJKUMAR,Independent,65,0,65,0.03
121,SINGANALLUR,25,RAJKUMAR.M,Independent,108,3,111,0.05
121,SINGANALLUR,26,VASANTHI,Independent,59,0,59,0.03
121,SINGANALLUR,27,VIJAYAKUMAR,Independent,63,3,66,0.03
121,SINGANALLUR,28,JANANI.D,Independent,166,2,168,0.08
121,SINGANALLUR,29,NOTA,None of the Above,1320,26,1346,0.61
122,KINATHUKADAVU,1,SABARI KARTHIKEYAN K.V.K.S,Dravida Munnetra Kazhagam,87547,693,88240,32.94
122,KINATHUKADAVU,2,DAMODARAN S,All India Anna Dravida Munnetra Kazhagam,67333,456,67789,25.3
122,KINATHUKADAVU,3,BANUPRIYA M,Naam Tamilar Katchi,9614,53,9667,3.61
122,KINATHUKADAVU,4,MARIYAPPAN R,Ganasangam Party of India,548,6,554,0.21
122,KINATHUKADAVU,5,VIGNESH K,Tamilaga Vettri Kazhagam,99661,289,99950,37.31
122,KINATHUKADAVU,6,NOTA,None of the Above,1703,14,1717,0.64
123,POLLACHI,1,C.M. ARUCHAMY,Bahujan Samaj Party,327,2,329,0.18
123,POLLACHI,2,N. SENTHIL KUMAR,Naam Tamilar Katchi,4826,40,4866,2.69
123,POLLACHI,3,K. NITHYANANDHAN,Dravida Munnetra Kazhagam,61347,666,62013,34.22
123,POLLACHI,4,POLLACHI V. JAYARAMAN,All India Anna Dravida Munnetra Kazhagam,56842,544,57386,31.67
123,POLLACHI,5,G. RAMANATHAN,Tamilaga Vettri Kazhagam,53605,214,53819,29.7
123,POLLACHI,6,V. KARTHIKEYAN,Independent,190,2,192,0.11
123,POLLACHI,7,P. NAGARAJ,Independent,85,2,87,0.05
123,POLLACHI,8,T. NITHYANANTHAM,Independent,122,4,126,0.07
123,POLLACHI,9,K. NITHYANANDAN,Independent,113,1,114,0.06
123,POLLACHI,10,M. JAYAPRATHAP,Independent,225,2,227,0.13
123,POLLACHI,11,S. JEYARAM,Independent,322,1,323,0.18
123,POLLACHI,12,M. JAYARAM,Independent,593,3,596,0.33
123,POLLACHI,13,M. JAYARAMAN,Independent,264,5,269,0.15
123,POLLACHI,14,NOTA,None of the Above,841,8,849,0.47
124,VALPARAI,1,UMADEVI. P,Naam Tamilar Katchi,5203,53,5256,3.49
124,VALPARAI,2,KUTTY (ALIAS) SUDHAKAR. A,Dravida Munnetra Kazhagam,54096,575,54671,36.34
124,VALPARAI,3,LEKSHMANA SINGH. D,All India Anna Dravida Munnetra Kazhagam,43393,335,43728,29.07
124,VALPARAI,4,DR. SRIDHARAN. A,Tamilaga Vettri Kazhagam,45099,201,45300,30.11
124,VALPARAI,5,PERUMAL. K,Independent,479,0,479,0.32
124,VALPARAI,6,LAKSHMI. N,Independent,319,3,322,0.21
124,VALPARAI,7,NOTA,None of the Above,671,4,675,0.45
125,UDUMALAIPETTAI,1,RADHAKRISHNAN K.,All India Anna Dravida Munnetra Kazhagam,65156,511,65667,32.26
125,UDUMALAIPETTAI,2,RAM KUMAR M.,Naam Tamilar Katchi,6629,73,6702,3.29
125,UDUMALAIPETTAI,3,JAYAKUMAR M.,Dravida Munnetra Kazhagam,67727,822,68549,33.67
125,UDUMALAIPETTAI,4,SANKAR K.,Tamilaga Vettri Kazhagam,59506,325,59831,29.39
125,UDUMALAIPETTAI,5,UMAR ALI D.,Independent,314,1,315,0.15
125,UDUMALAIPETTAI,6,ELSY C.,Independent,82,2,84,0.04
125,UDUMALAIPETTAI,7,GANESH S.,Independent,120,4,124,0.06
125,UDUMALAIPETTAI,8,KALIMUTHU S.,Independent,135,0,135,0.07
125,UDUMALAIPETTAI,9,PADMENDRAPRAKASH A.,Independent,462,8,470,0.23
125,UDUMALAIPETTAI,10,MAHENDRAN A.,Independent,322,0,322,0.16
125,UDUMALAIPETTAI,11,RAMASAMY S.,Independent,223,4,227,0.11
125,UDUMALAIPETTAI,12,NOTA,None of the Above,1128,21,1149,0.56
126,MADATHUKULAM,1,M RADHAMANI,Naam Tamilar Katchi,6497,81,6578,3.49
126,MADATHUKULAM,2,R JAYARAMAKRISHNAN,Dravida Munnetra Kazhagam,69595,863,70458,37.43
126,MADATHUKULAM,3,C SHANMUGAVELU,Amma Makkal Munnettra Kazagam,53982,508,54490,28.95
126,MADATHUKULAM,4,AK SENTHILKUMAR,Puthiya Tamilagam,615,6,621,0.33
126,MADATHUKULAM,5,R THIRUMALAI,Tamilaga Vettri Kazhagam,52419,265,52684,27.99
126,MADATHUKULAM,6,M AHAMED ALI,Independent,206,0,206,0.11
126,MADATHUKULAM,7,A SHANMUGAVEL,Independent,119,1,120,0.06
126,MADATHUKULAM,8,K SHANMUGAVEL,Independent,92,0,92,0.05
126,MADATHUKULAM,9,S SHANMUGAVEL,Independent,297,4,301,0.16
126,MADATHUKULAM,10,M SHANUGAVEL,Independent,395,2,397,0.21
126,MADATHUKULAM,11,P THANGARAJ,Independent,263,0,263,0.14
126,MADATHUKULAM,12,SP MAHENDRAN,Independent,464,0,464,0.25
126,MADATHUKULAM,13,K VADIVAZHAGAN BALAJI,Independent,662,2,664,0.35
126,MADATHUKULAM,14,NOTA,None of the Above,897,14,911,0.48
127,PALANI,1,NACHIMUTHU. S,Bahujan Samaj Party,580,5,585,0.28
127,PALANI,2,PANDI. N,Communist Party of India (Marxist),64942,592,65534,31.41
127,PALANI,3,MURUGESWARI. B,Naam Tamilar Katchi,6195,105,6300,3.02
127,PALANI,4,RAVIMANOHARAN. K,All India Anna Dravida Munnetra Kazhagam,66426,560,66986,32.11
127,PALANI,5,DR. PRAVEEN KUMAR. M,Tamilaga Vettri Kazhagam,65742,551,66293,31.78
127,PALANI,6,RAMAMOORTHI. G,Rashtriya Samaj Dal (R),271,2,273,0.13
127,PALANI,7,VAYKKALDURAI. K,Puthiya Tamilagam,148,3,151,0.07
127,PALANI,8,ASHOKKUMAR. G,Independent,253,1,254,0.12
127,PALANI,9,ANBARASU. R,Independent,70,0,70,0.03
127,PALANI,10,THANNASIAPPAN. P,Independent,135,1,136,0.07
127,PALANI,11,THIRUMALAISAMY. B,Independent,90,2,92,0.04
127,PALANI,12,BALACHANDRAN. M,Independent,214,0,214,0.1
127,PALANI,13,PRAVEENKUMAR. R,Independent,283,0,283,0.14
127,PALANI,14,MADHESWARI. R,Independent,178,0,178,0.09
127,PALANI,15,JAYAKUMAR. T,Independent,519,1,520,0.25
127,PALANI,16,NOTA,None of the Above,738,12,750,0.36
128,ODDANCHATRAM,1,SAKKARAPANI. R,Dravida Munnetra Kazhagam,92068,1031,93099,46.17
128,ODDANCHATRAM,2,MURUGARAJ. P,Bahujan Samaj Party,508,8,516,0.26
128,ODDANCHATRAM,3,RAGUPATHI. P,Naam Tamilar Katchi,5382,72,5454,2.71
128,ODDANCHATRAM,4,VIDIYAL S. SEKAR,Bharatiya Janata Party,49494,356,49850,24.72
128,ODDANCHATRAM,5,MOHAN. S,Tamilaga Vettri Kazhagam,48906,249,49155,24.38
128,ODDANCHATRAM,6,ALAGIYANNAN. A,Independent,298,3,301,0.15
128,ODDANCHATRAM,7,ARUMUGAM. M,Independent,89,0,89,0.04
128,ODDANCHATRAM,8,ANANTHRAJ. T,Independent,99,0,99,0.05
128,ODDANCHATRAM,9,KUMARRATHINAM. M,Independent,174,1,175,0.09
128,ODDANCHATRAM,10,CHELLAMUTHU. K,Independent,101,0,101,0.05
128,ODDANCHATRAM,11,NAGUL PRAKASH. A,Independent,240,0,240,0.12
128,ODDANCHATRAM,12,PRABAHARAN. M,Independent,646,0,646,0.32
128,ODDANCHATRAM,13,MANIKANNAN. A,Independent,191,1,192,0.1
128,ODDANCHATRAM,14,RAGHUNATH. K,Independent,216,0,216,0.11
128,ODDANCHATRAM,15,NOTA,None of the Above,1478,13,1491,0.74
129,ATHOOR,1,S. KARTHIGAISELVAN,Bahujan Samaj Party,525,6,531,0.22
129,ATHOOR,2,DR. A. SIMON JUSTIN,Naam Tamilar Katchi,9759,187,9946,4.19
129,ATHOOR,3,I. PERIASAMY,Dravida Munnetra Kazhagam,104467,1773,106240,44.79
129,ATHOOR,4,A. VISWANATHAN,All India Anna Dravida Munnetra Kazhagam,32172,305,32477,13.69
129,ATHOOR,5,N. KALAISELVI,Tamilaga Vettri Kazhagam,83113,759,83872,35.36
129,ATHOOR,6,D. SANKAR,Naadaalum Makkal Katchi,719,1,720,0.3
129,ATHOOR,7,M.K. NAGENDRAN,Aanaithinthiya Jananayaka Pathukappu Kazhagam,575,1,576,0.24
129,ATHOOR,8,S. BALA MURUGAN,Tamizhaga Vaazhvurimai Katchi,177,6,183,0.08
129,ATHOOR,9,K. JAYAPRAKASH,Puthiya Tamilagam,226,4,230,0.1
129,ATHOOR,10,K. KATHIRESAN,Independent,200,0,200,0.08
129,ATHOOR,11,D. NAGARAJ,Independent,154,1,155,0.07
129,ATHOOR,12,M. PERIYASAMY,Independent,225,11,236,0.1
129,ATHOOR,13,P. MANIVEL,Independent,353,0,353,0.15
129,ATHOOR,14,K. VISVANATHAN,Independent,538,0,538,0.23
129,ATHOOR,15,K. VELMURUGAN,Independent,114,0,114,0.05
129,ATHOOR,16,NOTA,None of the Above,797,15,812,0.34
130,NILAKKOTTAI,1,DR.KAILAI RAJAN.D,Naam Tamilar Katchi,8486,129,8615,4.36
130,NILAKKOTTAI,2,THENMOZHI.S,All India Anna Dravida Munnetra Kazhagam,49510,414,49924,25.27
130,NILAKKOTTAI,3,NAGAJOTHI.S,Dravida Munnetra Kazhagam,64944,711,65655,33.23
130,NILAKKOTTAI,4,RAJALAKSHMI.M,Bahujan Samaj Party,501,4,505,0.26
130,NILAKKOTTAI,5,AYYANAR.R,Tamilaga Vettri Kazhagam,67953,627,68580,34.71
130,NILAKKOTTAI,6,ANBALAGAN.G,All India Puratchi Thalaivar Makkal Munnettra Kazhagam,390,9,399,0.2
130,NILAKKOTTAI,7,SANKAR.P,Puthiya Tamilagam,427,14,441,0.22
130,NILAKKOTTAI,8,SELVAM.P B.A. B.L.,Republican Party of India (A),738,25,763,0.39
130,NILAKKOTTAI,9,ALAPPAN.A,Independent,330,1,331,0.17
130,NILAKKOTTAI,10,KARUPPAIAH.S,Independent,59,0,59,0.03
130,NILAKKOTTAI,11,CHELLAM.K,Independent,160,2,162,0.08
130,NILAKKOTTAI,12,PERUMAL.N,Independent,237,1,238,0.12
130,NILAKKOTTAI,13,MANIKANDAN.P,Independent,515,0,515,0.26
130,NILAKKOTTAI,14,MANOHARAN.M,Independent,349,0,349,0.18
130,NILAKKOTTAI,15,VIJAYAPANDIYAN.M,Independent,413,2,415,0.21
130,NILAKKOTTAI,16,NOTA,None of the Above,624,18,642,0.32
131,NATHAM,1,ALAGAMMAL A,Naam Tamilar Katchi,9570,107,9677,4.05
131,NATHAM,2,SELVAKUMAR K,Dravida Munnetra Kazhagam,73336,503,73839,30.88
131,NATHAM,3,NATHAM VISWANATHAN R,All India Anna Dravida Munnetra Kazhagam,85215,493,85708,35.84
131,NATHAM,4,ALEX S,Tamizhaga Vaazhvurimai Katchi,715,0,715,0.3
131,NATHAM,5,RAMESH L N,Tamilaga Vettri Kazhagam,64603,394,64997,27.18
131,NATHAM,6,RAJASEKARAN P,Aanaithinthiya Jananayaka Pathukappu Kazhagam,246,1,247,0.1
131,NATHAM,7,VIJAYAKUMAR S,Puthiya Tamilagam,103,0,103,0.04
131,NATHAM,8,GOPAL R,Independent,307,0,307,0.13
131,NATHAM,9,SATHAM USAIN M,Independent,154,1,155,0.06
131,NATHAM,10,SUNDAR C,Independent,53,0,53,0.02
131,NATHAM,11,DHANDABANI K,Independent,79,2,81,0.03
131,NATHAM,12,TAMILSELVAN C,Independent,108,3,111,0.05
131,NATHAM,13,MANIKANDAN V,Independent,137,1,138,0.06
131,NATHAM,14,MARIA AROCKIAM S,Independent,245,0,245,0.1
131,NATHAM,15,MURUGAN K,Independent,273,0,273,0.11
131,NATHAM,16,MURUGESAN C,Independent,289,0,289,0.12
131,NATHAM,17,RAMA JANARTHANAN S,Independent,233,0,233,0.1
131,NATHAM,18,VADIVEL K,Independent,584,0,584,0.24
131,NATHAM,19,VIJAYAKUMAR S,Independent,465,0,465,0.19
131,NATHAM,20,VENKATESAN G,Independent,148,1,149,0.06
131,NATHAM,21,VENKATESH P,Independent,175,0,175,0.07
131,NATHAM,22,NOTA,None of the Above,585,11,596,0.25
132,DINDIGUL,1,SREENIVASAN. C,All India Anna Dravida Munnetra Kazhagam,53228,758,53986,25.46
132,DINDIGUL,2,SENTHILKUMAR. I.P,Dravida Munnetra Kazhagam,73160,1329,74489,35.13
132,DINDIGUL,3,MUTHARASI. S,Naam Tamilar Katchi,7142,157,7299,3.44
132,DINDIGUL,4,GOPI KRISHNAN PILLAI. S,Rashtriya Samaj Dal (R),95,1,96,0.05
132,DINDIGUL,5,SHEIK BAREETH.B,Tamizhaga Vaazhvurimai Katchi,246,3,249,0.12
132,DINDIGUL,6,NAZEER RAJA. G,Tamilaga Vettri Kazhagam,72510,848,73358,34.6
132,DINDIGUL,7,PRADEEP. M,Puthiya Tamilagam,193,10,203,0.1
132,DINDIGUL,8,RAMUTHEVAR. P,All India Puratchi Thalaivar Makkal Munnettra Kazhagam,179,5,184,0.09
132,DINDIGUL,9,ANIS BABU. M,Independent,75,0,75,0.04
132,DINDIGUL,10,AROCKIA DASS. J,Independent,54,2,56,0.03
132,DINDIGUL,11,UMAR ALI. R,Independent,100,3,103,0.05
132,DINDIGUL,12,GANESH PERUMAL. D,Independent,44,1,45,0.02
132,DINDIGUL,13,KARMEGAM. R,Independent,54,0,54,0.03
132,DINDIGUL,14,SARANYA. M,Independent,87,1,88,0.04
132,DINDIGUL,15,SEENIVASAN. P,Independent,175,1,176,0.08
132,DINDIGUL,16,SELVADHAYANITHI. M,Independent,252,0,252,0.12
132,DINDIGUL,17,NAGARAJ. N,Independent,211,0,211,0.1
132,DINDIGUL,18,BABU. S,Independent,197,0,197,0.09
132,DINDIGUL,19,MUNIYAPPAN. M,Independent,32,0,32,0.02
132,DINDIGUL,20,RAJENDRAN. G,Independent,37,1,38,0.02
132,DINDIGUL,21,NOTA,None of the Above,804,29,833,0.39
133,VEDASANDUR,1,KHAJA HUSSAIN AHAMED. A,Naam Tamilar Katchi,7000,95,7095,3.13
133,VEDASANDUR,2,SAMINATHAN. T,Dravida Munnetra Kazhagam,84196,752,84948,37.5
133,VEDASANDUR,3,PARAMASIVAM. V.P.B.,All India Anna Dravida Munnetra Kazhagam,74188,697,74885,33.05
133,VEDASANDUR,4,DR.NAKAJOTHI. N,Tamilaga Vettri Kazhagam,56444,360,56804,25.07
133,VEDASANDUR,5,BOOMIRAJ. K,Samaniya Makkal Nala Katchi,183,1,184,0.08
133,VEDASANDUR,6,RAMESH. T,Tamizhaga Vaazhvurimai Katchi,131,0,131,0.06
133,VEDASANDUR,7,RAVI. R,Communist Party of India (Marxist-Leninist) (Liberation),151,2,153,0.07
133,VEDASANDUR,8,SURESH. B,Independent,71,1,72,0.03
133,VEDASANDUR,9,SELVARAJ. V,Independent,94,0,94,0.04
133,VEDASANDUR,10,DHIVAKAR. A,Independent,54,1,55,0.02
133,VEDASANDUR,11,NATCHIMUTHU. R,Independent,77,1,78,0.03
133,VEDASANDUR,12,MANIKANDAPRABHU. N C,Independent,292,2,294,0.13
133,VEDASANDUR,13,MANEESHANKAR. M.G.,Independent,205,0,205,0.09
133,VEDASANDUR,14,MARIMUTHU. S,Independent,355,0,355,0.16
133,VEDASANDUR,15,MURUGAN. V,Independent,727,0,727,0.32
133,VEDASANDUR,16,NOTA,None of the Above,466,8,474,0.21
134,ARAVAKURICHI,1,ELANGO. R,Dravida Munnetra Kazhagam,70058,769,70827,39.11
134,ARAVAKURICHI,2,SUGANYA. S,Bahujan Samaj Party,354,5,359,0.2
134,ARAVAKURICHI,3,SELVAKUMAR. K,All India Anna Dravida Munnetra Kazhagam,48823,466,49289,27.22
134,ARAVAKURICHI,4,NAREN. S,Naam Tamilar Katchi,5083,71,5154,2.85
134,ARAVAKURICHI,5,ASIYA BEGUM,All India Puratchi Thalaivar Makkal Munnettra Kazhagam,290,0,290,0.16
134,ARAVAKURICHI,6,KARTHIKEYAN. P,Tamilaga Vettri Kazhagam,51118,327,51445,28.41
134,ARAVAKURICHI,7,SAKTHIVEL. R,Viduthalai Kalam Katchi,210,1,211,0.12
134,ARAVAKURICHI,8,RAVI. AG,Tamizhaga Vaazhvurimai Katchi,392,6,398,0.22
134,ARAVAKURICHI,9,ARASUMANI. G,Independent,61,0,61,0.03
134,ARAVAKURICHI,10,ARIVALAGAN. M,Independent,51,0,51,0.03
134,ARAVAKURICHI,11,KATHIRESAN. M,Independent,49,0,49,0.03
134,ARAVAKURICHI,12,KAVIYARASU. T,Independent,49,1,50,0.03
134,ARAVAKURICHI,13,KIRUBANANTH. S,Independent,61,0,61,0.03
134,ARAVAKURICHI,14,SILAMBARASAN. P,Independent,114,0,114,0.06
134,ARAVAKURICHI,15,SIVALINGAM. T,Independent,120,2,122,0.07
134,ARAVAKURICHI,16,SOWMIYA. R,Independent,284,0,284,0.16
134,ARAVAKURICHI,17,TAMILARASAN. M,Independent,346,0,346,0.19
134,ARAVAKURICHI,18,NATARAJAN. P,Independent,326,0,326,0.18
134,ARAVAKURICHI,19,NARENDRAKUMAR. G,Independent,158,0,158,0.09
134,ARAVAKURICHI,20,NATCHIMUTHU. V,Independent,92,0,92,0.05
134,ARAVAKURICHI,21,PRAVEEN. S,Independent,47,0,47,0.03
134,ARAVAKURICHI,22,BOOPATHY. S,Independent,283,1,284,0.16
134,ARAVAKURICHI,23,MANIKANDAN. T,Independent,86,0,86,0.05
134,ARAVAKURICHI,24,MATHIYALAGAN. P,Independent,58,0,58,0.03
134,ARAVAKURICHI,25,MURUGESAN. R,Independent,33,0,33,0.02
134,ARAVAKURICHI,26,MOHANKUMAR. K,Independent,47,0,47,0.03
134,ARAVAKURICHI,27,RAGUPATHI. S,Independent,35,0,35,0.02
134,ARAVAKURICHI,28,RAMALINGAM. V,Independent,38,0,38,0.02
134,ARAVAKURICHI,29,RAJASEKARAN. N,Independent,70,0,70,0.04
134,ARAVAKURICHI,30,RAJENDARAN. N,Independent,56,0,56,0.03
134,ARAVAKURICHI,31,NOTA,None of the Above,626,11,637,0.35
135,KARUR,1,KARUPPAIYA. R,Naam Tamilar Katchi,5390,75,5465,2.52
135,KARUR,2,AASEE.M. THIAGARAJAN,Dravida Munnetra Kazhagam,66432,824,67256,31.02
135,KARUR,3,M.R. VIJAYABHASKAR,All India Anna Dravida Munnetra Kazhagam,70887,655,71542,32.99
135,KARUR,4,JAYAGOPAL. P,Bahujan Samaj Party,301,1,302,0.14
135,KARUR,5,KALIMUTHU. V,Samaniya Makkal Nala Katchi,51,0,51,0.02
135,KARUR,6,GUNASEKARAN. K,Tamizhaga Vaazhvurimai Katchi,250,2,252,0.12
135,KARUR,7,MATHIYALAGAN  V.P,Tamilaga Vettri Kazhagam,69333,388,69721,32.15
135,KARUR,8,RAMACHANDRAN. A,Ganasangam Party of India,99,2,101,0.05
135,KARUR,9,ASARUDHEEN. A,Independent,44,1,45,0.02
135,KARUR,10,ARULMANIARASU. P,Independent,43,0,43,0.02
135,KARUR,11,ANBARASAN. N,Independent,30,0,30,0.01
135,KARUR,12,ANBAZHAGAN. T,Independent,65,2,67,0.03
135,KARUR,13,ELAMATHI. S,Independent,59,0,59,0.03
135,KARUR,14,KATHIRAVAN. P,Independent,103,0,103,0.05
135,KARUR,15,KATHIRVEL. K,Independent,143,0,143,0.07
135,KARUR,16,KANDASAMY. P,Independent,133,1,134,0.06
135,KARUR,17,KARUNAMOORTHY. S,Independent,34,0,34,0.02
135,KARUR,18,KALAIRAJ. K,Independent,35,0,35,0.02
135,KARUR,19,KANAGARAJ. S,Independent,27,0,27,0.01
135,KARUR,20,KANAGARAJ. P,Independent,11,0,11,0.01
135,KARUR,21,KARTHIKPERUMAL. R,Independent,8,0,8,0
135,KARUR,22,KALIMUTHU. R,Independent,16,0,16,0.01
135,KARUR,23,KRISHNAKUMAR. K,Independent,53,0,53,0.02
135,KARUR,24,GOPALA KRISHNAN. A,Independent,8,0,8,0
135,KARUR,25,SATHISH KUMAR. S,Independent,15,0,15,0.01
135,KARUR,26,SATHISH. P,Independent,12,0,12,0.01
135,KARUR,27,SAMPATH. S,Independent,28,0,28,0.01
135,KARUR,28,SARAVANAN. R,Independent,9,0,9,0
135,KARUR,29,SIVAKUMAR. A,Independent,17,0,17,0.01
135,KARUR,30,SIVAKUMAR. N,Independent,24,3,27,0.01
135,KARUR,31,SIVAKUMAR. V,Independent,19,2,21,0.01
135,KARUR,32,SEETHA LAKSHMI. D,Independent,28,0,28,0.01
135,KARUR,33,SUBASH MALAYALAM. T,Independent,38,1,39,0.02
135,KARUR,34,SURIYAKUMAR. J,Independent,16,0,16,0.01
135,KARUR,35,SENBAGAKUMAR. L,Independent,27,1,28,0.01
135,KARUR,36,SENTHILKUMAR. G,Independent,8,0,8,0
135,KARUR,37,SENTHILKUMAR. M,Independent,8,0,8,0
135,KARUR,38,SOUNDARA RAJAN. R,Independent,2,1,3,0
135,KARUR,39,SOUNDARYAN. K,Independent,13,0,13,0.01
135,KARUR,40,DANIYA. P,Independent,7,0,7,0
135,KARUR,41,THANGAVELRAJ. S,Independent,8,0,8,0
135,KARUR,42,THAMILALAGAN. A,Independent,9,0,9,0
135,KARUR,43,THIYAGARAJAN. M,Independent,11,0,11,0.01
135,KARUR,44,THIRUGNANAM. M,Independent,10,0,10,0
135,KARUR,45,DINESH. B,Independent,8,0,8,0
135,KARUR,46,DINESH KUMAR. K,Independent,14,0,14,0.01
135,KARUR,47,DURAISAMY. J,Independent,5,0,5,0
135,KARUR,48,DEVASTIN AUGUSTIN. G,Independent,18,0,18,0.01
135,KARUR,49,NANDHAKUMAR. A,Independent,14,0,14,0.01
135,KARUR,50,PARAMESWARI,Independent,20,0,20,0.01
135,KARUR,51,PALAMUTHIR SELVAN. O,Independent,17,0,17,0.01
135,KARUR,52,PALANIRAJAN. K,Independent,11,0,11,0.01
135,KARUR,53,PALANIVEL. P,Independent,4,0,4,0
135,KARUR,54,BABU. G,Independent,22,2,24,0.01
135,KARUR,55,BHARATHI. P,Independent,19,0,19,0.01
135,KARUR,56,BASKAR. P,Independent,4,0,4,0
135,KARUR,57,PRAKASH. N,Independent,3,0,3,0
135,KARUR,58,PRASANTH. S,Independent,5,0,5,0
135,KARUR,59,PRAVEENKUMAR. J,Independent,36,1,37,0.02
135,KARUR,60,MANIKANDAN,Independent,5,0,5,0
135,KARUR,61,MATHANRAJ. P,Independent,5,0,5,0
135,KARUR,62,MAILVAGANAN. B,Independent,28,0,28,0.01
135,KARUR,63,MANOJ. P,Independent,11,0,11,0.01
135,KARUR,64,MARIAMMAL. P.M,Independent,16,0,16,0.01
135,KARUR,65,MOHAMAD ISMAIL. M,Independent,21,0,21,0.01
135,KARUR,66,MUTHU. K.R,Independent,23,0,23,0.01
135,KARUR,67,MURALI. M,Independent,47,0,47,0.02
135,KARUR,68,YOONUS ALI. R,Independent,11,0,11,0.01
135,KARUR,69,RAGURAMAN MURUGANANTHAM,Independent,3,1,4,0
135,KARUR,70,RAJAPANDIAN. K,Independent,8,0,8,0
135,KARUR,71,VANITHA. K.M,Independent,14,0,14,0.01
135,KARUR,72,VIGNESHWARAN. D,Independent,2,0,2,0
135,KARUR,73,VINEETH. B,Independent,3,0,3,0
135,KARUR,74,VINOTHKUMAR.  N,Independent,4,1,5,0
135,KARUR,75,VIJAYA BASKAR. R.V,Independent,9,0,9,0
135,KARUR,76,VIJAYAN. K,Independent,4,0,4,0
135,KARUR,77,STEPHENRAJ. L,Independent,15,0,15,0.01
135,KARUR,78,HARI RAAJ. B,Independent,12,1,13,0.01
135,KARUR,79,HARIHARAN. S,Independent,20,0,20,0.01
135,KARUR,80,NOTA,None of the Above,524,15,539,0.25
136,KRISHNARAYAPURAM,1,GOMATHI. M,Bahujan Samaj Party,305,1,306,0.16
136,KRISHNARAYAPURAM,2,SATHIYA. V,Naam Tamilar Katchi,6018,84,6102,3.22
136,KRISHNARAYAPURAM,3,DR. DHIVYA. S,All India Anna Dravida Munnetra Kazhagam,58372,503,58875,31.09
136,KRISHNARAYAPURAM,4,RAJA. C.K,Dravida Munnetra Kazhagam,56628,664,57292,30.26
136,KRISHNARAYAPURAM,5,SATHYA. M,Tamilaga Vettri Kazhagam,61989,389,62378,32.94
136,KRISHNARAYAPURAM,6,SARAVANAN. V,Tamizhaga Vaazhvurimai Katchi,167,0,167,0.09
136,KRISHNARAYAPURAM,7,SOUNDRAPANDIAN. S,Ganasangam Party of India,116,2,118,0.06
136,KRISHNARAYAPURAM,8,BALSAMY. B,Naadaalum Makkal Katchi,227,3,230,0.12
136,KRISHNARAYAPURAM,9,RAJAGURU.M,Samaniya Makkal Nala Katchi,79,0,79,0.04
136,KRISHNARAYAPURAM,10,INDRAGANDHI. P,Independent,68,0,68,0.04
136,KRISHNARAYAPURAM,11,GANESAN. P,Independent,172,0,172,0.09
136,KRISHNARAYAPURAM,12,SAKTHIVEL. A,Independent,225,1,226,0.12
136,KRISHNARAYAPURAM,13,SASIKUMAR. M,Independent,305,1,306,0.16
136,KRISHNARAYAPURAM,14,SENTHIL. P.M,Independent,209,3,212,0.11
136,KRISHNARAYAPURAM,15,CHELLADURAI. M,Independent,171,0,171,0.09
136,KRISHNARAYAPURAM,16,SELVAKUMAR. S,Independent,204,1,205,0.11
136,KRISHNARAYAPURAM,17,DINESH KUMAR.A,Independent,123,0,123,0.06
136,KRISHNARAYAPURAM,18,DINESH KUMAR. N,Independent,116,0,116,0.06
136,KRISHNARAYAPURAM,19,NAVEENTH. M,Independent,256,1,257,0.14
136,KRISHNARAYAPURAM,20,PARAMESWARAN. M,Independent,376,0,376,0.2
136,KRISHNARAYAPURAM,21,PRASANTH. D,Independent,228,0,228,0.12
136,KRISHNARAYAPURAM,22,BABY. P,Independent,70,1,71,0.04
136,KRISHNARAYAPURAM,23,PORSELVAN. B.S,Independent,45,0,45,0.02
136,KRISHNARAYAPURAM,24,MAHAMUNI. A,Independent,63,1,64,0.03
136,KRISHNARAYAPURAM,25,MANICKAVEL. R,Independent,266,1,267,0.14
136,KRISHNARAYAPURAM,26,MURUGAN. S,Independent,165,0,165,0.09
136,KRISHNARAYAPURAM,27,MURUGANANDHAM. P.K,Independent,92,0,92,0.05
136,KRISHNARAYAPURAM,28,VIMALRAJ. S,Independent,121,0,121,0.06
136,KRISHNARAYAPURAM,29,NOTA,None of the Above,517,8,525,0.28
137,KULITHALAI,1,S.KARUNAKARAN,All India Anna Dravida Munnetra Kazhagam,59791,526,60317,28.85
137,KULITHALAI,2,SURIYANUR. A. CHANDRAN,Dravida Munnetra Kazhagam,67204,934,68138,32.59
137,KULITHALAI,3,SELVA.NANMAARAN,Naam Tamilar Katchi,7870,108,7978,3.82
137,KULITHALAI,4,G.BALASUBRAMANI,Tamilaga Vettri Kazhagam,67162,397,67559,32.31
137,KULITHALAI,5,P.MURUGAN,Ganasangam Party of India,328,2,330,0.16
137,KULITHALAI,6,M.ARUNKUMAR,Independent,113,0,113,0.05
137,KULITHALAI,7,R.ARUNKUMAR,Independent,53,0,53,0.03
137,KULITHALAI,8,S.IMRANKHAN,Independent,67,1,68,0.03
137,KULITHALAI,9,O.KATHALINGAM,Independent,95,0,95,0.05
137,KULITHALAI,10,M.GAYATHIRI,Independent,82,2,84,0.04
137,KULITHALAI,11,B.KAJAHMOHIDEEN,Independent,79,4,83,0.04
137,KULITHALAI,12,CHANDRASEKAR.P,Independent,132,1,133,0.06
137,KULITHALAI,13,J.SANTHOSH KUMAR,Independent,206,0,206,0.1
137,KULITHALAI,14,B.SAMPATHKUMAR,Independent,160,2,162,0.08
137,KULITHALAI,15,D.SARAVANAN,Independent,380,1,381,0.18
137,KULITHALAI,16,V.CHINNASAMY,Independent,487,1,488,0.23
137,KULITHALAI,17,S.SENTHILKUMAR,Independent,606,1,607,0.29
137,KULITHALAI,18,P.SELVAKUMAR,Independent,452,0,452,0.22
137,KULITHALAI,19,T.SELVARAJ,Independent,217,0,217,0.1
137,KULITHALAI,20,K.SHEIKANWARDEEN,Independent,302,0,302,0.14
137,KULITHALAI,21,M.TAMILSELVAN,Independent,66,1,67,0.03
137,KULITHALAI,22,J.PRADHAP,Independent,35,1,36,0.02
137,KULITHALAI,23,M.MAYILVAGANAN,Independent,46,0,46,0.02
137,KULITHALAI,24,J.MADHAVAN,Independent,41,0,41,0.02
137,KULITHALAI,25,T.MURUGANANTHAM,Independent,82,0,82,0.04
137,KULITHALAI,26,N.RAMAKRISHNAN,Independent,63,0,63,0.03
137,KULITHALAI,27,M.VADIVELAN,Independent,117,0,117,0.06
137,KULITHALAI,28,K.VEERAMALAI,Independent,79,0,79,0.04
137,KULITHALAI,29,K.HAKKIM,Independent,182,0,182,0.09
137,KULITHALAI,30,NOTA,None of the Above,602,10,612,0.29
138,MANAPPARAI,1,P. ABDUL SAMED,Dravida Munnetra Kazhagam,60142,1213,61355,25.44
138,MANAPPARAI,2,M. ARUNAGIRI,Naam Tamilar Katchi,9911,159,10070,4.17
138,MANAPPARAI,3,DR. PL. VIJAYAKUMAR,All India Anna Dravida Munnetra Kazhagam,80601,1014,81615,33.83
138,MANAPPARAI,4,AROCKIARAJ .A,Samaniya Makkal Nala Katchi,715,6,721,0.3
138,MANAPPARAI,5,R. KATHIRAVAN,Tamilaga Vettri Kazhagam,82268,773,83041,34.43
138,MANAPPARAI,6,P. MEENA,Puthiya Tamilagam,273,2,275,0.11
138,MANAPPARAI,7,RAJAVARMAN .R,Tamizhaga Vaazhvurimai Katchi,154,1,155,0.06
138,MANAPPARAI,8,A. RAMAN,Independent,106,1,107,0.04
138,MANAPPARAI,9,KATHIRAVAN .M,Independent,178,2,180,0.07
138,MANAPPARAI,10,M. KARUPPAN,Independent,273,1,274,0.11
138,MANAPPARAI,11,KUTTAIAN,Independent,121,5,126,0.05
138,MANAPPARAI,12,SARPHUDIN,Independent,332,1,333,0.14
138,MANAPPARAI,13,P. CHINNAN,Independent,166,17,183,0.08
138,MANAPPARAI,14,A. SENTHIL KUMAR,Independent,271,1,272,0.11
138,MANAPPARAI,15,PERIYAKKA,Independent,236,2,238,0.1
138,MANAPPARAI,16,RAJESH .M,Independent,552,2,554,0.23
138,MANAPPARAI,17,P. VIJAYAKUMAR,Independent,595,0,595,0.25
138,MANAPPARAI,18,M. VIJAYA KUMAR,Independent,172,1,173,0.07
138,MANAPPARAI,19,NOTA,None of the Above,936,13,949,0.39
139,SRIRANGAM,1,ALLIMUTHU.M,Bahujan Samaj Party,365,6,371,0.15
139,SRIRANGAM,2,DHARMARAJ. M,Naam Tamilar Katchi,10899,127,11026,4.32
139,SRIRANGAM,3,S. DURAIRAJ,Dravida Munnetra Kazhagam,68723,922,69645,27.31
139,SRIRANGAM,4,R.MANOHARAN,All India Anna Dravida Munnetra Kazhagam,65027,792,65819,25.81
139,SRIRANGAM,5,KAMARAJ.K,Samaniya Makkal Nala Katchi,290,2,292,0.11
139,SRIRANGAM,6,KUMAR. P,Akila Inthiya Makkal Marumalarchi Kazhakam,163,3,166,0.07
139,SRIRANGAM,7,K. SAKTHIVEL,Anna Puratchi Thalaivar Amma Dravida Munnetra Kazhagam,156,2,158,0.06
139,SRIRANGAM,8,NEWTON.A,Puthiya Tamilagam,159,7,166,0.07
139,SRIRANGAM,9,MURALI .N,Tamizhaga Vaazhvurimai Katchi,401,4,405,0.16
139,SRIRANGAM,10,RAMESH,Tamilaga Vettri Kazhagam,102496,739,103235,40.49
139,SRIRANGAM,11,VIJAY .A,All India Puratchi Thalaivar Makkal Munnettra Kazhagam,433,5,438,0.17
139,SRIRANGAM,12,ANBARASAN.M,Independent,258,3,261,0.1
139,SRIRANGAM,13,KARTHICK.S,Independent,218,0,218,0.09
139,SRIRANGAM,14,KRISHNAKUMAR.A,Independent,293,5,298,0.12
139,SRIRANGAM,15,SHASHI KIRAN .K .N,Independent,295,3,298,0.12
139,SRIRANGAM,16,S. DURAIRAJ,Independent,297,1,298,0.12
139,SRIRANGAM,17,PARAMASIVAM,Independent,84,2,86,0.03
139,SRIRANGAM,18,MOHAMED MUSTHAFA. M,Independent,83,1,84,0.03
139,SRIRANGAM,19,MUTHUKUMAR.P,Independent,288,1,289,0.11
139,SRIRANGAM,20,RAMESH.R,Independent,403,1,404,0.16
139,SRIRANGAM,21,RAVICHANDIRAN.N,Independent,98,1,99,0.04
139,SRIRANGAM,22,NOTA,None of the Above,898,31,929,0.36
140,TIRUCHIRAPPALLI (WEST),1,CHINNAIYAN POOSARI,Bahujan Samaj Party,442,11,453,0.23
140,TIRUCHIRAPPALLI (WEST),2,K.N.NEHRU,Dravida Munnetra Kazhagam,86969,1266,88235,44.94
140,TIRUCHIRAPPALLI (WEST),3,K.BHUVANESWARI,Naam Tamilar Katchi,7384,86,7470,3.8
140,TIRUCHIRAPPALLI (WEST),4,M.RAJASEKARAN,Amma Makkal Munnettra Kazagam,13923,213,14136,7.2
140,TIRUCHIRAPPALLI (WEST),5,R.PRABU,Tamizhaga Vaazhvurimai Katchi,302,8,310,0.16
140,TIRUCHIRAPPALLI (WEST),6,G.RAMAMOORTHI,Tamilaga Vettri Kazhagam,82817,632,83449,42.5
140,TIRUCHIRAPPALLI (WEST),7,A.VEERAMANI,Samaniya Makkal Nala Katchi,138,2,140,0.07
140,TIRUCHIRAPPALLI (WEST),8,M.KALAIMANI,Independent,107,1,108,0.06
140,TIRUCHIRAPPALLI (WEST),9,M.CHANDRASEKARAN,Independent,74,2,76,0.04
140,TIRUCHIRAPPALLI (WEST),10,SAMPATH,Independent,148,4,152,0.08
140,TIRUCHIRAPPALLI (WEST),11,SUNDARAPANDIYARAJA,Independent,116,6,122,0.06
140,TIRUCHIRAPPALLI (WEST),12,P.RAJENDRAN,Independent,116,1,117,0.06
140,TIRUCHIRAPPALLI (WEST),13,A.VASUDEVAN,Independent,155,3,158,0.08
140,TIRUCHIRAPPALLI (WEST),14,JEEVANANTHAM.M,Independent,323,0,323,0.16
140,TIRUCHIRAPPALLI (WEST),15,NOTA,None of the Above,1075,23,1098,0.56
141,TIRUCHIRAPPALLI (EAST),1,R. ELANGOVAN,Bahujan Samaj Party,227,7,234,0.13
141,TIRUCHIRAPPALLI (EAST),2,S. INIGO IRUDAYARAJ,Dravida Munnetra Kazhagam,62859,1106,63965,35.05
141,TIRUCHIRAPPALLI (EAST),3,DR.KRISHNASAMY .V,Naam Tamilar Katchi,4725,65,4790,2.62
141,TIRUCHIRAPPALLI (EAST),4,G. RAJASEKARAN,All India Anna Dravida Munnetra Kazhagam,19437,278,19715,10.8
141,TIRUCHIRAPPALLI (EAST),5,ANAND SELVARAJ,National Maha Sabha Party,105,0,105,0.06
141,TIRUCHIRAPPALLI (EAST),6,N. GOBINATH,Puthiya Tamilagam,61,2,63,0.03
141,TIRUCHIRAPPALLI (EAST),7,SUKUMAR .S,Thamizhaka Padaippalar Makkal Katchi,99,2,101,0.06
141,TIRUCHIRAPPALLI (EAST),8,C. NANDA KUMAR,All India Puratchi Thalaivar Makkal Munnettra Kazhagam,127,5,132,0.07
141,TIRUCHIRAPPALLI (EAST),9,R. MUTHUKUMAR,Samaniya Makkal Nala Katchi,30,1,31,0.02
141,TIRUCHIRAPPALLI (EAST),10,ROYAL RAJA,Tamizhaga Vaazhvurimai Katchi,165,2,167,0.09
141,TIRUCHIRAPPALLI (EAST),11,VIJAY .K,All India Jananayaka Makkal Kazhagam,138,3,141,0.08
141,TIRUCHIRAPPALLI (EAST),12,VIJAIA MOHANAAJI .MA,Vidial Valarchi Perani,234,1,235,0.13
141,TIRUCHIRAPPALLI (EAST),13,C. JOSEPH VIJAY,Tamilaga Vettri Kazhagam,90431,950,91381,50.07
141,TIRUCHIRAPPALLI (EAST),14,T. GANGAI ULAGANATHAN,Independent,78,1,79,0.04
141,TIRUCHIRAPPALLI (EAST),15,KANNAN .S,Independent,137,1,138,0.08
141,TIRUCHIRAPPALLI (EAST),16,P. CHARLES SAGAYARAJ,Independent,390,0,390,0.21
141,TIRUCHIRAPPALLI (EAST),17,G. SEBASTIAN ANAND,Independent,124,0,124,0.07
141,TIRUCHIRAPPALLI (EAST),18,S. PANNEER SELVAM,Independent,109,0,109,0.06
141,TIRUCHIRAPPALLI (EAST),19,J. ROBERT CHRISTY,Independent,29,2,31,0.02
141,TIRUCHIRAPPALLI (EAST),20,P. RAJENDRAN,Independent,48,0,48,0.03
141,TIRUCHIRAPPALLI (EAST),21,NOTA,None of the Above,498,16,514,0.28
142,THIRUVERUMBUR,1,ANBIL MAHESH POYYAMOZHI,Dravida Munnetra Kazhagam,79778,1354,81132,37.99
142,THIRUVERUMBUR,2,KUMAR. P,All India Anna Dravida Munnetra Kazhagam,29122,351,29473,13.8
142,THIRUVERUMBUR,3,RAJESSH. T,Naam Tamilar Katchi,9196,115,9311,4.36
142,THIRUVERUMBUR,4,VISITHRA. S,Bahujan Samaj Party,191,3,194,0.09
142,THIRUVERUMBUR,5,KUMARAVEL. T,Thamizhaka Padaippalar Makkal Katchi,176,2,178,0.08
142,THIRUVERUMBUR,6,PITCHAIMUTHU. A,Puthiya Tamilagam,226,11,237,0.11
142,THIRUVERUMBUR,7,RANJITH. S,Tamizhaga Vaazhvurimai Katchi,251,2,253,0.12
142,THIRUVERUMBUR,8,VIJAYAKUMAR (A) NAVALPATTU S. VIJI,Tamilaga Vettri Kazhagam,88886,951,89837,42.06
142,THIRUVERUMBUR,9,JOSEPH. L,Samaniya Makkal Nala Katchi,114,0,114,0.05
142,THIRUVERUMBUR,10,YESURAJ. I,Independent,63,1,64,0.03
142,THIRUVERUMBUR,11,KUMAR. K,Independent,40,0,40,0.02
142,THIRUVERUMBUR,12,KUMAR. P,Independent,47,1,48,0.02
142,THIRUVERUMBUR,13,CHARLES. S,Independent,100,1,101,0.05
142,THIRUVERUMBUR,14,SUBBULAKSHMI. R,Independent,91,1,92,0.04
142,THIRUVERUMBUR,15,DEEPAK. P,Independent,108,6,114,0.05
142,THIRUVERUMBUR,16,POULOSH. D,Independent,284,7,291,0.14
142,THIRUVERUMBUR,17,MURUGANANTHAM. G,Independent,441,0,441,0.21
142,THIRUVERUMBUR,18,DR. MOHANA CHELVAN. P,Independent,202,1,203,0.1
142,THIRUVERUMBUR,19,RAMACHANDRAN. V,Independent,46,1,47,0.02
142,THIRUVERUMBUR,20,VINCENTRAJ. A,Independent,34,0,34,0.02
142,THIRUVERUMBUR,21,VIJAYAKUMAR. C,Independent,47,1,48,0.02
142,THIRUVERUMBUR,22,VIJAYAKUMAR. N,Independent,51,3,54,0.03
142,THIRUVERUMBUR,23,VETRIVEL KANNA. P,Independent,169,4,173,0.08
142,THIRUVERUMBUR,24,JAYACHANDRAN. P,Independent,133,0,133,0.06
142,THIRUVERUMBUR,25,SHAJAGAN. A,Independent,182,0,182,0.09
142,THIRUVERUMBUR,26,HABEEB RAHAMAN. H,Independent,44,0,44,0.02
142,THIRUVERUMBUR,27,NOTA,None of the Above,721,24,745,0.35
143,LALGUDI,1,T. PARIVALLAL,Dravida Munnetra Kazhagam,54796,769,55565,30
143,LALGUDI,2,PRATHEEBA,Bahujan Samaj Party,346,2,348,0.19
143,LALGUDI,3,N. MADHAN,Naam Tamilar Katchi,6907,85,6992,3.78
143,LALGUDI,4,LEEMAROSE MARTIN,All India Anna Dravida Munnetra Kazhagam,60329,466,60795,32.82
143,LALGUDI,5,K. IMMACULATE MARY,Samaniya Makkal Nala Katchi,398,1,399,0.22
143,LALGUDI,6,P. ELANCHEZHIYAN,Puthiya Tamilagam,130,1,131,0.07
143,LALGUDI,7,E. YESUDOSS,Tamilaga Makkal Nala Katchi,182,1,183,0.1
143,LALGUDI,8,KU PA KRISHNAN,Tamilaga Vettri Kazhagam,57595,461,58056,31.35
143,LALGUDI,9,P. SARAVANAN,Tamizhaga Vaazhvurimai Katchi,135,0,135,0.07
143,LALGUDI,10,JOSEPHIN,All India Puratchi Thalaivar Makkal Munnettra Kazhagam,190,2,192,0.1
143,LALGUDI,11,A. AMALAN SAVARIMUTHU,Independent,67,1,68,0.04
143,LALGUDI,12,M. KRISHNAN,Independent,66,0,66,0.04
143,LALGUDI,13,K. SENTHILKUMAR,Independent,129,1,130,0.07
143,LALGUDI,14,R. TAMILARASAN,Independent,49,3,52,0.03
143,LALGUDI,15,K. DHARMARAJ,Independent,85,1,86,0.05
143,LALGUDI,16,DHANAMOORTHY .R,Independent,219,1,220,0.12
143,LALGUDI,17,R. DINESHKUMAR,Independent,401,2,403,0.22
143,LALGUDI,18,R. PONSILAMBU,Independent,335,5,340,0.18
143,LALGUDI,19,MANSOOR ALIKHAN,Independent,98,3,101,0.05
143,LALGUDI,20,V. MUTHUSAMY,Independent,170,0,170,0.09
143,LALGUDI,21,MOHAMED ABUBAKKAR SIDDIQ,Independent,60,0,60,0.03
143,LALGUDI,22,M. RAMESHKUMAR,Independent,119,1,120,0.06
143,LALGUDI,23,JINNAH JAKEER HUSSAIN,Independent,138,1,139,0.08
143,LALGUDI,24,A. JEGAN SALAMONDOSS,Independent,72,0,72,0.04
143,LALGUDI,25,NOTA,None of the Above,384,6,390,0.21
144,MANACHANALLUR,1,KATHIRAVAN. S,Dravida Munnetra Kazhagam,80054,1393,81447,38.82
144,MANACHANALLUR,2,THENMOZHI. R,Naam Tamilar Katchi,9187,102,9289,4.43
144,MANACHANALLUR,3,R.V. BHARATHAN,All India Anna Dravida Munnetra Kazhagam,45686,380,46066,21.96
144,MANACHANALLUR,4,BALAKRISHNAN (A) AMOOR BALU,Bahujan Samaj Party,382,2,384,0.18
144,MANACHANALLUR,5,V.SARAVANAN,Tamilaga Vettri Kazhagam,68550,533,69083,32.93
144,MANACHANALLUR,6,K. SENTHILKUMAR,Samaniya Makkal Nala Katchi,140,0,140,0.07
144,MANACHANALLUR,7,BALU. M,Puthiya Tamilagam,183,3,186,0.09
144,MANACHANALLUR,8,REVATHI. S,Akila Inthiya Makkal Marumalarchi Kazhakam,74,1,75,0.04
144,MANACHANALLUR,9,VEERAIYA. C,Tamizhaga Vaazhvurimai Katchi,62,0,62,0.03
144,MANACHANALLUR,10,KARTHIKEYAN. P,Independent,131,1,132,0.06
144,MANACHANALLUR,11,GOPALAKRISHNAN. V,Independent,44,0,44,0.02
144,MANACHANALLUR,12,SHANMUGAM. V.T,Independent,113,0,113,0.05
144,MANACHANALLUR,13,SATHEESKUMAR. K,Independent,76,4,80,0.04
144,MANACHANALLUR,14,SARAVANAKUMAR. S,Independent,130,0,130,0.06
144,MANACHANALLUR,15,DIVESH. S,Independent,102,1,103,0.05
144,MANACHANALLUR,16,NAGARAJAN. V,Independent,456,0,456,0.22
144,MANACHANALLUR,17,RAMESH KUMAR. G,Independent,498,0,498,0.24
144,MANACHANALLUR,18,RADHAKRISHNAN. S,Independent,340,1,341,0.16
144,MANACHANALLUR,19,RAMPRASAD. N,Independent,230,0,230,0.11
144,MANACHANALLUR,20,RAJASEHAR. R,Independent,117,0,117,0.06
144,MANACHANALLUR,21,RAJU. V,Independent,153,0,153,0.07
144,MANACHANALLUR,22,JAYARAMAN. M,Independent,52,0,52,0.02
144,MANACHANALLUR,23,NOTA,None of the Above,591,8,599,0.29
145,MUSIRI,1,N.S.KARUNAIRAAJA,Dravida Munnetra Kazhagam,52345,1494,53839,28.47
145,MUSIRI,2,G. BAKIYALAKSHMI,Naam Tamilar Katchi,8184,173,8357,4.42
145,MUSIRI,3,N.YOGANATHAN,All India Anna Dravida Munnetra Kazhagam,51149,912,52061,27.52
145,MUSIRI,4,M.CHINNAIYAN,Puthiya Tamilagam,668,9,677,0.36
145,MUSIRI,5,K.DHIVYA,Rashtriya Samaj Dal (R),248,5,253,0.13
145,MUSIRI,6,C.PALANISAMY,Tamizhaga Vaazhvurimai Katchi,259,6,265,0.14
145,MUSIRI,7,MALARMANNAN.M,Samaniya Makkal Nala Katchi,275,6,281,0.15
145,MUSIRI,8,M.VIGNESH,Tamilaga Vettri Kazhagam,70317,964,71281,37.69
145,MUSIRI,9,S.VENKATESHWARAN,Anti Corruption Dynamic Party,239,0,239,0.13
145,MUSIRI,10,SENTHILKUMAR,Independent,305,3,308,0.16
145,MUSIRI,11,P.LOGANATHAN M.SC.M.PHIL.,Independent,483,4,487,0.26
145,MUSIRI,12,NOTA,None of the Above,1060,33,1093,0.58
146,THURAIYUR,1,S  KOWSALYA,Naam Tamilar Katchi,8305,131,8436,4.57
146,THURAIYUR,2,E.SAROJA,All India Anna Dravida Munnetra Kazhagam,56069,580,56649,30.72
146,THURAIYUR,3,P.SRINIVASAN,Bahujan Samaj Party,582,6,588,0.32
146,THURAIYUR,4,M.LENIN PRASATH,Indian National Congress,48396,826,49222,26.69
146,THURAIYUR,5,GNANAVETTIYAN SIVAPERUMAL .K,Tamizhaga Vaazhvurimai Katchi,512,1,513,0.28
146,THURAIYUR,6,RAVISANKAR.M,Tamilaga Vettri Kazhagam,65711,552,66263,35.93
146,THURAIYUR,7,T. RAJAMANICKAM,Puthiya Tamilagam,236,0,236,0.13
146,THURAIYUR,8,E.SAROJA,Independent,95,0,95,0.05
146,THURAIYUR,9,K.SAROJA,Independent,106,1,107,0.06
146,THURAIYUR,10,P.SAROJA,Independent,140,1,141,0.08
146,THURAIYUR,11,K.SELVAM,Independent,350,6,356,0.19
146,THURAIYUR,12,SELVAM .G,Independent,193,0,193,0.1
146,THURAIYUR,13,G. DHINESHKUMAR,Independent,323,3,326,0.18
146,THURAIYUR,14,N. MUTHAZHAGU,Independent,213,0,213,0.12
146,THURAIYUR,15,M. RAVICHANDRAN,Independent,387,4,391,0.21
146,THURAIYUR,16,NOTA,None of the Above,686,11,697,0.38
147,PERAMBALUR,1,ARIVAZHAGAN. D,Bahujan Samaj Party,674,4,678,0.27
147,PERAMBALUR,2,SUGANYA. J,Naam Tamilar Katchi,9312,162,9474,3.74
147,PERAMBALUR,3,THAMIZHSELVAN. R,All India Anna Dravida Munnetra Kazhagam,72040,676,72716,28.67
147,PERAMBALUR,4,DR. JAYALAKSHMI. S.T,Dravida Munnetra Kazhagam,74447,2042,76489,30.15
147,PERAMBALUR,5,SIVAKUMAR. K,Tamilaga Vettri Kazhagam,89776,1106,90882,35.83
147,PERAMBALUR,6,DHAMODHARAN. S,Tamizhaga Vaazhvurimai Katchi,358,2,360,0.14
147,PERAMBALUR,7,ANANDAJOTHI PARAMASIVAM,Independent,232,3,235,0.09
147,PERAMBALUR,8,CHANDRAKUMAR. P,Independent,339,0,339,0.13
147,PERAMBALUR,9,SHIYAMALA. M,Independent,421,0,421,0.17
147,PERAMBALUR,10,SUBRAMANIAN. R,Independent,593,2,595,0.23
147,PERAMBALUR,11,JAYACHANDRAN. B,Independent,304,1,305,0.12
147,PERAMBALUR,12,NOTA,None of the Above,1132,28,1160,0.46
148,KUNNAM,1,KEERTHIVASAN. R,Naam Tamilar Katchi,7356,126,7482,3.25
148,KUNNAM,2,SARANYA. A,All India Anna Dravida Munnetra Kazhagam,70712,968,71680,31.09
148,KUNNAM,3,SIVASANKAR. S.S,Dravida Munnetra Kazhagam,85785,1452,87237,37.84
148,KUNNAM,4,NALLUSAMY. K.M,Bahujan Samaj Party,405,4,409,0.18
148,KUNNAM,5,ANBUTHAMIZHAN. T,Thamizh Perarasu Katchi,148,1,149,0.06
148,KUNNAM,6,RAJA. S.P,Tamizhaga Vaazhvurimai Katchi,184,5,189,0.08
148,KUNNAM,7,ELANGOVAN. K,Naadaalum Makkal Katchi,546,0,546,0.24
148,KUNNAM,8,REVATHI MUTHAMILSELVAN,Tamilaga Vettri Kazhagam,58685,485,59170,25.66
148,KUNNAM,9,UDHAYASURIYAN. T,Independent,210,0,210,0.09
148,KUNNAM,10,KATHIRAVAN. A.C,Independent,62,0,62,0.03
148,KUNNAM,11,CHANDRASEKAR. P,Independent,84,1,85,0.04
148,KUNNAM,12,SAMINATHAN. C,Independent,137,0,137,0.06
148,KUNNAM,13,SIVASANKARAN. P,Independent,172,0,172,0.07
148,KUNNAM,14,THANASEKAR. R,Independent,677,0,677,0.29
148,KUNNAM,15,NALLATHAMBI. P,Independent,507,0,507,0.22
148,KUNNAM,16,MUTHAMILSELVAN. D,Independent,268,0,268,0.12
148,KUNNAM,17,VIVEK. T,Independent,138,6,144,0.06
148,KUNNAM,18,VINOTHKUMAR. M,Independent,420,1,421,0.18
148,KUNNAM,19,SHAJAHAN,Independent,541,0,541,0.23
148,KUNNAM,20,NOTA,None of the Above,473,11,484,0.21
149,ARIYALUR,1,PUGAZHENDHI D,Naam Tamilar Katchi,8425,102,8527,3.62
149,ARIYALUR,2,RAJENDRAN S,All India Anna Dravida Munnetra Kazhagam,94468,751,95219,40.37
149,ARIYALUR,3,LATHA BALU,Dravida Munnetra Kazhagam,70092,629,70721,29.98
149,ARIYALUR,4,STALIN V,Bahujan Samaj Party,472,3,475,0.2
149,ARIYALUR,5,THANGA. SHANMUGA SUNDARAM,Naadaalum Makkal Katchi,634,3,637,0.27
149,ARIYALUR,6,SIVAKUMAR M,Tamilaga Vettri Kazhagam,57001,358,57359,24.32
149,ARIYALUR,7,SUDHAKAR M,Tamizhaga Vaazhvurimai Katchi,175,2,177,0.08
149,ARIYALUR,8,RAJKUMAR S,All India Puratchi Thalaivar Makkal Munnettra Kazhagam,117,0,117,0.05
149,ARIYALUR,9,ELAIYARAJA C,Independent,70,0,70,0.03
149,ARIYALUR,10,KRISHNAMOORTHY C,Independent,71,3,74,0.03
149,ARIYALUR,11,KUMAR K,Independent,135,1,136,0.06
149,ARIYALUR,12,SEMMALAI T,Independent,256,3,259,0.11
149,ARIYALUR,13,RAJKUMAR K,Independent,201,0,201,0.09
149,ARIYALUR,14,VETRIVEL G,Independent,553,1,554,0.23
149,ARIYALUR,15,JOTHIBASU K,Independent,690,1,691,0.29
149,ARIYALUR,16,NOTA,None of the Above,633,8,641,0.27
150,JAYANKONDAM,1,KANNAN KA.SO.KA.,Dravida Munnetra Kazhagam,69703,799,70502,30.85
150,JAYANKONDAM,2,CHINNADURAI S.,Bahujan Samaj Party,470,5,475,0.21
150,JAYANKONDAM,3,REVATHI K.,Naam Tamilar Katchi,6118,74,6192,2.71
150,JAYANKONDAM,4,AZHAGESAN V.R.,Desiya Makkal Sakthi Katchi,151,0,151,0.07
150,JAYANKONDAM,5,RAVANAN M.,Naadaalum Makkal Katchi,707,4,711,0.31
150,JAYANKONDAM,6,KAVITHA RAJENDRAN G.,Tamilaga Vettri Kazhagam,55101,437,55538,24.3
150,JAYANKONDAM,7,SANKAR M.,Rashtriya Samaj Dal (R),606,2,608,0.27
150,JAYANKONDAM,8,PAGUTHARIVALAN A.,Tamizhaga Vaazhvurimai Katchi,266,3,269,0.12
150,JAYANKONDAM,9,RAVISANKAR N.,Aanaithinthiya Jananayaka Pathukappu Kazhagam,1196,7,1203,0.53
150,JAYANKONDAM,10,VAITHILINGAM G.,Pattali Makkal Katchi,87999,993,88992,38.94
150,JAYANKONDAM,11,JAYABALAN G.,Vada Tamil Nadu Munnetra Katchi,528,0,528,0.23
150,JAYANKONDAM,12,ANANDHAKUMAR R.,Independent,582,1,583,0.26
150,JAYANKONDAM,13,ISAC NEWTAN J.,Independent,114,1,115,0.05
150,JAYANKONDAM,14,KANNAN K.,Independent,158,0,158,0.07
150,JAYANKONDAM,15,GURUNATHAN N.,Independent,175,2,177,0.08
150,JAYANKONDAM,16,CHANTHIRASEKAR S.,Independent,984,0,984,0.43
150,JAYANKONDAM,17,VINOTHSAVARIREMIJEAS C.,Independent,791,1,792,0.35
150,JAYANKONDAM,18,VENKATAJALAPATHI R.,Independent,53,1,54,0.02
150,JAYANKONDAM,19,VEZHAVENTHAN D.,Independent,99,1,100,0.04
150,JAYANKONDAM,20,NOTA,None of the Above,403,13,416,0.18
151,TITTAKUDI,1,RAVICHANDRAN K.P,Bahujan Samaj Party,397,2,399,0.23
151,TITTAKUDI,2,GANESAN C.V,Dravida Munnetra Kazhagam,62086,1020,63106,35.91
151,TITTAKUDI,3,MAHALAKSHMI V,Naam Tamilar Katchi,5659,50,5709,3.25
151,TITTAKUDI,4,MURUGUMARAN N,All India Anna Dravida Munnetra Kazhagam,42159,343,42502,24.18
151,TITTAKUDI,5,SATHYA M,Aanaithinthiya Jananayaka Pathukappu Kazhagam,362,0,362,0.21
151,TITTAKUDI,6,PALANIVEL R,All India Puratchi Thalaivar Makkal Munnettra Kazhagam,439,4,443,0.25
151,TITTAKUDI,7,RAJASEKAR A,Tamilaga Vettri Kazhagam,60153,324,60477,34.41
151,TITTAKUDI,8,JAYARAMAN N,Bahujan Dravida Party,158,0,158,0.09
151,TITTAKUDI,9,JAYA K,Tamizhaga Vaazhvurimai Katchi,336,2,338,0.19
151,TITTAKUDI,10,SILAMBARASAN J,Independent,274,1,275,0.16
151,TITTAKUDI,11,PADMANATHAN V,Independent,135,1,136,0.08
151,TITTAKUDI,12,PERINBAM D,Independent,313,2,315,0.18
151,TITTAKUDI,13,MURUGAN A,Independent,400,1,401,0.23
151,TITTAKUDI,14,VELMURUGAN G,Independent,548,1,549,0.31
151,TITTAKUDI,15,NOTA,None of the Above,570,14,584,0.33
152,VRIDDHACHALAM,1,ANANTHI DHANDAPANI,Naam Tamilar Katchi,5962,85,6047,2.89
152,VRIDDHACHALAM,2,SIVAPRAKASAM.V,Bahujan Samaj Party,370,4,374,0.18
152,VRIDDHACHALAM,3,PREMALLATHA VIJAYAKANT,Desiya Murpokku Dravida Kazhagam,68625,726,69351,33.15
152,VRIDDHACHALAM,4,ARIVAZHAGAN.E.N,Tamizhaga Vaazhvurimai Katchi,1872,24,1896,0.91
152,VRIDDHACHALAM,5,ARIVUDAINAMBI.S,Anti Corruption Dynamic Party,900,4,904,0.43
152,VRIDDHACHALAM,6,SATHIYA.B,Anna Makkal Katchi,157,3,160,0.08
152,VRIDDHACHALAM,7,SIDHARTHAN.S,Desiya Makkal Sakthi Katchi,225,0,225,0.11
152,VRIDDHACHALAM,8,GNANASUNDARI.M,Aanaithinthiya Jananayaka Pathukappu Kazhagam,608,3,611,0.29
152,VRIDDHACHALAM,9,DR.TAMIZHARASI.P,Pattali Makkal Katchi,59086,705,59791,28.58
152,VRIDDHACHALAM,10,VIJAY.S,Tamilaga Vettri Kazhagam,66429,535,66964,32.01
152,VRIDDHACHALAM,11,EZHILKUMAR.K,Independent,174,1,175,0.08
152,VRIDDHACHALAM,12,SIVASANKARAN.K,Independent,160,1,161,0.08
152,VRIDDHACHALAM,13,SRINIVASAN.R,Independent,326,2,328,0.16
152,VRIDDHACHALAM,14,DURAI.K,Independent,737,1,738,0.35
152,VRIDDHACHALAM,15,DEIVEEGADASS.M,Independent,163,0,163,0.08
152,VRIDDHACHALAM,16,BALU.P,Independent,252,0,252,0.12
152,VRIDDHACHALAM,17,PRABAKARAN.T,Independent,129,0,129,0.06
152,VRIDDHACHALAM,18,JAYAPRAKASH.S,Independent,161,1,162,0.08
152,VRIDDHACHALAM,19,NOTA,None of the Above,740,15,755,0.36
153,NEYVELI,1,SABA.RAJENDRAN,Dravida Munnetra Kazhagam,51951,818,52769,31.26
153,NEYVELI,2,RAJENDRAN.R,All India Anna Dravida Munnetra Kazhagam,62862,869,63731,37.76
153,NEYVELI,3,VEERAMANI.B,Naam Tamilar Katchi,4382,62,4444,2.63
153,NEYVELI,4,JOTHIMURUGAN.V,Bahujan Samaj Party,130,1,131,0.08
153,NEYVELI,5,ANAND.K,Tamilaga Vettri Kazhagam,33956,335,34291,20.32
153,NEYVELI,6,THIRUMALVALAVAN.T,Tamizhaga Vaazhvurimai Katchi,11246,135,11381,6.74
153,NEYVELI,7,MAYAKRISHNAN.K,Veerath Thiyagi Viswanathadoss Thozhilalarkal Katchi,136,0,136,0.08
153,NEYVELI,8,KARTHIKEYAN.C.M,Independent,457,2,459,0.27
153,NEYVELI,9,SATHIYASEELAN.M,Independent,100,2,102,0.06
153,NEYVELI,10,CHEZHIYAN.G,Independent,220,1,221,0.13
153,NEYVELI,11,MANIMARAN.P,Independent,343,4,347,0.21
153,NEYVELI,12,NOTA,None of the Above,764,4,768,0.46
154,PANRUTI,1,ABDUR RAHMAN. A.R,Viduthalai Chiruthaigal Katchi,66816,919,67735,32.14
154,PANRUTI,2,BANUPRIYA. M,Naam Tamilar Katchi,4783,101,4884,2.32
154,PANRUTI,3,MOHAN. K,All India Anna Dravida Munnetra Kazhagam,77385,1013,78398,37.2
154,PANRUTI,4,SRIKANTHU. S,Bahujan Samaj Party,410,2,412,0.2
154,PANRUTI,5,SURENDAR. R,Tamizhaga Vaazhvurimai Katchi,1430,19,1449,0.69
154,PANRUTI,6,PRAKASH. R,Thamizhaka Padaippalar Makkal Katchi,387,1,388,0.18
154,PANRUTI,7,MANIKANDAN. M,Tamilaga Vettri Kazhagam,55455,567,56022,26.58
154,PANRUTI,8,MOHAMMED SAFI. A,Independent,430,1,431,0.2
154,PANRUTI,9,RAMALINGAM. A,Independent,138,3,141,0.07
154,PANRUTI,10,NOTA,None of the Above,899,8,907,0.43
155,CUDDALORE,1,A.S.CHANDARASEKARAN,Indian National Congress,54063,1274,55337,29.07
155,CUDDALORE,2,M.C.SAMPATH,All India Anna Dravida Munnetra Kazhagam,54176,1082,55258,29.03
155,CUDDALORE,3,S.SARASU,Naam Tamilar Katchi,5649,117,5766,3.03
155,CUDDALORE,4,P.NATARAJAN,Bahujan Samaj Party,135,1,136,0.07
155,CUDDALORE,5,S. RAMASAMY,All India Puratchi Thalaivar Makkal Munnettra Kazhagam,367,8,375,0.2
155,CUDDALORE,6,B.RAJKUMAR,Tamilaga Vettri Kazhagam,69847,1009,70856,37.22
155,CUDDALORE,7,K.LENIN,Tamizhaga Vaazhvurimai Katchi,615,8,623,0.33
155,CUDDALORE,8,S.RAJAMOHAN,Independent,51,0,51,0.03
155,CUDDALORE,9,E.GURUBARAN,Independent,95,2,97,0.05
155,CUDDALORE,10,V. SUGANTHI,Independent,62,0,62,0.03
155,CUDDALORE,11,P.NAGASUNDARAM,Independent,320,7,327,0.17
155,CUDDALORE,12,E.FAROOK ALI,Independent,74,0,74,0.04
155,CUDDALORE,13,R.MAYAVAN,Independent,96,1,97,0.05
155,CUDDALORE,14,R.RAMACHANDRAN,Independent,207,4,211,0.11
155,CUDDALORE,15,R. VEERAMANI,Independent,212,2,214,0.11
155,CUDDALORE,16,NOTA,None of the Above,865,29,894,0.47
156,KURINJIPADI,1,KAVITHA RENGANATHAN,Naam Tamilar Katchi,4744,69,4813,2.25
156,KURINJIPADI,2,M  KANAGARAJ,Bahujan Samaj Party,269,4,273,0.13
156,KURINJIPADI,3,M.R.K.PANNEERSELVAM,Dravida Munnetra Kazhagam,75778,917,76695,35.84
156,KURINJIPADI,4,A  BHUVANENTHIRAN,All India Anna Dravida Munnetra Kazhagam,68444,662,69106,32.3
156,KURINJIPADI,5,T  KANNAN,Tamizhaga Vaazhvurimai Katchi,7065,48,7113,3.32
156,KURINJIPADI,6,R  SRINIVASAN,Tamil Telugu National Party,319,4,323,0.15
156,KURINJIPADI,7,RAJKUMAR D,Tamilaga Vettri Kazhagam,52623,487,53110,24.82
156,KURINJIPADI,8,ARUMUGAM  R,Independent,928,0,928,0.43
156,KURINJIPADI,9,DHANAKESAVAMOORTHY A.C.T,Independent,265,0,265,0.12
156,KURINJIPADI,10,MANIMALA  R,Independent,456,2,458,0.21
156,KURINJIPADI,11,MUTHAZHAGAN  N,Independent,252,0,252,0.12
156,KURINJIPADI,12,NOTA,None of the Above,609,20,629,0.29
157,BHUVANAGIRI,1,ARUNMOZHITHEVAN . A,All India Anna Dravida Munnetra Kazhagam,74628,1079,75707,36.52
157,BHUVANAGIRI,2,KUMARAVELU . M,Bahujan Samaj Party,360,3,363,0.18
157,BHUVANAGIRI,3,SARAVANAN. DURAI . K,Dravida Munnetra Kazhagam,72220,1000,73220,35.32
157,BHUVANAGIRI,4,SUMATHI . S,Naam Tamilar Katchi,5025,80,5105,2.46
157,BHUVANAGIRI,5,MAHALINGAM . T,Tamilaga Vettri Kazhagam,49506,398,49904,24.07
157,BHUVANAGIRI,6,MUTHAMIZHAN . SEVA,Tamizhaga Vaazhvurimai Katchi,894,18,912,0.44
157,BHUVANAGIRI,7,ARUNMOZHI . V,Independent,306,2,308,0.15
157,BHUVANAGIRI,8,EZHILVENTHAN . P,Independent,48,1,49,0.02
157,BHUVANAGIRI,9,IYYAPPAN . S,Independent,69,1,70,0.03
157,BHUVANAGIRI,10,SARAVANAN . J,Independent,83,6,89,0.04
157,BHUVANAGIRI,11,BALAMURUGAN . M. R,Independent,324,0,324,0.16
157,BHUVANAGIRI,12,BALAMURUGAN . G. C,Independent,336,3,339,0.16
157,BHUVANAGIRI,13,RAJA SEKAR . G,Independent,239,0,239,0.12
157,BHUVANAGIRI,14,NOTA,None of the Above,672,9,681,0.33
158,CHIDAMBARAM,1,THAMIMUN ANSARI. M,Dravida Munnetra Kazhagam,68566,1173,69739,35.48
158,CHIDAMBARAM,2,THAMIZH,Naam Tamilar Katchi,6014,155,6169,3.14
158,CHIDAMBARAM,3,PANDIAN. K.A,All India Anna Dravida Munnetra Kazhagam,62826,1166,63992,32.55
158,CHIDAMBARAM,4,DHANASEKARAN. M,All India Puratchi Thalaivar Makkal Munnettra Kazhagam,333,6,339,0.17
158,CHIDAMBARAM,5,NEDUNCHEZHIYAN,Tamilaga Vettri Kazhagam,53945,639,54584,27.77
158,CHIDAMBARAM,6,MUNISANKAR. K,Anna Puratchi Thalaivar Amma Dravida Munnetra Kazhagam,126,0,126,0.06
158,CHIDAMBARAM,7,EASAN NATARAJAN. T,Independent,129,1,130,0.07
158,CHIDAMBARAM,8,THIRUGNANAM. K,Independent,162,1,163,0.08
158,CHIDAMBARAM,9,MANIMARAN. D,Independent,211,0,211,0.11
158,CHIDAMBARAM,10,VENKATESAN. D,Independent,154,3,157,0.08
158,CHIDAMBARAM,11,ER. JAYAKKUMAR. R,Independent,158,2,160,0.08
158,CHIDAMBARAM,12,NOTA,None of the Above,777,39,816,0.42
159,KATTUMANNARKOIL,1,SATHEESHKUMAR .M,Bahujan Samaj Party,245,7,252,0.13
159,KATTUMANNARKOIL,2,SIVAJOTHI .M,Naam Tamilar Katchi,4480,83,4563,2.43
159,KATTUMANNARKOIL,3,L.E. JOTHIMANI,Viduthalai Chiruthaigal Katchi,84130,1049,85179,45.33
159,KATTUMANNARKOIL,4,ALAVANTHAR .M,Tamizhaga Vaazhvurimai Katchi,559,4,563,0.3
159,KATTUMANNARKOIL,5,G. KALYANA SUNDARAM,All India Jananayaka Makkal Kazhagam,246,1,247,0.13
159,KATTUMANNARKOIL,6,S. SEENUVASAN,Tamilaga Vettri Kazhagam,42798,358,43156,22.97
159,KATTUMANNARKOIL,7,A. SOZHAN,Pattali Makkal Katchi,51360,756,52116,27.74
159,KATTUMANNARKOIL,8,BABU .B,Rashtriya Samaj Dal (R),188,1,189,0.1
159,KATTUMANNARKOIL,9,S. MURALI,Aanaithinthiya Jananayaka Pathukappu Kazhagam,338,4,342,0.18
159,KATTUMANNARKOIL,10,M.A.T. ARCHUNAN,Independent,324,0,324,0.17
159,KATTUMANNARKOIL,11,SANKARKUMAR .S,Independent,508,1,509,0.27
159,KATTUMANNARKOIL,12,NOTA,None of the Above,455,10,465,0.25
160,SIRKAZHI,1,GAJENDRAN.KANAGA,Bahujan Samaj Party,634,6,640,0.32
160,SIRKAZHI,2,SAKTHI.M,All India Anna Dravida Munnetra Kazhagam,59441,591,60032,29.95
160,SIRKAZHI,3,SUBASH.R,Naam Tamilar Katchi,7330,67,7397,3.69
160,SIRKAZHI,4,SENTHILSELVAN.R,Dravida Munnetra Kazhagam,70765,684,71449,35.64
160,SIRKAZHI,5,GOPINATH.S,Tamilaga Vettri Kazhagam,58886,263,59149,29.51
160,SIRKAZHI,6,PANDIYAN.C.R,Indhu Dravida Makkal Katchi,249,0,249,0.12
160,SIRKAZHI,7,BABUSANKAR.R,Our Mahathma National Party,193,1,194,0.1
160,SIRKAZHI,8,PETHAPERUMAL.K,Tamizhaga Vaazhvurimai Katchi,201,0,201,0.1
160,SIRKAZHI,9,MALATHI.A,All India Puratchi Thalaivar Makkal Munnettra Kazhagam,362,3,365,0.18
160,SIRKAZHI,10,TAMILVENTHAN.R,Independent,215,2,217,0.11
160,SIRKAZHI,11,NOTA,None of the Above,549,6,555,0.28
161,MAYILADUTHURAI,1,KASIRAMAN. K,Naam Tamilar Katchi,6809,77,6886,3.65
161,MAYILADUTHURAI,2,VENKATESAN. K,Bahujan Samaj Party,202,4,206,0.11
161,MAYILADUTHURAI,3,JAMAL MOHAMED YOUNOOS. Y.N,Indian National Congress,67189,822,68011,36.09
161,MAYILADUTHURAI,4,ARAVAAZHI. K,All India Jananayaka Makkal Kazhagam,357,4,361,0.19
161,MAYILADUTHURAI,5,KARTHICK. A,Samaniya Makkal Nala Katchi,76,2,78,0.04
161,MAYILADUTHURAI,6,SARAVANAN. K,Tamizhaga Vaazhvurimai Katchi,310,2,312,0.17
161,MAYILADUTHURAI,7,PALANISAMY. A   M.COM.,Pattali Makkal Katchi,56621,545,57166,30.33
161,MAYILADUTHURAI,8,MANIMARAN,Veerath Thiyagi Viswanathadoss Thozhilalarkal Katchi,295,3,298,0.16
161,MAYILADUTHURAI,9,HAROON RASHEED. S.S,Tamilaga Vettri Kazhagam,52242,296,52538,27.88
161,MAYILADUTHURAI,10,ANANTHAKUMAR. R,Independent,196,2,198,0.11
161,MAYILADUTHURAI,11,GANGADHARAN. R,Independent,305,2,307,0.16
161,MAYILADUTHURAI,12,GOBALA KRISHNAN. S,Independent,142,4,146,0.08
161,MAYILADUTHURAI,13,SAMPATH. L,Independent,274,3,277,0.15
161,MAYILADUTHURAI,14,THIMOTHY. T,Independent,277,0,277,0.15
161,MAYILADUTHURAI,15,NATARAJAN. R,Independent,104,2,106,0.06
161,MAYILADUTHURAI,16,NAVANITHAM. S,Independent,241,4,245,0.13
161,MAYILADUTHURAI,17,BHARATHIRAJA. B,Independent,104,0,104,0.06
161,MAYILADUTHURAI,18,RAMKUMAR. S BBA.LLB,Independent,58,2,60,0.03
161,MAYILADUTHURAI,19,VEERASAMY. T,Independent,329,0,329,0.17
161,MAYILADUTHURAI,20,JAMAL MOHAMED,Independent,81,1,82,0.04
161,MAYILADUTHURAI,21,NOTA,None of the Above,465,9,474,0.25
162,POOMPUHAR,1,ILAYANAGULAN. K,Naam Tamilar Katchi,6308,45,6353,2.9
162,POOMPUHAR,2,NIVEDHA M MURUGAN,Dravida Munnetra Kazhagam,80554,542,81096,36.98
162,POOMPUHAR,3,PAVUNRAJ. S,All India Anna Dravida Munnetra Kazhagam,72293,543,72836,33.21
162,POOMPUHAR,4,PRABAKARAN. V,Bahujan Samaj Party,343,2,345,0.16
162,POOMPUHAR,5,PURATCHIDASAN. T,Anaithinthiya Anna Dravida Makkal Seyal katchi,263,1,264,0.12
162,POOMPUHAR,6,VIJAYALAIYAN. J,Tamilaga Vettri Kazhagam,55684,218,55902,25.49
162,POOMPUHAR,7,ANANDARAJ. D,Independent,104,1,105,0.05
162,POOMPUHAR,8,INBARAJ. T,Independent,177,2,179,0.08
162,POOMPUHAR,9,NOOR NISHA. M,Independent,107,0,107,0.05
162,POOMPUHAR,10,MAYA VENKATESAN. M,Independent,725,5,730,0.33
162,POOMPUHAR,11,MURUGAN. S,Independent,78,5,83,0.04
162,POOMPUHAR,12,MUJIBUR RAHMAN. E.M.M,Independent,310,2,312,0.14
162,POOMPUHAR,13,SHANGAMITHTHIRAN. A,Independent,426,0,426,0.19
162,POOMPUHAR,14,NOTA,None of the Above,579,7,586,0.27
163,NAGAPATTINAM,1,THANKA.KATHIRAVAN,All India Anna Dravida Munnetra Kazhagam,41108,478,41586,27.48
163,NAGAPATTINAM,2,FATHIMA FARHANA.S,Naam Tamilar Katchi,5305,43,5348,3.53
163,NAGAPATTINAM,3,M.H.JAWAHIRULLAH,Dravida Munnetra Kazhagam,55695,610,56305,37.21
163,NAGAPATTINAM,4,M.SUGUMAR,Tamilaga Vettri Kazhagam,46291,233,46524,30.74
163,NAGAPATTINAM,5,J.V.DURAI,All India Youth Development Party,207,0,207,0.14
163,NAGAPATTINAM,6,K.RAJASEKAR,Puthiya Tamilagam,85,1,86,0.06
163,NAGAPATTINAM,7,VALLABADAS.E,Tamizhaga Vaazhvurimai Katchi,60,0,60,0.04
163,NAGAPATTINAM,8,M.IYYANKALAI,Independent,72,0,72,0.05
163,NAGAPATTINAM,9,T.KATHIRAVAN,Independent,48,6,54,0.04
163,NAGAPATTINAM,10,SAKTHIVEL,Independent,136,0,136,0.09
163,NAGAPATTINAM,11,N P BHASHGARAN,Independent,145,10,155,0.1
163,NAGAPATTINAM,12,S.PREM,Independent,150,0,150,0.1
163,NAGAPATTINAM,13,N.VIJAYARAGAVAN,Independent,162,2,164,0.11
163,NAGAPATTINAM,14,NOTA,None of the Above,473,6,479,0.32
164,KILVELUR,1,KARTHIKA. M,Naam Tamilar Katchi,7942,127,8069,5.32
164,KILVELUR,2,LATHA. T,Communist Party of India (Marxist),55409,699,56108,37
164,KILVELUR,3,SURENTHAR. K,Puthiya Tamilagam,558,5,563,0.37
164,KILVELUR,4,SENTHIL PANDIAN. P,Tamilaga Vettri Kazhagam,53333,497,53830,35.5
164,KILVELUR,5,VADIVEL RAVANAN. S,Pattali Makkal Katchi,31322,353,31675,20.89
164,KILVELUR,6,VEDHA MUKUNDHAN,Aanaithinthiya Jananayaka Pathukappu Kazhagam,435,2,437,0.29
164,KILVELUR,7,JAIVISHNUDEVI. M,Independent,405,5,410,0.27
164,KILVELUR,8,NOTA,None of the Above,537,8,545,0.36
165,VEDARANYAM,1,KARTHICK. T,Naam Tamilar Katchi,10211,185,10396,6.41
165,VEDARANYAM,2,PUGAZHENDI. M,Dravida Munnetra Kazhagam,50587,1254,51841,31.96
165,VEDARANYAM,3,MANIAN. O.S,All India Anna Dravida Munnetra Kazhagam,58108,1064,59172,36.48
165,VEDARANYAM,4,KINGSLY GERALD. A,Tamilaga Vettri Kazhagam,38071,276,38347,23.64
165,VEDARANYAM,5,LINGESWARAN. M,All India Puratchi Thalaivar Makkal Munnettra Kazhagam,378,4,382,0.24
165,VEDARANYAM,6,RAJASIMMAN. D,Independent,253,6,259,0.16
165,VEDARANYAM,7,GOWTHAMAN. M,Independent,202,2,204,0.13
165,VEDARANYAM,8,SATHIYASEELAN. M,Independent,206,1,207,0.13
165,VEDARANYAM,9,SELVAKUMAR. S,Independent,158,0,158,0.1
165,VEDARANYAM,10,THIVASKAR. B,Independent,309,15,324,0.2
165,VEDARANYAM,11,VEERAKUMAR. V,Independent,352,11,363,0.22
165,VEDARANYAM,12,NOTA,None of the Above,548,15,563,0.35
166,THIRUTHURAIPOONDI,1,BALATHANDAYUTHAM.U,All India Anna Dravida Munnetra Kazhagam,42732,341,43073,22.55
166,THIRUTHURAIPOONDI,2,MARIMUTHU.K,Communist Party of India,73139,923,74062,38.77
166,THIRUTHURAIPOONDI,3,VIMALA.A,Bahujan Samaj Party,512,13,525,0.27
166,THIRUTHURAIPOONDI,4,VINOTHINI.R,Naam Tamilar Katchi,10047,129,10176,5.33
166,THIRUTHURAIPOONDI,5,ARUMUGAM.N,Tamizhaga Vaazhvurimai Katchi,445,5,450,0.24
166,THIRUTHURAIPOONDI,6,PANDIYAN.S,Tamilaga Vettri Kazhagam,60771,369,61140,32.01
166,THIRUTHURAIPOONDI,7,SIVAPRAKASAM.V,Independent,276,2,278,0.15
166,THIRUTHURAIPOONDI,8,MURUGANANTHAM.V,Independent,163,1,164,0.09
166,THIRUTHURAIPOONDI,9,JAYASANGAR.A,Independent,360,5,365,0.19
166,THIRUTHURAIPOONDI,10,NOTA,None of the Above,775,22,797,0.42
167,MANNARGUDI,1,KAMARAJ.S,Bahujan Samaj Party,385,2,387,0.2
167,MANNARGUDI,2,BHARATHISELVAN.R,Naam Tamilar Katchi,8153,87,8240,4.25
167,MANNARGUDI,3,RAJAA.T.R.B,Dravida Munnetra Kazhagam,66068,782,66850,34.44
167,MANNARGUDI,4,KAMARAJ. S,Amma Makkal Munnettra Kazagam,67837,579,68416,35.25
167,MANNARGUDI,5,GOVINDARAJ.G,Tamizhaga Vaazhvurimai Katchi,633,2,635,0.33
167,MANNARGUDI,6,BHARATHI.B,Puthiya Tamilagam,328,15,343,0.18
167,MANNARGUDI,7,MUTHUVEL.V,Tamilaga Makkal Nala Katchi,114,1,115,0.06
167,MANNARGUDI,8,RASUPILLAI.S,All India Puratchi Thalaivar Makkal Munnettra Kazhagam,1943,6,1949,1
167,MANNARGUDI,9,RAJARAJAN.U,Tamilaga Vettri Kazhagam,44026,240,44266,22.81
167,MANNARGUDI,10,ARULPRAKASH. P,Independent,284,1,285,0.15
167,MANNARGUDI,11,KAMARAJ.A,Independent,645,19,664,0.34
167,MANNARGUDI,12,DURAI ARASAN.K,Independent,148,1,149,0.08
167,MANNARGUDI,13,NAMASIVAYAM.N,Independent,659,0,659,0.34
167,MANNARGUDI,14,PRABHU. S,Independent,632,1,633,0.33
167,MANNARGUDI,15,MARIMUTHU.A.V.M,Independent,104,0,104,0.05
167,MANNARGUDI,16,NOTA,None of the Above,399,6,405,0.21
168,THIRUVARUR,1,ASWINI B,Naam Tamilar Katchi,9896,135,10031,4.6
168,THIRUVARUR,2,KALAIVANAN POONDI  K,Dravida Munnetra Kazhagam,92504,904,93408,42.87
168,THIRUVARUR,3,CHANDRASEKARAN  GOVI,Bharatiya Janata Party,35978,409,36387,16.7
168,THIRUVARUR,4,KANTHAN A,Tamizhaga Vaazhvurimai Katchi,497,6,503,0.23
168,THIRUVARUR,5,THIYAGARAJAN .M,Puthiya Tamilagam,510,16,526,0.24
168,THIRUVARUR,6,VEERAMANI V,Tamilaga Vettri Kazhagam,74822,438,75260,34.54
168,THIRUVARUR,7,MUTHARASAN S,Independent,339,3,342,0.16
168,THIRUVARUR,8,SAHUL HAMEED M,Independent,588,5,593,0.27
168,THIRUVARUR,9,NOTA,None of the Above,813,12,825,0.38
169,NANNILAM,1,KAMARAJ. R,All India Anna Dravida Munnetra Kazhagam,102544,918,103462,44.7
169,NANNILAM,2,THENMOZHI DILIPKUMAR,Naam Tamilar Katchi,8370,76,8446,3.65
169,NANNILAM,3,MOHAMED MUBARAK,Dravida Munnetra Kazhagam,61181,557,61738,26.68
169,NANNILAM,4,SIVARAMAN. T,Tamizhaga Vaazhvurimai Katchi,287,2,289,0.12
169,NANNILAM,5,TAMILSELVAN. M,Puthiya Tamilagam,215,4,219,0.09
169,NANNILAM,6,PRABHAKARAN. S,Tamilaga Vettri Kazhagam,54262,268,54530,23.56
169,NANNILAM,7,RAJA. S,All India Puratchi Thalaivar Makkal Munnettra Kazhagam,854,7,861,0.37
169,NANNILAM,8,SANKAR. R,Independent,52,0,52,0.02
169,NANNILAM,9,SHANMUGARAJA. D,Independent,76,10,86,0.04
169,NANNILAM,10,SURESH. V,Independent,104,0,104,0.04
169,NANNILAM,11,BHARATHIMOHAN.  K.S,Independent,98,5,103,0.04
169,NANNILAM,12,MOHUMED RIYAS. K,Independent,140,3,143,0.06
169,NANNILAM,13,RAVICHANDRAN. R,Independent,251,0,251,0.11
169,NANNILAM,14,RAJASEKAR. R,Independent,224,0,224,0.1
169,NANNILAM,15,NOTA,None of the Above,930,6,936,0.4
170,THIRUVIDAIMARUDUR,1,ELAMATHI SUBRAMANIAN,All India Anna Dravida Munnetra Kazhagam,52592,330,52922,25.33
170,THIRUVIDAIMARUDUR,2,GOVI.CHEZHIAAN,Dravida Munnetra Kazhagam,79307,644,79951,38.26
170,THIRUVIDAIMARUDUR,3,M.DIVYA BHARATHI,Naam Tamilar Katchi,6313,50,6363,3.05
170,THIRUVIDAIMARUDUR,4,T.M.PURATCHI MANI,Bahujan Samaj Party,1021,22,1043,0.5
170,THIRUVIDAIMARUDUR,5,KANNAIYAN. T,Communist Party of India (Marxist-Leninist) (Liberation),317,4,321,0.15
170,THIRUVIDAIMARUDUR,6,S.PRABAKARAN,Tamilaga Vettri Kazhagam,65620,215,65835,31.51
170,THIRUVIDAIMARUDUR,7,A.VISWANATHAN,Tamizhaga Vaazhvurimai Katchi,272,1,273,0.13
170,THIRUVIDAIMARUDUR,8,ARAVINDARAJ. R,Independent,84,0,84,0.04
170,THIRUVIDAIMARUDUR,9,KEERTHIGA. K,Independent,90,5,95,0.05
170,THIRUVIDAIMARUDUR,10,SELVARANI. S,Independent,131,8,139,0.07
170,THIRUVIDAIMARUDUR,11,M.TAMILMARAN,Independent,141,2,143,0.07
170,THIRUVIDAIMARUDUR,12,DHANASEKAR,Independent,266,0,266,0.13
170,THIRUVIDAIMARUDUR,13,L.PRABAKARAN,Independent,174,0,174,0.08
170,THIRUVIDAIMARUDUR,14,P.MANIKANDAN,Independent,587,1,588,0.28
170,THIRUVIDAIMARUDUR,15,NOTA,None of the Above,740,7,747,0.36
171,KUMBAKONAM,1,ASHOKKUMAR R,Bharatiya Janata Party,39558,545,40103,19.25
171,KUMBAKONAM,2,ANBALAGAN G,Dravida Munnetra Kazhagam,76932,1039,77971,37.43
171,KUMBAKONAM,3,ANANDH M,Naam Tamilar Katchi,7611,99,7710,3.7
171,KUMBAKONAM,4,AROKIYARAJ V,Tamizhaga Vaazhvurimai Katchi,196,0,196,0.09
171,KUMBAKONAM,5,SUNDAR G,Thamizh Desiya Munnetra Kazhagam,232,1,233,0.11
171,KUMBAKONAM,6,VINOTH,Tamilaga Vettri Kazhagam,78255,395,78650,37.76
171,KUMBAKONAM,7,ARIVAZHAGAN K,Independent,235,6,241,0.12
171,KUMBAKONAM,8,KARTHI G,Independent,89,1,90,0.04
171,KUMBAKONAM,9,SRINIVASAN V,Independent,380,4,384,0.18
171,KUMBAKONAM,10,SENTHAMILSELVI S,Independent,77,6,83,0.04
171,KUMBAKONAM,11,RAMAMOORTHI R,Independent,89,0,89,0.04
171,KUMBAKONAM,12,VIJAYAKUMAR C,Independent,170,3,173,0.08
171,KUMBAKONAM,13,STALIN MA KA,Independent,1392,13,1405,0.67
171,KUMBAKONAM,14,NOTA,None of the Above,941,19,960,0.46
172,PAPANASAM,1,ANIS FATHIMA,Naam Tamilar Katchi,9497,107,9604,4.62
172,PAPANASAM,2,DORAI. SHANMUGA PRABU,All India Anna Dravida Munnetra Kazhagam,56543,529,57072,27.48
172,PAPANASAM,3,AZARUDEEN UDUMAN ALI,Tamilaga Vettri Kazhagam,67855,364,68219,32.84
172,PAPANASAM,4,C. CHANDRASEKARAN,Thamizh Desiya Munnetra Kazhagam,515,9,524,0.25
172,PAPANASAM,5,B. DHAMODHARAN,Tamizhaga Vaazhvurimai Katchi,303,4,307,0.15
172,PAPANASAM,6,K. MASILAMANI,Communist Party of India (Marxist-Leninist) (Liberation),354,1,355,0.17
172,PAPANASAM,7,A.M. SHAHJAHAN,Indian Union Muslim League,68742,542,69284,33.35
172,PAPANASAM,8,A. ANIS FATHIMA ABDUL RAHIM,Independent,501,2,503,0.24
172,PAPANASAM,9,V. KULANDHAIVELU,Independent,202,3,205,0.1
172,PAPANASAM,10,A S THANGARASU,Independent,196,5,201,0.1
172,PAPANASAM,11,V. THIYAGARAJAN,Independent,248,0,248,0.12
172,PAPANASAM,12,S. NATARAJAN,Independent,296,1,297,0.14
172,PAPANASAM,13,K. RAJENDRAN,Independent,187,1,188,0.09
172,PAPANASAM,14,NOTA,None of the Above,702,14,716,0.34
173,THIRUVAIYARU,1,DURAI. CHANDRASEKARAN,Dravida Munnetra Kazhagam,79538,887,80425,36.21
173,THIRUVAIYARU,2,DURAI. SENTHILNATHAN,Naam Tamilar Katchi,10539,142,10681,4.81
173,THIRUVAIYARU,3,VELU. KARTHIKEYAN,Amma Makkal Munnettra Kazagam,54663,458,55121,24.82
173,THIRUVAIYARU,4,MATHI. MANIKANDAN,Tamilaga Vettri Kazhagam,71280,590,71870,32.36
173,THIRUVAIYARU,5,S. VIJAYAKUMAR,Anna Puratchi Thalaivar Amma Dravida Munnetra Kazhagam,293,0,293,0.13
173,THIRUVAIYARU,6,VIJAYA BABU,Tamizhaga Vaazhvurimai Katchi,1106,24,1130,0.51
173,THIRUVAIYARU,7,V. VENU,Puthiya Tamilagam,341,11,352,0.16
173,THIRUVAIYARU,8,ABIMAN,Independent,125,2,127,0.06
173,THIRUVAIYARU,9,ER.S. ARJUN,Independent,151,5,156,0.07
173,THIRUVAIYARU,10,R. SATHIYANARAYANAN,Independent,177,1,178,0.08
173,THIRUVAIYARU,11,RAJASEKARAN. S,Independent,345,12,357,0.16
173,THIRUVAIYARU,12,R. RAJKUMAR,Independent,306,0,306,0.14
173,THIRUVAIYARU,13,JAYAINDHRAESWARAN,Independent,167,0,167,0.08
173,THIRUVAIYARU,14,NOTA,None of the Above,935,13,948,0.43
174,THANJAVUR,1,SHAN. RAMANATHAN,Dravida Munnetra Kazhagam,69339,1411,70750,35.59
174,THANJAVUR,2,N. KRISHNAKUMAR,Naam Tamilar Katchi,9235,148,9383,4.72
174,THANJAVUR,3,KARUPPU MURUGANANTHAM,Bharatiya Janata Party,26350,440,26790,13.48
174,THANJAVUR,4,H. MOHAMED ABDUL KHADIR,Tamizhaga Vaazhvurimai Katchi,264,2,266,0.13
174,THANJAVUR,5,S. MUTHUVEL,Bahujan Dravida Party,508,5,513,0.26
174,THANJAVUR,6,R. VIJAYSARAVANAN,Tamilaga Vettri Kazhagam,86874,831,87705,44.12
174,THANJAVUR,7,S. KARIKALA CHOLAN,Independent,793,7,800,0.4
174,THANJAVUR,8,D. KUMARAN,Independent,156,1,157,0.08
174,THANJAVUR,9,M. SANTHOSH,Independent,170,9,179,0.09
174,THANJAVUR,10,R. SABTHAGIRI,Independent,136,1,137,0.07
174,THANJAVUR,11,R. MURALIDHARAN,Independent,822,22,844,0.42
174,THANJAVUR,12,NOTA,None of the Above,1245,29,1274,0.64
175,ORATHANADU,1,M. SEKAR,All India Anna Dravida Munnetra Kazhagam,43890,370,44260,22.66
175,ORATHANADU,2,S.THIRUMURUGAN,Naam Tamilar Katchi,10048,87,10135,5.19
175,ORATHANADU,3,R. VAITHILINGAM,Dravida Munnetra Kazhagam,85816,943,86759,44.42
175,ORATHANADU,4,DR. K. ARVIND,Tamilaga Vettri Kazhagam,51412,319,51731,26.49
175,ORATHANADU,5,C. GUNASEKARAN,Thamizh Desiya Munnetra Kazhagam,351,1,352,0.18
175,ORATHANADU,6,M. SELVARAJ,Party for the Rights of Other backward Classes,545,3,548,0.28
175,ORATHANADU,7,A. AJESHKANNAN,Independent,257,0,257,0.13
175,ORATHANADU,8,M. KANAGARAJ,Independent,353,1,354,0.18
175,ORATHANADU,9,T. VIJAYAKUMAR,Independent,269,8,277,0.14
175,ORATHANADU,10,NOTA,None of the Above,625,6,631,0.32
176,PATTUKKOTTAI,1,ANNADURAI K,Dravida Munnetra Kazhagam,65297,666,65963,35.9
176,PATTUKKOTTAI,2,KANNAN S,Naam Tamilar Katchi,13032,113,13145,7.15
176,PATTUKKOTTAI,3,SEKAR C V,All India Anna Dravida Munnetra Kazhagam,49324,251,49575,26.98
176,PATTUKKOTTAI,4,GURUMOORTHY M,Puthiya Tamilagam,519,2,521,0.28
176,PATTUKKOTTAI,5,MATHAN C,Tamilaga Vettri Kazhagam,51962,247,52209,28.41
176,PATTUKKOTTAI,6,ANNADURAI C N,Independent,382,0,382,0.21
176,PATTUKKOTTAI,7,SURESH M R,Independent,237,1,238,0.13
176,PATTUKKOTTAI,8,SURESH R,Independent,195,0,195,0.11
176,PATTUKKOTTAI,9,MOHAMED SHARIF M,Independent,243,7,250,0.14
176,PATTUKKOTTAI,10,MUTHUKUMAR D,Independent,240,0,240,0.13
176,PATTUKKOTTAI,11,ZIAUDEEN A J,Independent,285,4,289,0.16
176,PATTUKKOTTAI,12,NOTA,None of the Above,729,9,738,0.4
177,PERAVURANI,1,ASHOKKUMAR. N,Dravida Munnetra Kazhagam,60262,657,60919,34.56
177,PERAVURANI,2,GOVI.ELANGO,All India Anna Dravida Munnetra Kazhagam,57353,404,57757,32.77
177,PERAVURANI,3,BHUVANA MANIYARASAN,Naam Tamilar Katchi,9054,68,9122,5.17
177,PERAVURANI,4,NEIVELI SASIKUMAR,Tamizhaga Vaazhvurimai Katchi,411,4,415,0.24
177,PERAVURANI,5,D.CHANDRAKANDEEBAN,Tamilaga Vettri Kazhagam,45394,182,45576,25.86
177,PERAVURANI,6,G.CHITHIRAVELU,Puthiya Tamilagam,275,3,278,0.16
177,PERAVURANI,7,R.RAVI,All India Puratchi Thalaivar Makkal Munnettra Kazhagam,557,3,560,0.32
177,PERAVURANI,8,T.ARULMURUGAN,Independent,293,1,294,0.17
177,PERAVURANI,9,U.UTHAYAKUMAR,Independent,235,6,241,0.14
177,PERAVURANI,10,PASUMAIBHOOMI NATARAJAN,Independent,415,2,417,0.24
177,PERAVURANI,11,NOTA,None of the Above,692,3,695,0.39
178,GANDHARVAKOTTAI,1,C. UTHAYAKUMAR,Bharatiya Janata Party,47427,329,47756,28.49
178,GANDHARVAKOTTAI,2,M. CHINNADURAI,Communist Party of India (Marxist),46188,546,46734,27.88
178,GANDHARVAKOTTAI,3,NATHIYA,Naam Tamilar Katchi,10082,107,10189,6.08
178,GANDHARVAKOTTAI,4,N. SUBRAMANIAN,Tamilaga Vettri Kazhagam,58386,409,58795,35.08
178,GANDHARVAKOTTAI,5,DHANARASU,Namadhu Makkal Katchi,403,2,405,0.24
178,GANDHARVAKOTTAI,6,ARUNKUMAR . S,Independent,642,11,653,0.39
178,GANDHARVAKOTTAI,7,SASIKUMAR P,Independent,320,9,329,0.2
178,GANDHARVAKOTTAI,8,SENTHILKUMAR N,Independent,637,5,642,0.38
178,GANDHARVAKOTTAI,9,T. MURUGESAN,Independent,403,1,404,0.24
178,GANDHARVAKOTTAI,10,M. LAKSHMANAN,Independent,584,0,584,0.35
178,GANDHARVAKOTTAI,11,NOTA,None of the Above,1120,7,1127,0.67
179,VIRALIMALAI,1,SATHYALAKSHMI. K,Naam Tamilar Katchi,9389,78,9467,4.64
179,VIRALIMALAI,2,CHELLAPANDIYAN. K.K,Dravida Munnetra Kazhagam,39884,513,40397,19.81
179,VIRALIMALAI,3,VIJAYABASKAR. C,All India Anna Dravida Munnetra Kazhagam,104857,916,105773,51.87
179,VIRALIMALAI,4,KARTHIKA PRAKASH,All India Puratchi Thalaivar Makkal Munnettra Kazhagam,830,4,834,0.41
179,VIRALIMALAI,5,SELVARAJ. A,Puthiya Tamilagam,245,6,251,0.12
179,VIRALIMALAI,6,PALANISAMY. K,Veerath Thiyagi Viswanathadoss Thozhilalarkal Katchi,261,0,261,0.13
179,VIRALIMALAI,7,MURUGESAN. P,Tamilaga Vettri Kazhagam,43464,236,43700,21.43
179,VIRALIMALAI,8,ADAIKALARAJ. S,Independent,95,1,96,0.05
179,VIRALIMALAI,9,ALAGAR. P ADVOCATE,Independent,52,0,52,0.03
179,VIRALIMALAI,10,CHANDRAJOTHI. M,Independent,58,2,60,0.03
179,VIRALIMALAI,11,SUBBAIAH. R,Independent,71,4,75,0.04
179,VIRALIMALAI,12,THIRUMURUGAN. A,Independent,68,2,70,0.03
179,VIRALIMALAI,13,THIRUMURUGAN. K,Independent,217,1,218,0.11
179,VIRALIMALAI,14,THIRUVENDRAN. V,Independent,424,0,424,0.21
179,VIRALIMALAI,15,PALANISAMY. A,Independent,134,0,134,0.07
179,VIRALIMALAI,16,BALASUBRAMANIAN. K.K,Independent,205,0,205,0.1
179,VIRALIMALAI,17,BALASUBRAMANIAN. M,Independent,130,0,130,0.06
179,VIRALIMALAI,18,BALAVEL MURUGESAN. T,Independent,215,0,215,0.11
179,VIRALIMALAI,19,MAHENDIRAN. K,Independent,555,0,555,0.27
179,VIRALIMALAI,20,MANIKANDAN. M,Independent,157,0,157,0.08
179,VIRALIMALAI,21,MATHIYALAGAN. G,Independent,57,1,58,0.03
179,VIRALIMALAI,22,RAJA. P,Independent,41,1,42,0.02
179,VIRALIMALAI,23,VEERAMANI. M,Independent,90,0,90,0.04
179,VIRALIMALAI,24,VEERAMANI. M,Independent,56,0,56,0.03
179,VIRALIMALAI,25,JAYAGANDHI. R,Independent,153,0,153,0.08
179,VIRALIMALAI,26,JOTHIVEL. A,Independent,73,0,73,0.04
179,VIRALIMALAI,27,NOTA,None of the Above,370,5,375,0.18
180,PUDUKKOTTAI,1,EZHILARASI VIJAYENDRAN,Naam Tamilar Katchi,11509,164,11673,6.13
180,PUDUKKOTTAI,2,V. MUTHURAJA,Dravida Munnetra Kazhagam,65745,1080,66825,35.1
180,PUDUKKOTTAI,3,N. RAMACHANDRAN,Bharatiya Janata Party,40686,403,41089,21.58
180,PUDUKKOTTAI,4,E. RAMALINGAM,Party for the Rights of Other backward Classes,507,3,510,0.27
180,PUDUKKOTTAI,5,K.M. SHARIFF,Tamilaga Vettri Kazhagam,64454,504,64958,34.12
180,PUDUKKOTTAI,6,S. NIYAZ AHAMED,Tamizhaga Vaazhvurimai Katchi,369,3,372,0.2
180,PUDUKKOTTAI,7,G. MANIMEGALAI,Communist Party of India (Marxist-Leninist) (Liberation),100,0,100,0.05
180,PUDUKKOTTAI,8,A. RAJASEKAR,Veerath Thiyagi Viswanathadoss Thozhilalarkal Katchi,74,0,74,0.04
180,PUDUKKOTTAI,9,K. RENGAN,Puthiya Tamilagam,121,1,122,0.06
180,PUDUKKOTTAI,10,G. ARIVAZHAGAN,Independent,80,1,81,0.04
180,PUDUKKOTTAI,11,KANGATHARAN .P,Independent,210,0,210,0.11
180,PUDUKKOTTAI,12,C. KARUPPAIAH,Independent,227,6,233,0.12
180,PUDUKKOTTAI,13,C. KARUPPAIAH,Independent,112,0,112,0.06
180,PUDUKKOTTAI,14,K. KAILASAKUMAR,Independent,666,3,669,0.35
180,PUDUKKOTTAI,15,C. GOVINDASAMY,Independent,238,1,239,0.13
180,PUDUKKOTTAI,16,R. SIVAKUMAR,Independent,192,0,192,0.1
180,PUDUKKOTTAI,17,A. SUBARESH RAJA,Independent,232,0,232,0.12
180,PUDUKKOTTAI,18,SENTHILNATHAN .B,Independent,465,1,466,0.24
180,PUDUKKOTTAI,19,S. SELVARAJ,Independent,350,1,351,0.18
180,PUDUKKOTTAI,20,K. DHANAGOPAL,Independent,102,0,102,0.05
180,PUDUKKOTTAI,21,G. DURAISARAVANAN,Independent,324,0,324,0.17
180,PUDUKKOTTAI,22,M. A. MUTHUKUMAR,Independent,79,4,83,0.04
180,PUDUKKOTTAI,23,G. MUTHURAJ,Independent,60,2,62,0.03
180,PUDUKKOTTAI,24,K. MURUGESAN,Independent,64,0,64,0.03
180,PUDUKKOTTAI,25,D. RAMESH,Independent,193,0,193,0.1
180,PUDUKKOTTAI,26,A. RADHAKRISHNAN,Independent,39,0,39,0.02
180,PUDUKKOTTAI,27,RAMACHANDRAN .C,Independent,125,3,128,0.07
180,PUDUKKOTTAI,28,C. RAMACHANDRAN,Independent,89,0,89,0.05
180,PUDUKKOTTAI,29,R. RAMACHANDRAN,Independent,190,0,190,0.1
180,PUDUKKOTTAI,30,V.R. JAYAKUMAR,Independent,127,2,129,0.07
180,PUDUKKOTTAI,31,NOTA,None of the Above,440,27,467,0.25
181,THIRUMAYAM,1,REGUPATHY.S,Dravida Munnetra Kazhagam,57676,525,58201,31.87
181,THIRUMAYAM,2,LAKSHMI SRINIVASAN,Naam Tamilar Katchi,9037,65,9102,4.98
181,THIRUMAYAM,3,VAIRAMUTHU.PK,All India Anna Dravida Munnetra Kazhagam,55073,391,55464,30.37
181,THIRUMAYAM,4,CHINTHAMANI.C,Tamilaga Vettri Kazhagam,56463,246,56709,31.05
181,THIRUMAYAM,5,SUBBIAH.A,Puthiya Tamilagam,358,1,359,0.2
181,THIRUMAYAM,6,MUTHUKARUPPAN.CN,Party for the Rights of Other backward Classes,225,3,228,0.12
181,THIRUMAYAM,7,RAMSINGH.SK,Tamizhaga Vaazhvurimai Katchi,97,0,97,0.05
181,THIRUMAYAM,8,RAJA.K,All India Puratchi Thalaivar Makkal Munnettra Kazhagam,133,2,135,0.07
181,THIRUMAYAM,9,ESWAR.S,Independent,238,0,238,0.13
181,THIRUMAYAM,10,SATHISHKUMAR.M,Independent,86,0,86,0.05
181,THIRUMAYAM,11,CHINNATHAMBI.P,Independent,193,0,193,0.11
181,THIRUMAYAM,12,SUBRAMANIAN.P,Independent,278,1,279,0.15
181,THIRUMAYAM,13,DURAIRAJAN.M,Independent,289,0,289,0.16
181,THIRUMAYAM,14,RAMNATH.T,Independent,285,2,287,0.16
181,THIRUMAYAM,15,NOTA,None of the Above,937,8,945,0.52
182,ALANGUDI,1,SIVA.V.MEYYANATHAN,Dravida Munnetra Kazhagam,64162,767,64929,35.98
182,ALANGUDI,2,R.RAJARAM,Naam Tamilar Katchi,10531,121,10652,5.9
182,ALANGUDI,3,DHANA VIMAL,All India Anna Dravida Munnetra Kazhagam,49794,269,50063,27.74
182,ALANGUDI,4,KANDASAMY,Tamilaga Vettri Kazhagam,51577,375,51952,28.78
182,ALANGUDI,5,R.SURESH,Party for the Rights of Other backward Classes,530,0,530,0.29
182,ALANGUDI,6,D.PUSHPARAJ,All India Puratchi Thalaivar Makkal Munnettra Kazhagam,603,15,618,0.34
182,ALANGUDI,7,S MALAIYANDI,Akila Inthiya Makkal Marumalarchi Kazhakam,183,1,184,0.1
182,ALANGUDI,8,V.KANNADASSAN,Independent,66,0,66,0.04
182,ALANGUDI,9,SASIKUMAR.P,Independent,155,3,158,0.09
182,ALANGUDI,10,B.SELVAM,Independent,131,5,136,0.08
182,ALANGUDI,11,T.THIRUMARAN,Independent,90,1,91,0.05
182,ALANGUDI,12,M.NAGARAJAN,Independent,123,2,125,0.07
182,ALANGUDI,13,K.MURUGESAN,Independent,174,0,174,0.1
182,ALANGUDI,14,S.VANMEGANADHAN,Independent,131,1,132,0.07
182,ALANGUDI,15,NOTA,None of the Above,664,9,673,0.37
183,ARANTHANGI,1,KAVITHA SRIKANTH,Bharatiya Janata Party,31147,309,31456,17.21
183,ARANTHANGI,2,MUTHULAKSHMI. S,Naam Tamilar Katchi,9871,104,9975,5.46
183,ARANTHANGI,3,RAMACHANDRAN . T,Indian National Congress,62449,733,63182,34.58
183,ARANTHANGI,4,NAZIM KHAN. M,Tamizhaga Vaazhvurimai Katchi,767,7,774,0.42
183,ARANTHANGI,5,MOHAMED FARVAS. J,Tamilaga Vettri Kazhagam,72661,583,73244,40.08
183,ARANTHANGI,6,ABDUL JAFFAR. S,Independent,319,3,322,0.18
183,ARANTHANGI,7,AIYAPPAN,Independent,136,2,138,0.08
183,ARANTHANGI,8,ARUNAGIRI . M,Independent,209,1,210,0.11
183,ARANTHANGI,9,UDAIYAPPAN. M,Independent,134,0,134,0.07
183,ARANTHANGI,10,KARTHIKEYAN. N,Independent,147,2,149,0.08
183,ARANTHANGI,11,KALIMUTHU. P,Independent,754,8,762,0.42
183,ARANTHANGI,12,SHAHUL HAMEED . N,Independent,798,0,798,0.44
183,ARANTHANGI,13,SUNDAR . A,Independent,291,2,293,0.16
183,ARANTHANGI,14,DHETCHNA MOORTHY. DOCTOR. S,Independent,401,7,408,0.22
183,ARANTHANGI,15,MURUGARETHINAM. T,Independent,302,3,305,0.17
183,ARANTHANGI,16,NOTA,None of the Above,575,5,580,0.32
184,KARAIKUDI,1,RANJITHKUMAR BALUSAMY,Bahujan Samaj Party,454,4,458,0.2
184,KARAIKUDI,2,SEEMAN,Naam Tamilar Katchi,30477,316,30793,13.43
184,KARAIKUDI,3,MANGUDI. S,Indian National Congress,54417,867,55284,24.11
184,KARAIKUDI,4,AZIZ ABDUL RAHMAN. J,Samaniya Makkal Nala Katchi,310,5,315,0.14
184,KARAIKUDI,5,KARUPPIAH. K,Republican Party of India (Athawale),577,13,590,0.26
184,KARAIKUDI,6,KALIMUTHU. A,All India Puratchi Thalaivar Makkal Munnettra Kazhagam,597,5,602,0.26
184,KARAIKUDI,7,DHERPOKI V.PANDI,Amma Makkal Munnettra Kazagam,33066,286,33352,14.55
184,KARAIKUDI,8,NEWTON BABU. C,Puthiya Tamilagam,791,5,796,0.35
184,KARAIKUDI,9,DR.PRABHU. TK,Tamilaga Vettri Kazhagam,100627,731,101358,44.21
184,KARAIKUDI,10,RAMU. M,Independent,214,2,216,0.09
184,KARAIKUDI,11,UDHUMAN ALI. M.S,Independent,165,1,166,0.07
184,KARAIKUDI,12,KALIDASS. R,Independent,460,9,469,0.2
184,KARAIKUDI,13,SHANTHI. B,Independent,261,2,263,0.11
184,KARAIKUDI,14,SURESH. V,Independent,214,2,216,0.09
184,KARAIKUDI,15,SELVI. K,Independent,169,0,169,0.07
184,KARAIKUDI,16,DINESH. K,Independent,531,0,531,0.23
184,KARAIKUDI,17,PANDI. S,Independent,360,1,361,0.16
184,KARAIKUDI,18,PRABU. G,Independent,497,5,502,0.22
184,KARAIKUDI,19,MANIMARAN. R,Independent,470,1,471,0.21
184,KARAIKUDI,20,MUTHUKUMAR. K,Independent,171,4,175,0.08
184,KARAIKUDI,21,RAMANATHAN. S.V,Independent,155,2,157,0.07
184,KARAIKUDI,22,LAKSHMANAN. R,Independent,258,0,258,0.11
184,KARAIKUDI,23,VEERAMANIKANDAN. V,Independent,234,2,236,0.1
184,KARAIKUDI,24,VELU. K,Independent,688,1,689,0.3
184,KARAIKUDI,25,JEEVITHA. A,Independent,321,0,321,0.14
184,KARAIKUDI,26,NOTA,None of the Above,513,6,519,0.23
185,TIRUPPATTUR,1,THIRUMARAN. K.C,Bharatiya Janata Party,28778,276,29054,13.47
185,TIRUPPATTUR,2,PERIAKARUPPAN. KR,Dravida Munnetra Kazhagam,82191,1183,83374,38.65
185,TIRUPPATTUR,3,RAMYA MOHAN,Naam Tamilar Katchi,15189,102,15291,7.09
185,TIRUPPATTUR,4,UMADEVI. S,All India Puratchi Thalaivar Makkal Munnettra Kazhagam,603,8,611,0.28
185,TIRUPPATTUR,5,SEENIVASA SETHUPATHY. R,Tamilaga Vettri Kazhagam,83010,365,83375,38.65
185,TIRUPPATTUR,6,SHANMUGAM. M,Independent,380,3,383,0.18
185,TIRUPPATTUR,7,SETHU. P,Independent,134,1,135,0.06
185,TIRUPPATTUR,8,PANCHAVARNAM. M,Independent,129,0,129,0.06
185,TIRUPPATTUR,9,BAKIYALAKSHMI. M,Independent,265,1,266,0.12
185,TIRUPPATTUR,10,PIRAMAN. P,Independent,220,3,223,0.1
185,TIRUPPATTUR,11,MALLIKA. A,Independent,135,8,143,0.07
185,TIRUPPATTUR,12,MARIMUTHU. S,Independent,348,2,350,0.16
185,TIRUPPATTUR,13,RAJA. K.P.M,Independent,746,7,753,0.35
185,TIRUPPATTUR,14,DR.VINAYAGA MEYYARASU. T,Independent,376,4,380,0.18
185,TIRUPPATTUR,15,VISHWANATHAN. S,Independent,496,0,496,0.23
185,TIRUPPATTUR,16,NOTA,None of the Above,741,6,747,0.35
186,SIVAGANGA,1,INDHUJA R,Naam Tamilar Katchi,18714,307,19021,8.89
186,SIVAGANGA,2,KARUNAAS S,Dravida Munnetra Kazhagam,56470,830,57300,26.77
186,SIVAGANGA,3,SENTHILNATHAN PR,All India Anna Dravida Munnetra Kazhagam,57987,669,58656,27.4
186,SIVAGANGA,4,MARIMUTHU K,Bahujan Samaj Party,445,2,447,0.21
186,SIVAGANGA,5,RAJAMANICKAM M,Desiya Makkal Sakthi Katchi,317,2,319,0.15
186,SIVAGANGA,6,KULANTHAI RANI A,Tamilaga Vettri Kazhagam,72917,820,73737,34.45
186,SIVAGANGA,7,MURUGANANTHAM GURU,All India Puratchi Thalaivar Makkal Munnettra Kazhagam,1168,18,1186,0.55
186,SIVAGANGA,8,RAJESH X,Tamizhaga Vaazhvurimai Katchi,259,4,263,0.12
186,SIVAGANGA,9,RAJKUMAR C,Party for the Rights of Other backward Classes,223,0,223,0.1
186,SIVAGANGA,10,IRUDAYARAJ V,Independent,98,1,99,0.05
186,SIVAGANGA,11,KARTHIK M,Independent,361,8,369,0.17
186,SIVAGANGA,12,KALEESWARAN M,Independent,207,3,210,0.1
186,SIVAGANGA,13,SANTHANAM,Independent,157,4,161,0.08
186,SIVAGANGA,14,NAGAPRABU,Independent,264,0,264,0.12
186,SIVAGANGA,15,PAULSAMY,Independent,281,1,282,0.13
186,SIVAGANGA,16,PRABAKARAN S.T,Independent,282,0,282,0.13
186,SIVAGANGA,17,RAMESH K,Independent,195,0,195,0.09
186,SIVAGANGA,18,NOTA,None of the Above,1040,13,1053,0.49
187,MANAMADURAI,1,SHANMUGAPRIYA.M,Naam Tamilar Katchi,19198,478,19676,9.43
187,MANAMADURAI,2,TAMILARASI.A,Dravida Munnetra Kazhagam,67820,943,68763,32.96
187,MANAMADURAI,3,BALAGANAPATHY.V,Bharatiya Janata Party,41824,786,42610,20.42
187,MANAMADURAI,4,ARUNPANDIAN.A,Tamizhaga Vaazhvurimai Katchi,475,9,484,0.23
187,MANAMADURAI,5,ARUMUGAM.V,Republican Party of India,1657,35,1692,0.81
187,MANAMADURAI,6,ELANGOVAN.D,Tamilaga Vettri Kazhagam,68882,1089,69971,33.54
187,MANAMADURAI,7,THILAGARAJ.K,All India Puratchi Thalaivar Makkal Munnettra Kazhagam,1645,41,1686,0.81
187,MANAMADURAI,8,RAJAMANIKKAM.A,Puthiya Tamilagam,679,27,706,0.34
187,MANAMADURAI,9,KARUPPUSAMI.V,Independent,260,1,261,0.13
187,MANAMADURAI,10,SHANKARGANESAN.S,Independent,261,2,263,0.13
187,MANAMADURAI,11,SATHISH.T,Independent,311,6,317,0.15
187,MANAMADURAI,12,BHARATHIDASAN.S,Independent,608,4,612,0.29
187,MANAMADURAI,13,RAJU.J.M,Independent,327,1,328,0.16
187,MANAMADURAI,14,VEERAPANDI.V,Independent,427,1,428,0.21
187,MANAMADURAI,15,NOTA,None of the Above,833,13,846,0.41
188,MELUR,1,KOTTAIKUMAR,Naam Tamilar Katchi,9440,130,9570,5.02
188,MELUR,2,P.PERIYAPULLAN (A) SELVAM,All India Anna Dravida Munnetra Kazhagam,56327,417,56744,29.75
188,MELUR,3,P.VISWANATHAN,Indian National Congress,59486,594,60080,31.5
188,MELUR,4,SONIAGANDHI,All India Puratchi Thalaivar Makkal Munnettra Kazhagam,2559,69,2628,1.38
188,MELUR,5,M.PANNEERSELVAM,Puthiya Tamilagam,418,5,423,0.22
188,MELUR,6,A.MADURAIVEERAN,Tamilaga Vettri Kazhagam,56916,440,57356,30.07
188,MELUR,7,K.MEYYAR,Communist Party of India (Marxist-Leninist) (Liberation),273,3,276,0.14
188,MELUR,8,K.SETHURAMAN,Independent,82,3,85,0.04
188,MELUR,9,S.BOOPATHI,Independent,114,2,116,0.06
188,MELUR,10,K.MANIKANDAPRABU,Independent,138,0,138,0.07
188,MELUR,11,M.MURUGAN,Independent,2107,63,2170,1.14
188,MELUR,12,C.MOHANRAM,Independent,262,7,269,0.14
188,MELUR,13,C.RAMESH,Independent,317,0,317,0.17
188,MELUR,14,NOTA,None of the Above,544,10,554,0.29
189,MADURAI EAST,1,SELVAM K,Naam Tamilar Katchi,13446,183,13629,5.02
189,MADURAI EAST,2,MAHENDRAN K,All India Anna Dravida Munnetra Kazhagam,30511,505,31016,11.42
189,MADURAI EAST,3,MOORTHY P,Dravida Munnetra Kazhagam,100856,1374,102230,37.64
189,MADURAI EAST,4,KARTHIKEYAN S,Tamilaga Vettri Kazhagam,117714,1063,118777,43.74
189,MADURAI EAST,5,BHARATHIRAJA A,Puthiya Tamilagam,580,14,594,0.22
189,MADURAI EAST,6,PRINCE S,Republican Party of India (Athawale),1543,48,1591,0.59
189,MADURAI EAST,7,BOOMIRAJAN K,Tamizhaga Vaazhvurimai Katchi,153,6,159,0.06
189,MADURAI EAST,8,ARASU S,Independent,194,2,196,0.07
189,MADURAI EAST,9,ARUN PANDIAN A J,Independent,217,0,217,0.08
189,MADURAI EAST,10,AJAY KANNAN A,Independent,163,0,163,0.06
189,MADURAI EAST,11,KARTHIKEYAN G,Independent,730,20,750,0.28
189,MADURAI EAST,12,CHANDRA MOULISWARAN A,Independent,114,7,121,0.04
189,MADURAI EAST,13,PITCHAI V,Independent,240,0,240,0.09
189,MADURAI EAST,14,MUGESHKUMAR M,Independent,560,1,561,0.21
189,MADURAI EAST,15,VELLADURAI A,Independent,145,0,145,0.05
189,MADURAI EAST,16,NOTA,None of the Above,1146,31,1177,0.43
190,SHOLAVANDAN,1,NAGALAKSHMI THIRUMARAN.T,Naam Tamilar Katchi,10226,204,10430,5.52
190,SHOLAVANDAN,2,MANICKAM.K,All India Anna Dravida Munnetra Kazhagam,49080,414,49494,26.18
190,SHOLAVANDAN,3,VENKATESAN.A,Dravida Munnetra Kazhagam,60621,608,61229,32.38
190,SHOLAVANDAN,4,KARUPPAIAH.M.V,Tamilaga Vettri Kazhagam,63234,673,63907,33.8
190,SHOLAVANDAN,5,THANGAPANDI.P,Tamizhaga Vaazhvurimai Katchi,192,3,195,0.1
190,SHOLAVANDAN,6,BALAMURUGAN.K,All India Puratchi Thalaivar Makkal Munnettra Kazhagam,2035,56,2091,1.11
190,SHOLAVANDAN,7,RAGHU.K,Puthiya Tamilagam,260,5,265,0.14
190,SHOLAVANDAN,8,RAMADOSS.C,Indhu Dravida Makkal Katchi,64,1,65,0.03
190,SHOLAVANDAN,9,AJAY SUBASH.B,Independent,71,1,72,0.04
190,SHOLAVANDAN,10,KRISHNASAMY.P,Independent,42,0,42,0.02
190,SHOLAVANDAN,11,GUNASEKARAN.P,Independent,180,6,186,0.1
190,SHOLAVANDAN,12,BALAMURUGAN.C,Independent,142,1,143,0.08
190,SHOLAVANDAN,13,BALAMURUGAN.R,Independent,203,0,203,0.11
190,SHOLAVANDAN,14,RANJITH KUMAR.S,Independent,187,0,187,0.1
190,SHOLAVANDAN,15,NOTA,None of the Above,551,20,571,0.3
191,MADURAI NORTH,1,P.SARAVANAN,All India Anna Dravida Munnetra Kazhagam,24557,425,24982,15.44
191,MADURAI NORTH,2,G.THALAPATHI,Dravida Munnetra Kazhagam,54088,727,54815,33.88
191,MADURAI NORTH,3,V THIRUNAVUKKARASU,Naam Tamilar Katchi,7281,134,7415,4.58
191,MADURAI NORTH,4,A.KALLANAI,Tamilaga Vettri Kazhagam,72121,732,72853,45.03
191,MADURAI NORTH,5,R RAJKUMAR,Naam Indiar Party,135,3,138,0.09
191,MADURAI NORTH,6,M J VOLTAIRE,Socialist Unity Centre Of India (COMMUNIST),120,2,122,0.08
191,MADURAI NORTH,7,N.KUPPUSAMY,Independent,25,0,25,0.02
191,MADURAI NORTH,8,J.KESAVARAJAH,Independent,82,0,82,0.05
191,MADURAI NORTH,9,M.P.SANKARAPANDI,Independent,122,0,122,0.08
191,MADURAI NORTH,10,C.SATHISHKUMAR,Independent,92,2,94,0.06
191,MADURAI NORTH,11,D.MOHAMED ISMAIL,Independent,161,3,164,0.1
191,MADURAI NORTH,12,P MUTHUSAMY,Independent,101,0,101,0.06
191,MADURAI NORTH,13,A.RAJANGAM,Independent,133,2,135,0.08
191,MADURAI NORTH,14,NOTA,None of the Above,732,21,753,0.47
192,MADURAI SOUTH,1,RAAMA SREENIVASAN,Bharatiya Janata Party,30900,200,31100,21.98
192,MADURAI SOUTH,2,B.M.SUMATHY,Naam Tamilar Katchi,5808,55,5863,4.14
192,MADURAI SOUTH,3,M.BOOMINATHAN,Dravida Munnetra Kazhagam,40600,286,40886,28.89
192,MADURAI SOUTH,4,S.IRUTHYARAJ,Tamizhaga Vaazhvurimai Katchi,368,2,370,0.26
192,MADURAI SOUTH,5,M.M.GOPISON,Tamilaga Vettri Kazhagam,62162,253,62415,44.11
192,MADURAI SOUTH,6,K.JEYA,Independent,257,0,257,0.18
192,MADURAI SOUTH,7,NOTA,None of the Above,606,6,612,0.43
193,MADURAI CENTRAL,1,ABDUL HAKEEM  K,Naam Tamilar Katchi,5486,63,5549,3.73
193,MADURAI CENTRAL,2,SUNDAR  C,All India Anna Dravida Munnetra Kazhagam,33298,240,33538,22.57
193,MADURAI CENTRAL,3,PALANIVEL THIAGA RAJAN,Dravida Munnetra Kazhagam,43834,452,44286,29.8
193,MADURAI CENTRAL,4,RAMAR PANDI  T,Bahujan Samaj Party,263,5,268,0.18
193,MADURAI CENTRAL,5,SAKKARAVARTHY P,All India Puratchi Thalaivar Makkal Munnettra Kazhagam,310,3,313,0.21
193,MADURAI CENTRAL,6,MADHAR BADHURUDEEN,Tamilaga Vettri Kazhagam,63106,308,63414,42.68
193,MADURAI CENTRAL,7,AVADAINATHAN  V,Independent,145,0,145,0.1
193,MADURAI CENTRAL,8,GURU KARTHICK T,Independent,72,0,72,0.05
193,MADURAI CENTRAL,9,SALEEM,Independent,104,1,105,0.07
193,MADURAI CENTRAL,10,SIVAPERUMAL V,Independent,64,1,65,0.04
193,MADURAI CENTRAL,11,MANIVANNAN,Independent,83,0,83,0.06
193,MADURAI CENTRAL,12,RAJENDRAN R,Independent,91,1,92,0.06
193,MADURAI CENTRAL,13,NOTA,None of the Above,644,12,656,0.44
194,MADURAI WEST,1,SELLUR K RAJU,All India Anna Dravida Munnetra Kazhagam,38526,435,38961,18
194,MADURAI WEST,2,BALAJI R,Dravida Munnetra Kazhagam,75484,835,76319,35.27
194,MADURAI WEST,3,VIGNESHKUMAR S,Naam Tamilar Katchi,10432,142,10574,4.89
194,MADURAI WEST,4,THANGAPANDI SR,Tamilaga Vettri Kazhagam,87539,711,88250,40.78
194,MADURAI WEST,5,MADURAI VEERAN S,Tamizhaga Vaazhvurimai Katchi,169,1,170,0.08
194,MADURAI WEST,6,MUTHUPANDI R,Vishwa Tamil Kazhagam,116,0,116,0.05
194,MADURAI WEST,7,ANANDH K,Independent,129,1,130,0.06
194,MADURAI WEST,8,THARMA PRABU V S,Independent,126,0,126,0.06
194,MADURAI WEST,9,MANOJ KUMAR R,Independent,51,1,52,0.02
194,MADURAI WEST,10,MUTHUKUMAR S,Independent,189,1,190,0.09
194,MADURAI WEST,11,MUTHUKUMAR D,Independent,88,1,89,0.04
194,MADURAI WEST,12,RAHAMADULLAH S,Independent,85,1,86,0.04
194,MADURAI WEST,13,RAJKUMAR S,Independent,255,2,257,0.12
194,MADURAI WEST,14,VENKATESAN M,Independent,188,2,190,0.09
194,MADURAI WEST,15,NOTA,None of the Above,871,22,893,0.41
195,THIRUPARANKUNDRAM,1,KIRUTHIGA THANGAPANDI,Dravida Munnetra Kazhagam,72075,688,72763,28.48
195,THIRUPARANKUNDRAM,2,SATHYADEVI. T.,Naam Tamilar Katchi,14156,194,14350,5.62
195,THIRUPARANKUNDRAM,3,RAJANCHELLAPPA. V.V.,All India Anna Dravida Munnetra Kazhagam,49423,442,49865,19.52
195,THIRUPARANKUNDRAM,4,CHELLADURAI. R,Naam Indiar Party,230,1,231,0.09
195,THIRUPARANKUNDRAM,5,SETHURAMAN. A.,Puthiya Tamilagam,361,7,368,0.14
195,THIRUPARANKUNDRAM,6,SYED IBRAHIM. M.,Tamizhaga Vaazhvurimai Katchi,161,2,163,0.06
195,THIRUPARANKUNDRAM,7,THANAPANDIAN. T.,All India Puratchi Thalaivar Makkal Munnettra Kazhagam,1068,20,1088,0.43
195,THIRUPARANKUNDRAM,8,NIRMALKUMAR. R.,Tamilaga Vettri Kazhagam,113578,738,114316,44.75
195,THIRUPARANKUNDRAM,9,MOOKKAYEE. C.,Ezhuchi Tamilargal Munnetra Kazhagam,249,0,249,0.1
195,THIRUPARANKUNDRAM,10,RENGANATHAN DORAISAMY,Rashtriya Samaj Dal (R),137,3,140,0.05
195,THIRUPARANKUNDRAM,11,ARUMUGAM. G.,Independent,103,5,108,0.04
195,THIRUPARANKUNDRAM,12,UKKRA PANDIAN. S.,Independent,119,3,122,0.05
195,THIRUPARANKUNDRAM,13,POUNRAJ. N.,Independent,66,0,66,0.03
195,THIRUPARANKUNDRAM,14,RAJ. P.,Independent,352,1,353,0.14
195,THIRUPARANKUNDRAM,15,VALLARASAN. K.,Independent,136,0,136,0.05
195,THIRUPARANKUNDRAM,16,NOTA,None of the Above,1133,15,1148,0.45
196,THIRUMANGALAM,1,UDHAYAKUMAR.R.B,All India Anna Dravida Munnetra Kazhagam,63652,832,64484,27.92
196,THIRUMANGALAM,2,MANIMARAN.M,Dravida Munnetra Kazhagam,87063,1228,88291,38.22
196,THIRUMANGALAM,3,MUNISH.N,Naam Tamilar Katchi,10751,388,11139,4.82
196,THIRUMANGALAM,4,ALAGAR.A,Ezhuchi Tamilargal Munnetra Kazhagam,131,2,133,0.06
196,THIRUMANGALAM,5,KALAISELVI.R,Ahila India Dhayaga Makkal Munnetra Katchi,280,3,283,0.12
196,THIRUMANGALAM,6,SATHISHKUMAR.N,Tamilaga Vettri Kazhagam,59700,1126,60826,26.33
196,THIRUMANGALAM,7,JEEVITHA NACHIYAR.B,All India Puratchi Thalaivar Makkal Munnettra Kazhagam,2750,101,2851,1.23
196,THIRUMANGALAM,8,AYYANAN.P,Independent,110,2,112,0.05
196,THIRUMANGALAM,9,GIRISHKUMAR.A,Independent,52,0,52,0.02
196,THIRUMANGALAM,10,SAKKARAVARTHY.P,Independent,97,8,105,0.05
196,THIRUMANGALAM,11,NAGOOR.M,Independent,80,4,84,0.04
196,THIRUMANGALAM,12,BHARATH.M,Independent,906,18,924,0.4
196,THIRUMANGALAM,13,MUTHURAJA.M,Independent,81,2,83,0.04
196,THIRUMANGALAM,14,MURUGAN.S,Independent,239,14,253,0.11
196,THIRUMANGALAM,15,VENGATESWARAN.B,Independent,425,2,427,0.18
196,THIRUMANGALAM,16,NOTA,None of the Above,908,25,933,0.4
197,USILAMPATTI,1,ABIRAMI. D,Naam Tamilar Katchi,14749,436,15185,6.78
197,USILAMPATTI,2,SARAVANAKUMAR. T,Indian National Congress,58841,624,59465,26.54
197,USILAMPATTI,3,MAHENDRAN. I,All India Anna Dravida Munnetra Kazhagam,63206,732,63938,28.54
197,USILAMPATTI,4,VELLAIPANDI. V,Bahujan Samaj Party,711,13,724,0.32
197,USILAMPATTI,5,AYYAPPAN. P,All India Puratchi Thalaivar Makkal Munnettra Kazhagam,16303,317,16620,7.42
197,USILAMPATTI,6,VIJAY. M,Tamilaga Vettri Kazhagam,64693,1050,65743,29.34
197,USILAMPATTI,7,KIRANYA. S,Independent,259,3,262,0.12
197,USILAMPATTI,8,DHANASEKARAN. T,Independent,169,0,169,0.08
197,USILAMPATTI,9,THIAGARAJAN. O. V,Independent,332,5,337,0.15
197,USILAMPATTI,10,THIRUMOORTHY. A,Independent,268,2,270,0.12
197,USILAMPATTI,11,PRAVEENA. S,Independent,343,0,343,0.15
197,USILAMPATTI,12,MUTHU. N,Independent,299,1,300,0.13
197,USILAMPATTI,13,NOTA,None of the Above,671,21,692,0.31
198,ANDIPATTI,1,ESAKKIAMMAL.M,Bahujan Samaj Party,416,4,420,0.19
198,ANDIPATTI,2,GOMATHI .M,Naam Tamilar Katchi,10075,271,10346,4.76
198,ANDIPATTI,3,MAHARAJAN.A,Dravida Munnetra Kazhagam,73609,715,74324,34.2
198,ANDIPATTI,4,LOGIRAJAN.A,All India Anna Dravida Munnetra Kazhagam,62645,698,63343,29.15
198,ANDIPATTI,5,IRUMBORAI.G,Communist Party of India (Marxist-Leninist) Red Star,503,2,505,0.23
198,ANDIPATTI,6,ELAYARAJA.M,Puthiya Tamilagam,499,17,516,0.24
198,ANDIPATTI,7,CHELLAPANDIYAN.S,All India Puratchi Thalaivar Makkal Munnettra Kazhagam,570,16,586,0.27
198,ANDIPATTI,8,PANDI.V,Tamilaga Vettri Kazhagam,63841,929,64770,29.8
198,ANDIPATTI,9,MOHAMMED RUKMAN.M,Tamizhaga Vaazhvurimai Katchi,142,6,148,0.07
198,ANDIPATTI,10,JEYAMURUGAN.M.P,Veerath Thiyagi Viswanathadoss Thozhilalarkal Katchi,81,1,82,0.04
198,ANDIPATTI,11,KARUPPAIYA,Independent,67,1,68,0.03
198,ANDIPATTI,12,GOPAL.S,Independent,229,3,232,0.11
198,ANDIPATTI,13,GOPINATH.P,Independent,181,2,183,0.08
198,ANDIPATTI,14,NEELAKANNAN.T,Independent,158,1,159,0.07
198,ANDIPATTI,15,PACKIARAJ.S,Independent,130,3,133,0.06
198,ANDIPATTI,16,PANDIDURAI.P,Independent,220,0,220,0.1
198,ANDIPATTI,17,VIJAYARAJ.R,Independent,112,1,113,0.05
198,ANDIPATTI,18,JAGADEESAN.P,Independent,151,2,153,0.07
198,ANDIPATTI,19,NOTA,None of the Above,998,30,1028,0.47
199,PERIYAKULAM,1,SAKTHIVEL P.,Viduthalai Chiruthaigal Katchi,65657,678,66335,31.41
199,PERIYAKULAM,2,VIMALA R.,Naam Tamilar Katchi,9413,197,9610,4.55
199,PERIYAKULAM,3,DR KATHIRKAMU K.,Amma Makkal Munnettra Kazagam,43902,619,44521,21.08
199,PERIYAKULAM,4,SABARI IYNGARAN G.,Tamilaga Vettri Kazhagam,84822,834,85656,40.56
199,PERIYAKULAM,5,MARISAMY V.,Puthiya Tamilagam,1141,20,1161,0.55
199,PERIYAKULAM,6,RANJEETH KUMAR J.,Socialist Unity Centre Of India (COMMUNIST),237,3,240,0.11
199,PERIYAKULAM,7,ABITHA M.,Independent,388,2,390,0.18
199,PERIYAKULAM,8,KUMAR S.,Independent,138,8,146,0.07
199,PERIYAKULAM,9,SANMUGAVEL K.,Independent,141,4,145,0.07
199,PERIYAKULAM,10,SELVARAJ R.,Independent,253,2,255,0.12
199,PERIYAKULAM,11,PALANICHAMY T.,Independent,632,4,636,0.3
199,PERIYAKULAM,12,DR. MOHANRAJ A.C. (P.T),Independent,334,9,343,0.16
199,PERIYAKULAM,13,VAIRAMUTHU D.,Independent,263,2,265,0.13
199,PERIYAKULAM,14,NOTA,None of the Above,1463,43,1506,0.71
200,BODINAYAKANUR,1,KALAIARASU.S,Naam Tamilar Katchi,11172,283,11455,5.19
200,BODINAYAKANUR,2,NARAYANASAMY V.T.,All India Anna Dravida Munnetra Kazhagam,40787,499,41286,18.71
200,BODINAYAKANUR,3,PANNEERSELVAM.O,Dravida Munnetra Kazhagam,84228,978,85206,38.62
200,BODINAYAKANUR,4,PADMANABHAN.N,All India Puratchi Thalaivar Makkal Munnettra Kazhagam,651,8,659,0.3
200,BODINAYAKANUR,5,DR.PANDIKUMAR.S,Communist Party of India (Marxist-Leninist) (Liberation),404,13,417,0.19
200,BODINAYAKANUR,6,PRAKASH.S,Tamilaga Vettri Kazhagam,77571,830,78401,35.54
200,BODINAYAKANUR,7,RAJA.M,Vishwa Tamil Kazhagam,188,1,189,0.09
200,BODINAYAKANUR,8,KARUPPAIAH.G,Independent,191,10,201,0.09
200,BODINAYAKANUR,9,GOWTHAM.R,Independent,78,0,78,0.04
200,BODINAYAKANUR,10,CHANDRASEKARAN.S,Independent,115,4,119,0.05
200,BODINAYAKANUR,11,SARAVANAKUMAR.V,Independent,170,2,172,0.08
200,BODINAYAKANUR,12,SELVAMURUGAN.P,Independent,514,15,529,0.24
200,BODINAYAKANUR,13,NAGANANTHINI.V,Independent,524,2,526,0.24
200,BODINAYAKANUR,14,BALASUBRAMANI.R,Independent,279,0,279,0.13
200,BODINAYAKANUR,15,VELRAJ.K,Independent,180,0,180,0.08
200,BODINAYAKANUR,16,NOTA,None of the Above,900,31,931,0.42
201,CUMBUM,1,ANBUSELVI A,Naam Tamilar Katchi,9367,232,9599,4.56
201,CUMBUM,2,ERAMAKRISHNAN N,Dravida Munnetra Kazhagam,83594,1049,84643,40.2
201,CUMBUM,3,JAKKAIYAN S.T.K.,All India Anna Dravida Munnetra Kazhagam,26853,454,27307,12.97
201,CUMBUM,4,KATHIRAVAN S,New Generation People's Party,317,2,319,0.15
201,CUMBUM,5,MUTHU BAGAVATHI M.,Tamizhaga Vaazhvurimai Katchi,427,4,431,0.2
201,CUMBUM,6,JEGANATHMISHRA PLA,Tamilaga Vettri Kazhagam,84340,1054,85394,40.55
201,CUMBUM,7,ASHOK KUMAR A,Independent,181,3,184,0.09
201,CUMBUM,8,ARUNKUMAR A,Independent,161,0,161,0.08
201,CUMBUM,9,SARAVANAN S.R.,Independent,110,1,111,0.05
201,CUMBUM,10,SUBRAMANIYAM L R,Independent,61,1,62,0.03
201,CUMBUM,11,THASTHAKEER I,Independent,190,6,196,0.09
201,CUMBUM,12,NANTHAKUMAR A.,Independent,69,2,71,0.03
201,CUMBUM,13,BALAN R,Independent,103,3,106,0.05
201,CUMBUM,14,PRAKASH P.,Independent,253,1,254,0.12
201,CUMBUM,15,PRAKASH P.,Independent,177,4,181,0.09
201,CUMBUM,16,MUTHUSELVAM G.,Independent,213,1,214,0.1
201,CUMBUM,17,RAJADURAI S,Independent,96,2,98,0.05
201,CUMBUM,18,RAJAMOHAMMED T,Independent,421,1,422,0.2
201,CUMBUM,19,VINOTH KUMAR R,Independent,154,0,154,0.07
201,CUMBUM,20,NOTA,None of the Above,644,23,667,0.32
202,RAJAPALAYAM,1,DR. KARTHIKEYAN. T.E.,Naam Tamilar Katchi,16675,297,16972,9.27
202,RAJAPALAYAM,2,THANGAPANDIAN. S,Dravida Munnetra Kazhagam,54189,754,54943,30.02
202,RAJAPALAYAM,3,PRISCILLA PANDIAN. J,Bharatiya Janata Party,35878,440,36318,19.84
202,RAJAPALAYAM,4,NASRIN BANU. T,Republican Party of India (Athawale),1213,27,1240,0.68
202,RAJAPALAYAM,5,RAMADEVI. T,Puthiya Tamilagam,2485,59,2544,1.39
202,RAJAPALAYAM,6,JEGADESHWARI. K,Tamilaga Vettri Kazhagam,64947,601,65548,35.81
202,RAJAPALAYAM,7,HARISH. A,All India Puratchi Thalaivar Makkal Munnettra Kazhagam,1531,16,1547,0.85
202,RAJAPALAYAM,8,ALAGUPANDIAN. A,Independent,75,0,75,0.04
202,RAJAPALAYAM,9,ALAGUMURUGAN. S,Independent,267,1,268,0.15
202,RAJAPALAYAM,10,GANESAN. K,Independent,94,1,95,0.05
202,RAJAPALAYAM,11,SHANMUGACHANDRA VELAVAN. C.C,Independent,135,2,137,0.07
202,RAJAPALAYAM,12,SARAVANAN. G,Independent,117,2,119,0.07
202,RAJAPALAYAM,13,SAMUEL RAJ,Independent,139,1,140,0.08
202,RAJAPALAYAM,14,SELVAKUMAR. A,Independent,178,2,180,0.1
202,RAJAPALAYAM,15,SELVI. K,Independent,291,7,298,0.16
202,RAJAPALAYAM,16,THANGAPANDI. B,Independent,304,0,304,0.17
202,RAJAPALAYAM,17,BALAMURUGAN. V,Independent,202,1,203,0.11
202,RAJAPALAYAM,18,MANMATHAN. M,Independent,411,3,414,0.23
202,RAJAPALAYAM,19,MUTHULAKSHMI. R,Independent,351,0,351,0.19
202,RAJAPALAYAM,20,MURUGAN. D,Independent,170,1,171,0.09
202,RAJAPALAYAM,21,VIJENDRAN. G,Independent,107,1,108,0.06
202,RAJAPALAYAM,22,JEGATHISHWARI. N,Independent,291,1,292,0.16
202,RAJAPALAYAM,23,NOTA,None of the Above,730,23,753,0.41
203,SRIVILLIPUTHUR,1,KARIKALAPANDIYAN.A,Naam Tamilar Katchi,12948,326,13274,6.86
203,SRIVILLIPUTHUR,2,CHANDRAPRABHA.M,All India Anna Dravida Munnetra Kazhagam,42148,691,42839,22.14
203,SRIVILLIPUTHUR,3,MAHALINGAM.P,Communist Party of India,56261,811,57072,29.5
203,SRIVILLIPUTHUR,4,KARTHIK.A,Tamilaga Vettri Kazhagam,64709,944,65653,33.93
203,SRIVILLIPUTHUR,5,CHANDRA.M,All India Puratchi Thalaivar Makkal Munnettra Kazhagam,1684,42,1726,0.89
203,SRIVILLIPUTHUR,6,VARATHARAJAN.A,Naam Indiar Party,126,2,128,0.07
203,SRIVILLIPUTHUR,7,DR. SHYAM KRISHNASAMY,Puthiya Tamilagam,9329,193,9522,4.92
203,SRIVILLIPUTHUR,8,ALAGURAJA T,Independent,360,5,365,0.19
203,SRIVILLIPUTHUR,9,SUDANDIRADOSS.M,Independent,151,0,151,0.08
203,SRIVILLIPUTHUR,10,SURYAPRAKASH.R,Independent,234,1,235,0.12
203,SRIVILLIPUTHUR,11,DEVIALAKSHMI SARANYA.K,Independent,505,4,509,0.26
203,SRIVILLIPUTHUR,12,PANDIYAMMAL.M,Independent,339,1,340,0.18
203,SRIVILLIPUTHUR,13,MUTHURAJ.U,Independent,441,2,443,0.23
203,SRIVILLIPUTHUR,14,MURUGESAN.S,Independent,335,6,341,0.18
203,SRIVILLIPUTHUR,15,NOTA,None of the Above,845,28,873,0.45
204,SATTUR,1,ANANDHARAJA. D.,Naam Tamilar Katchi,9064,171,9235,4.65
204,SATTUR,2,KADARKARAIRAJ. A,Dravida Munnetra Kazhagam,61342,718,62060,31.23
204,SATTUR,3,KAMALA VEL SELVAN. P,Bahujan Samaj Party,400,4,404,0.2
204,SATTUR,4,NAINAR NAGENTHRAN,Bharatiya Janata Party,55465,606,56071,28.21
204,SATTUR,5,AJITH. M,Tamilaga Vettri Kazhagam,52904,594,53498,26.92
204,SATTUR,6,ESAKKIRAJA. K,All India Puratchi Thalaivar Makkal Munnettra Kazhagam,11485,117,11602,5.84
204,SATTUR,7,THANGA DURAI. P,Puthiya Makkal Tamil Desam Katchi,130,0,130,0.07
204,SATTUR,8,MUTHUKANNU. C,Tamilaga Makkal Nala Katchi,100,5,105,0.05
204,SATTUR,9,VELMURUGAN. S,Puthiya Tamilagam,2293,50,2343,1.18
204,SATTUR,10,AJITHKUMAR. S,Independent,86,0,86,0.04
204,SATTUR,11,KALIRAJ. M,Independent,86,0,86,0.04
204,SATTUR,12,SARAVANAN. P,Independent,186,4,190,0.1
204,SATTUR,13,THANGA MARIAPPAN. J,Independent,239,0,239,0.12
204,SATTUR,14,NARMADA NANDHAKUMAR,Independent,85,3,88,0.04
204,SATTUR,15,MAHENDRAN. M,Independent,230,1,231,0.12
204,SATTUR,16,MAHESHKUMAR. M,Independent,193,0,193,0.1
204,SATTUR,17,MANIVASAGAM.S,Independent,456,0,456,0.23
204,SATTUR,18,MAYAKKANNAN. V,Independent,462,0,462,0.23
204,SATTUR,19,MUTHARASAN. M,Independent,126,0,126,0.06
204,SATTUR,20,RAMESH KUMAR. B,Independent,339,1,340,0.17
204,SATTUR,21,VIJENDRAN. G,Independent,186,4,190,0.1
204,SATTUR,22,VENKATESAN. M,Independent,122,1,123,0.06
204,SATTUR,23,NOTA,None of the Above,461,15,476,0.24
205,SIVAKASI,1,ASHOKAN G,Indian National Congress,56596,443,57039,29.47
205,SIVAKASI,2,ESTHER MARY DIANA A,Naam Tamilar Katchi,10087,104,10191,5.27
205,SIVAKASI,3,SURESH K,Bahujan Samaj Party,229,0,229,0.12
205,SIVAKASI,4,RAJENTHRABHALAJI K T,All India Anna Dravida Munnetra Kazhagam,50595,483,51078,26.39
205,SIVAKASI,5,GANESAN M,All India Puratchi Thalaivar Makkal Munnettra Kazhagam,1695,34,1729,0.89
205,SIVAKASI,6,KANIPANDI M,Puthiya Tamilagam,2484,29,2513,1.3
205,SIVAKASI,7,KEERTHANA S,Tamilaga Vettri Kazhagam,68273,436,68709,35.51
205,SIVAKASI,8,CHINNADURAI ALIAS DIMITRO S,Communist Party of India (Marxist-Leninist) (Liberation),162,0,162,0.08
205,SIVAKASI,9,GANESAN S,Independent,102,0,102,0.05
205,SIVAKASI,10,GANESAN V,Independent,80,0,80,0.04
205,SIVAKASI,11,NAGALAKSHMI V,Independent,204,1,205,0.11
205,SIVAKASI,12,MURUGAN M,Independent,120,0,120,0.06
205,SIVAKASI,13,RAMESH P,Independent,210,3,213,0.11
205,SIVAKASI,14,VENKATESH V,Independent,195,4,199,0.1
205,SIVAKASI,15,NOTA,None of the Above,933,15,948,0.49
206,VIRUDHUNAGAR,1,GANESAN V.G.,All India Anna Dravida Munnetra Kazhagam,33851,361,34212,20.38
206,VIRUDHUNAGAR,2,LAKSHMANAN,Naam Tamilar Katchi,9938,182,10120,6.03
206,VIRUDHUNAGAR,3,VIJAYAPRABHAKAR,Desiya Murpokku Dravida Kazhagam,53689,573,54262,32.33
206,VIRUDHUNAGAR,4,SELVAM P,Tamilaga Vettri Kazhagam,63070,583,63653,37.93
206,VIRUDHUNAGAR,5,BALASUBRAMANIAM M,Puthiya Tamilagam,2166,51,2217,1.32
206,VIRUDHUNAGAR,6,RATHINARAJA S,Nam Naadu Nam Makkal Nam Ethirkaalam Katchi,145,3,148,0.09
206,VIRUDHUNAGAR,7,VIKRAMAN N,Desa Makkal Munnetrak Kazhagam,115,3,118,0.07
206,VIRUDHUNAGAR,8,AMIRTHA PANDI M.V,Independent,121,1,122,0.07
206,VIRUDHUNAGAR,9,AJAY I,Independent,532,0,532,0.32
206,VIRUDHUNAGAR,10,GUNASUNDARAM R,Independent,204,0,204,0.12
206,VIRUDHUNAGAR,11,GURUSAMY S,Independent,180,2,182,0.11
206,VIRUDHUNAGAR,12,SANTHOSH KUMAR R,Independent,137,0,137,0.08
206,VIRUDHUNAGAR,13,SUBBURAJ K,Independent,342,1,343,0.2
206,VIRUDHUNAGAR,14,MUTHUVEL S,Independent,508,1,509,0.3
206,VIRUDHUNAGAR,15,RANJITH S,Independent,118,1,119,0.07
206,VIRUDHUNAGAR,16,NOTA,None of the Above,940,14,954,0.57
207,ARUPPUKKOTTAI,1,RAMACHANDRAN. K.K.S.S.R,Dravida Munnetra Kazhagam,64124,980,65104,36.49
207,ARUPPUKKOTTAI,2,SETHUPATHY. S,All India Anna Dravida Munnetra Kazhagam,36783,407,37190,20.84
207,ARUPPUKKOTTAI,3,MANIMARAN. G,Naam Tamilar Katchi,8338,161,8499,4.76
207,ARUPPUKKOTTAI,4,ELANGO. G,Ezhuchi Tamilargal Munnetra Kazhagam,137,2,139,0.08
207,ARUPPUKKOTTAI,5,GANESAN. V,Puthiya Makkal Tamil Desam Katchi,194,0,194,0.11
207,ARUPPUKKOTTAI,6,KARTHIK KUMAR. K,Tamilaga Vettri Kazhagam,59556,605,60161,33.72
207,ARUPPUKKOTTAI,7,SANJAY GANDHI.  V,Desa Makkal Munnetrak Kazhagam,160,0,160,0.09
207,ARUPPUKKOTTAI,8,DHARMARAJ. P,All India Puratchi Thalaivar Makkal Munnettra Kazhagam,1130,17,1147,0.64
207,ARUPPUKKOTTAI,9,RAGUPATHI. K,Puthiya Tamilagam,2107,72,2179,1.22
207,ARUPPUKKOTTAI,10,ARUMUGAM. V,Independent,639,2,641,0.36
207,ARUPPUKKOTTAI,11,ANANDHAN. A,Independent,112,3,115,0.06
207,ARUPPUKKOTTAI,12,KARTHIK. M,Independent,52,1,53,0.03
207,ARUPPUKKOTTAI,13,ADVOCATE SADHURAGIRI. M,Independent,159,1,160,0.09
207,ARUPPUKKOTTAI,14,CHINNASAMY. G,Independent,75,1,76,0.04
207,ARUPPUKKOTTAI,15,SUNDARAMAHALINGAM. A,Independent,120,0,120,0.07
207,ARUPPUKKOTTAI,16,SUNDARAMOORTHI. S,Independent,424,0,424,0.24
207,ARUPPUKKOTTAI,17,SURESHKUMAR. K,Independent,573,0,573,0.32
207,ARUPPUKKOTTAI,18,SENTHILKUMAR. S,Independent,263,2,265,0.15
207,ARUPPUKKOTTAI,19,PALANIKUMAR. M,Independent,68,0,68,0.04
207,ARUPPUKKOTTAI,20,MARIVEL. K,Independent,48,0,48,0.03
207,ARUPPUKKOTTAI,21,MUNIYANDI. M,Independent,79,1,80,0.04
207,ARUPPUKKOTTAI,22,RAMAKRISHNAN. S,Independent,161,1,162,0.09
207,ARUPPUKKOTTAI,23,RAMAMOORTHY. G,Independent,57,1,58,0.03
207,ARUPPUKKOTTAI,24,VEERARAJ. R,Independent,55,1,56,0.03
207,ARUPPUKKOTTAI,25,VENKATESAN. P.S,Independent,49,0,49,0.03
207,ARUPPUKKOTTAI,26,NOTA,None of the Above,666,26,692,0.39
208,TIRUCHULI,1,AVARANGADU KARTHIK RAJA,Naam Tamilar Katchi,12522,241,12763,7.04
208,TIRUCHULI,2,THANGAM THENARASU,Dravida Munnetra Kazhagam,74298,787,75085,41.43
208,TIRUCHULI,3,RAJAVARMAN.M.S.R,All India Anna Dravida Munnetra Kazhagam,25205,376,25581,14.11
208,TIRUCHULI,4,KANNAN.G,Ezhuchi Tamilargal Munnetra Kazhagam,281,0,281,0.16
208,TIRUCHULI,5,GUNASEKARAN.G,Puthiya Tamilagam,1222,26,1248,0.69
208,TIRUCHULI,6,SAMAYAN.S,Tamilaga Vettri Kazhagam,60912,688,61600,33.99
208,TIRUCHULI,7,MURUGESAPANDIAN.T,All India Puratchi Thalaivar Makkal Munnettra Kazhagam,1097,10,1107,0.61
208,TIRUCHULI,8,RAJKUMAR.D,Tamizhaga Vaazhvurimai Katchi,119,0,119,0.07
208,TIRUCHULI,9,VELLAISAMY.P,Ahimsa Socialist Party,108,0,108,0.06
208,TIRUCHULI,10,ARAVINTHASAMY.J,Independent,65,0,65,0.04
208,TIRUCHULI,11,KALIMUTHU.S,Independent,124,0,124,0.07
208,TIRUCHULI,12,GURUSAMY.T,Independent,108,6,114,0.06
208,TIRUCHULI,13,CHENNA KESAVAN.P,Independent,82,3,85,0.05
208,TIRUCHULI,14,SETHURAMALINGAM.S,Independent,245,0,245,0.14
208,TIRUCHULI,15,ADVOCATE THANGAPANDIAN,Independent,518,7,525,0.29
208,TIRUCHULI,16,NALLAMARUTHU.K,Independent,164,0,164,0.09
208,TIRUCHULI,17,PALANIYANDI.M,Independent,194,1,195,0.11
208,TIRUCHULI,18,MALAI ALAGU.M,Independent,631,0,631,0.35
208,TIRUCHULI,19,MARIMUTHU.M,Independent,392,0,392,0.22
208,TIRUCHULI,20,MARNADU.M,Independent,66,0,66,0.04
208,TIRUCHULI,21,MUNIYASAMY.R,Independent,77,0,77,0.04
208,TIRUCHULI,22,RAJANGAM.C,Independent,162,0,162,0.09
208,TIRUCHULI,23,JEYACHITRA,Independent,86,2,88,0.05
208,TIRUCHULI,24,NOTA,None of the Above,407,18,425,0.23
209,PARAMAKUDI,1,EZHIL ELAVARASI. R,Naam Tamilar Katchi,15013,350,15363,8.1
209,PARAMAKUDI,2,ADVOCATE. KATHIRAVAN. K.K,Dravida Munnetra Kazhagam,58217,944,59161,31.18
209,PARAMAKUDI,3,DR. MUTHIAH. S,All India Anna Dravida Munnetra Kazhagam,53299,800,54099,28.51
209,PARAMAKUDI,4,AMIRTHA. M,All India Puratchi Thalaivar Makkal Munnettra Kazhagam,2191,48,2239,1.18
209,PARAMAKUDI,5,RATHINA PRAKASH. K,Puthiya Tamilagam,936,68,1004,0.53
209,PARAMAKUDI,6,GOPIRAJAN. G,Tamilaga Vettri Kazhagam,54856,757,55613,29.31
209,PARAMAKUDI,7,KATHIRAVAN. R,Independent,377,2,379,0.2
209,PARAMAKUDI,8,KARTHIK VANI. B,Independent,230,0,230,0.12
209,PARAMAKUDI,9,MUTHTHIAH. M,Independent,223,2,225,0.12
209,PARAMAKUDI,10,RADHA KRISHNAN. G,Independent,137,1,138,0.07
209,PARAMAKUDI,11,RAJA. M,Independent,265,3,268,0.14
209,PARAMAKUDI,12,RAJU. A,Independent,322,2,324,0.17
209,PARAMAKUDI,13,NOTA,None of the Above,685,25,710,0.37
210,TIRUVADANAI,1,RM. KARUMANICKAM,Indian National Congress,66394,644,67038,30.43
210,TIRUVADANAI,2,M.KEERTHIKA,All India Anna Dravida Munnetra Kazhagam,63205,674,63879,29
210,TIRUVADANAI,3,N PREMNATH,Naam Tamilar Katchi,13224,165,13389,6.08
210,TIRUVADANAI,4,A MUTHUSAMY,Bahujan Samaj Party,256,2,258,0.12
210,TIRUVADANAI,5,R ILAIYARAJA,Indhu Dravida Makkal Katchi,180,0,180,0.08
210,TIRUVADANAI,6,K KALEESWARAN,Tamizhaga Vaazhvurimai Katchi,214,1,215,0.1
210,TIRUVADANAI,7,S SURESH KASINI VENTHAN,All India Forward Bloc,1463,19,1482,0.67
210,TIRUVADANAI,8,S.BALUSAMY,Puthiya Tamilagam,607,12,619,0.28
210,TIRUVADANAI,9,RAJEEV,Tamilaga Vettri Kazhagam,69001,550,69551,31.57
210,TIRUVADANAI,10,MS ABDUL BAKKI,Independent,208,1,209,0.09
210,TIRUVADANAI,11,ALLA PICHAI,Independent,111,1,112,0.05
210,TIRUVADANAI,12,ALAGARSAMY PANDIAN,Independent,657,18,675,0.31
210,TIRUVADANAI,13,N ANBU BAGURUDEEN,Independent,123,2,125,0.06
210,TIRUVADANAI,14,SAKTHIK KUMAR,Independent,149,1,150,0.07
210,TIRUVADANAI,15,B SIKKANDAR,Independent,328,2,330,0.15
210,TIRUVADANAI,16,A SEGU ALI UDUMAN,Independent,480,1,481,0.22
210,TIRUVADANAI,17,R THILAGESWARAN,Independent,455,2,457,0.21
210,TIRUVADANAI,18,A DINESH KUMAR,Independent,486,5,491,0.22
210,TIRUVADANAI,19,DEVASITHAM,Independent,110,2,112,0.05
210,TIRUVADANAI,20,A MANI,Independent,59,3,62,0.03
210,TIRUVADANAI,21,M.VIJAY,Independent,106,3,109,0.05
210,TIRUVADANAI,22,NOTA,None of the Above,347,7,354,0.16
211,RAMANATHAPURAM,1,KATHARBATCHA MUTHURAMALINGAM,Dravida Munnetra Kazhagam,88339,798,89137,37.52
211,RAMANATHAPURAM,2,GBS K.NAGENDRAN,Bharatiya Janata Party,57156,574,57730,24.3
211,RAMANATHAPURAM,3,S.M. MUTHU KESAVAN,Naam Tamilar Katchi,10637,129,10766,4.53
211,RAMANATHAPURAM,4,DR.J. ABUBAKKAR SITHICK,Anna Puratchi Thalaivar Amma Dravida Munnetra Kazhagam,359,0,359,0.15
211,RAMANATHAPURAM,5,SHAHUL HAMEED,Tamilaga Vettri Kazhagam,76228,450,76678,32.28
211,RAMANATHAPURAM,6,C. PARIRAJAN,Veerath Thiyagi Viswanathadoss Thozhilalarkal Katchi,226,3,229,0.1
211,RAMANATHAPURAM,7,S. MURUGABOOPATHY,Communist Party of India (Marxist-Leninist) (Liberation),145,1,146,0.06
211,RAMANATHAPURAM,8,KAN ILANGO,Independent,340,7,347,0.15
211,RAMANATHAPURAM,9,KARTHIGAI PANDI,Independent,158,2,160,0.07
211,RAMANATHAPURAM,10,A. CHINNA RAJA,Independent,343,7,350,0.15
211,RAMANATHAPURAM,11,BALAKRISHNAN,Independent,141,1,142,0.06
211,RAMANATHAPURAM,12,PULLANI,Independent,223,0,223,0.09
211,RAMANATHAPURAM,13,K. MALESWARAN,Independent,355,1,356,0.15
211,RAMANATHAPURAM,14,NOTA,None of the Above,942,11,953,0.4
212,MUDHUKULATHUR,1,CHANDRA PRABHA JEYAPAL,Naam Tamilar Katchi,14774,338,15112,6.53
212,MUDHUKULATHUR,2,S.PANDI,All India Anna Dravida Munnetra Kazhagam,47085,416,47501,20.53
212,MUDHUKULATHUR,3,R.S.RAJAKANNAPPAN,Dravida Munnetra Kazhagam,67117,886,68003,29.39
212,MUDHUKULATHUR,4,M. IRULANDI,Naadaalum Makkal Katchi,1250,0,1250,0.54
212,MUDHUKULATHUR,5,A. SARAVANAKUMAR,Naam Indiar Party,147,1,148,0.06
212,MUDHUKULATHUR,6,K.SENTHIL MALLAR,Tamizhaga Vaazhvurimai Katchi,1086,63,1149,0.5
212,MUDHUKULATHUR,7,G. SELVARAJ,Puthiya Makkal Tamil Desam Katchi,337,2,339,0.15
212,MUDHUKULATHUR,8,MALARVIZHI. B,Tamilaga Vettri Kazhagam,50787,618,51405,22.22
212,MUDHUKULATHUR,9,C.MALAISELVAM,Puthiya Tamilagam,967,26,993,0.43
212,MUDHUKULATHUR,10,DR.R.RAMKUMAR,All India Puratchi Thalaivar Makkal Munnettra Kazhagam,39742,680,40422,17.47
212,MUDHUKULATHUR,11,K.GANGAI AMARAN,Independent,194,2,196,0.08
212,MUDHUKULATHUR,12,M.KARUPPA SAMY,Independent,159,5,164,0.07
212,MUDHUKULATHUR,13,C.KENGUSAMY,Independent,165,1,166,0.07
212,MUDHUKULATHUR,14,SATHIYAM C.SARAVANAN,Independent,2035,7,2042,0.88
212,MUDHUKULATHUR,15,V.PANDI,Independent,438,2,440,0.19
212,MUDHUKULATHUR,16,M.BOOMINATHAN (A) M.K.VAIYAVAN,Independent,335,0,335,0.14
212,MUDHUKULATHUR,17,K.MURUGAN,Independent,207,1,208,0.09
212,MUDHUKULATHUR,18,R.MOOVENDRAN,Independent,484,2,486,0.21
212,MUDHUKULATHUR,19,RAVI GOVINTHAN,Independent,445,0,445,0.19
212,MUDHUKULATHUR,20,K.RAJAKUMAR,Independent,140,0,140,0.06
212,MUDHUKULATHUR,21,NOTA,None of the Above,421,8,429,0.19
213,VILATHIKULAM,1,R. SATHYA,All India Anna Dravida Munnetra Kazhagam,48461,418,48879,27.96
213,VILATHIKULAM,2,BALAJI RAMACHANDRAN,Naam Tamilar Katchi,11574,206,11780,6.74
213,VILATHIKULAM,3,MARKANDAYAN G V,Dravida Munnetra Kazhagam,57458,937,58395,33.4
213,VILATHIKULAM,4,P. KASIRAM,Tamilaga Vettri Kazhagam,49578,589,50167,28.7
213,VILATHIKULAM,5,R. PERUMAL,Naam Indiar Party,164,2,166,0.09
213,VILATHIKULAM,6,C. PONPANDI,All India Puratchi Thalaivar Makkal Munnettra Kazhagam,1359,21,1380,0.79
213,VILATHIKULAM,7,P.MADASAMY,Puthiya Tamilagam,1995,62,2057,1.18
213,VILATHIKULAM,8,K. AJAY KUMAR,Independent,163,3,166,0.09
213,VILATHIKULAM,9,V. GANESAN,Independent,87,1,88,0.05
213,VILATHIKULAM,10,A. PATTURAJ,Independent,68,3,71,0.04
213,VILATHIKULAM,11,A. PRABAHAR,Independent,87,0,87,0.05
213,VILATHIKULAM,12,M. PONNUSAMY,Independent,166,6,172,0.1
213,VILATHIKULAM,13,G. MUNIYASAMY,Independent,175,0,175,0.1
213,VILATHIKULAM,14,P. RAJASEKARAN,Independent,440,1,441,0.25
213,VILATHIKULAM,15,P. JEYAKUMAR,Independent,145,3,148,0.08
213,VILATHIKULAM,16,NOTA,None of the Above,636,6,642,0.37
214,THOOTHUKKUDI,1,P. GEETHA JEEVAN,Dravida Munnetra Kazhagam,62045,760,62805,30.68
214,THOOTHUKKUDI,2,CHELLAPANDIAN S.T.,All India Anna Dravida Munnetra Kazhagam,25879,334,26213,12.8
214,THOOTHUKKUDI,3,JACOB DEVADOSS ABISHEAK R.,Naam Tamilar Katchi,11574,178,11752,5.74
214,THOOTHUKKUDI,4,YESADURAI S.,All India Puratchi Thalaivar Makkal Munnettra Kazhagam,682,7,689,0.34
214,THOOTHUKKUDI,5,KIDAR SAMSDEEN N.A.,Tamizhaga Vaazhvurimai Katchi,170,2,172,0.08
214,THOOTHUKKUDI,6,SAHAYAM T.,Communist Party of India (Marxist-Leninist) (Liberation),143,0,143,0.07
214,THOOTHUKKUDI,7,PRASANNA KUMAR M.,Makkal Nalvaazhvuk Katchi,137,0,137,0.07
214,THOOTHUKKUDI,8,PONKUMARAN P.P.M.T,Nam Naadu Nam Makkal Nam Ethirkaalam Katchi,259,2,261,0.13
214,THOOTHUKKUDI,9,SRIKANTH M.V.,Naam Indiar Party,243,0,243,0.12
214,THOOTHUKKUDI,10,SRINATH,Tamilaga Vettri Kazhagam,99900,636,100536,49.11
214,THOOTHUKKUDI,11,SAMUEL J.,Independent,338,4,342,0.17
214,THOOTHUKKUDI,12,DHINAKARAN S.T.R.M.,Independent,260,2,262,0.13
214,THOOTHUKKUDI,13,BABU P.,Independent,112,3,115,0.06
214,THOOTHUKKUDI,14,MARUTHU PANDIAN P.,Independent,85,0,85,0.04
214,THOOTHUKKUDI,15,MUNEESWARA MOORTHY S.,Independent,103,1,104,0.05
214,THOOTHUKKUDI,16,NOTA,None of the Above,835,18,853,0.42
215,TIRUCHENDUR,1,ANITHA R. RADHAKRISHNAN,Dravida Munnetra Kazhagam,71564,1159,72723,39.09
215,TIRUCHENDUR,2,OPHILIYA,Naam Tamilar Katchi,9676,118,9794,5.26
215,TIRUCHENDUR,3,K R M RADHAKRISHNAN,Bharatiya Janata Party,33665,494,34159,18.36
215,TIRUCHENDUR,4,GOPALAKRISHNAN,All India Puratchi Thalaivar Makkal Munnettra Kazhagam,437,5,442,0.24
215,TIRUCHENDUR,5,PACKIA SAM. T,Naam Indiar Party,96,1,97,0.05
215,TIRUCHENDUR,6,MAHARAJAN. M,Puthiya Makkal Tamil Desam Katchi,320,1,321,0.17
215,TIRUCHENDUR,7,J. MURUGAN,Tamilaga Vettri Kazhagam,66350,501,66851,35.93
215,TIRUCHENDUR,8,RASIK MUSSAMMIL. K,Tamizhaga Vaazhvurimai Katchi,236,1,237,0.13
215,TIRUCHENDUR,9,SHAIK ABDUL KADER. P.S.J,Independent,149,0,149,0.08
215,TIRUCHENDUR,10,MEERA SAHIB,Independent,173,2,175,0.09
215,TIRUCHENDUR,11,RAJALINGAM. M,Independent,59,0,59,0.03
215,TIRUCHENDUR,12,VEERAPPA. T,Independent,95,1,96,0.05
215,TIRUCHENDUR,13,VENKATESH PERUMAL. S,Independent,224,1,225,0.12
215,TIRUCHENDUR,14,NOTA,None of the Above,710,12,722,0.39
216,SRIVAIKUNTAM,1,OORVASI AMIRTHARAJ. S,Indian National Congress,40316,961,41277,23.4
216,SRIVAIKUNTAM,2,SHUNMUGASUNDARAM. S,Naam Tamilar Katchi,12912,241,13153,7.46
216,SRIVAIKUNTAM,3,SHANMUGANATHAN. S. P,All India Anna Dravida Munnetra Kazhagam,56712,916,57628,32.67
216,SRIVAIKUNTAM,4,SARAVANAN. G,Tamilaga Vettri Kazhagam,58143,671,58814,33.34
216,SRIVAIKUNTAM,5,SUDALAIMANI. A,Nam Naadu Nam Makkal Nam Ethirkaalam Katchi,295,1,296,0.17
216,SRIVAIKUNTAM,6,SUBRAMANIAN. M,Puthiya Makkal Tamil Desam Katchi,206,2,208,0.12
216,SRIVAIKUNTAM,7,BHARATH. M,Naam Indiar Party,85,2,87,0.05
216,SRIVAIKUNTAM,8,MUNDASAMY.  K,Vishwa Tamil Kazhagam,129,1,130,0.07
216,SRIVAIKUNTAM,9,MUTHURAMALINGAM. S,All India Forward Bloc,2299,48,2347,1.33
216,SRIVAIKUNTAM,10,RAJASUTHAN. N,Puthiya Tamilagam,959,56,1015,0.58
216,SRIVAIKUNTAM,11,VIYANARASU. A,Tamizhaga Vaazhvurimai Katchi,132,3,135,0.08
216,SRIVAIKUNTAM,12,ARUNACHALAM. C,Independent,137,2,139,0.08
216,SRIVAIKUNTAM,13,BISHOP DR GODFREY NOBLE,Independent,245,3,248,0.14
216,SRIVAIKUNTAM,14,MURUGAN. S,Independent,177,1,178,0.1
216,SRIVAIKUNTAM,15,VASANTH FERNANDO. T,Independent,187,0,187,0.11
216,SRIVAIKUNTAM,16,NOTA,None of the Above,566,13,579,0.33
217,OTTAPIDARAM,1,M. ANUSIYA,Naam Tamilar Katchi,16966,313,17279,8.81
217,OTTAPIDARAM,2,P.M.RAMAJEYAM,Dravida Munnetra Kazhagam,51927,615,52542,26.79
217,OTTAPIDARAM,3,C. ARUNA DEVI,Nam Naadu Nam Makkal Nam Ethirkaalam Katchi,745,16,761,0.39
217,OTTAPIDARAM,4,DR.K. KRISHNASAMY,Puthiya Tamilagam,14756,294,15050,7.67
217,OTTAPIDARAM,5,R SUNDARARAJ,Amma Makkal Munnettra Kazagam,25390,481,25871,13.19
217,OTTAPIDARAM,6,SUBBULAKSHMI. S,Naam Indiar Party,226,4,230,0.12
217,OTTAPIDARAM,7,C .SELVAKUMAR,Tamizhaga Vaazhvurimai Katchi,506,9,515,0.26
217,OTTAPIDARAM,8,P .MATHANRAJA,Tamilaga Vettri Kazhagam,80561,1064,81625,41.62
217,OTTAPIDARAM,9,M. ANANTH,Independent,354,3,357,0.18
217,OTTAPIDARAM,10,S .MUTHUSELVAM,Independent,260,4,264,0.13
217,OTTAPIDARAM,11,G .MURUGAN,Independent,152,4,156,0.08
217,OTTAPIDARAM,12,M .LAKSHMANAN,Independent,197,4,201,0.1
217,OTTAPIDARAM,13,VEDAPRAKASH. A,Independent,387,0,387,0.2
217,OTTAPIDARAM,14,NOTA,None of the Above,853,26,879,0.45
218,KOVILPATTI,1,KADAMBUR RAJU.C,All India Anna Dravida Munnetra Kazhagam,52393,621,53014,27.29
218,KOVILPATTI,2,KARUNANITHI.K,Dravida Munnetra Kazhagam,60803,840,61643,31.74
218,KOVILPATTI,3,PANDI.P,Naam Tamilar Katchi,11691,228,11919,6.14
218,KOVILPATTI,4,RAMACHANDRAN.R,Bahujan Samaj Party,186,8,194,0.1
218,KOVILPATTI,5,ARUMUGAVEL.T,Naam Indiar Party,50,2,52,0.03
218,KOVILPATTI,6,KANNAN.S,All India Puratchi Thalaivar Makkal Munnettra Kazhagam,437,9,446,0.23
218,KOVILPATTI,7,SARAVANAN.S,Thamizh Perarasu Katchi,353,3,356,0.18
218,KOVILPATTI,8,BALASUBRAMANIAN.S,Tamilaga Vettri Kazhagam,60142,658,60800,31.3
218,KOVILPATTI,9,HARI BALAKRISHNAN.G,Puthiya Makkal Tamil Desam Katchi,139,0,139,0.07
218,KOVILPATTI,10,ATHIKUMAR KUDUMBAR.B,Independent,2932,60,2992,1.54
218,KOVILPATTI,11,GUNASEKARAN.P,Independent,50,5,55,0.03
218,KOVILPATTI,12,GURUSAMY.K,Independent,103,1,104,0.05
218,KOVILPATTI,13,CHINNA MAHARAJA.K,Independent,94,0,94,0.05
218,KOVILPATTI,14,SEKAR.C,Independent,176,1,177,0.09
218,KOVILPATTI,15,PARAMASIVAN.S,Independent,275,0,275,0.14
218,KOVILPATTI,16,POUNDURAI.K,Independent,398,0,398,0.2
218,KOVILPATTI,17,PANDIMUNEESWARI.K,Independent,366,1,367,0.19
218,KOVILPATTI,18,PREMKUMAR.K,Independent,376,2,378,0.19
218,KOVILPATTI,19,PONNUSAMY.M,Independent,77,0,77,0.04
218,KOVILPATTI,20,MUNEESWARAN.R,Independent,69,0,69,0.04
218,KOVILPATTI,21,RENGANAYAGALU.S,Independent,90,0,90,0.05
218,KOVILPATTI,22,NOTA,None of the Above,574,19,593,0.31
219,SANKARANKOVIL,1,SANGAI. GANESAN,Indian National Congress,41969,598,42567,21.66
219,SANKARANKOVIL,2,M. KAVITHA,Naam Tamilar Katchi,12442,325,12767,6.5
219,SANKARANKOVIL,3,DR. DHILIPAN JAISHANKAR,All India Anna Dravida Munnetra Kazhagam,63854,1011,64865,33.01
219,SANKARANKOVIL,4,S. MARIAPPAN,Bahujan Samaj Party,495,5,500,0.25
219,SANKARANKOVIL,5,N.SELVAM,Naam Indiar Party,132,2,134,0.07
219,SANKARANKOVIL,6,K. THANGAVEL,Puthiya Makkal Tamil Desam Katchi,162,1,163,0.08
219,SANKARANKOVIL,7,J. PANDI,Bharatha Makkal Katchi,181,2,183,0.09
219,SANKARANKOVIL,8,PRABAKARAN,Puthiya Tamilagam,4509,103,4612,2.35
219,SANKARANKOVIL,9,C. RAVI,Tamilaga Makkal Nala Katchi,481,6,487,0.25
219,SANKARANKOVIL,10,C. RAMARAJAN,Tamilaga Vettri Kazhagam,57194,1182,58376,29.71
219,SANKARANKOVIL,11,VASANTHI MURUGESAN,All India Puratchi Thalaivar Makkal Munnettra Kazhagam,7763,243,8006,4.07
219,SANKARANKOVIL,12,VELRAJ .S,Tamizhaga Vaazhvurimai Katchi,167,3,170,0.09
219,SANKARANKOVIL,13,S.ARULRAJ,Independent,258,1,259,0.13
219,SANKARANKOVIL,14,ANAND,Independent,653,8,661,0.34
219,SANKARANKOVIL,15,K. SUBBURAJ,Independent,214,1,215,0.11
219,SANKARANKOVIL,16,K.SURESH,Independent,762,4,766,0.39
219,SANKARANKOVIL,17,V. PAULPANDIAN,Independent,502,2,504,0.26
219,SANKARANKOVIL,18,S. MUTHUSELVAN,Independent,183,0,183,0.09
219,SANKARANKOVIL,19,K. RAVIKUMAR,Independent,398,0,398,0.2
219,SANKARANKOVIL,20,M. RAJ,Independent,104,0,104,0.05
219,SANKARANKOVIL,21,NOTA,None of the Above,529,31,560,0.29
220,VASUDEVANALLUR,1,ANANTHAN AYYASAMY,Bharatiya Janata Party,55452,1010,56462,29.75
220,VASUDEVANALLUR,2,ESAI MATHIVANAN,Naam Tamilar Katchi,12529,327,12856,6.77
220,VASUDEVANALLUR,3,R. RAMESHKUMAR,Bahujan Samaj Party,331,2,333,0.18
220,VASUDEVANALLUR,4,E. RAJA,Dravida Munnetra Kazhagam,61907,1138,63045,33.22
220,VASUDEVANALLUR,5,R. AMUTHARANI,Tamilaga Vettri Kazhagam,45074,788,45862,24.16
220,VASUDEVANALLUR,6,K. PAULRAJ,Puthiya Tamilagam,3991,128,4119,2.17
220,VASUDEVANALLUR,7,A. PONNUTHAI,All India Puratchi Thalaivar Makkal Munnettra Kazhagam,2205,44,2249,1.18
220,VASUDEVANALLUR,8,K. RAJENDRAN,Puthiya Makkal Tamil Desam Katchi,141,0,141,0.07
220,VASUDEVANALLUR,9,B. VEERALAKSHMI,Tamilaga Makkal Nala Katchi,179,4,183,0.1
220,VASUDEVANALLUR,10,M. ARUMUGASAMY,Independent,123,0,123,0.06
220,VASUDEVANALLUR,11,P. KARPAGAVALLI,Independent,481,5,486,0.26
220,VASUDEVANALLUR,12,I. SARAVANAN,Independent,361,2,363,0.19
220,VASUDEVANALLUR,13,SENTHILKUMAR,Independent,730,1,731,0.39
220,VASUDEVANALLUR,14,SELVARAJ .C,Independent,170,7,177,0.09
220,VASUDEVANALLUR,15,K. NAGARAJAN,Independent,257,2,259,0.14
220,VASUDEVANALLUR,16,A. PALANIKUMAR,Independent,1020,0,1020,0.54
220,VASUDEVANALLUR,17,PRABAKARAN .R,Independent,568,2,570,0.3
220,VASUDEVANALLUR,18,K. RAMACHANDRAN,Independent,178,1,179,0.09
220,VASUDEVANALLUR,19,NOTA,None of the Above,616,21,637,0.34
221,KADAYANALLUR,1,ABUBACKER SIDDHEEQ,Naam Tamilar Katchi,10813,152,10965,4.94
221,KADAYANALLUR,2,RAJENDRAN. T. M,Dravida Munnetra Kazhagam,78809,1023,79832,35.97
221,KADAYANALLUR,3,C. KRISHNAMURALI,All India Anna Dravida Munnetra Kazhagam,72625,954,73579,33.15
221,KADAYANALLUR,4,T. MAHESHKUMAR,Bahujan Samaj Party,505,5,510,0.23
221,KADAYANALLUR,5,ABDUL JALEEL. R. K,Tamilaga Vettri Kazhagam,48793,461,49254,22.19
221,KADAYANALLUR,6,KAVITHA. R,Puthiya Tamilagam,2785,97,2882,1.3
221,KADAYANALLUR,7,SHAHIN FATHIMA. A,Tamizhaga Vaazhvurimai Katchi,351,5,356,0.16
221,KADAYANALLUR,8,SURESHKUMAR. S,Naam Indiar Party,53,0,53,0.02
221,KADAYANALLUR,9,RAJAN. B. S,Aanaithinthiya Jananayaka Pathukappu Kazhagam,238,6,244,0.11
221,KADAYANALLUR,10,LAKSHMI. A,Samata Party,176,3,179,0.08
221,KADAYANALLUR,11,M. ARUMUGASAMY,Independent,99,2,101,0.05
221,KADAYANALLUR,12,ESAKKI. K,Independent,138,0,138,0.06
221,KADAYANALLUR,13,ESAKKI PANDI. K,Independent,575,1,576,0.26
221,KADAYANALLUR,14,GANESAN. M,Independent,396,17,413,0.19
221,KADAYANALLUR,15,SEENIVASAN. S,Independent,369,11,380,0.17
221,KADAYANALLUR,16,NAGARAJAN. L,Independent,290,0,290,0.13
221,KADAYANALLUR,17,PARTHIPAN. V,Independent,212,4,216,0.1
221,KADAYANALLUR,18,BARISHA BANU. M,Independent,463,4,467,0.21
221,KADAYANALLUR,19,MURUGAN. P,Independent,535,2,537,0.24
221,KADAYANALLUR,20,S. MURUGANANTHAM,Independent,107,2,109,0.05
221,KADAYANALLUR,21,RAJAMARAVAN. S,Independent,231,3,234,0.11
221,KADAYANALLUR,22,VENKATESH. P,Independent,108,1,109,0.05
221,KADAYANALLUR,23,NOTA,None of the Above,521,6,527,0.24
222,TENKASI,1,ISAKI PANDIAN,Bahujan Samaj Party,515,3,518,0.22
222,TENKASI,2,DR.KALAI KATHIRAVAN,Dravida Munnetra Kazhagam,78535,1164,79699,33.92
222,TENKASI,3,S.SELVA MOHANDAS PANDIAN,All India Anna Dravida Munnetra Kazhagam,68626,774,69400,29.53
222,TENKASI,4,P. PUSHPALATHA,Naam Tamilar Katchi,16121,273,16394,6.98
222,TENKASI,5,GOMATHI SANKAR,Tamizhaga Vaazhvurimai Katchi,228,6,234,0.1
222,TENKASI,6,R. SELVAKUMAR,Naam Indiar Party,79,1,80,0.03
222,TENKASI,7,S.THIRUMALAI KUMAR,Puthiya Tamilagam,1321,44,1365,0.58
222,TENKASI,8,M.POOSA DURAI,All India Puratchi Thalaivar Makkal Munnettra Kazhagam,7639,76,7715,3.28
222,TENKASI,9,S.MANOGARAN,Kamarajar Deseeya Congress,240,4,244,0.1
222,TENKASI,10,A. RAJAPRAKASH,Tamilaga Vettri Kazhagam,54929,614,55543,23.64
222,TENKASI,11,GANESHAN. S,Independent,89,1,90,0.04
222,TENKASI,12,K.M.KALIAPPAN,Independent,130,0,130,0.06
222,TENKASI,13,R.KRISHNAN,Independent,200,4,204,0.09
222,TENKASI,14,SHAHUL HAMEED,Independent,280,15,295,0.13
222,TENKASI,15,S. THANGAPALAM,Independent,425,7,432,0.18
222,TENKASI,16,DURAIRAJ,Independent,420,4,424,0.18
222,TENKASI,17,P.NOBLE KRISHNA,Independent,238,1,239,0.1
222,TENKASI,18,G. POORANA SELVAN,Independent,547,1,548,0.23
222,TENKASI,19,M. PONNUDURAI,Independent,311,0,311,0.13
222,TENKASI,20,A.MARIAPPAN,Independent,109,2,111,0.05
222,TENKASI,21,K.MUTHU,Independent,114,0,114,0.05
222,TENKASI,22,R. RAMKUMAR,Independent,221,3,224,0.1
222,TENKASI,23,NOTA,None of the Above,651,22,673,0.29
223,ALANGULAM,1,PAUL MANOJ PANDIAN,Dravida Munnetra Kazhagam,67974,1196,69170,31.32
223,ALANGULAM,2,R PAULRAJ,Naam Tamilar Katchi,23017,363,23380,10.59
223,ALANGULAM,3,K R P PRABAKARAN,All India Anna Dravida Munnetra Kazhagam,60584,788,61372,27.79
223,ALANGULAM,4,A UDHAYAKUMAR,Puthiya Tamilagam,1590,30,1620,0.73
223,ALANGULAM,5,A SUBASH  CHANDRA BOSE,Thakkam Katchi,180,2,182,0.08
223,ALANGULAM,6,MADASAMY,All India Puratchi Thalaivar Makkal Munnettra Kazhagam,2113,45,2158,0.98
223,ALANGULAM,7,VIBIN CHAKKARAVARTHY,Tamilaga Vettri Kazhagam,60046,638,60684,27.48
223,ALANGULAM,8,U ARAVIND,Independent,183,6,189,0.09
223,ALANGULAM,9,K ARUNKUMAR,Independent,111,21,132,0.06
223,ALANGULAM,10,R KOTHERIMOHIDEEN,Independent,195,4,199,0.09
223,ALANGULAM,11,T  MARIKUMAR,Independent,151,10,161,0.07
223,ALANGULAM,12,JEYANTHI,Independent,426,6,432,0.2
223,ALANGULAM,13,W JAYSON,Independent,196,0,196,0.09
223,ALANGULAM,14,NOTA,None of the Above,961,21,982,0.44
224,TIRUNELVELI,1,THACHAI GANESARAJA,All India Anna Dravida Munnetra Kazhagam,46953,551,47504,21.75
224,TIRUNELVELI,2,SATHYA. B.,Naam Tamilar Katchi,14908,200,15108,6.92
224,TIRUNELVELI,3,SUBRAMANIAN.S,Dravida Munnetra Kazhagam,63449,977,64426,29.5
224,TIRUNELVELI,4,ARUMUGARAJ. S.,Tamizhaga Vaazhvurimai Katchi,547,9,556,0.25
224,TIRUNELVELI,5,ESWARA VADIVU. S.,Naam Indiar Party,113,1,114,0.05
224,TIRUNELVELI,6,KANNAN. G.,Aanaithinthiya Jananayaka Pathukappu Kazhagam,286,4,290,0.13
224,TIRUNELVELI,7,SELVAKUMAR SINGH,Bahujan Dravida Party,108,1,109,0.05
224,TIRUNELVELI,8,CHENDUR MAHARAJAN,Puthiya Makkal Tamil Desam Katchi,343,3,346,0.16
224,TIRUNELVELI,9,MURUGHAN.R.S.,Tamilaga Vettri Kazhagam,75157,683,75840,34.72
224,TIRUNELVELI,10,MURUGAN. P.,Thamizhaka Padaippalar Makkal Katchi,210,0,210,0.1
224,TIRUNELVELI,11,DR.SHYAM KRISHNASAMY,Puthiya Tamilagam,10473,161,10634,4.87
224,TIRUNELVELI,12,ATHISAYA PNDIYAN. V.,Independent,221,9,230,0.11
224,TIRUNELVELI,13,ESAKKIRAJA. V.,Independent,100,2,102,0.05
224,TIRUNELVELI,14,SUBRAMANIAN. E.,Independent,242,18,260,0.12
224,TIRUNELVELI,15,THALABATHI MURUGAN. M.,Independent,472,4,476,0.22
224,TIRUNELVELI,16,MUGESH SUBRAMANIAN,Independent,345,1,346,0.16
224,TIRUNELVELI,17,MURUGAN.S.,Independent,424,4,428,0.2
224,TIRUNELVELI,18,MURUGALAKSHMANAN,Independent,168,3,171,0.08
224,TIRUNELVELI,19,VEERABAGHU. M.,Independent,337,0,337,0.15
224,TIRUNELVELI,20,VELAYUTHAM. P.,Independent,213,8,221,0.1
224,TIRUNELVELI,21,NOTA,None of the Above,698,19,717,0.33
225,AMBASAMUDRAM,1,DR.ESAKKI SUBAYA,All India Anna Dravida Munnetra Kazhagam,64632,957,65589,34.3
225,AMBASAMUDRAM,2,R.ESAIKANNAN,Bahujan Samaj Party,675,10,685,0.36
225,AMBASAMUDRAM,3,DR.V.SIVASANKARAN,Naam Tamilar Katchi,14669,237,14906,7.8
225,AMBASAMUDRAM,4,V.P.DURAI,Indian National Congress,54622,722,55344,28.95
225,AMBASAMUDRAM,5,S.RAJAGOPAL,Tamilaga Vettri Kazhagam,53087,524,53611,28.04
225,AMBASAMUDRAM,6,NOTA,None of the Above,1046,14,1060,0.55
226,PALAYAMKOTTAI,1,M.ABDUL WAHAB,Dravida Munnetra Kazhagam,78293,1451,79744,44.15
226,PALAYAMKOTTAI,2,SANKARA NARAYANAN ALIAS SARAN,Naam Tamilar Katchi,10218,247,10465,5.79
226,PALAYAMKOTTAI,3,SYED SULTHAN SAMSUDEEN,All India Anna Dravida Munnetra Kazhagam,19259,473,19732,10.92
226,PALAYAMKOTTAI,4,ESAKKIMUTHU,Puthiya Makkal Tamil Desam Katchi,193,8,201,0.11
226,PALAYAMKOTTAI,5,T.A.UMAR,Tamizhaga Vaazhvurimai Katchi,489,4,493,0.27
226,PALAYAMKOTTAI,6,S.THANGADURAI,Naam Indiar Party,121,2,123,0.07
226,PALAYAMKOTTAI,7,MARIA JOHN,Tamilaga Vettri Kazhagam,64944,995,65939,36.51
226,PALAYAMKOTTAI,8,ABDUL KOYA,Independent,539,21,560,0.31
226,PALAYAMKOTTAI,9,KARTHICK NARAYANAN S.,Independent,603,16,619,0.34
226,PALAYAMKOTTAI,10,D.SANTHIYAGAPPAR ANTONY,Independent,97,7,104,0.06
226,PALAYAMKOTTAI,11,A. SUDHAHAR,Independent,124,3,127,0.07
226,PALAYAMKOTTAI,12,R.SESU,Independent,82,7,89,0.05
226,PALAYAMKOTTAI,13,NALLAKKANNU ALIAS KARTHIC.K,Independent,140,0,140,0.08
226,PALAYAMKOTTAI,14,PAULRAJ.V,Independent,700,17,717,0.4
226,PALAYAMKOTTAI,15,M.MANIKANDAN,Independent,149,0,149,0.08
226,PALAYAMKOTTAI,16,V.GEORGE,Independent,220,1,221,0.12
226,PALAYAMKOTTAI,17,SRINIVASH,Independent,346,0,346,0.19
226,PALAYAMKOTTAI,18,NOTA,None of the Above,804,47,851,0.47
227,NANGUNERI,1,S. SELVAM,Naam Tamilar Katchi,17379,239,17618,8.41
227,NANGUNERI,2,RUBY.R.MANOHARAN,Indian National Congress,57364,1169,58533,27.95
227,NANGUNERI,3,R. JANARTHANAN,Bahujan Samaj Party,647,12,659,0.31
227,NANGUNERI,4,R. ESAKKIMUTHU,Amma Makkal Munnettra Kazagam,37817,499,38316,18.3
227,NANGUNERI,5,S. SHUNMUGA SUNDARAM,Naam Indiar Party,199,3,202,0.1
227,NANGUNERI,6,CHITHIRAI SELVAN,Tamizhaga Vaazhvurimai Katchi,485,6,491,0.23
227,NANGUNERI,7,TAMILSELVI,Puthiya Tamilagam,11039,102,11141,5.32
227,NANGUNERI,8,THULASI SUDALAI,Puthiya Makkal Tamil Desam Katchi,365,1,366,0.17
227,NANGUNERI,9,REDDIARPATTI V. NARAYANAN,Tamilaga Vettri Kazhagam,74047,905,74952,35.79
227,NANGUNERI,10,KRISH.MARIAPPAN,Thamizhaka Padaippalar Makkal Katchi,375,2,377,0.18
227,NANGUNERI,11,DR.S.VELLAI DURAI,All India Puratchi Thalaivar Makkal Munnettra Kazhagam,1003,45,1048,0.5
227,NANGUNERI,12,M. ARUNA,Independent,249,2,251,0.12
227,NANGUNERI,13,R.ANANTHI,Independent,168,1,169,0.08
227,NANGUNERI,14,N.KALABERUMAL,Independent,264,1,265,0.13
227,NANGUNERI,15,M. KUMAR,Independent,1076,22,1098,0.52
227,NANGUNERI,16,T. SANKAR,Independent,358,2,360,0.17
227,NANGUNERI,17,SHANMUGAM,Independent,285,8,293,0.14
227,NANGUNERI,18,THANITHANGAM,Independent,440,1,441,0.21
227,NANGUNERI,19,NALLAKKANNU ALIAS KARTHIC.K,Independent,167,3,170,0.08
227,NANGUNERI,20,A.RANI NADAR ALIAS PUSHPARANI,Independent,528,1,529,0.25
227,NANGUNERI,21,S.MARIYAPPAN,Independent,631,6,637,0.3
227,NANGUNERI,22,SUDAROLI S.MURUGAN YADHAV B.COM,Independent,186,5,191,0.09
227,NANGUNERI,23,T. RAJKUMAR,Independent,147,1,148,0.07
227,NANGUNERI,24,T. LINGADURAI,Independent,175,3,178,0.08
227,NANGUNERI,25,DEV.P.JEGADEESAN,Independent,264,1,265,0.13
227,NANGUNERI,26,NOTA,None of the Above,704,17,721,0.34
228,RADHAPURAM,1,APPAVU.M,Dravida Munnetra Kazhagam,56640,994,57634,28.83
228,RADHAPURAM,2,ESSAKKIAMMAL.E,Bahujan Samaj Party,328,3,331,0.17
228,RADHAPURAM,3,GIRIJA THAMARAIPANDIAN.D,Naam Tamilar Katchi,15225,145,15370,7.69
228,RADHAPURAM,4,BALAKRISHNAN.S.P,Bharatiya Janata Party,52001,636,52637,26.33
228,RADHAPURAM,5,DR.SATHISH CHRISTOPHER,Tamilaga Vettri Kazhagam,69400,547,69947,34.99
228,RADHAPURAM,6,JESURAJENDRAN.J,Naam Indiar Party,162,1,163,0.08
228,RADHAPURAM,7,MAHALAKSHMI,Puthiya Makkal Tamil Desam Katchi,101,2,103,0.05
228,RADHAPURAM,8,MURUGAN.P,Thamizhaka Padaippalar Makkal Katchi,120,1,121,0.06
228,RADHAPURAM,9,ARUNRAJ,Independent,34,0,34,0.02
228,RADHAPURAM,10,OLIVER ANTON NAVAMONI. S,Independent,70,0,70,0.04
228,RADHAPURAM,11,ANANTHI.R,Independent,76,0,76,0.04
228,RADHAPURAM,12,ANAND PRASAD,Independent,195,0,195,0.1
228,RADHAPURAM,13,KARTHICK.V,Independent,222,10,232,0.12
228,RADHAPURAM,14,KINGSLY ISACC JEBARAJ.S,Independent,131,3,134,0.07
228,RADHAPURAM,15,SUNDARAJAN.S,Independent,93,0,93,0.05
228,RADHAPURAM,16,SELVAN.T,Independent,280,5,285,0.14
228,RADHAPURAM,17,DANIEL.A,Independent,818,1,819,0.41
228,RADHAPURAM,18,PON SANTHANA KUMARAN.R,Independent,476,6,482,0.24
228,RADHAPURAM,19,MANIKANDAN.A.I,Independent,163,1,164,0.08
228,RADHAPURAM,20,MANIKANDAN.S,Independent,205,0,205,0.1
228,RADHAPURAM,21,MANIKANDAN.L,Independent,222,1,223,0.11
228,RADHAPURAM,22,RAJAN.P,Independent,52,0,52,0.03
228,RADHAPURAM,23,JEYARAJ.P V S,Independent,91,1,92,0.05
228,RADHAPURAM,24,NOTA,None of the Above,462,7,469,0.23
229,KANNIYAKUMARI,1,THALAVAI SUNDARAM. N,All India Anna Dravida Munnetra Kazhagam,73563,1482,75045,31.38
229,KANNIYAKUMARI,2,MAHESH.R,Dravida Munnetra Kazhagam,73186,1645,74831,31.29
229,KANNIYAKUMARI,3,MARIA JENNIFER,Naam Tamilar Katchi,13415,274,13689,5.72
229,KANNIYAKUMARI,4,MANAVAI KANNAN. M,Communist Party of India (Marxist-Leninist) Red Star,137,3,140,0.06
229,KANNIYAKUMARI,5,SIVALINGAM.C,Naam Indiar Party,192,2,194,0.08
229,KANNIYAKUMARI,6,MADHAVAN.S.R,Tamilaga Vettri Kazhagam,72264,713,72977,30.52
229,KANNIYAKUMARI,7,REAGON ANTO.J,Tamizhaga Vaazhvurimai Katchi,297,4,301,0.13
229,KANNIYAKUMARI,8,SRIKRISHNAKUMAR.K,Thamizhaka Padaippalar Makkal Katchi,206,0,206,0.09
229,KANNIYAKUMARI,9,KANAGARAJ.T,Independent,81,0,81,0.03
229,KANNIYAKUMARI,10,SUDHAGAR.R,Independent,82,11,93,0.04
229,KANNIYAKUMARI,11,DAVID SAHAYA BASCAR,Independent,108,9,117,0.05
229,KANNIYAKUMARI,12,THANUNEELAN . S,Independent,89,1,90,0.04
229,KANNIYAKUMARI,13,RAMAKRISHNAN.C,Independent,106,1,107,0.04
229,KANNIYAKUMARI,14,RAJAN. S,Independent,453,1,454,0.19
229,KANNIYAKUMARI,15,NOTA,None of the Above,813,12,825,0.34
230,NAGERCOIL,1,AUSTIN,Dravida Munnetra Kazhagam,68656,1224,69880,35.6
230,NAGERCOIL,2,GANDHI M R,Bharatiya Janata Party,51311,1044,52355,26.67
230,NAGERCOIL,3,MUTHUKUMAR M,Naam Tamilar Katchi,8421,152,8573,4.37
230,NAGERCOIL,4,ANTONY MICHAEL J,Viro Ke Vir Indian Party,112,4,116,0.06
230,NAGERCOIL,5,SALATE KANAGARAJ A,Naam Indiar Party,65,1,66,0.03
230,NAGERCOIL,6,DINO T,Naadaalum Makkal Katchi,326,1,327,0.17
230,NAGERCOIL,7,NAGARAJAN L,Thamizhaka Padaippalar Makkal Katchi,259,1,260,0.13
230,NAGERCOIL,8,BERVIN KINGS G,Tamilaga Vettri Kazhagam,61804,506,62310,31.75
230,NAGERCOIL,9,VALLIMAYIL P,Communist Party of India (Marxist-Leninist) Red Star,144,1,145,0.07
230,NAGERCOIL,10,AJITH KUMAR A,Independent,99,1,100,0.05
230,NAGERCOIL,11,GUNASEKARAN S,Independent,110,1,111,0.06
230,NAGERCOIL,12,SIVAKUMAR A,Independent,328,9,337,0.17
230,NAGERCOIL,13,SUYAMBULINGAM A,Independent,207,2,209,0.11
230,NAGERCOIL,14,SUYAMBULINGAM P,Independent,107,5,112,0.06
230,NAGERCOIL,15,DINESH,Independent,90,4,94,0.05
230,NAGERCOIL,16,NAGOOR MEERAN PEER MOHAMED U,Independent,232,2,234,0.12
230,NAGERCOIL,17,MOHIDEEN FAIGEE ALIAS SOORANKUDY FAIGEE,Independent,357,0,357,0.18
230,NAGERCOIL,18,RETNA MONY S,Independent,136,1,137,0.07
230,NAGERCOIL,19,VAIRAM PILLAI S,Independent,39,1,40,0.02
230,NAGERCOIL,20,JEBARSON S,Tamizhaga Vaazhvurimai Katchi,69,1,70,0.04
230,NAGERCOIL,21,NOTA,None of the Above,437,10,447,0.23
231,COLACHAL,1,ANCY SHOBA RANI. L,Naam Tamilar Katchi,12232,226,12458,6.26
231,COLACHAL,2,SIVAKUMAR. T,Bharatiya Janata Party,53413,971,54384,27.33
231,COLACHAL,3,THARAHAI CUTHBERT,Indian National Congress,65190,1017,66207,33.27
231,COLACHAL,4,RAJASINGH. C,Bahujan Samaj Party,310,4,314,0.16
231,COLACHAL,5,ANTHONY MUTHU. S.M,Communist Party of India (Marxist-Leninist) (Liberation),300,4,304,0.15
231,COLACHAL,6,GANESH. N,Thamizhaka Padaippalar Makkal Katchi,237,7,244,0.12
231,COLACHAL,7,CHRIST MILLER. S,All India Puratchi Thalaivar Makkal Munnettra Kazhagam,140,5,145,0.07
231,COLACHAL,8,KOIL RAJ. R,Naam Indiar Party,139,1,140,0.07
231,COLACHAL,9,PREM ALEX LAWRENCE,Tamilaga Vettri Kazhagam,62801,573,63374,31.84
231,COLACHAL,10,MURALI. M,Tamizhaga Vaazhvurimai Katchi,124,0,124,0.06
231,COLACHAL,11,ANTONY ALANKARAM. K,Independent,132,2,134,0.07
231,COLACHAL,12,SARAVANAN. M,Independent,243,12,255,0.13
231,COLACHAL,13,SELVARAJ. M,Independent,346,3,349,0.18
231,COLACHAL,14,NOTA,None of the Above,568,13,581,0.29
232,PADMANABHAPURAM,1,SEELAN,Naam Tamilar Katchi,11048,240,11288,6.25
232,PADMANABHAPURAM,2,CHELLASWAMY. R,Communist Party of India (Marxist),67896,1042,68938,38.18
232,PADMANABHAPURAM,3,RAMESH. P,Bharatiya Janata Party,43413,880,44293,24.53
232,PADMANABHAPURAM,4,KRISHNA KUMAR. S,Tamilaga Vettri Kazhagam,52741,628,53369,29.56
232,PADMANABHAPURAM,5,SYEDALI. A,Our Mahathma National Party,311,3,314,0.17
232,PADMANABHAPURAM,6,RAKESH KUMAR. M,Thamizhaka Padaippalar Makkal Katchi,340,6,346,0.19
232,PADMANABHAPURAM,7,VAIKUNDAMANI. N,Tamizhaga Vaazhvurimai Katchi,139,5,144,0.08
232,PADMANABHAPURAM,8,ARUL MANI. H,Independent,190,3,193,0.11
232,PADMANABHAPURAM,9,DR. KRISHNA PRASAD. B,Independent,228,1,229,0.13
232,PADMANABHAPURAM,10,DURAI RAJ. S,Independent,371,2,373,0.21
232,PADMANABHAPURAM,11,VASANTHI. R,Independent,444,9,453,0.25
232,PADMANABHAPURAM,12,NOTA,None of the Above,596,19,615,0.34
233,VILAVANCODE,1,PRAVEEN T.T,Indian National Congress,69378,1377,70755,40.45
233,VILAVANCODE,2,MARIA STELLA,Naam Tamilar Katchi,6000,199,6199,3.54
233,VILAVANCODE,3,VIJAYADHARANI S,Bharatiya Janata Party,44676,928,45604,26.07
233,VILAVANCODE,4,BAIJU T,Viro Ke Vir Indian Party,287,7,294,0.17
233,VILAVANCODE,5,MICHAEL KUMAR K,Tamilaga Vettri Kazhagam,49028,757,49785,28.46
233,VILAVANCODE,6,MOHAN KUMAR M,All India Jananayaka Makkal Kazhagam,214,3,217,0.12
233,VILAVANCODE,7,VENKADEASAN. K,Thamizhaka Padaippalar Makkal Katchi,193,1,194,0.11
233,VILAVANCODE,8,JOHN CHRISTOPHER T,Rashtriya Janata Dal,389,13,402,0.23
233,VILAVANCODE,9,KRISHNAN M,Independent,66,4,70,0.04
233,VILAVANCODE,10,DAVID T,Independent,72,9,81,0.05
233,VILAVANCODE,11,PRAVEEN KUMAR,Independent,106,2,108,0.06
233,VILAVANCODE,12,MURUGANANDHA PRASAD T,Independent,108,4,112,0.06
233,VILAVANCODE,13,JOSELAL L.V,Independent,185,5,190,0.11
233,VILAVANCODE,14,SHIBU AMOSE,Independent,86,2,88,0.05
233,VILAVANCODE,15,NOTA,None of the Above,811,17,828,0.47
234,KILLIYOOR,1,NIVIN SIMON. J,Bharatiya Janata Party,30435,635,31070,17.5
234,KILLIYOOR,2,RAJESH KUMAR. S,Indian National Congress,65354,1080,66434,37.42
234,KILLIYOOR,3,HIMLAR,Naam Tamilar Katchi,12490,274,12764,7.19
234,KILLIYOOR,4,SABIN. S,Tamilaga Vettri Kazhagam,64441,682,65123,36.68
234,KILLIYOOR,5,PRABHU. S,Thamizhaka Padaippalar Makkal Katchi,409,1,410,0.23
234,KILLIYOOR,6,RUBIN ANTONY,Tamizhaga Vaazhvurimai Katchi,153,3,156,0.09
234,KILLIYOOR,7,JUSTIN. T,Indian Christian Front,82,3,85,0.05
234,KILLIYOOR,8,DR. RAMACHANDRAN. M,Independent,71,2,73,0.04
234,KILLIYOOR,9,SATHEESH. S,Independent,128,0,128,0.07
234,KILLIYOOR,10,AJAI (ALIAS) NAGARAJAN,Independent,240,1,241,0.14
234,KILLIYOOR,11,BERRILA. L,Independent,193,4,197,0.11
234,KILLIYOOR,12,BABY RAJ. P,Independent,157,5,162,0.09
234,KILLIYOOR,13,JUSTIN. M,Independent,188,1,189,0.11
234,KILLIYOOR,14,NOTA,None of the Above,491,11,502,0.28
